wavenumber_cm-1,raw_trace,smooth_trace,fit,baseline,residual,component_I,component_VI,component_VII,model,component_VIII
3300.5,0.16629,0.22693000000000002,0.2390396521414945,0.478688195474205,-0.012109652141494481,-0.0,-0.2396485433327105,-0.0,I+VI+VII,
3301.3,0.22759,0.22563,0.23867981883405107,0.4778996611503467,-0.013049818834051069,-0.0,-0.23921984231629564,-0.0,I+VI+VII,
3302.2,0.22887,0.22751470588235295,0.23816393967517077,0.4770125600360067,-0.01064923379281782,-0.0,-0.23884862036083596,-0.0,I+VI+VII,
3303.1,0.27494,0.22780882352941179,0.23796376045322398,0.4761254589216663,-0.010154936923812197,-0.0,-0.23816169846844232,-0.0,I+VI+VII,
3303.9,0.23385,0.22780529411764708,0.2376891672159984,0.4753369245978081,-0.009883873098351315,-0.0,-0.23764775738180968,-0.0,I+VI+VII,
3304.8,0.22333,0.2276335294117647,0.23714552704785474,0.4744498234834676,-0.009511997636090036,-0.0,-0.23730429643561285,-0.0,I+VI+VII,
3305.7,0.18881,0.2224558823529412,0.23680560049990468,0.47356272236912766,-0.01434971814696348,-0.0,-0.236757121869223,-0.0,I+VI+VII,
3306.5,0.20236,0.22177529411764707,0.2366276634137297,0.4727741880452694,-0.014852369296082635,-0.0,-0.23614652463153968,-0.0,I+VI+VII,
3307.4,0.20915,0.21870000000000003,0.23615487542980212,0.47188708693092896,-0.01745487542980209,-0.0,-0.23573221150112683,-0.0,I+VI+VII,
3308.3,0.22483,0.2214970588235294,0.23564744054658524,0.47099998581658853,-0.014150381723055827,-0.0,-0.2353525452700033,-0.0,I+VI+VII,
3309.2,0.25781,0.22061235294117645,0.23544726132463864,0.47011288470224855,-0.014834908383462186,-0.0,-0.2346656233776099,-0.0,I+VI+VII,
3310.0,0.22088,0.22016176470588233,0.23516422381174962,0.46932435037839026,-0.015002459105867283,-0.0,-0.23416012656664065,-0.0,I+VI+VII,
3310.9,0.23753,0.2149341176470588,0.23462058364360602,0.46843724926404984,-0.01968646599654722,-0.0,-0.23381666562044381,-0.0,I+VI+VII,
3311.8,0.22813,0.21488470588235292,0.2342891013713192,0.4675501481497094,-0.019404395488966275,-0.0,-0.2332610467783902,-0.0,I+VI+VII,
3312.6,0.20975,0.21589882352941173,0.23411116428514425,0.46676161382585163,-0.018212340755732526,-0.0,-0.23265044954070738,-0.0,I+VI+VII,
3313.5,0.20168,0.21551411764705877,0.2336299320255533,0.46587451271151115,-0.01811581437849452,-0.0,-0.23224458068595785,-0.0,I+VI+VII,
3314.4,0.1821,0.216795294117647,0.2331309414180004,0.4649874115971707,-0.01633564730035339,-0.0,-0.23185647017917033,-0.0,I+VI+VII,
3315.2,0.21384,0.21535235294117644,0.23283297239621237,0.46419887727331294,-0.01748061945503593,-0.0,-0.23136590487710057,-0.0,I+VI+VII,
3316.1,0.21255,0.21624470588235292,0.23205941598424978,0.4633117761589725,-0.01581471010189686,-0.0,-0.23125236017472273,-0.0,I+VI+VII,
3317.0,0.22121,0.21261000000000002,0.23151577581610616,0.4624246750446321,-0.01890577581610614,-0.0,-0.23090889922852592,-0.0,I+VI+VII,
3317.8,0.18607,0.21168764705882354,0.23121497995525495,0.4616361407207738,-0.01952733289643141,-0.0,-0.23042116076551886,-0.0,I+VI+VII,
3318.7,0.23301,0.20701176470588234,0.23101480073330827,0.4607490396064338,-0.024003036027425928,-0.0,-0.22973423887312555,-0.0,I+VI+VII,
3319.6,0.24057,0.20402882352941176,0.23081462151136145,0.4598619384920934,-0.02678579798194969,-0.0,-0.22904731698073194,-0.0,I+VI+VII,
3320.4,0.18227,0.20532529411764705,0.23002695698413808,0.45907340416823517,-0.02470166286649103,-0.0,-0.22904644718409709,-0.0,I+VI+VII,
3321.3,0.22414,0.20564352941176473,0.2292767763567379,0.4581863030538947,-0.02363324694497318,-0.0,-0.22890952669715678,-0.0,I+VI+VII,
3322.2,0.18462,0.2072135294117647,0.2290765971347912,0.4572992019395547,-0.021863067723026486,-0.0,-0.2282226048047635,-0.0,I+VI+VII,
3323.1,0.24,0.20685411764705883,0.2287009002002317,0.4564121008252143,-0.021846782553172878,-0.0,-0.22771120062498257,-0.0,I+VI+VII,
3323.9,0.19602,0.20628823529411763,0.22821766449521513,0.45562356650135605,-0.0219294292010975,-0.0,-0.22740590200614091,-0.0,I+VI+VII,
3324.8,0.2052,0.20415235294117648,0.22742961147267118,0.4547364653870156,-0.023277258531494704,-0.0,-0.22730685391434444,-0.0,I+VI+VII,
3325.7,0.15804,0.2039123529411765,0.22713038415892817,0.45384936427267564,-0.023218031217751678,-0.0,-0.22671898011374747,-0.0,I+VI+VII,
3326.6,0.17742,0.1997288235294118,0.22658674399078457,0.4529622631583352,-0.02685792046137278,-0.0,-0.22637551916755064,-0.0,I+VI+VII,
3327.4,0.23179,0.19662588235294118,0.22618041280490164,0.45217372883447693,-0.029554530451960465,-0.0,-0.2259933160295753,-0.0,I+VI+VII,
3328.3,0.20709,0.19837882352941177,0.2257193670755447,0.4512866277201365,-0.02734054354613294,-0.0,-0.2255672606445918,-0.0,I+VI+VII,
3329.2,0.20879,0.19716588235294116,0.225016227949481,0.4503995266057965,-0.027850345596539844,-0.0,-0.2253832986563155,-0.0,I+VI+VII,
3330.0,0.20773,0.19891117647058823,0.22453299224446438,0.44961099228193824,-0.02562181577387615,-0.0,-0.22507800003747386,-0.0,I+VI+VII,
3330.9,0.20293,0.19426764705882352,0.22373649494625694,0.44872389116759787,-0.029468847887433425,-0.0,-0.22498739622134092,-0.0,I+VI+VII,
3331.8,0.1849,0.19316235294117645,0.22344571190817714,0.4478367900532574,-0.030283358967000684,-0.0,-0.22439107814508025,-0.0,I+VI+VII,
3332.7,0.18199,0.19166882352941175,0.22290207174003385,0.44694968893891746,-0.031233248210622094,-0.0,-0.2240476171988836,-0.0,I+VI+VII,
3333.5,0.16189,0.19410823529411764,0.22233348724022,0.4461611546150592,-0.02822525194610237,-0.0,-0.22382766737483917,-0.0,I+VI+VII,
3334.4,0.18782,0.1977229411764706,0.22172414118461678,0.44527405350071875,-0.02400120000814618,-0.0,-0.22354991231610197,-0.0,I+VI+VII,
3335.3,0.21207,0.19474000000000002,0.22133155569872998,0.4443869523863783,-0.02659155569872995,-0.0,-0.22305539668764834,-0.0,I+VI+VII,
3336.1,0.20352,0.19336235294117649,0.22084831999371365,0.4435984180625205,-0.02748596705253717,-0.0,-0.22275009806880683,-0.0,I+VI+VII,
3337.0,0.21429,0.19282529411764707,0.22004337841984264,0.44271131694818006,-0.027218084302195578,-0.0,-0.2226679385283374,-0.0,I+VI+VII,
3337.9,0.16106,0.19337294117647058,0.21973614172875314,0.44182421583383963,-0.026363200552282556,-0.0,-0.2220880741050865,-0.0,I+VI+VII,
3338.8,0.17723,0.1914464705882353,0.2188490406144127,0.4409371147194992,-0.02740257002617741,-0.0,-0.2220880741050865,-0.0,I+VI+VII,
3339.6,0.17981,0.19163470588235293,0.2182480924314764,0.4401485803956414,-0.026613386549123458,-0.0,-0.22190048796416503,-0.0,I+VI+VII,
3340.5,0.19951,0.19413117647058822,0.21775326959946528,0.43926147928130094,-0.02362209312887706,-0.0,-0.22150820968183565,-0.0,I+VI+VII,
3341.4,0.23887,0.19725235294117646,0.21726786956433186,0.4383743781669605,-0.0200155166231554,-0.0,-0.22110650860262865,-0.0,I+VI+VII,
3342.2,0.18108,0.19972529411764706,0.21665749858451797,0.43758584384310273,-0.01693220446687091,-0.0,-0.22092834525858476,-0.0,I+VI+VII,
3343.1,0.18367,0.19703941176470588,0.21577039747017754,0.4366987427287623,-0.01873098570547166,-0.0,-0.22092834525858476,-0.0,I+VI+VII,
3344.0,0.19966,0.19837823529411766,0.21546316077908798,0.4358116416144219,-0.017084925484970315,-0.0,-0.2203484808353339,-0.0,I+VI+VII,
3344.9,0.21704,0.19769647058823528,0.21466293060365574,0.43492454050008145,-0.01696646001542046,-0.0,-0.2202616098964257,-0.0,I+VI+VII,
3345.7,0.17018,0.19899294117647057,0.2141796948986393,0.4341360061762236,-0.015186753722168739,-0.0,-0.2199563112775843,-0.0,I+VI+VII,
3346.6,0.1881,0.19915058823529413,0.21348028864980018,0.4332489050618832,-0.014329700414506041,-0.0,-0.219768616412083,-0.0,I+VI+VII,
3347.5,0.22443,0.20098588235294118,0.21301177716599412,0.43236180394754276,-0.01202589481305294,-0.0,-0.21935002678154863,-0.0,I+VI+VII,
3348.3,0.21495,0.20357294117647057,0.21238451763485233,0.4315732696236845,-0.008811576458381765,-0.0,-0.21918875198883214,-0.0,I+VI+VII,
3349.2,0.22986,0.2015370588235294,0.21149741652051235,0.4306861685093445,-0.009960357696982947,-0.0,-0.21918875198883214,-0.0,I+VI+VII,
3350.1,0.16641,0.20325352941176472,0.21119017982942284,0.42979906739500406,-0.00793665041765812,-0.0,-0.21860888756558122,-0.0,I+VI+VII,
3351.0,0.22628,0.20418,0.21039839392965431,0.42891196628066364,-0.0062183939296543145,-0.0,-0.21851357235100932,-0.0,I+VI+VII,
3351.8,0.2027,0.20404823529411764,0.20991515822463774,0.4281234319568054,-0.005866922930520102,-0.0,-0.21820827373216767,-0.0,I+VI+VII,
3352.7,0.1831,0.20383294117647058,0.20920730770013504,0.42723633084246543,-0.0053743665236644644,-0.0,-0.21802902314233039,-0.0,I+VI+VII,
3353.6,0.17991,0.2056276470588235,0.20875568476765605,0.426349229728125,-0.0031280377088325484,-0.0,-0.21759354496046895,-0.0,I+VI+VII,
3354.5,0.21101,0.20582176470588232,0.20801296989470508,0.4254621286137846,-0.0021912051888227646,-0.0,-0.2174491587190795,-0.0,I+VI+VII,
3355.3,0.24349,0.20529764705882347,0.2072244355708468,0.4246735942899263,-0.0019267885120233252,-0.0,-0.2174491587190795,-0.0,I+VI+VII,
3356.2,0.20426,0.20520588235294113,0.20643779596783493,0.4237864931755863,-0.0012319136148938037,-0.0,-0.21734869720775138,-0.0,I+VI+VII,
3357.1,0.21026,0.20344941176470585,0.20603009776541725,0.4228993920612459,-0.002580686000711402,-0.0,-0.21686929429582863,-0.0,I+VI+VII,
3358.0,0.19942,0.2052505882352941,0.20514299665107683,0.42201229094690546,0.00010759158421727588,-0.0,-0.21686929429582863,-0.0,I+VI+VII,
3358.8,0.19742,0.20266941176470585,0.20469977159126465,0.4212237566230472,-0.002030359826558803,-0.0,-0.21652398503178252,-0.0,I+VI+VII,
3359.7,0.21338,0.20394941176470582,0.20404722563612945,0.4203366555087072,-9.781387142362985e-05,-0.0,-0.21628942987257774,-0.0,I+VI+VII,
3360.6,0.20069,0.20576588235294113,0.20371954872412026,0.41944955439436676,0.0020463336288208678,-0.0,-0.2157300056702465,-0.0,I+VI+VII,
3361.5,0.1914,0.2070770588235294,0.20285288783069952,0.4185624532800264,0.004224170992829873,-0.0,-0.21570956544932687,-0.0,I+VI+VII,
3362.3,0.21552,0.20626823529411764,0.20218170356949677,0.4177739189561681,0.004086531724620868,-0.0,-0.21559221538667134,-0.0,I+VI+VII,
3363.2,0.21339,0.20439647058823532,0.20198152434755007,0.41688681784182813,0.0024149462406852507,-0.0,-0.21490529349427806,-0.0,I+VI+VII,
3364.1,0.2,0.20398470588235296,0.2014498801246626,0.4159997167274877,0.0025348257576903455,-0.0,-0.2145498366028251,-0.0,I+VI+VII,
3365.0,0.19703,0.2035135294117647,0.20056277901032213,0.4151126156131472,0.0029507504014425756,-0.0,-0.2145498366028251,-0.0,I+VI+VII,
3365.8,0.1824,0.2031570588235294,0.20024349997097976,0.414324081289289,0.0029135588525496525,-0.0,-0.21408058131830923,-0.0,I+VI+VII,
3366.7,0.22446,0.2047735294117647,0.19946700799537478,0.413436980174949,0.005306521416389903,-0.0,-0.21396997217957422,-0.0,I+VI+VII,
3367.6,0.21398,0.20605352941176466,0.19892159199243487,0.4125498790606086,0.007131937419329798,-0.0,-0.21362828706817372,-0.0,I+VI+VII,
3368.5,0.2022,0.20726823529411761,0.19848323345863775,0.41166277794626815,0.008785001835479866,-0.0,-0.2131795444876304,-0.0,I+VI+VII,
3369.3,0.19726,0.2088911764705882,0.19830529637246275,0.4108742436224099,0.010585880098125444,-0.0,-0.21256894724994713,-0.0,I+VI+VII,
3370.2,0.21167,0.20914058823529408,0.19793094037438225,0.40998714250806995,0.011209647860911831,-0.0,-0.2120562021336877,-0.0,I+VI+VII,
3371.1,0.19726,0.2101811764705882,0.19738730020623857,0.40910004139372946,0.012793876264349635,-0.0,-0.2117127411874909,-0.0,I+VI+VII,
3372.0,0.20225,0.21238529411764703,0.19656242579281832,0.40821294027938904,0.01582286832482871,-0.0,-0.2116505144865707,-0.0,I+VI+VII,
3372.8,0.19336,0.21311764705882352,0.19636042433307838,0.4074244059555308,0.016757222725745147,-0.0,-0.21106398162245243,-0.0,I+VI+VII,
3373.7,0.2249,0.21516941176470586,0.195816784164935,0.40653730484119077,0.019352627599770855,-0.0,-0.21072052067625577,-0.0,I+VI+VII,
3374.6,0.23514,0.21606117647058823,0.19561432172682133,0.4056502037268504,0.020446854743766896,-0.0,-0.21003588200002907,-0.0,I+VI+VII,
3375.5,0.22134,0.21716588235294118,0.19576655510810542,0.4047631026125099,0.02139932724483576,-0.0,-0.2089965475044045,-0.0,I+VI+VII,
3376.4,0.21899,0.21867176470588237,0.1953455925070059,0.4038760014981695,0.023326172198876477,-0.0,-0.2085304089911636,-0.0,I+VI+VII,
3377.2,0.21976,0.2192423529411765,0.19486235680198963,0.4030874671743117,0.02437999613918687,-0.0,-0.20822511037232208,-0.0,I+VI+VII,
3378.1,0.23108,0.22023764705882354,0.1946083951547865,0.4022003660599713,0.02562925190403703,-0.0,-0.20759197090518478,-0.0,I+VI+VII,
3379.0,0.23747,0.2202294117647059,0.19493480531220414,0.40131326494563085,0.025294606452501756,-0.0,-0.20637845963342671,-0.0,I+VI+VII,
3379.9,0.20948,0.22095235294117646,0.19439116514406055,0.4004261638312904,0.026561187797115915,-0.0,-0.20603499868722988,-0.0,I+VI+VII,
3380.7,0.21728,0.2238029411764706,0.19403009962471784,0.3996376295074326,0.02977284155175275,-0.0,-0.20560752988271475,-0.0,I+VI+VII,
3381.6,0.23962,0.22425823529411762,0.19418131824326093,0.39875052839309216,0.03007691705085669,-0.0,-0.20456921014983123,-0.0,I+VI+VII,
3382.5,0.23276,0.2241541176470588,0.19466806091370809,0.39786342727875174,0.029486056733350724,-0.0,-0.20319536636504365,-0.0,I+VI+VII,
3383.4,0.2278,0.22467647058823528,0.19430653441599163,0.3969763261644113,0.03036993617224365,-0.0,-0.20266979174841968,-0.0,I+VI+VII,
3384.2,0.20696,0.22457529411764707,0.19384787046591048,0.39618779184055347,0.030727423651736585,-0.0,-0.202339921374643,-0.0,I+VI+VII,
3385.1,0.22859,0.22633647058823528,0.1943346131363574,0.3953006907262131,0.03200185745187789,-0.0,-0.2009660775898557,-0.0,I+VI+VII,
3386.0,0.19712,0.22689823529411765,0.19459085969856182,0.3944135896118726,0.032307375595555826,-0.0,-0.1998227299133108,-0.0,I+VI+VII,
3386.9,0.21454,0.2244929411764706,0.194390680476615,0.3935264884975322,0.030102260699855582,-0.0,-0.19913580802091718,-0.0,I+VI+VII,
3387.8,0.24182,0.22483470588235296,0.19463511230119612,0.3926393873831918,0.03019959358115684,-0.0,-0.1980042750819957,-0.0,I+VI+VII,
3388.6,0.23264,0.2253664705882353,0.1950677724527042,0.391850853059334,0.0302986981355311,-0.0,-0.19678308060662977,-0.0,I+VI+VII,
3389.5,0.23337,0.22386176470588237,0.1952633144580997,0.39096375194499355,0.02859845024778268,-0.0,-0.19570043748689386,-0.0,I+VI+VII,
3390.4,0.23022,0.22447588235294116,0.195461393370347,0.3900766508306531,0.029014488982594178,-0.0,-0.19461525746030614,-0.0,I+VI+VII,
3391.3,0.21727,0.22355176470588234,0.19594813604079378,0.38918954971631264,0.02760362866508856,-0.0,-0.19324141367551886,-0.0,I+VI+VII,
3392.2,0.2497,0.22553882352941174,0.19627302405410058,0.3883024486019727,0.02926579947531116,-0.0,-0.19202942454787214,-0.0,I+VI+VII,
3393.0,0.24063,0.22600882352941176,0.19640038558676726,0.38751391427811444,0.029608437942644505,-0.0,-0.19111352869134718,-0.0,I+VI+VII,
3393.9,0.19658,0.22778529411764706,0.19677441710994473,0.386626813163774,0.03101087700770233,-0.0,-0.18985239605382928,-0.0,I+VI+VII,
3394.8,0.21529,0.22919411764705885,0.1978297168473892,0.3857397120494336,0.03136440079966965,-0.0,-0.18790999520204438,-0.0,I+VI+VII,
3395.7,0.22632,0.22790823529411763,0.19798995960601895,0.3848526109350936,0.029918275688098683,-0.0,-0.18686265132907465,-0.0,I+VI+VII,
3396.6,0.21404,0.22825235294117646,0.1984374527033169,0.38396550982075317,0.02981490023785957,-0.0,-0.18552805711743628,-0.0,I+VI+VII,
3397.4,0.2432,0.22792,0.19948071009250856,0.3831769754968949,0.02843928990749145,-0.0,-0.18369626540438633,-0.0,I+VI+VII,
3398.3,0.21209,0.22820352941176472,0.1999731789241348,0.38228987438255446,0.028230350487629924,-0.0,-0.18231669545841966,-0.0,I+VI+VII,
3399.2,0.24074,0.2286158823529412,0.1997729997021881,0.3814027732682145,0.028842882650753104,-0.0,-0.1816297735660264,-0.0,I+VI+VII,
3400.1,0.23658,0.22825647058823528,0.20068224608802587,0.38051567215387405,0.02757422450020941,-0.0,-0.17983342606584818,-0.0,I+VI+VII,
3400.9,0.22732,0.22744588235294116,0.2023053679004684,0.3797271378300158,0.025140514452472756,-0.0,-0.17742176992954742,-0.0,I+VI+VII,
3401.8,0.23849,0.2289541176470588,0.20331007446698396,0.37884003671567534,0.02564404318007485,-0.0,-0.17552996224869138,-0.0,I+VI+VII,
3402.7,0.21996,0.22936529411764706,0.20345335619123397,0.3779529356013354,0.02591193792641308,-0.0,-0.17449957941010144,-0.0,I+VI+VII,
3403.6,0.23849,0.23189176470588233,0.20408676831923658,0.37706583448699493,0.02780499638664574,-0.0,-0.17297906616775835,-0.0,I+VI+VII,
3404.5,0.22772,0.2340370588235294,0.2052604328820771,0.37617873337265456,0.028776625941452305,-0.0,-0.17091830049057746,-0.0,I+VI+VII,
3405.3,0.23504,0.23197882352941177,0.20560687444215334,0.3753901990487963,0.02637194908725843,-0.0,-0.16978332460664294,-0.0,I+VI+VII,
3406.2,0.22428,0.23245764705882352,0.2057501561664033,0.3745030979344563,0.02670749089242022,-0.0,-0.168752941768053,-0.0,I+VI+VII,
3407.1,0.24359,0.23250411764705883,0.2074912905504473,0.37361599682011587,0.02501282709661154,-0.0,-0.16612470626966858,-0.0,I+VI+VII,
3408.0,0.22685,0.23355941176470588,0.20835617730790687,0.37272889570577544,0.025203234456799006,-0.0,-0.16437271839786857,-0.0,I+VI+VII,
3408.9,0.22222,0.2351558823529412,0.2084994590321569,0.371841794591435,0.0266564233207843,-0.0,-0.16334233555927813,-0.0,I+VI+VII,
3409.8,0.22228,0.23656176470588236,0.20969265777775553,0.3709546934770946,0.02686910692812683,-0.0,-0.16126203569933906,-0.0,I+VI+VII,
3410.6,0.26927,0.23907764705882353,0.21089581278165803,0.37016615915323675,0.0281818342771655,-0.0,-0.15927034637157872,-0.0,I+VI+VII,
3411.5,0.25051,0.23969470588235292,0.21151172025238416,0.3692790580388963,0.028182985629968765,-0.0,-0.15776733778651217,-0.0,I+VI+VII,
3412.4,0.20821,0.2419623529411765,0.21208341306083717,0.3683919569245559,0.029878939880339322,-0.0,-0.15630854386371873,-0.0,I+VI+VII,
3413.3,0.22023,0.24287117647058823,0.21325707762367835,0.36750485581021547,0.02961409884690988,-0.0,-0.15424777818653712,-0.0,I+VI+VII,
3414.2,0.24153,0.24472588235294118,0.21398214457208142,0.3666177546958755,0.03074373778085976,-0.0,-0.15263561012379406,-0.0,I+VI+VII,
3415.0,0.25452,0.2455035294117647,0.21410950610474783,0.3658292203720172,0.03139402330701688,-0.0,-0.15171971426726938,-0.0,I+VI+VII,
3415.9,0.25446,0.2466994117647059,0.21534492622866383,0.3649421192576768,0.03135448553604206,-0.0,-0.14959719302901295,-0.0,I+VI+VII,
3416.8,0.26239,0.2478594117647059,0.2166615998548893,0.36405501814333635,0.031197811909816603,-0.0,-0.14739341828844704,-0.0,I+VI+VII,
3417.7,0.26273,0.24974058823529413,0.21685880897050122,0.36316791702899637,0.03288177926479291,-0.0,-0.14630910805849515,-0.0,I+VI+VII,
3418.6,0.24898,0.24817705882352942,0.2172693357108171,0.36228081591465594,0.03090772311271231,-0.0,-0.14501148020383883,-0.0,I+VI+VII,
3419.4,0.26627,0.24781117647058823,0.21852148925848508,0.3614922815907977,0.02928968721210315,-0.0,-0.14297079233231264,-0.0,I+VI+VII,
3420.3,0.25049,0.24895,0.22006612208610013,0.3606051804764573,0.028883877913899875,-0.0,-0.14053905839035716,-0.0,I+VI+VII,
3421.2,0.25581,0.24988058823529413,0.22060527000379782,0.3597180793621173,0.029275318231496317,-0.0,-0.1391128093583195,-0.0,I+VI+VII,
3422.1,0.25681,0.24895764705882353,0.2207485517280478,0.3588309782477769,0.02820909533077573,-0.0,-0.13808242651972907,-0.0,I+VI+VII,
3423.0,0.24718,0.24895882352941176,0.22184752250486833,0.35794387713343645,0.027111301024543427,-0.0,-0.13609635462856812,-0.0,I+VI+VII,
3423.9,0.24194,0.24810529411764704,0.22269254890583104,0.357056776019096,0.025412745211815996,-0.0,-0.13436422711326498,-0.0,I+VI+VII,
3424.8,0.25426,0.24774470588235292,0.2224923696838842,0.35616967490475554,0.025252336198468728,-0.0,-0.13367730522087135,-0.0,I+VI+VII,
3425.6,0.24269,0.24659647058823525,0.22291865132673677,0.35538114058089776,0.02367781926149848,-0.0,-0.132462489254161,-0.0,I+VI+VII,
3426.5,0.24429,0.24721588235294117,0.22409231588957723,0.35449403946655733,0.023123566463363943,-0.0,-0.1304017235769801,-0.0,I+VI+VII,
3427.4,0.22757,0.24479941176470588,0.22449164399821891,0.3536069383522169,0.02030776776648696,-0.0,-0.129115294353998,-0.0,I+VI+VII,
3428.3,0.23605,0.24484705882352942,0.22465663439681446,0.3527198372378765,0.020190424426714954,-0.0,-0.128063202841062,-0.0,I+VI+VII,
3429.2,0.22584,0.24504882352941174,0.22529385188509454,0.3518327361235365,0.019754971644317193,-0.0,-0.12653888423844195,-0.0,I+VI+VII,
3430.1,0.25454,0.2440541176470588,0.2259524518739825,0.35094563500919607,0.018101665773076314,-0.0,-0.12499318313521357,-0.0,I+VI+VII,
3430.9,0.23995,0.2434694117647059,0.22577451478780755,0.3501571006853378,0.017694896976898356,-0.0,-0.12438258589753023,-0.0,I+VI+VII,
3431.8,0.25626,0.24325411764705884,0.22596965813641218,0.34926999957099736,0.017284459510646666,-0.0,-0.1233003414345852,-0.0,I+VI+VII,
3432.7,0.24321,0.24260823529411768,0.22695878084655263,0.3483828984566574,0.015649454447565048,-0.0,-0.12142411761010476,-0.0,I+VI+VII,
3433.6,0.25951,0.2440588235294118,0.2269135703917199,0.34749579734231695,0.017145253137691913,-0.0,-0.12058222695059706,-0.0,I+VI+VII,
3434.5,0.22519,0.24458294117647061,0.22685002172450155,0.3466086962279765,0.01773291945196906,-0.0,-0.11975867450347497,-0.0,I+VI+VII,
3435.3,0.2513,0.24486882352941178,0.2272826818760099,0.34582016190411824,0.017586141653401888,-0.0,-0.11853748002810835,-0.0,I+VI+VII,
3436.2,0.25924,0.24473352941176474,0.22749500370815318,0.34493306078977826,0.017238525703611562,-0.0,-0.11743805708162508,-0.0,I+VI+VII,
3437.1,0.2399,0.24631235294117654,0.2272948244862064,0.34404595967543783,0.01901752845497015,-0.0,-0.11675113518923144,-0.0,I+VI+VII,
3438.0,0.23724,0.24573352941176477,0.2270946452642596,0.3431588585610974,0.01863888414750517,-0.0,-0.1160642132968378,-0.0,I+VI+VII,
3438.9,0.23828,0.24770647058823536,0.2274743304655637,0.342271757446757,0.02023214012267166,-0.0,-0.11479742698119329,-0.0,I+VI+VII,
3439.8,0.24328,0.24785294117647066,0.22727415124361688,0.34138465633241655,0.02057878993285378,-0.0,-0.11411050508879965,-0.0,I+VI+VII,
3440.7,0.26735,0.24779411764705891,0.22707397202167018,0.34049755521807656,0.020720145625388736,-0.0,-0.11342358319640637,-0.0,I+VI+VII,
3441.5,0.2532,0.24636411764705887,0.2271566115106935,0.3397090208942183,0.019207506136365377,-0.0,-0.1125524093835248,-0.0,I+VI+VII,
3442.4,0.23243,0.24808470588235298,0.2272757201367993,0.33882191977987786,0.020808985745553676,-0.0,-0.11154619964307855,-0.0,I+VI+VII,
3443.3,0.23375,0.2484752941176471,0.22683819515811066,0.3379348186655375,0.021637098959536444,-0.0,-0.11109662350742681,-0.0,I+VI+VII,
3444.2,0.25268,0.2469423529411765,0.22629738182903025,0.33704771755119745,0.02064497111214625,-0.0,-0.11075033572216719,-0.0,I+VI+VII,
3445.1,0.2447,0.2473088235294118,0.22667518247095894,0.336160616436857,0.020633641058452862,-0.0,-0.10948543396589808,-0.0,I+VI+VII,
3446.0,0.27349,0.2480035294117647,0.22636700350018168,0.3352735153225166,0.02163652591158302,-0.0,-0.10890651182233489,-0.0,I+VI+VII,
3446.8,0.25875,0.24790470588235294,0.2258837677951653,0.33448498099865837,0.022020938087187636,-0.0,-0.10860121320349306,-0.0,I+VI+VII,
3447.7,0.24221,0.24709352941176468,0.22551702251764005,0.3335978798843184,0.02157650689412463,-0.0,-0.10808085736667832,-0.0,I+VI+VII,
3448.6,0.2352,0.24572764705882352,0.22531684329569301,0.33271077876997796,0.02041080376313051,-0.0,-0.10739393547428495,-0.0,I+VI+VII,
3449.5,0.25444,0.24491176470588236,0.22483271171398556,0.33182367765563753,0.0200790529918968,-0.0,-0.10699096594165197,-0.0,I+VI+VII,
3450.4,0.25794,0.24565764705882354,0.22433662042854852,0.3309365765412971,0.02132102663027502,-0.0,-0.10659995611274858,-0.0,I+VI+VII,
3451.3,0.23318,0.24656999999999998,0.224136441206602,0.3300494754269567,0.02243355879339798,-0.0,-0.10591303422035467,-0.0,I+VI+VII,
3452.2,0.24613,0.24573941176470585,0.22378165563280605,0.3291623743126167,0.02195775613189979,-0.0,-0.10538071867981064,-0.0,I+VI+VII,
3453.1,0.24905,0.24570588235294116,0.22323801546466243,0.32827527319827626,0.02246786688827873,-0.0,-0.10503725773361383,-0.0,I+VI+VII,
3453.9,0.2366,0.24338882352941174,0.22253127826600894,0.327486738874418,0.020857545263402805,-0.0,-0.10495546060840905,-0.0,I+VI+VII,
3454.8,0.22949,0.2425894117647059,0.222198237608085,0.32659963776007755,0.020391174156620895,-0.0,-0.10440140015199256,-0.0,I+VI+VII,
3455.7,0.24413,0.24229705882352942,0.22166749942335884,0.32571253664573757,0.020629559400170583,-0.0,-0.10404503722237872,-0.0,I+VI+VII,
3456.6,0.23933,0.24238058823529413,0.22121801474094063,0.32482543553139714,0.021162573494353493,-0.0,-0.10360742079045651,-0.0,I+VI+VII,
3457.5,0.24511,0.2411564705882353,0.22072246707840032,0.3239383344170567,0.020434003509834986,-0.0,-0.1032158673386564,-0.0,I+VI+VII,
3458.4,0.24926,0.24037058823529414,0.22003657891892803,0.3230512333027163,0.020334009316366114,-0.0,-0.10301465438378826,-0.0,I+VI+VII,
3459.2,0.23856,0.24005117647058827,0.21955334321391165,0.32226269897885845,0.020497833256676617,-0.0,-0.1027093557649468,-0.0,I+VI+VII,
3460.1,0.24413,0.2391194117647059,0.21927981114242362,0.321375597864518,0.019839600622282294,-0.0,-0.10209578672209442,-0.0,I+VI+VII,
3461.0,0.2341,0.23749,0.21849976749722594,0.3204884967501776,0.018990232502774068,-0.0,-0.10198872925295166,-0.0,I+VI+VII,
3461.9,0.24516,0.23603588235294118,0.2181251215669334,0.31960139563583717,0.017910760786007784,-0.0,-0.10147627406890378,-0.0,I+VI+VII,
3462.8,0.23724,0.2360023529411765,0.21723802045259297,0.31871429452149674,0.01876433248858353,-0.0,-0.10147627406890378,-0.0,I+VI+VII,
3463.7,0.23662,0.23457764705882356,0.21673950098488387,0.31782719340715676,0.017838146073939687,-0.0,-0.10108769242227288,-0.0,I+VI+VII,
3464.6,0.23363,0.23243882352941178,0.21653932176293708,0.31694009229281633,0.0158995017664747,-0.0,-0.10040077052987925,-0.0,I+VI+VII,
3465.5,0.24458,0.23184000000000002,0.21573644595607389,0.3160529911784759,0.016103554043926133,-0.0,-0.100316545222402,-0.0,I+VI+VII,
3466.3,0.22775,0.23086411764705886,0.21500147660831354,0.3152644568546176,0.015862641038745323,-0.0,-0.10026298024630408,-0.0,I+VI+VII,
3467.2,0.23029,0.2302094117647059,0.2146406749411265,0.31437735574027764,0.015568736823579399,-0.0,-0.09973668079915113,-0.0,I+VI+VII,
3468.1,0.22135,0.2279494117647059,0.21388741378397755,0.3134902546259372,0.014061997980728352,-0.0,-0.09960284084195967,-0.0,I+VI+VII,
3469.0,0.21188,0.22649352941176473,0.21334377361583412,0.3126031535115968,0.013149755795930612,-0.0,-0.09925937989576265,-0.0,I+VI+VII,
3469.9,0.22892,0.22539117647058826,0.21304103087402476,0.31171605239725636,0.0123501455965635,-0.0,-0.09867502152323158,-0.0,I+VI+VII,
3470.8,0.21991,0.22401647058823532,0.2122564932795468,0.31082895128291593,0.011759977308688524,-0.0,-0.09857245800336914,-0.0,I+VI+VII,
3471.7,0.20297,0.2232970588235294,0.21171285311140348,0.30994185016857595,0.011584205712125928,-0.0,-0.09822899705717249,-0.0,I+VI+VII,
3472.6,0.23493,0.22212823529411763,0.21105766152483701,0.3090547490542355,0.011070573769280612,-0.0,-0.0979970875293985,-0.0,I+VI+VII,
3473.5,0.23267,0.22017941176470587,0.210500720716485,0.3081676479398951,0.009678691048220861,-0.0,-0.0976669272234101,-0.0,I+VI+VII,
3474.3,0.22743,0.21826058823529412,0.21014233707009966,0.30737911361603687,0.008118251165194462,-0.0,-0.09723677654593721,-0.0,I+VI+VII,
3475.2,0.20571,0.21806470588235294,0.20959869690195626,0.30649201250169683,0.008466008980396678,-0.0,-0.09689331559974056,-0.0,I+VI+VII,
3476.1,0.20935,0.21754823529411765,0.20876755270445968,0.3056049113873564,0.008780682589657973,-0.0,-0.09683735868289674,-0.0,I+VI+VII,
3477.0,0.22642,0.21737823529411765,0.20851141656566904,0.304717810273016,0.008866818728448606,-0.0,-0.09620639370734693,-0.0,I+VI+VII,
3477.9,0.21387,0.21612117647058823,0.20796777639752545,0.30383070915867555,0.008153400073062783,-0.0,-0.09586293276115011,-0.0,I+VI+VII,
3478.8,0.22439,0.21529705882352942,0.20726597820794013,0.3029436080443351,0.008031080615589298,-0.0,-0.09567762983639498,-0.0,I+VI+VII,
3479.7,0.21376,0.21492529411764705,0.20680225060562593,0.30205650692999514,0.008123043512021116,-0.0,-0.09525425632436921,-0.0,I+VI+VII,
3480.6,0.21145,0.21293470588235291,0.20633685589309486,0.3011694058156547,0.006597849989258053,-0.0,-0.09483254992255984,-0.0,I+VI+VII,
3481.5,0.19513,0.21193411764705883,0.20582202773848152,0.3002823047013143,0.006112089908577312,-0.0,-0.09446027696283277,-0.0,I+VI+VII,
3482.3,0.22696,0.21060470588235294,0.2055557338108137,0.29949377037745606,0.005048972071539232,-0.0,-0.09393803656664235,-0.0,I+VI+VII,
3483.2,0.21257,0.20990235294117648,0.20486404700710908,0.2986066692631161,0.0050383059340674,-0.0,-0.09374262225600698,-0.0,I+VI+VII,
3484.1,0.20899,0.2090435294117647,0.20451263189527336,0.29771956814877565,0.004530897516491356,-0.0,-0.09320693625350228,-0.0,I+VI+VII,
3485.0,0.20755,0.20769529411764706,0.20396899172712973,0.2968324670344352,0.0037263023905173276,-0.0,-0.09286347530730547,-0.0,I+VI+VII,
3485.9,0.2059,0.20673647058823533,0.20316705819995415,0.29594536592009474,0.003569412388281179,-0.0,-0.09277830772014059,-0.0,I+VI+VII,
3486.8,0.19665,0.20468000000000003,0.20288171139084246,0.2950582648057543,0.0017982886091575667,-0.0,-0.09217655341491185,-0.0,I+VI+VII,
3487.7,0.20109,0.2030370588235294,0.20233807122269915,0.29417116369141433,0.0006989876008302587,-0.0,-0.0918330924687152,-0.0,I+VI+VII,
3488.6,0.21566,0.2016847058823529,0.20192337840567598,0.2932840625770739,-0.00023867252332307465,-0.0,-0.09136068417139794,-0.0,I+VI+VII,
3489.5,0.20483,0.20130352941176466,0.2013582470123455,0.2923969614627335,-5.471760058084474e-05,-0.0,-0.09103871445038796,-0.0,I+VI+VII,
3490.4,0.19377,0.1993847058823529,0.20070715071826828,0.29150986034839305,-0.0013224448359153707,-0.0,-0.09080270963012475,-0.0,I+VI+VII,
3491.2,0.19475,0.1994235294117647,0.20022391501325199,0.29072132602453526,-0.0008003856014872912,-0.0,-0.09049741101128328,-0.0,I+VI+VII,
3492.1,0.2035,0.19905235294117646,0.19995523930630865,0.28983422491019484,-0.0009028863651321939,-0.0,-0.0898789856038862,-0.0,I+VI+VII,
3493.0,0.19757,0.1983129411764706,0.19913663467696474,0.2889471237958544,-0.0008236935004941326,-0.0,-0.08981048911888966,-0.0,I+VI+VII,
3493.9,0.18943,0.19761705882352942,0.19859299450882115,0.288060022681514,-0.0009759356852917234,-0.0,-0.08946702817269284,-0.0,I+VI+VII,
3494.8,0.18583,0.19683764705882356,0.19822490829481687,0.28717292156717356,-0.001387261235993309,-0.0,-0.08894801327235669,-0.0,I+VI+VII,
3495.7,0.18846,0.19592764705882354,0.19756656369544912,0.2862858204528336,-0.0016389166366255759,-0.0,-0.08871925675738444,-0.0,I+VI+VII,
3496.6,0.18865,0.19420647058823529,0.19696207400439053,0.2853987193384931,-0.0027556034161552445,-0.0,-0.08843664533410255,-0.0,I+VI+VII,
3497.5,0.19434,0.19267823529411765,0.19637222589001918,0.2845116182241527,-0.0036939905959015307,-0.0,-0.08813939233413355,-0.0,I+VI+VII,
3498.4,0.21323,0.19138588235294118,0.19568459813727707,0.28362451710981224,-0.0042987157843358825,-0.0,-0.08793991897253516,-0.0,I+VI+VII,
3499.3,0.20268,0.19068470588235292,0.19517788808458914,0.2827374159954718,-0.004493182202236212,-0.0,-0.08755952791088269,-0.0,I+VI+VII,
3500.2,0.19498,0.18909470588235291,0.19429078697024915,0.2818503148811318,-0.005196081087896237,-0.0,-0.08755952791088269,-0.0,I+VI+VII,
3501.1,0.19407,0.18794823529411764,0.19392433162493505,0.2809632137667914,-0.005976096330817415,-0.0,-0.08703888214185634,-0.0,I+VI+VII,
3501.9,0.1834,0.1871264705882353,0.19319501595530136,0.28017467944293317,-0.006068545367066053,-0.0,-0.0869796634876318,-0.0,I+VI+VII,
3502.8,0.18562,0.18649529411764706,0.19288777926421183,0.27928757832859274,-0.006392485146564764,-0.0,-0.08639979906438092,-0.0,I+VI+VII,
3503.7,0.1864,0.18530882352941175,0.19200067814987185,0.27840047721425276,-0.006691854620460097,-0.0,-0.08639979906438092,-0.0,I+VI+VII,
3504.6,0.17885,0.18380235294117647,0.19111357703553142,0.27751337609991233,-0.007311224094354946,-0.0,-0.08639979906438092,-0.0,I+VI+VII,
3505.5,0.1718,0.18228882352941175,0.19062621995796952,0.2766262749855719,-0.00833739642855777,-0.0,-0.08600005502760238,-0.0,I+VI+VII,
3506.4,0.18283,0.17964,0.18991923923010143,0.2757391738712315,-0.010279239230101433,-0.0,-0.08581993464113005,-0.0,I+VI+VII,
3507.3,0.17647,0.17775117647058825,0.189032138115761,0.27485207275689105,-0.011280961645172755,-0.0,-0.08581993464113005,-0.0,I+VI+VII,
3508.2,0.17808,0.17637882352941178,0.18814503700142102,0.27396497164255107,-0.011766213472009235,-0.0,-0.08581993464113005,-0.0,I+VI+VII,
3509.1,0.17546,0.17475294117647058,0.1873819906321297,0.2730778705282106,-0.012629049455659125,-0.0,-0.08569587989608088,-0.0,I+VI+VII,
3510.0,0.1751,0.17375941176470586,0.1868383504639861,0.27219076941387016,-0.013078938699280257,-0.0,-0.08535241894988406,-0.0,I+VI+VII,
3510.9,0.16829,0.17156470588235292,0.18606359808165057,0.27130366829952973,-0.014498892199297647,0.0,-0.08524007021787916,-0.0,I+VI+VII,
3511.8,0.16304,0.16977705882352936,0.18517649696731014,0.2704165671851893,-0.01539943814378078,0.0,-0.08524007021787916,-0.0,I+VI+VII,
3512.7,0.16861,0.16878235294117647,0.18428939585297016,0.2695294660708493,-0.015507042911793695,0.0,-0.08524007021787916,-0.0,I+VI+VII,
3513.6,0.1682,0.16732294117647056,0.18340229473862973,0.2686423649565089,-0.01607935356215917,0.0,-0.08524007021787916,-0.0,I+VI+VII,
3514.4,0.17057,0.16547882352941173,0.1826137604147715,0.26785383063265067,-0.017134936885359775,0.0,-0.08524007021787916,-0.0,I+VI+VII,
3515.3,0.17165,0.16377529411764702,0.18172665930043108,0.26696672951831024,-0.017951365182784063,0.0,-0.08524007021787916,-0.0,I+VI+VII,
3516.2,0.16643,0.16194529411764705,0.1808395581860911,0.26607962840397026,-0.01889426406844405,0.0,-0.08524007021787916,-0.0,I+VI+VII,
3517.1,0.16651,0.1601382352941176,0.17995245707175067,0.26519252728962983,-0.019814221777633062,0.0,-0.08524007021787916,-0.0,I+VI+VII,
3518.0,0.14831,0.15852529411764704,0.17906535595741024,0.2643054261752894,-0.020540061839763202,0.0,-0.08524007021787916,-0.0,I+VI+VII,
3518.9,0.15601,0.15746470588235292,0.17817825484306976,0.2634183250609489,-0.020713548960716838,0.0,-0.08524007021787916,-0.0,I+VI+VII,
3519.8,0.16194,0.15656176470588234,0.17729115372872933,0.2625312239466085,-0.02072938902284699,0.0,-0.08524007021787916,-0.0,I+VI+VII,
3520.7,0.14699,0.15487176470588235,0.17640405261438935,0.2616441228322685,-0.021532287908507003,0.0,-0.08524007021787916,-0.0,I+VI+VII,
3521.6,0.15148,0.15343470588235292,0.17551695150004892,0.2607570217179281,-0.022082245617696006,0.0,-0.08524007021787916,-0.0,I+VI+VII,
3522.5,0.14751,0.15127941176470588,0.17459179678293255,0.25986992060358766,-0.02331238501822666,0.0,-0.08527812382065511,-0.0,I+VI+VII,
3523.4,0.14697,0.1494470588235294,0.17316288484811718,0.25898281948924723,-0.02371582602458777,0.0,-0.08581993464113005,-0.0,I+VI+VII,
3524.3,0.14474,0.14801176470588234,0.17227578373377675,0.2580957183749068,-0.024264019027894407,0.0,-0.08581993464113005,-0.0,I+VI+VII,
3525.2,0.14768,0.14626176470588234,0.17138868261943677,0.2572086172605668,-0.025126917913554425,0.0,-0.08581993464113005,-0.0,I+VI+VII,
3526.1,0.15026,0.14547823529411763,0.17050158150509634,0.2563215161462264,-0.02502334621097871,0.0,-0.08581993464113005,-0.0,I+VI+VII,
3527.0,0.14769,0.14409,0.1696144803907559,0.25543441503188596,-0.025524480390755916,0.0,-0.08581993464113005,-0.0,I+VI+VII,
3527.9,0.13988,0.14176411764705885,0.16814751485316462,0.25454731391754554,-0.026383397206105774,0.0,-0.08639979906438092,-0.0,I+VI+VII,
3528.8,0.14377,0.14144705882352943,0.1672604137388242,0.2536602128032051,-0.025813354915294767,0.0,-0.08639979906438092,-0.0,I+VI+VII,
3529.7,0.13393,0.14059941176470586,0.1663733126244842,0.2527731116888651,-0.025773900859778348,0.0,-0.08639979906438092,-0.0,I+VI+VII,
3530.6,0.1405,0.13912117647058822,0.1650645051083346,0.2518860105745247,-0.02594332863774637,0.0,-0.08682150546619011,-0.0,I+VI+VII,
3531.4,0.14203,0.13871,0.1641178127630346,0.2510974762506664,-0.02540781276303461,0.0,-0.0869796634876318,-0.0,I+VI+VII,
3532.3,0.13676,0.1378594117647059,0.16323071164869418,0.250210375136326,-0.025371299883988285,0.0,-0.0869796634876318,-0.0,I+VI+VII,
3533.2,0.13499,0.13679176470588233,0.16225692080307835,0.24932327402198604,-0.025465156097196018,0.0,-0.0870663532189077,-0.0,I+VI+VII,
3534.1,0.13241,0.13554764705882355,0.1608766449967629,0.2484361729076456,-0.025328997937939357,0.0,-0.08755952791088269,-0.0,I+VI+VII,
3535.0,0.1224,0.13375529411764706,0.15998954388242248,0.24754907179330518,-0.026234249764775425,0.0,-0.08755952791088269,-0.0,I+VI+VII,
3535.9,0.1416,0.13293647058823532,0.15910244276808205,0.24666197067896475,-0.02616597217984673,0.0,-0.08755952791088269,-0.0,I+VI+VII,
3536.8,0.13707,0.1313394117647059,0.1577004220458947,0.2457748695646243,-0.026361010281188813,0.0,-0.08807444751872959,-0.0,I+VI+VII,
3537.7,0.12238,0.12961117647058826,0.15674837611615078,0.24488776845028434,-0.02713719964556252,0.0,-0.08813939233413355,-0.0,I+VI+VII,
3538.6,0.13998,0.1284694117647059,0.15586127500181035,0.2440006673359439,-0.027391863237104463,0.0,-0.08813939233413355,-0.0,I+VI+VII,
3539.5,0.13028,0.12760529411764707,0.15471794629544594,0.24311356622160346,-0.027112652177798874,0.0,-0.0883956199261575,-0.0,I+VI+VII,
3540.4,0.12953,0.1260894117647059,0.15350720834987858,0.24222646510726303,-0.027417796585172682,0.0,-0.08871925675738444,-0.0,I+VI+VII,
3541.3,0.12911,0.12489529411764708,0.15262010723553815,0.2413393639929226,-0.027724813117891073,0.0,-0.08871925675738444,-0.0,I+VI+VII,
3542.2,0.11722,0.12423764705882355,0.15173300612119817,0.24045226287858262,-0.027495359062374616,0.0,-0.08871925675738444,-0.0,I+VI+VII,
3543.1,0.12596,0.1242158823529412,0.15026604058360687,0.2395651617642422,-0.02605015823066567,0.0,-0.08929912118063531,-0.0,I+VI+VII,
3544.0,0.11662,0.12218235294117649,0.14937893946926645,0.23867806064990177,-0.027196586528089955,0.0,-0.08929912118063531,-0.0,I+VI+VII,
3544.9,0.10455,0.1208629411764706,0.14849183835492602,0.23779095953556134,-0.027628897178455417,0.0,-0.08929912118063531,-0.0,I+VI+VII,
3545.8,0.12109,0.1206364705882353,0.1471789717878137,0.23690385842122091,-0.02654250119957839,0.0,-0.08972488663340723,-0.0,I+VI+VII,
3546.7,0.12734,0.11853705882352944,0.14613777170299475,0.23601675730688093,-0.027600712879465306,0.0,-0.0898789856038862,-0.0,I+VI+VII,
3547.6,0.11099,0.11665176470588239,0.14493073039312565,0.2351296561925405,-0.028278965687243265,0.0,-0.09019892579941485,-0.0,I+VI+VII,
3548.5,0.11469,0.11560000000000002,0.143783705051063,0.23424255507820008,-0.028183705051062977,0.0,-0.09045885002713708,-0.0,I+VI+VII,
3549.4,0.12123,0.11412647058823532,0.14289660393672257,0.23335545396385965,-0.028770133348487256,0.0,-0.09045885002713708,-0.0,I+VI+VII,
3550.3,0.12203,0.11348235294117648,0.14181890863476487,0.2324683528495192,-0.028336555693588394,0.0,-0.09064944421475434,-0.0,I+VI+VII,
3551.2,0.10703,0.11257176470588237,0.1405883465742282,0.2315812517351792,-0.028016581868345825,0.0,-0.090992905160951,-0.0,I+VI+VII,
3552.1,0.11464,0.11178647058823529,0.13965543617045084,0.23069415062083878,-0.02786896558221555,0.0,-0.09103871445038796,-0.0,I+VI+VII,
3553.0,0.11853,0.11137729411764707,0.1387070868764046,0.22980704950649836,-0.02732979275875752,0.0,-0.09109996263009375,-0.0,I+VI+VII,
3553.9,0.10429,0.1106484705882353,0.13747652481586736,0.22891994839215793,-0.026828054227632056,0.0,-0.09144342357629055,-0.0,I+VI+VII,
3554.8,0.09823,0.10897017647058824,0.13641426840417867,0.2280328472778175,-0.02744409193359043,0.0,-0.09161857887363883,-0.0,I+VI+VII,
3555.7,0.11165,0.10816229411764705,0.1350834985229991,0.22714574616347752,-0.02692120440535206,0.0,-0.09206224764047842,-0.0,I+VI+VII,
3556.6,0.10406,0.10720029411764706,0.13406020175224737,0.2262586450491371,-0.026859907634600305,0.0,-0.09219844329688971,-0.0,I+VI+VII,
3557.5,0.10627,0.10572405882352941,0.13317310063790694,0.22537154393479666,-0.02744904181437753,0.0,-0.09219844329688971,-0.0,I+VI+VII,
3558.4,0.11048,0.10438623529411765,0.1321010227725493,0.22448444282045624,-0.027714787478431632,0.0,-0.09238342004790695,-0.0,I+VI+VII,
3559.3,0.10327,0.10363641176470588,0.13081903398597522,0.2235973417061158,-0.02718262222126934,0.0,-0.09277830772014059,-0.0,I+VI+VII,
3560.2,0.097594,0.1025515882352941,0.12993193287163524,0.22271024059177583,-0.027380344636341133,0.0,-0.09277830772014059,-0.0,I+VI+VII,
3561.1,0.1087,0.10098258823529412,0.12853868259884965,0.2218231394774354,-0.027556094363555536,0.0,-0.09328445687858573,-0.0,I+VI+VII,
3562.0,0.098809,0.10065052941176471,0.127561195117535,0.22093603836309497,-0.02691066570577029,0.0,-0.09337484324555996,-0.0,I+VI+VII,
3562.9,0.097256,0.10031747058823529,0.1263306330569977,0.22004893724875452,-0.026013162468762424,0.0,-0.09371830419175681,-0.0,I+VI+VII,
3563.8,0.098336,0.09980276470588235,0.12522379956777174,0.2191618361344141,-0.02542103486188939,0.0,-0.09393803656664235,-0.0,I+VI+VII,
3564.7,0.096134,0.09884170588235294,0.12398218384166684,0.2182747350200741,-0.0251404779593139,0.0,-0.09429255117840726,-0.0,I+VI+VII,
3565.6,0.099287,0.09815970588235294,0.12286973291584045,0.21738763390573368,-0.024710027033487514,0.0,-0.09451790098989322,-0.0,I+VI+VII,
3566.4,0.094283,0.0970790588235294,0.12183504614431222,0.21659909958187543,-0.024755987320782824,0.0,-0.09476405343756321,-0.0,I+VI+VII,
3567.3,0.096198,0.09630747058823529,0.1206142330543909,0.215711998467535,-0.02430676246615561,0.0,-0.0950977654131441,-0.0,I+VI+VII,
3568.2,0.091857,0.09599782352941176,0.11960057652967644,0.21482489735319502,-0.02360275300026468,0.0,-0.09522432082351857,-0.0,I+VI+VII,
3569.2,0.098645,0.09482523529411764,0.11816159961197743,0.21383922944837241,-0.023336364317859792,0.0,-0.09567762983639498,-0.0,I+VI+VII,
3570.1,0.092568,0.09414094117647057,0.117274498497637,0.212952128334032,-0.02313355732116644,0.0,-0.09567762983639498,-0.0,I+VI+VII,
3570.9,0.1029,0.09354476470588234,0.11603823635597608,0.21216359401017373,-0.022493471650093744,0.0,-0.09612535765419765,-0.0,I+VI+VII,
3571.8,0.087722,0.0930325294117647,0.11501899863618745,0.2112764928958333,-0.021986469224422753,0.0,-0.09625749425964586,-0.0,I+VI+VII,
3572.8,0.094676,0.09248523529411766,0.11366424702596559,0.2102908249910107,-0.021179011731847927,0.0,-0.09662657796504512,-0.0,I+VI+VII,
3573.7,0.092109,0.09149764705882354,0.11256636519377398,0.20940372387667072,-0.02106871813495044,0.0,-0.09683735868289674,-0.0,I+VI+VII,
3574.6,0.090153,0.0909168823529412,0.11130684615360079,0.2085166227623303,-0.02038996380065959,0.0,-0.09720977660872951,-0.0,I+VI+VII,
3575.5,0.09233,0.08992223529411765,0.10997256084435447,0.20762952164798987,-0.020050325550236822,0.0,-0.0976569608036354,-0.0,I+VI+VII,
3576.4,0.088766,0.08968411764705883,0.10874533300425092,0.2067424205336494,-0.019061215357192088,0.0,-0.0979970875293985,-0.0,I+VI+VII,
3577.3,0.087176,0.08843811764705883,0.10774450597990035,0.20585531941930899,-0.019306388332841512,0.0,-0.09811081343940864,-0.0,I+VI+VII,
3578.2,0.087121,0.08788464705882353,0.10628087466274334,0.204968218304969,-0.018396227603919818,0.0,-0.09868734364222566,-0.0,I+VI+VII,
3579.1,0.089628,0.08677247058823528,0.10505031260220611,0.20408111719062857,-0.018277842013970827,0.0,-0.09903080458842246,-0.0,I+VI+VII,
3580.0,0.08683,0.08660729411764706,0.1040371997003879,0.20319401607628815,-0.017429905582740837,0.0,-0.09915681637590025,-0.0,I+VI+VII,
3580.9,0.082498,0.08532188235294116,0.10260814279946665,0.20230691496194772,-0.01728626044652548,0.0,-0.09969877216248108,-0.0,I+VI+VII,
3581.8,0.08441,0.08462823529411764,0.10168313304845616,0.2014198138476073,-0.01705489775433852,0.0,-0.09973668079915113,-0.0,I+VI+VII,
3582.7,0.079289,0.08396494117647059,0.10061982563250108,0.2005327127332673,-0.016654884456030486,0.0,-0.09991288710076623,-0.0,I+VI+VII,
3583.6,0.087809,0.08285147058823529,0.09904580262576701,0.19964561161892688,-0.01619433203753172,0.0,-0.10059980899315987,-0.0,I+VI+VII,
3584.5,0.077463,0.082026,0.09786210085893357,0.19875851050458646,-0.01583610085893357,0.0,-0.10089640964565288,-0.0,I+VI+VII,
3585.4,0.083159,0.08153782352941176,0.09672631039007128,0.19787140939024603,-0.015188486860659517,0.0,-0.10114509900017475,-0.0,I+VI+VII,
3586.3,0.083993,0.08140170588235295,0.09548346245206622,0.19698430827590557,-0.014081756569713277,0.0,-0.10150084582383935,-0.0,I+VI+VII,
3587.2,0.084914,0.08081841176470589,0.09404106866941098,0.19609720716156562,-0.013222656904705088,0.0,-0.10205613849215464,-0.0,I+VI+VII,
3588.1,0.072824,0.07984082352941177,0.0930346242084602,0.1952101060472252,-0.013193800679048434,0.0,-0.10217548183876499,-0.0,I+VI+VII,
3589.0,0.080317,0.07968435294117648,0.09180406214792303,0.19432300493288474,-0.012119709206746543,0.0,-0.10251894278496171,-0.0,I+VI+VII,
3589.9,0.078877,0.07961958823529412,0.09034709927163315,0.1934359038185443,-0.010727511036339024,0.0,-0.10308880454691116,-0.0,I+VI+VII,
3590.8,0.073401,0.07942994117647058,0.08933293536554748,0.19254880270420388,-0.009902994189076905,0.0,-0.1032158673386564,-0.0,I+VI+VII,
3591.7,0.074733,0.07855217647058822,0.08811237596631177,0.1916617015898639,-0.009560199495723551,0.0,-0.10354932562355212,-0.0,I+VI+VII,
3592.6,0.078877,0.07821982352941177,0.08697886871361618,0.19077460047552347,-0.008759045184204409,0.0,-0.10379573176190729,-0.0,I+VI+VII,
3593.5,0.084807,0.07737517647058825,0.08579060051444953,0.18988749936118304,-0.00841542404386128,0.0,-0.10409689884673351,-0.0,I+VI+VII,
3594.4,0.079712,0.07678582352941177,0.08442068978469994,0.18900039824684262,-0.00763486625528817,0.0,-0.10457970846214268,-0.0,I+VI+VII,
3595.3,0.070211,0.07626970588235295,0.0831901277241628,0.1881132971325022,-0.006920421841809854,0.0,-0.10492316940833939,-0.0,I+VI+VII,
3596.2,0.079838,0.07623582352941177,0.08222826034074976,0.1872261960181622,-0.005992436811337987,0.0,-0.10499793567741245,-0.0,I+VI+VII,
3597.1,0.083309,0.0755695294117647,0.08080376987216185,0.18633909490382178,-0.005234240460397152,0.0,-0.10553532503165992,-0.0,I+VI+VII,
3598.0,0.076065,0.07513141176470588,0.07991666875782143,0.18545199378948135,-0.00478525699311555,0.0,-0.10553532503165992,-0.0,I+VI+VII,
3598.9,0.072887,0.0752005294117647,0.07866592016704944,0.18456489267514092,-0.00346539075528475,0.0,-0.10589897250809148,-0.0,I+VI+VII,
3599.8,0.071813,0.0756774117647059,0.07756260210588968,0.18367779156080047,-0.0018851903411837845,0.0,-0.10611518945491079,-0.0,I+VI+VII,
3600.7,0.0688,0.07465200000000001,0.0766755009915497,0.18279069044646049,-0.002023500991549687,0.0,-0.10611518945491079,-0.0,I+VI+VII,
3601.6,0.073974,0.07388511764705882,0.07568344441660062,0.18190358933212009,-0.0017983267695417943,0.0,-0.10622014491551947,-0.0,I+VI+VII,
3602.5,0.07614,0.07340394117647059,0.07432143433961795,0.18101648821777963,-0.0009174931631473621,0.0,-0.10669505387816168,-0.0,I+VI+VII,
3603.4,0.072248,0.07326888235294117,0.07327479802583065,0.1801293871034392,-5.915672889475476e-06,0.0,-0.10685458907760856,-0.0,I+VI+VII,
3604.3,0.06899,0.07293041176470587,0.0720442359652935,0.17924228598909878,0.0008861757994123726,0.0,-0.10719805002380528,-0.0,I+VI+VII,
3605.2,0.071429,0.07204723529411763,0.07108026657334625,0.1783551848747588,0.0009669687207713856,0.0,-0.10727491830141254,-0.0,I+VI+VII,
3606.2,0.074576,0.07190535294117646,0.07009459866852365,0.1773695169699362,0.0018107542726528147,0.0,-0.10727491830141254,-0.0,I+VI+VII,
3607.1,0.08284,0.07138523529411765,0.06920749755418322,0.17648241585559576,0.002177737739934432,0.0,-0.10727491830141254,-0.0,I+VI+VII,
3608.0,0.061445,0.07100252941176471,0.06832039643984279,0.17559531474125534,0.0026821329719219217,0.0,-0.10727491830141254,-0.0,I+VI+VII,
3608.9,0.07177,0.07069364705882353,0.06697541988029283,0.1747082136269149,0.0037182271785306947,0.0,-0.10773279374662208,-0.0,I+VI+VII,
3609.8,0.071532,0.070168,0.06596632978791105,0.17382111251257448,0.004201670212088948,0.0,-0.10785478272466344,-0.0,I+VI+VII,
3610.7,0.067915,0.06924764705882352,0.06507922867357106,0.1729340113982345,0.004168418385252462,0.0,-0.10785478272466344,-0.0,I+VI+VII,
3611.6,0.074084,0.06870823529411764,0.06419212755923064,0.17204691028389407,0.004516107734887004,0.0,-0.10785478272466344,-0.0,I+VI+VII,
3612.5,0.068295,0.0685394705882353,0.06361126734341953,0.17115980916955364,0.004928203244815771,0.0,-0.10754854182613412,-0.0,I+VI+VII,
3613.4,0.073653,0.06806229411764707,0.06299778975380065,0.1702727080552132,0.005064504363846423,0.0,-0.10727491830141254,-0.0,I+VI+VII,
3614.3,0.064045,0.0672274117647059,0.06211068863946022,0.16938560694087276,0.0051167231252456785,0.0,-0.10727491830141254,-0.0,I+VI+VII,
3615.2,0.065307,0.0660154705882353,0.06122358752512026,0.1684985058265328,0.004791883063115038,0.0,-0.10727491830141254,-0.0,I+VI+VII,
3616.1,0.063549,0.06617529411764707,0.06033648641077981,0.16761140471219235,0.005838807706867261,0.0,-0.10727491830141254,-0.0,I+VI+VII,
3617.0,0.065038,0.06597647058823529,0.05944938529643938,0.16672430359785192,0.006527085291795909,0.0,-0.10727491830141254,-0.0,I+VI+VII,
3617.9,0.060494,0.06558923529411764,0.05893100547223354,0.1658372024835115,0.006658229821884104,0.0,-0.10690619701127796,-0.0,I+VI+VII,
3618.8,0.063078,0.06565076470588235,0.05825504749100939,0.16495010136917107,0.007395717214872963,0.0,-0.10669505387816168,-0.0,I+VI+VII,
3619.7,0.066121,0.0651409411764706,0.05765936449087938,0.1640630002548311,0.0074815766855912125,0.0,-0.1064036357639517,-0.0,I+VI+VII,
3620.6,0.063317,0.06503558823529412,0.05706070968557987,0.16317589914049066,0.007974878549714251,0.0,-0.10611518945491079,-0.0,I+VI+VII,
3621.5,0.060383,0.06441000000000001,0.05639069531469397,0.16228879802615023,0.008019304685306039,0.0,-0.10589810271145626,-0.0,I+VI+VII,
3622.4,0.062237,0.0642074705882353,0.05586637188014988,0.1614016969118098,0.008341098708085415,0.0,-0.10553532503165992,-0.0,I+VI+VII,
3623.3,0.064162,0.064362,0.054979270765809454,0.16051459579746938,0.009382729234190548,0.0,-0.10553532503165992,-0.0,I+VI+VII,
3624.3,0.06839,0.06419405882352942,0.05460818666657985,0.15952892789264678,0.009585872156949574,0.0,-0.10492074122606693,-0.0,I+VI+VII,
3625.2,0.064949,0.06436188235294119,0.05426623059314864,0.1586418267783068,0.010095651759792545,0.0,-0.10437559618515815,-0.0,I+VI+VII,
3626.1,0.068961,0.06462817647058823,0.053503546639121796,0.15775472566396637,0.011124629831466434,0.0,-0.10425117902484457,-0.0,I+VI+VII,
3627.0,0.065417,0.06449223529411764,0.05295990647097809,0.15686762454962594,0.011532328823139551,0.0,-0.10390771807864785,-0.0,I+VI+VII,
3627.9,0.066504,0.0646890588235294,0.052647740932291215,0.1559805234352855,0.01204131789123819,0.0,-0.1033327825029943,-0.0,I+VI+VII,
3628.8,0.063018,0.0646794705882353,0.05244756171034455,0.15509342232094508,0.012231908877890746,0.0,-0.10264586061060053,-0.0,I+VI+VII,
3629.7,0.060602,0.06521158823529412,0.051908850389798686,0.15420632120660507,0.013302737845495433,0.0,-0.10229747081680639,-0.0,I+VI+VII,
3630.6,0.067934,0.06581394117647059,0.051467338843200275,0.15331922009226465,0.014346602333270314,0.0,-0.10185188124906437,-0.0,I+VI+VII,
3631.5,0.060694,0.06580982352941177,0.05126715962125332,0.15243211897792422,0.014542663908158449,0.0,-0.1011649593566709,-0.0,I+VI+VII,
3632.4,0.067891,0.06521823529411765,0.05085779430861863,0.1515450178635838,0.014360440985499018,0.0,-0.10068722355496516,-0.0,I+VI+VII,
3633.3,0.065021,0.06500994117647059,0.050314154140475104,0.15065791674924336,0.014695787035995486,0.0,-0.10034376260876826,-0.0,I+VI+VII,
3634.2,0.060767,0.064906,0.05066662195541306,0.14977081563490338,0.014239378044586942,0.0,-0.09910419367949032,-0.0,I+VI+VII,
3635.2,0.069467,0.06487858823529412,0.050326198187562954,0.14878514773008078,0.014552390047731165,0.0,-0.09845894954251783,-0.0,I+VI+VII,
3636.1,0.063154,0.06435411764705881,0.04978255801941946,0.14789804661574035,0.014571559627639355,0.0,-0.0981154885963209,-0.0,I+VI+VII,
3637.0,0.069429,0.06392288235294116,0.04946397773055004,0.14701094550139993,0.01445890462239112,0.0,-0.09754696777084988,-0.0,I+VI+VII,
3637.9,0.072477,0.06408729411764706,0.049820975736294446,0.1461238443870595,0.014266318381352616,0.0,-0.09630286865076505,-0.0,I+VI+VII,
3638.8,0.064092,0.06352176470588235,0.04931136636149022,0.14523674327271907,0.014210398344392125,0.0,-0.09592537691122885,-0.0,I+VI+VII,
3639.7,0.058333,0.0637435294117647,0.04905486780743526,0.1443496421583791,0.01468866160432944,0.0,-0.09529477435094383,-0.0,I+VI+VII,
3640.6,0.061408,0.06358835294117647,0.049243125266013765,0.14346254104403866,0.014345227675162706,0.0,-0.0942194157780249,-0.0,I+VI+VII,
3641.5,0.067194,0.06354576470588234,0.04904294604406696,0.14257543992969823,0.014502818661815381,0.0,-0.09353249388563127,-0.0,I+VI+VII,
3642.4,0.064951,0.06359570588235293,0.048842766822120146,0.14168833881535778,0.014752939060232784,0.0,-0.09284557199323763,-0.0,I+VI+VII,
3643.3,0.057588,0.06303688235294116,0.0486823807962191,0.14080123770101735,0.014354501556722063,0.0,-0.09211885690479825,-0.0,I+VI+VII,
3644.2,0.055687,0.06279241176470586,0.04894884746888366,0.1399141365866774,0.013843564295822203,0.0,-0.09096528911779374,-0.0,I+VI+VII,
3645.2,0.063397,0.06223394117647058,0.04834480283761289,0.13892846868185477,0.013889138338857694,0.0,-0.09058366584424188,-0.0,I+VI+VII,
3646.1,0.05832,0.061721705882352935,0.04845709805674517,0.13804136756751434,0.013264607825607767,0.0,-0.08958426951076917,-0.0,I+VI+VII,
3647.0,0.064464,0.061353705882352935,0.04894384072719135,0.1371542664531739,0.012409865155161584,0.0,-0.08821042572598256,-0.0,I+VI+VII,
3647.9,0.065253,0.06131870588235294,0.048779178201169365,0.13626716533883348,0.012539527681183577,0.0,-0.08748798713766412,-0.0,I+VI+VII,
3648.8,0.064297,0.061240588235294116,0.048578998979222354,0.13538006422449306,0.012661589256071762,0.0,-0.0868010652452707,-0.0,I+VI+VII,
3649.7,0.061616,0.060427352941176474,0.04866447546877928,0.13449296311015307,0.011762877472397196,0.0,-0.0858284876413738,-0.0,I+VI+VII,
3650.6,0.059967,0.060098823529411774,0.04875850495857997,0.13360586199581265,0.0113403185708318,0.0,-0.08484735703723267,-0.0,I+VI+VII,
3651.5,0.058998,0.0603344705882353,0.04855832573663302,0.13271876088147222,0.011776144851602284,0.0,-0.0841604351448392,-0.0,I+VI+VII,
3652.4,0.059935,0.060365,0.04838511021036683,0.1318316597671318,0.011979889789633172,0.0,-0.08344654955676496,-0.0,I+VI+VII,
3653.3,0.063769,0.06031905882352941,0.048871852880814345,0.13094455865279137,0.011447205942715068,0.0,-0.08207270577197702,-0.0,I+VI+VII,
3654.2,0.057836,0.060167000000000005,0.04911751691729464,0.13005745753845138,0.011049483082705362,0.0,-0.08093994062115674,-0.0,I+VI+VII,
3655.2,0.057738,0.05945652941176471,0.04889509555957601,0.12907178963362878,0.010561433852188697,0.0,-0.08017669407405277,-0.0,I+VI+VII,
3656.1,0.06008,0.05868994117647059,0.04869491633762922,0.12818468851928835,0.00999502483884137,0.0,-0.07948977218165913,-0.0,I+VI+VII,
3657.0,0.053369,0.05769782352941177,0.04907460153893328,0.12729758740494793,0.008623221990478484,0.0,-0.07822298586601464,-0.0,I+VI+VII,
3657.9,0.059366,0.057196941176470596,0.048874422316986466,0.12641048629060747,0.00832251885948413,0.0,-0.077536063973621,-0.0,I+VI+VII,
3658.8,0.061594,0.056564352941176475,0.048947069306179494,0.12552338517626704,0.007617283634996981,0.0,-0.07657631587008755,-0.0,I+VI+VII,
3659.7,0.056206,0.05595700000000001,0.049433811976626024,0.12463628406192707,0.0065231880233739825,0.0,-0.07520247208530105,-0.0,I+VI+VII,
3660.6,0.062616,0.055324000000000005,0.04943361349764794,0.12374918294758663,0.005890386502352067,0.0,-0.0743155694499387,-0.0,I+VI+VII,
3661.5,0.055735,0.05451564705882353,0.04923343427570116,0.1228620818332462,0.005282212783122367,0.0,-0.07362864755754504,-0.0,I+VI+VII,
3662.4,0.052386,0.05388158823529412,0.049154446718214354,0.12197498071890579,0.004727141517079765,0.0,-0.07282053400069144,-0.0,I+VI+VII,
3663.3,0.052221,0.05359623529411765,0.04941294025505878,0.12108787960456535,0.004183295039058871,0.0,-0.07167493934950657,-0.0,I+VI+VII,
3664.3,0.047431,0.05282629411764707,0.049190518897340135,0.12010221169974275,0.0036357752203069332,0.0,-0.07091169280240261,-0.0,I+VI+VII,
3665.2,0.053101,0.0523614705882353,0.049509028401991326,0.11921511058540278,0.0028524421862439753,0.0,-0.06970608218341146,-0.0,I+VI+VII,
3666.1,0.049213,0.05144500000000001,0.049995771072438105,0.11832800947106234,0.001449228927561906,0.0,-0.06833223839862423,-0.0,I+VI+VII,
3667.0,0.048673,0.05035188235294119,0.05025310488043609,0.11744090835672191,9.877747250509883e-05,0.0,-0.06718780347628582,-0.0,I+VI+VII,
3667.9,0.049174,0.04930241176470589,0.049709464712292595,0.11655380724238149,-0.0004070529475867016,0.0,-0.06684434253008889,-0.0,I+VI+VII,
3668.8,0.050027,0.04771082352941177,0.04971640581402559,0.11566670612804104,-0.0020055822846138174,0.0,-0.06595030031401546,-0.0,I+VI+VII,
3669.7,0.047057,0.04696311764705883,0.05020314848447251,0.11477960501370107,-0.003240030837413678,0.0,-0.06457645652922857,-0.0,I+VI+VII,
3670.7,0.052887,0.046396117647058824,0.05008647990094445,0.11379393710887846,-0.0036903622538856234,0.0,-0.06370745720793401,-0.0,I+VI+VII,
3671.6,0.046991,0.046067235294117645,0.049886300678997644,0.11290683599453803,-0.0038190653848799994,0.0,-0.06302053531554039,-0.0,I+VI+VII,
3672.5,0.045467,0.045683352941176474,0.04997786574499897,0.1120197348801976,-0.004294512803822495,0.0,-0.062041869135198636,-0.0,I+VI+VII,
3673.4,0.043786,0.044935352941176475,0.05006580665835481,0.11113263376585718,-0.005130453717178338,0.0,-0.061066827107502365,-0.0,I+VI+VII,
3674.3,0.043011,0.044709058823529414,0.04986562743640782,0.11024553265151676,-0.005156568612878408,0.0,-0.06037990521510894,-0.0,I+VI+VII,
3675.2,0.038365,0.04376570588235294,0.0502453126377123,0.10935843153717675,-0.006479606755359357,0.0,-0.059113118899464454,-0.0,I+VI+VII,
3676.1,0.035559,0.04334105882352941,0.05004513341576552,0.10847133042283634,-0.006704074592236105,0.0,-0.05842619700707082,-0.0,I+VI+VII,
3677.0,0.043024,0.042773117647058816,0.04984495419381871,0.1075842293084959,-0.007071836546759892,0.0,-0.05773927511467719,-0.0,I+VI+VII,
3677.9,0.042747,0.04211817647058823,0.04964477497187191,0.10669712819415547,-0.007526598501283684,0.0,-0.05705235322228356,-0.0,I+VI+VII,
3678.9,0.04663,0.040601941176470584,0.049959960417560435,0.10571146028933288,-0.009358019241089852,0.0,-0.05575149987177245,-0.0,I+VI+VII,
3679.8,0.040905,0.03996358823529411,0.0498020388154575,0.10482435917499244,-0.009838450580163388,0.0,-0.05502232035953494,-0.0,I+VI+VII,
3680.7,0.040385,0.039231058823529404,0.049601859593510766,0.10393725806065247,-0.010370800769981363,0.0,-0.05433539846714171,-0.0,I+VI+VII,
3681.6,0.045366,0.038517764705882356,0.04968059515914776,0.10305015694631203,-0.011162830453265403,0.0,-0.053369561787164274,-0.0,I+VI+VII,
3682.5,0.032636,0.03790747058823529,0.04958837944450479,0.10216305583197159,-0.011680908856269497,0.0,-0.0525746763874668,-0.0,I+VI+VII,
3683.4,0.041955,0.03767623529411764,0.04904473927636119,0.10127595471763118,-0.011368503982243545,0.0,-0.05223121544126999,-0.0,I+VI+VII,
3684.3,0.040372,0.03741147058823529,0.04938100712897469,0.10038885360329074,-0.0119695365407394,0.0,-0.05100784647431605,-0.0,I+VI+VII,
3685.3,0.035923,0.036695058823529414,0.049158585771255765,0.09940318569846814,-0.012463526947726351,0.0,-0.05024459992721237,-0.0,I+VI+VII,
3686.2,0.027111,0.036192588235294115,0.04895840654930927,0.09851608458412815,-0.012765818314015152,0.0,-0.049557678034818885,-0.0,I+VI+VII,
3687.1,0.036139,0.03498158823529411,0.04875822732736231,0.09762898346978774,-0.0137766390920682,0.0,-0.04887075614242543,-0.0,I+VI+VII,
3688.0,0.033014,0.03450270588235294,0.048558048105415405,0.0967418823554473,-0.014055342223062463,0.0,-0.04818383425003189,-0.0,I+VI+VII,
3688.9,0.03166,0.03404741176470589,0.04891174813225261,0.09585478124110687,-0.014864336367546721,0.0,-0.04694303310885426,-0.0,I+VI+VII,
3689.8,0.032636,0.03322617647058824,0.04836810796410911,0.09496768012676646,-0.015141931493520874,0.0,-0.046599572162657345,-0.0,I+VI+VII,
3690.7,0.034434,0.03301035294117647,0.0479575104395753,0.09408057901242645,-0.014947157498398832,0.0,-0.046123068572851145,-0.0,I+VI+VII,
3691.7,0.031058,0.032136,0.04818455649292907,0.09309491110760387,-0.01604855649292907,0.0,-0.044910354614674804,-0.0,I+VI+VII,
3692.6,0.030845,0.03146558823529411,0.04783651184305335,0.09220780999326343,-0.016370923607759234,0.0,-0.044371298150210084,-0.0,I+VI+VII,
3693.5,0.034205,0.030920117647058817,0.047334730637963174,0.09132070887892299,-0.016414612990904357,0.0,-0.04398597824095982,-0.0,I+VI+VII,
3694.4,0.026043,0.03066188235294117,0.04713455141601622,0.09043360776458258,-0.016472669063075047,0.0,-0.04329905634856636,-0.0,I+VI+VII,
3695.3,0.032764,0.03029282352941176,0.04693437219406964,0.08954650665024214,-0.016641548664657876,0.0,-0.0426121344561725,-0.0,I+VI+VII,
3696.2,0.032645,0.029813588235294116,0.04673419297212296,0.08865940553590217,-0.016920604736828843,0.0,-0.04192521256377921,-0.0,I+VI+VII,
3697.2,0.031405,0.02976170588235294,0.04651177161440396,0.08767373763107955,-0.01675006573205102,0.0,-0.04116196601667559,-0.0,I+VI+VII,
3698.1,0.028967,0.029023764705882353,0.046253859640817546,0.08678663651673911,-0.017230094934935193,0.0,-0.040532776875921564,-0.0,I+VI+VII,
3699.0,0.027091,0.028309058823529413,0.045710219472673945,0.0858995354023987,-0.017401160649144532,0.0,-0.04018931592972475,-0.0,I+VI+VII,
3699.9,0.028975,0.02808917647058824,0.04533136952531303,0.08501243428805827,-0.017242193054724794,0.0,-0.03968106476274524,-0.0,I+VI+VII,
3700.8,0.02665,0.027766411764705887,0.045131190303366486,0.08412533317371783,-0.0173647785386606,0.0,-0.03899414287035134,-0.0,I+VI+VII,
3701.7,0.022721,0.027229705882352944,0.044659163391494346,0.08323823205937785,-0.0174294575091414,0.0,-0.0385790686678835,-0.0,I+VI+VII,
3702.7,0.029865,0.027182470588235294,0.044128725300450006,0.08225256415455524,-0.01694625471221471,0.0,-0.03812383885410524,-0.0,I+VI+VII,
3703.6,0.024867,0.02673270588235294,0.04392854607850308,0.08136546304021483,-0.017195840196150138,0.0,-0.03743691696171175,-0.0,I+VI+VII,
3704.5,0.030778,0.026162411764705882,0.043547702847187175,0.08047836192587439,-0.017385291082481293,0.0,-0.036930659078687214,-0.0,I+VI+VII,
3705.4,0.020091,0.025671764705882352,0.04300406267904366,0.07959126081153395,-0.017332297973161305,0.0,-0.03658719813249029,-0.0,I+VI+VII,
3706.3,0.022284,0.02542241176470588,0.04274814398941229,0.07870415969719353,-0.01732573222470641,0.0,-0.035956015707781244,-0.0,I+VI+VII,
3707.2,0.02732,0.02519764705882353,0.042547964767465266,0.07781705858285357,-0.017350317708641736,0.0,-0.0352690938153883,-0.0,I+VI+VII,
3708.2,0.025358,0.02513494117647059,0.04218253434636238,0.07683139067803095,-0.017047593169891788,0.0,-0.03464885633166857,-0.0,I+VI+VII,
3709.1,0.025081,0.02499088235294118,0.041638894178218644,0.07594428956369051,-0.016648011825277465,0.0,-0.034305395385471865,-0.0,I+VI+VII,
3710.0,0.02524,0.024907,0.04134532054260211,0.07505718844935011,-0.01643832054260211,0.0,-0.033711867906748,-0.0,I+VI+VII,
3710.9,0.025118,0.024205352941176473,0.04113147826518248,0.07417008733500967,-0.016926125324006006,0.0,-0.03303860906982719,-0.0,I+VI+VII,
3711.8,0.02295,0.023717000000000002,0.04058783809703885,0.07328298622066923,-0.01687083809703885,0.0,-0.03269514812363038,-0.0,I+VI+VII,
3712.7,0.023064,0.023109117647058825,0.03992347740428005,0.07239588510632924,-0.016814359757221228,0.0,-0.03247240770204919,-0.0,I+VI+VII,
3713.7,0.024728,0.02333041176470588,0.03936263267254145,0.07141021720150664,-0.016032220907835567,0.0,-0.032047584528965195,-0.0,I+VI+VII,
3714.6,0.02327,0.023158294117647058,0.038896513129481294,0.07052311608716623,-0.015738219011834236,0.0,-0.031626602957684935,-0.0,I+VI+VII,
3715.5,0.027909,0.022883705882352938,0.03838240980539702,0.06963601497282579,-0.015498703923044081,0.0,-0.03125360516742877,-0.0,I+VI+VII,
3716.4,0.024201,0.022691588235294116,0.03801609942618879,0.06874891385848535,-0.015324511190894674,0.0,-0.03073281443229656,-0.0,I+VI+VII,
3717.3,0.021295,0.022450647058823527,0.03726559262505032,0.06786181274414493,-0.01481494556622679,0.0,-0.03059622011909462,-0.0,I+VI+VII,
3718.2,0.017937,0.022096470588235297,0.036721952456907056,0.06697471162980494,-0.014625481868671759,0.0,-0.030252759172897877,-0.0,I+VI+VII,
3719.2,0.016565,0.021762000000000004,0.03639972193533629,0.06598904372498235,-0.014637721935336287,0.0,-0.029589321789646055,-0.0,I+VI+VII,
3720.1,0.020444,0.021312352941176473,0.036108721448097986,0.06510194261064191,-0.014796368506921512,0.0,-0.028993221162543926,-0.0,I+VI+VII,
3721.0,0.023853,0.02086729411764706,0.03522162033375756,0.06421484149630148,-0.014354326216110498,0.0,-0.028993221162543926,-0.0,I+VI+VII,
3721.9,0.019358,0.020621411764705885,0.03463945542299413,0.06332774038196107,-0.014018043658288248,0.0,-0.028688284958966935,-0.0,I+VI+VII,
3722.8,0.022652,0.020582647058823532,0.03443927620104724,0.062440639267620626,-0.013856629142223707,0.0,-0.028001363066573387,-0.0,I+VI+VII,
3723.8,0.022092,0.019844764705882357,0.033621479046755845,0.06145497136279802,-0.013776714340873488,0.0,-0.02783349231604217,-0.0,I+VI+VII,
3724.7,0.020985,0.019219411764705888,0.03285694677488052,0.06056787024845804,-0.013637535010174631,0.0,-0.02771092347357752,-0.0,I+VI+VII,
3725.6,0.019219,0.019379000000000004,0.03265676755293344,0.0596807691341176,-0.013277767552933434,0.0,-0.027024001581184162,-0.0,I+VI+VII,
3726.5,0.019432,0.019546470588235297,0.03211990455023678,0.05879366801977719,-0.01257343396200148,0.0,-0.026673763469540413,-0.0,I+VI+VII,
3727.4,0.015306,0.019855882352941178,0.03145467406084276,0.057906566905436746,-0.011598791707901585,0.0,-0.026451892844593986,-0.0,I+VI+VII,
3728.3,0.015498,0.019737176470588234,0.030911033892699065,0.05701946579109634,-0.011173857422110831,0.0,-0.026108431898397275,-0.0,I+VI+VII,
3729.3,0.020548,0.019407529411764705,0.03009421525962204,0.05603379788627373,-0.010686685847857334,0.0,-0.02593958262665169,-0.0,I+VI+VII,
3730.2,0.022611,0.01925470588235294,0.029763349093285096,0.055146696771933755,-0.010508643210932155,0.0,-0.02538334767864866,-0.0,I+VI+VII,
3731.1,0.015365,0.018687882352941176,0.02921970892514147,0.054259595657593314,-0.010531826572200295,0.0,-0.025039886732451843,-0.0,I+VI+VII,
3732.0,0.01357,0.018307470588235293,0.028438324343465094,0.05337249454325287,-0.010130853755229801,0.0,-0.02493417019978778,-0.0,I+VI+VII,
3732.9,0.024008,0.017904294117647056,0.02813108765237556,0.05248539342891246,-0.010226793534728502,0.0,-0.0243543057765369,-0.0,I+VI+VII,
3733.9,0.020784,0.018125294117647055,0.02714541974755295,0.05149972552408985,-0.009020125629905895,0.0,-0.0243543057765369,-0.0,I+VI+VII,
3734.8,0.021825,0.01781223529411765,0.026551440099166077,0.05061262440974942,-0.008739204805048428,0.0,-0.02406118431058334,-0.0,I+VI+VII,
3735.7,0.018426,0.017991,0.02595108194212342,0.04972552329540944,-0.007960081942123418,0.0,-0.023774441353286022,-0.0,I+VI+VII,
3736.6,0.018249,0.017900294117647056,0.025317599029902337,0.048838422181069,-0.007417304912255281,0.0,-0.023520823151166662,-0.0,I+VI+VII,
3737.5,0.01676,0.017686352941176466,0.024756744136693442,0.047951321066728586,-0.007070391195516976,0.0,-0.023194576930035144,-0.0,I+VI+VII,
3738.5,0.013016,0.01706511764705882,0.02398888780585473,0.04696565316190598,-0.00692377015879591,0.0,-0.022976765356051247,-0.0,I+VI+VII,
3739.4,0.015625,0.016937058823529413,0.02346383954078128,0.046078552047565544,-0.006526780717251868,0.0,-0.022614712506784262,-0.0,I+VI+VII,
3740.3,0.014131,0.01692570588235294,0.022576738426440868,0.04519145093322513,-0.005651032544087928,0.0,-0.022614712506784262,-0.0,I+VI+VII,
3741.2,0.022976,0.01656388235294118,0.022228621293512454,0.044304349818885126,-0.005664738940571276,0.0,-0.022075728525372672,-0.0,I+VI+VII,
3742.1,0.01411,0.016412705882352944,0.021415489134663068,0.04341724870454471,-0.005002783252310124,0.0,-0.022001759569881645,-0.0,I+VI+VII,
3743.1,0.018345,0.01633758823529412,0.020811444503392555,0.042431580799722105,-0.004473856268098434,0.0,-0.02162013629632955,-0.0,I+VI+VII,
3744.0,0.013956,0.01620794117647059,0.020089496025099154,0.04154447968538166,-0.003881554848628562,0.0,-0.02145498366028251,-0.0,I+VI+VII,
3744.9,0.016911,0.016040529411764707,0.0196660690002008,0.04065737857104125,-0.003625539588436092,0.0,-0.02099130957084045,-0.0,I+VI+VII,
3745.8,0.01205,0.015925823529411767,0.018895158219669184,0.039770277456700816,-0.0029693346902574178,0.0,-0.02087511923703163,-0.0,I+VI+VII,
3746.8,0.013188,0.016243058823529413,0.018083739574033343,0.03878460955187821,-0.0018406807505039306,0.0,-0.020700869977844864,-0.0,I+VI+VII,
3747.7,0.013377,0.016480470588235294,0.017602253623757478,0.03789750843753823,-0.0011217830355221836,0.0,-0.020295254813780753,-0.0,I+VI+VII,
3748.6,0.017857,0.016476117647058825,0.017103516706889442,0.03701040732319779,-0.0006273990598306169,0.0,-0.019906890616308348,-0.0,I+VI+VII,
3749.5,0.018214,0.016021764705882353,0.0164079158183275,0.03612330620885738,-0.0003861511124451482,0.0,-0.019715390390529875,-0.0,I+VI+VII,
3750.4,0.020548,0.016000588235294117,0.015520814703987067,0.03523620509451694,0.00047977353130704975,0.0,-0.019715390390529875,-0.0,I+VI+VII,
3751.4,0.016222,0.015615705882352941,0.014741143635524218,0.034250537189694334,0.000874562246828723,0.0,-0.019509393554170116,-0.0,I+VI+VII,
3752.3,0.015403,0.015688529411764705,0.014227910108074924,0.03336343607535392,0.0014606193036897815,0.0,-0.019135525967278997,-0.0,I+VI+VII,
3753.2,0.01481,0.015281541176470587,0.01334080899373492,0.03247633496101392,0.0019407321827356674,0.0,-0.019135525967278997,-0.0,I+VI+VII,
3754.1,0.018409,0.015518835294117645,0.012980877123182619,0.0315892338466735,0.0025379581709350264,0.0,-0.018608356723490885,-0.0,I+VI+VII,
3755.1,0.019661,0.01579430588235294,0.01211324787001778,0.0306035659418509,0.003681058012335158,0.0,-0.018490318071833118,-0.0,I+VI+VII,
3756.0,0.014057,0.01563495294117647,0.011569607701874155,0.029716464827510457,0.0040653452393023155,0.0,-0.018146857125636302,-0.0,I+VI+VII,
3756.9,0.015252,0.015286482352941175,0.010853566592392803,0.028829363713170044,0.004432915760548372,0.0,-0.01797579712077724,-0.0,I+VI+VII,
3757.8,0.01375,0.015278599999999998,0.009966465478052366,0.027942262598829606,0.005312134521947632,0.0,-0.01797579712077724,-0.0,I+VI+VII,
3758.7,0.011802,0.014982541176470587,0.00935882277419264,0.02705516148448963,0.005623718402277947,0.0,-0.01769633871029699,-0.0,I+VI+VII,
3759.7,0.015194,0.014660541176470589,0.00867356088214066,0.026069493579667022,0.00598698029432993,0.0,-0.017395932697526362,-0.0,I+VI+VII,
3760.6,0.0099922,0.014466070588235295,0.0077864597678002495,0.025182392465326612,0.006679610820435045,0.0,-0.017395932697526362,-0.0,I+VI+VII,
3761.5,0.016084,0.014391129411764706,0.007087633383384001,0.02429529135098617,0.007303496028380705,0.0,-0.01720765796760217,-0.0,I+VI+VII,
3762.4,0.017871,0.01379,0.0065439932152403756,0.02340819023664573,0.007246006784759625,0.0,-0.016864197021405354,-0.0,I+VI+VII,
3763.3,0.010668,0.013360294117647059,0.005705020848029839,0.02252108912230532,0.00765527326961722,0.0,-0.01681606827427548,-0.0,I+VI+VII,
3764.3,0.011933,0.01346941176470588,0.004816443992575421,0.02153542121748271,0.00865296777213046,0.0,-0.01671897722490729,-0.0,I+VI+VII,
3765.2,0.01808,0.013487941176470588,0.00427280382443199,0.020648320103142735,0.009215137352038598,0.0,-0.016375516278710745,-0.0,I+VI+VII,
3766.1,0.015515,0.013653470588235295,0.0035250151377777053,0.019761218988802298,0.01012845545045759,0.0,-0.016236203851024592,-0.0,I+VI+VII,
3767.1,0.010748,0.01355164705882353,0.0025511619705788947,0.01877555108397969,0.011000485088244635,0.0,-0.016224389113400794,-0.0,I+VI+VII,
3768.0,0.012097,0.013480764705882354,0.0022321105418655653,0.017888449969639276,0.011248654164016788,0.0,-0.01565633942777371,-0.0,I+VI+VII,
3768.9,0.013536,0.013415311764705883,0.0013450094275251276,0.017001348855298838,0.012070302337180755,0.0,-0.01565633942777371,-0.0,I+VI+VII,
3769.8,0.0081898,0.013382782352941177,0.00045790831318468644,0.016114247740958397,0.012924874039756491,0.0,-0.01565633942777371,-0.0,I+VI+VII,
3770.7,0.012356,0.012816558823529414,1.0851813039438815e-05,0.015227146626618423,0.012805707010489975,0.0,-0.015216294813578984,-0.0,I+VI+VII,
3771.7,0.015912,0.01287008823529412,-0.0008349962827270199,0.014241478721795814,0.01370508451802114,0.0,-0.015076475004522834,-0.0,I+VI+VII,
3772.6,0.015567,0.012818088235294116,-0.0017220973970674316,0.013354377607455403,0.014540185632361547,0.0,-0.015076475004522834,-0.0,I+VI+VII,
3773.5,0.016564,0.012537147058823528,-0.002609198511407871,0.012467276493114963,0.015146345570231399,0.0,-0.015076475004522834,-0.0,I+VI+VII,
3774.4,0.010071,0.012472558823529411,-0.003313932264635968,0.011580175378774522,0.015786491088165377,0.0,-0.01489410764341049,-0.0,I+VI+VII,
3775.4,0.013989,0.012582794117647058,-0.003917976895906455,0.010594507473951943,0.016500771013553513,0.0,-0.014512484369858398,-0.0,I+VI+VII,
3776.3,0.0088795,0.01271120588235294,-0.004789204221660454,0.009707406359611504,0.017500410104013396,0.0,-0.014496610581271958,-0.0,I+VI+VII,
3777.2,0.015531,0.012226482352941177,-0.005585121655444284,0.008820305245271528,0.01781160400838546,0.0,-0.014405426900715812,-0.0,I+VI+VII,
3778.1,0.0082452,0.012148182352941177,-0.006128761823587906,0.007933204130931088,0.018276944176529083,0.0,-0.014061965954518994,-0.0,I+VI+VII,
3779.1,0.011578,0.011981835294117647,-0.006969209931912597,0.006947536226108481,0.018951045226030243,0.0,-0.013916746158021078,-0.0,I+VI+VII,
3780.0,0.011049,0.012193305882352942,-0.00785631104625301,0.006060435111768068,0.020049616928605952,0.0,-0.013916746158021078,-0.0,I+VI+VII,
3780.9,0.013304,0.012220188235294117,-0.008743412160593449,0.005173333997427629,0.020963600395887565,0.0,-0.013916746158021078,-0.0,I+VI+VII,
3781.8,0.014417,0.011987305882352943,-0.00941639833664838,0.004286232883087189,0.021403704219001323,0.0,-0.01370263121973557,-0.0,I+VI+VII,
3782.8,0.012622,0.011852070588235295,-0.010036316756505593,0.003300564978264609,0.021888387344740887,0.0,-0.013336881734770201,-0.0,I+VI+VII,
3783.7,0.01428,0.011976599999999999,-0.010923417870845595,0.002413463863924606,0.022900017870845592,0.0,-0.013336881734770201,-0.0,I+VI+VII,
3784.6,0.0052957,0.012163511764705882,-0.011810518985186008,0.0015263627495841936,0.023974030749891892,0.0,-0.013336881734770201,-0.0,I+VI+VII,
3785.6,0.0068587,0.011626641176470588,-0.012796186890008615,0.0005406948447615862,0.024422828066479205,0.0,-0.013336881734770201,-0.0,I+VI+VII,
3786.5,0.0095281,0.01184539411764706,-0.013522194419264576,-0.0003464062695788534,0.025367588536911637,0.0,-0.013175788149685723,-0.0,I+VI+VII,
3787.4,0.019507,0.011816629411764706,-0.014065834587408276,-0.0012335073839192657,0.025882463999172982,0.0,-0.01283232720348901,-0.0,I+VI+VII,
3788.3,0.016024,0.011758276470588235,-0.014877625809779027,-0.002120608498259705,0.02663590228036726,0.0,-0.012757017311519321,-0.0,I+VI+VII,
3789.2,0.012605,0.012206041176470589,-0.015764726924119003,-0.003007709612599681,0.027970768100589592,0.0,-0.012757017311519321,-0.0,I+VI+VII,
3790.2,0.007772,0.01194680588235294,-0.01662695618984216,-0.003993377517422288,0.0285737620721951,0.0,-0.012633578672419874,-0.0,I+VI+VII,
3791.1,0.016106,0.011691576470588234,-0.017170596357985683,-0.004880478631762728,0.028862172828573916,0.0,-0.012290117726222955,-0.0,I+VI+VII,
3792.0,0.012057,0.01176545882352941,-0.017944732634371584,-0.00576757974610314,0.029710191457900995,0.0,-0.012177152888268443,-0.0,I+VI+VII,
3793.0,0.0064042,0.012214594117647058,-0.01893040053919419,-0.006753247650925748,0.031144994656841247,0.0,-0.012177152888268443,-0.0,I+VI+VII,
3793.9,0.011964,0.012536788235294116,-0.01981750165353463,-0.007640348765266187,0.03235428988882875,0.0,-0.012177152888268443,-0.0,I+VI+VII,
3794.8,0.011089,0.012548647058823527,-0.020704602767875044,-0.008527449879606599,0.03325324982669857,0.0,-0.012177152888268443,-0.0,I+VI+VII,
3795.7,0.010057,0.012371823529411763,-0.021591703882215048,-0.009414550993946603,0.03396352741162681,0.0,-0.012177152888268443,-0.0,I+VI+VII,
3796.7,0.020916,0.01200625294117647,-0.02229283956285378,-0.010400218898769183,0.03429909250403025,0.0,-0.011892620664084596,-0.0,I+VI+VII,
3797.6,0.01001,0.011736123529411766,-0.02288460847812716,-0.011287320013109595,0.03462073200753893,0.0,-0.011597288465017565,-0.0,I+VI+VII,
3798.5,0.0082831,0.012079829411764708,-0.023771709592467626,-0.012174421127450062,0.03585153900423233,0.0,-0.011597288465017565,-0.0,I+VI+VII,
3799.4,0.015536,0.011476511764705884,-0.02465881070680804,-0.013061522241790474,0.03613532247151392,0.0,-0.011597288465017565,-0.0,I+VI+VII,
3300.5,0.16629,0.22693000000000002,0.20138221047316496,0.08515908074544165,0.025547789526835063,-0.0003152844051776839,-0.0,,I+VI+VIII,0.11653841413290097
3301.3,0.22759,0.22563,0.20123867998619097,0.08501707237033514,0.02439132001380903,-0.0003168065170451487,-0.0,,I+VI+VIII,0.11653841413290097
3302.2,0.22887,0.22751470588235295,0.20118659891307802,0.0848573129483404,0.026328106969274928,-0.00031851889289604557,-0.0,,I+VI+VIII,0.11664780485763368
3303.1,0.27494,0.22780882352941179,0.201226505494854,0.08469755352634559,0.026582318034557795,-0.00032023126874694324,-0.0,,I+VI+VIII,0.11684918323725535
3303.9,0.23385,0.22780529411764708,0.20108297500788,0.08455554515123906,0.02672231910976708,-0.0003217533806144081,-0.0,,I+VI+VIII,0.11684918323725535
3304.8,0.22333,0.2276335294117647,0.20092150321003427,0.08439578572924425,0.026712026201730438,-0.0003234657564653058,-0.0,,I+VI+VIII,0.11684918323725535
3305.7,0.18881,0.2224558823529412,0.20105802013712626,0.08423602630724951,0.02139786221581494,-0.00032517813231620186,-0.0,,I+VI+VIII,0.11714717196219296
3306.5,0.20236,0.22177529411764707,0.2009272700295691,0.08409401793214298,0.020848024088077982,-0.0003267002441836675,-0.0,,I+VI+VIII,0.11715995234160978
3307.4,0.20915,0.21870000000000003,0.20082686436072922,0.08393425851014817,0.017873135639270815,-0.0003284126200345659,-0.0,,I+VI+VIII,0.1172210184706156
3308.3,0.22483,0.2214970588235294,0.20091509553823206,0.08377449908815336,0.02058196328529735,-0.00033012499588546285,-0.0,,I+VI+VIII,0.11747072144596417
3309.2,0.25781,0.22061235294117645,0.20084194144669187,0.08361473966615862,0.01977041149448458,-0.0003314284758251453,-0.0,,I+VI+VIII,0.11755863025635838
3310.0,0.22088,0.22016176470588233,0.20086279194909423,0.0834727312910521,0.019298972756788102,-0.00033218953175887764,-0.0,,I+VI+VIII,0.11772225018980102
3310.9,0.23753,0.2149341176470588,0.20076083606027012,0.08331297186905728,0.014173281586788683,-0.00033362635910575306,-0.0,,I+VI+VIII,0.11778149055031858
3311.8,0.22813,0.21488470588235292,0.20059793610807963,0.08315321244706246,0.014286769774273289,-0.0003367668893014326,-0.0,,I+VI+VIII,0.11778149055031858
3312.6,0.20975,0.21589882352941173,0.20061689597684962,0.08301120407195603,0.015281927552562108,-0.00033755396424144557,-0.0,,I+VI+VIII,0.11794324586913502
3313.5,0.20168,0.21551411764705877,0.20060513108195915,0.0828514446499612,0.014908986565099619,-0.00033857322267501243,-0.0,,I+VI+VIII,0.11809225965467297
3314.4,0.1821,0.216795294117647,0.20057115230917485,0.0826916852279664,0.016224141808472148,-0.0003402855985259102,-0.0,,I+VI+VIII,0.11821975267973436
3315.2,0.21384,0.21535235294117644,0.20075486168908602,0.08254967685285995,0.014597491252090422,-0.00034180771039337413,-0.0,,I+VI+VIII,0.11854699254661945
3316.1,0.21255,0.21624470588235292,0.20076066345977195,0.08238991743086514,0.015484042422580974,-0.0003430518344749778,-0.0,,I+VI+VIII,0.11871379786338178
3317.0,0.22121,0.21261000000000002,0.20060004784985166,0.08223015800887032,0.012009952150148356,-0.00034390802240042676,-0.0,,I+VI+VIII,0.11871379786338178
3317.8,0.18607,0.21168764705882354,0.20073182446543775,0.08208814963376379,0.010955822593385789,-0.00034530907361366526,-0.0,,I+VI+VIII,0.11898898390528763
3318.7,0.23301,0.20701176470588234,0.20061688275461803,0.08192839021176906,0.0063948819512643085,-0.0003469707666085767,-0.0,,I+VI+VIII,0.11903546330945754
3319.6,0.24057,0.20402882352941176,0.2006403395698207,0.08176863078977425,0.003388483959591071,-0.00034782695453402547,-0.0,,I+VI+VIII,0.11921953573458047
3320.4,0.18227,0.20532529411764705,0.2007092320945218,0.08162662241466773,0.004616062023125256,-0.00034836558410156036,-0.0,,I+VI+VIII,0.11943097526395562
3321.3,0.22414,0.20564352941176473,0.200763890856782,0.0814668629926729,0.004879638554982718,-0.00034907731233588404,-0.0,,I+VI+VIII,0.11964610517644499
3322.2,0.18462,0.2072135294117647,0.2007081037026284,0.08130710357067818,0.006505425709136314,-0.0003503003863186552,-0.0,,I+VI+VIII,0.11975130051826888
3323.1,0.24,0.20685411764705883,0.20073156051783103,0.08114734414868335,0.006122557129227796,-0.000351156574244104,-0.0,,I+VI+VIII,0.11993537294339177
3323.9,0.19602,0.20628823529411763,0.20089386857089014,0.08100533577357684,0.0053943667232274894,-0.0003525786755561743,-0.0,,I+VI+VIII,0.12024111147286948
3324.8,0.2052,0.20415235294117648,0.20106984125559277,0.08084557635158202,0.003082511685583711,-0.0003541475854974369,-0.0,,I+VI+VIII,0.12057841248950818
3325.7,0.15804,0.2039123529411765,0.20091008183359804,0.08068581692958729,0.003002271107578447,-0.0003541475854974369,-0.0,,I+VI+VIII,0.12057841248950818
3326.6,0.17742,0.1997288235294118,0.20089524052007973,0.08052605750759247,-0.00116641699066794,-0.0003548248024109287,-0.0,,I+VI+VIII,0.12072400781489818
3327.4,0.23179,0.19662588235294118,0.20107894989999092,0.08038404913248595,-0.004453067547049744,-0.0003563469142783931,-0.0,,I+VI+VIII,0.12105124768178335
3328.3,0.20709,0.19837882352941177,0.20117692273941892,0.08022428971049113,-0.002798099210007149,-0.0003570385861953752,-0.0,,I+VI+VIII,0.12130967161512317
3329.2,0.20879,0.19716588235294116,0.20120123574254717,0.0800645302884964,-0.004035353389606006,-0.0003570385861953752,-0.0,,I+VI+VIII,0.12149374404024613
3330.0,0.20773,0.19891117647058823,0.20136812728104608,0.07992252191338987,-0.002456950810457853,-0.0003584027771497151,-0.0,,I+VI+VIII,0.12180400814480594
3330.9,0.20293,0.19426764705882352,0.2015563911249631,0.07976276249139506,-0.00728874406613958,-0.0003585768695979939,-0.0,,I+VI+VIII,0.12215220550316601
3331.8,0.1849,0.19316235294117645,0.20157984794016576,0.07960300306940024,-0.008417494998989306,-0.0003594330575234428,-0.0,,I+VI+VIII,0.12233627792828895
3332.7,0.18199,0.19166882352941175,0.20168098765170112,0.0794432436474055,-0.010012164122289363,-0.00035992958689331345,-0.0,,I+VI+VIII,0.12259767359118895
3333.5,0.16189,0.19410823529411764,0.20186542321485024,0.07930123527229899,-0.0077571879207326,-0.00036072551552296476,-0.0,,I+VI+VIII,0.12292491345807421
3334.4,0.18782,0.1977229411764706,0.20207315907138196,0.07914147585030418,-0.004350217894911357,-0.0003613750872422825,-0.0,,I+VI+VIII,0.12329305830832007
3335.3,0.21207,0.19474000000000002,0.20213794529488222,0.07898171642830935,-0.007397945294882191,-0.0003620399270590368,-0.0,,I+VI+VIII,0.12351826879363188
3336.1,0.20352,0.19336235294117649,0.20215879579728455,0.07883970805320291,-0.008796442856108061,-0.00036280098299276876,-0.0,,I+VI+VIII,0.1236818887270744
3337.0,0.21429,0.19282529411764707,0.2023629468149593,0.0786799486312081,-0.009537652697312243,-0.00036282058759125167,-0.0,,I+VI+VIII,0.12404581877134248
3337.9,0.16106,0.19337294117647058,0.20251792403239327,0.07852018920921328,-0.00914498285592269,-0.0003630678584946974,-0.0,,I+VI+VIII,0.12436080268167468
3338.8,0.17723,0.1914464705882353,0.20254138084759593,0.07836042978721847,-0.01109491025936063,-0.0003639240464201462,-0.0,,I+VI+VIII,0.12454487510679761
3339.6,0.17981,0.19163470588235293,0.20265273455853666,0.07821842141211202,-0.011018028676183733,-0.00036426608794022083,-0.0,,I+VI+VIII,0.12479857923436488
3340.5,0.19951,0.19413117647058822,0.20286111998678774,0.07805866199011721,-0.008729943516199518,-0.00036426608794022083,-0.0,,I+VI+VIII,0.12516672408461074
3341.4,0.23887,0.19725235294117646,0.20306881952512318,0.07789890256812239,-0.005816466583946717,-0.00036495197785580677,-0.0,,I+VI+VIII,0.1255348689348566
3342.2,0.18108,0.19972529411764706,0.20325329140646847,0.07775689419301594,-0.003527997288821416,-0.00036571158828918994,-0.0,,I+VI+VIII,0.1258621088017417
3343.1,0.18367,0.19703941176470588,0.2034616768347195,0.07759713477102113,-0.006422265070013616,-0.00036571158828918994,-0.0,,I+VI+VIII,0.12623025365198753
3344.0,0.19966,0.19837823529411766,0.20367006226297055,0.07743737534902631,-0.005291826968852886,-0.00036571158828918994,-0.0,,I+VI+VIII,0.12659839850223342
3344.9,0.21704,0.19769647058823528,0.2038784476912216,0.0772776159270315,-0.006181977102986319,-0.00036571158828918994,-0.0,,I+VI+VIII,0.12696654335247928
3345.7,0.17018,0.19899294117647057,0.20406279905397523,0.07713560755192506,-0.005069857877504663,-0.00036659171731416807,-0.0,,I+VI+VIII,0.12729378321936433
3346.6,0.1881,0.19915058823529413,0.20427061911090227,0.07697584812993025,-0.005120030875608139,-0.00036715708863815905,-0.0,,I+VI+VIII,0.1276619280696102
3347.5,0.22443,0.20098588235294118,0.20447900453915335,0.07681608870793542,-0.003493122186212172,-0.00036715708863815905,-0.0,,I+VI+VIII,0.12803007291985607
3348.3,0.21495,0.20357294117647057,0.2046642360309321,0.07667408033282891,-0.001091294854461522,-0.00036715708863815905,-0.0,,I+VI+VIII,0.12835731278674134
3349.2,0.22986,0.2015370588235294,0.20493966989344736,0.07651432091083417,-0.00340261106991796,-0.00036715708863815905,-0.0,,I+VI+VIII,0.12879250607125137
3350.1,0.16641,0.20325352941176472,0.2053295639017106,0.07635456148883936,-0.002076034489945866,-0.00036715708863815905,-0.0,,I+VI+VIII,0.12934215950150937
3351.0,0.22628,0.20418,0.2053538769048387,0.07619480206684454,-0.0011738769048386943,-0.00036715708863815905,-0.0,,I+VI+VIII,0.12952623192663232
3351.8,0.2027,0.20404823529411764,0.20567289449604198,0.07605279369173802,-0.0016246592019243389,-0.00036715708863815905,-0.0,,I+VI+VIII,0.12998725789294213
3352.7,0.1831,0.20383294117647058,0.20624942477453864,0.07589303426974328,-0.0024164835980680643,-0.00036715708863815905,-0.0,,I+VI+VIII,0.13072354759343352
3353.6,0.17991,0.2056276470588235,0.20635642178249425,0.07573327484774846,-0.0007287747236707498,-0.00036715708863815905,-0.0,,I+VI+VIII,0.13099030402338394
3354.5,0.21101,0.20582176470588232,0.20647017801846923,0.07557351542575365,-0.0006484133125869151,-0.00036715708863815905,-0.0,,I+VI+VIII,0.13126381968135375
3355.3,0.24349,0.20529764705882347,0.20698264937713323,0.07543150705064713,-0.0016850023183097584,-0.00036715708863815905,-0.0,,I+VI+VIII,0.13191829941512426
3356.2,0.20426,0.20520588235294113,0.20742570432530982,0.0752717476286524,-0.0022198219723686963,-0.00036715708863815905,-0.0,,I+VI+VIII,0.13252111378529557
3357.1,0.21026,0.20344941176470585,0.20763408975356085,0.07511198820665757,-0.004184677988854996,-0.00036715708863815905,-0.0,,I+VI+VIII,0.13288925863554144
3358.0,0.19942,0.2052505882352941,0.20784247518181193,0.07495222878466276,-0.002591886946517824,-0.00036715708863815905,-0.0,,I+VI+VIII,0.13325740348578732
3358.8,0.19742,0.20266941176470585,0.2082924042582248,0.07481022040955623,-0.005622992493518941,-0.00036715708863815905,-0.0,,I+VI+VIII,0.13384934093730672
3359.7,0.21338,0.20394941176470582,0.20885763031055038,0.0746504609875615,-0.004908218545844556,-0.00036715708863815905,-0.0,,I+VI+VIII,0.13457432641162703
3360.6,0.20069,0.20576588235294113,0.2090660157388013,0.07449070156556668,-0.00330013338586016,-0.00036715708863815905,-0.0,,I+VI+VIII,0.13494247126187278
3361.5,0.1914,0.2070770588235294,0.20940045688500608,0.07433094214357187,-0.002323398061476689,-0.00036715708863815905,-0.0,,I+VI+VIII,0.13543667183007235
3362.3,0.21552,0.20626823529411764,0.209913591186268,0.07418893376846535,-0.0036453558921503704,-0.00036649414604061236,-0.0,,I+VI+VIII,0.1360911515638433
3363.2,0.21339,0.20439647058823532,0.21029100179614013,0.07402917434647062,-0.005894531207904813,-0.00036571158828918994,-0.0,,I+VI+VIII,0.1366275390379587
3364.1,0.2,0.20398470588235296,0.21049938722439118,0.0738694149244758,-0.0065146813420382255,-0.00036571158828918994,-0.0,,I+VI+VIII,0.13699568388820457
3365.0,0.19703,0.2035135294117647,0.21102631098460564,0.07370965550248099,-0.0075127815728409375,-0.00036571158828918994,-0.0,,I+VI+VIII,0.13768236707041384
3365.8,0.1824,0.2031570588235294,0.21182531145748415,0.07356764712737446,-0.008668252633954737,-0.00036571158828918994,-0.0,,I+VI+VIII,0.13862337591839888
3366.7,0.22446,0.2047735294117647,0.21203369688573512,0.07340788770537973,-0.00726016747397043,-0.00036571158828918994,-0.0,,I+VI+VIII,0.13899152076864457
3367.6,0.21398,0.20605352941176466,0.21237781761338098,0.07324812828338491,-0.006324288201616318,-0.00036508315701247555,-0.0,,I+VI+VIII,0.13949477248700853
3368.5,0.2022,0.20726823529411761,0.21314764757495971,0.07308836886139009,-0.0058794122808421,-0.00036426608794022083,-0.0,,I+VI+VIII,0.14042354480150984
3369.3,0.19726,0.2088911764705882,0.21356945204742817,0.07294636048628357,-0.004678275576839974,-0.00036426608794022083,-0.0,,I+VI+VIII,0.1409873576490848
3370.2,0.21167,0.20914058823529408,0.21377783747567908,0.07278660106428884,-0.004637249240385,-0.00036426608794022083,-0.0,,I+VI+VIII,0.14135550249933046
3371.1,0.19726,0.2101811764705882,0.2146207570455597,0.07262684164229402,-0.004439580574971486,-0.00036420591898819494,-0.0,,I+VI+VIII,0.14235812132225387
3372.0,0.20225,0.21238529411764703,0.21516351690052343,0.0724670822202992,-0.0027782227828763995,-0.00036282058759125167,-0.0,,I+VI+VIII,0.1430592552678155
3372.8,0.19336,0.21311764705882352,0.21551236832574483,0.07232507384519268,-0.002394721266921307,-0.00036282058759125167,-0.0,,I+VI+VIII,0.14355011506814339
3373.7,0.2249,0.21516941176470586,0.2159769051882598,0.07216531442319794,-0.0008074934235539344,-0.00036282058759125167,-0.0,,I+VI+VIII,0.14417441135265308
3374.6,0.23514,0.21606117647058823,0.21675590663790684,0.07200555500120313,-0.0006947301673186079,-0.00036188318061494527,-0.0,,I+VI+VIII,0.14511223481731864
3375.5,0.22134,0.21716588235294118,0.21770108986002223,0.07184579557920831,-0.0005352075070810536,-0.0003613750872422825,-0.0,,I+VI+VIII,0.14621666936805622
3376.4,0.21899,0.21867176470588237,0.21817133710482992,0.0716860361572135,0.0005004276010524555,-0.0003613750872422825,-0.0,,I+VI+VIII,0.1468466760348587
3377.2,0.21976,0.2192423529411765,0.21855327117040027,0.07154402778210706,0.0006890817707762287,-0.0003612728180925933,-0.0,,I+VI+VIII,0.1473705162063858
3378.1,0.23108,0.22023764705882354,0.2194199268703179,0.07138426836011225,0.0008177201885056495,-0.00035992958689331345,-0.0,,I+VI+VIII,0.14839558809709896
3379.0,0.23747,0.2202294117647059,0.21992808794585683,0.07122450893811742,0.0003013238188490641,-0.00035992958689331345,-0.0,,I+VI+VIII,0.14906350859463272
3379.9,0.20948,0.22095235294117646,0.22032054579923083,0.07106474951612261,0.0006318071419456339,-0.00035992958689331345,-0.0,,I+VI+VIII,0.14961572587000152
3380.7,0.21728,0.2238029411764706,0.22098625410313305,0.07092274114101617,0.0028166870733375426,-0.0003589500797193436,-0.0,,I+VI+VIII,0.1504224630418362
3381.6,0.23962,0.22425823529411762,0.22193139522505084,0.07076298171902136,0.0023268400690667768,-0.00035848408654434423,-0.0,,I+VI+VIII,0.15152689759257382
3382.5,0.23276,0.2241541176470588,0.22255149057676152,0.07060322229702654,0.0016026270702972911,-0.0003577274574554308,-0.0,,I+VI+VIII,0.15230599573719042
3383.4,0.2278,0.22467647058823528,0.22320065277417656,0.07044346287503171,0.0014758178140587275,-0.0003570385861953752,-0.0,,I+VI+VIII,0.1531142284853402
3384.2,0.20696,0.22457529411764707,0.2240407752445746,0.07030145449992528,0.0005345188730724593,-0.0003566273413460939,-0.0,,I+VI+VIII,0.15409594808599542
3385.1,0.22859,0.22633647058823528,0.2247678002946968,0.07014169507793047,0.0015686702935384655,-0.000355593085846406,-0.0,,I+VI+VIII,0.15498169830261274
3386.0,0.19712,0.22689823529411765,0.22516025814807078,0.06998193565593565,0.0017379771460468707,-0.000355593085846406,-0.0,,I+VI+VIII,0.15553391557798155
3386.9,0.21454,0.2244929411764706,0.2259447394445945,0.06982217623394082,-0.001451798268123916,-0.00035438121449133904,-0.0,,I+VI+VIII,0.15647694442514504
3387.8,0.24182,0.22483470588235296,0.226882517136185,0.06966241681194602,-0.002047811253832049,-0.0003541309622434237,-0.0,,I+VI+VIII,0.15757423128648243
3388.6,0.23264,0.2253664705882353,0.22739574955078243,0.06952040843683957,-0.002029278962547121,-0.0003533699063096917,-0.0,,I+VI+VIII,0.15822871102025254
3389.5,0.23337,0.22386176470588237,0.22805431858179137,0.06936064901484476,-0.004192553875909,-0.00035232535162001795,-0.0,,I+VI+VIII,0.1590459949185666
3390.4,0.23022,0.22447588235294116,0.22900006247735466,0.06920088959284994,-0.004524180124413496,-0.00035125658479949863,-0.0,,I+VI+VIII,0.16015042946930422
3391.3,0.21727,0.22355176470588234,0.22974944715875834,0.06904113017085513,-0.006197682452875997,-0.00035080134253334514,-0.0,,I+VI+VIII,0.16105911833043657
3392.2,0.2497,0.22553882352941174,0.23032683362518042,0.06888137074886039,-0.00478801009576868,-0.00034994515460789674,-0.0,,I+VI+VIII,0.16179540803092793
3393.0,0.24063,0.22600882352941176,0.2311102852235824,0.06873936237375387,-0.005101461694170639,-0.0003485571128977984,-0.0,,I+VI+VIII,0.1627194799627263
3393.9,0.19658,0.22778529411764706,0.23203089129512713,0.06857960295175905,-0.004245597177480076,-0.0003483279107487155,-0.0,,I+VI+VIII,0.16379961625411682
3394.8,0.21529,0.22919411764705885,0.23242420533642658,0.06841984352976424,-0.003230087689367722,-0.00034747172282326665,-0.0,,I+VI+VIII,0.1643518335294856
3395.7,0.22632,0.22790823529411763,0.2331451997549488,0.0682600841077695,-0.005236964460831162,-0.0003463109860430448,-0.0,,I+VI+VIII,0.16523142663322235
3396.6,0.21404,0.22825235294117646,0.23427053005933812,0.06810032468577468,-0.0060181771181616606,-0.00034547458340362214,-0.0,,I+VI+VIII,0.1665156799569671
3397.4,0.2432,0.22792,0.23511119386961749,0.06795831631066816,-0.007191193869617474,-0.00034452199867365124,-0.0,,I+VI+VIII,0.167497399557623
3398.3,0.21209,0.22820352941176472,0.23566371276560372,0.06779855688867334,-0.007460183353838995,-0.0003434193529387031,-0.0,,I+VI+VIII,0.16820857522986907
3399.2,0.24074,0.2286158823529412,0.2360702160653924,0.06763879746667861,-0.0074543337124512166,-0.0003425427473208255,-0.0,,I+VI+VIII,0.16877396134603462
3400.1,0.23658,0.22825647058823528,0.23701629585909928,0.06747903804468379,-0.008759825270863997,-0.0003411380823567147,-0.0,,I+VI+VIII,0.16987839589677223
3400.9,0.22732,0.22744588235294116,0.2377322606424207,0.06733702966957728,-0.010286378289479536,-0.0003409459211540734,-0.0,,I+VI+VIII,0.17073617689399748
3401.8,0.23849,0.2289541176470588,0.2381255746837201,0.06717727024758245,-0.009171457036661279,-0.0003400897332286246,-0.0,,I+VI+VIII,0.17128839416936628
3402.7,0.21996,0.22936529411764706,0.23881541360282854,0.06701751082558773,-0.009450119485181485,-0.0003387745085986067,-0.0,,I+VI+VIII,0.1721366772858394
3403.6,0.23849,0.23189176470588233,0.2397618011074222,0.0668577514035929,-0.007870036401539882,-0.00033706213274770894,-0.0,,I+VI+VIII,0.173241111836577
3404.5,0.22772,0.2340370588235294,0.24023926962103043,0.06669799198159809,-0.006202210797501023,-0.0003360756691033093,-0.0,,I+VI+VIII,0.17387735330853563
3405.3,0.23504,0.23197882352941177,0.24061566913602042,0.06655598360649156,-0.008636845606608656,-0.0003352731453783156,-0.0,,I+VI+VIII,0.17439495867490717
3406.2,0.22428,0.23245764705882352,0.24156170682952918,0.06639622418449684,-0.009104059770705664,-0.00033391058061186906,-0.0,,I+VI+VIII,0.17549939322564423
3407.1,0.24359,0.23250411764705883,0.2422415265632748,0.06623646476250201,-0.009737408916215967,-0.00033360223731867964,-0.0,,I+VI+VIII,0.17633866403809145
3408.0,0.22685,0.23355941176470588,0.24245076817945127,0.0660767053405072,-0.008891356414745394,-0.0003327460493932308,-0.0,,I+VI+VIII,0.1767068088883373
3408.9,0.22222,0.2351558823529412,0.2431552517362791,0.06591694591851238,-0.007999369383337923,-0.00033131464267266387,-0.0,,I+VI+VIII,0.1775696204604394
3409.8,0.22228,0.23656176470588236,0.24379693013405324,0.06575718649651757,-0.0072351654281708755,-0.0003296022668217662,-0.0,,I+VI+VIII,0.17836934590435743
3410.6,0.26927,0.23907764705882353,0.24398899677292882,0.06561517812141113,-0.004911349714105284,-0.000328827117259632,-0.0,,I+VI+VIII,0.1787026457687773
3411.5,0.25051,0.23969470588235292,0.2443339690607617,0.0654554186994163,-0.004639263178408792,-0.0003278132794523736,-0.0,,I+VI+VIII,0.1792063636407978
3412.4,0.20821,0.2419623529411765,0.24515519430857668,0.0652956592774215,-0.0031928413674001954,-0.00032610090360147594,-0.0,,I+VI+VIII,0.18018563593475664
3413.3,0.22023,0.24287117647058823,0.2455504744348705,0.06513589985542667,-0.0026792979642822623,-0.00032481305313431625,-0.0,,I+VI+VIII,0.18073938763257813
3414.2,0.24153,0.24472588235294118,0.2457597160510469,0.06497614043343194,-0.001033833698105724,-0.00032395686520886785,-0.0,,I+VI+VIII,0.18110753248282382
3415.0,0.25452,0.2455035294117647,0.24594630486765337,0.06483413205832542,-0.0004427754558886665,-0.0003225995403811857,-0.0,,I+VI+VIII,0.18143477234970912
3415.9,0.25446,0.2466994117647059,0.24647016292873908,0.06467437263633061,0.000229248835966811,-0.000320887164530288,-0.0,,I+VI+VIII,0.18211667745693877
3416.8,0.26239,0.2478594117647059,0.2469577148410842,0.06451461321433578,0.0009016969236217143,-0.000319315182900784,-0.0,,I+VI+VIII,0.1827624168096492
3417.7,0.26273,0.24974058823529413,0.2469828840321377,0.06435485379234106,0.002757704203156436,-0.0003184589949753356,-0.0,,I+VI+VIII,0.18294648923477197
3418.6,0.24898,0.24817705882352942,0.24727113807837003,0.06419509437034623,0.0009059207451593831,-0.00031719553732656485,-0.0,,I+VI+VIII,0.18339323924535036
3419.4,0.26627,0.24781117647058823,0.247593542396067,0.06405308599523972,0.00021763407452121686,-0.0003156734254591,-0.0,,I+VI+VIII,0.1838561298262864
3420.3,0.25049,0.24895,0.24767857873757246,0.0638933265732449,0.0012714212624275467,-0.00031454006284173635,-0.0,,I+VI+VIII,0.1840997922271693
3421.2,0.25581,0.24988058823529413,0.247703747928626,0.06373356715125017,0.002176840306668121,-0.0003136838749162879,-0.0,,I+VI+VIII,0.18428386465229213
3422.1,0.25681,0.24895764705882353,0.24791162120366939,0.06357380772925535,0.001046025855154148,-0.00031198179825537686,-0.0,,I+VI+VIII,0.18464979527266942
3423.0,0.24718,0.24895882352941176,0.24801113939941366,0.06341404830726054,0.0009476841299980998,-0.0003105259987164211,-0.0,,I+VI+VIII,0.18490761709086953
3423.9,0.24194,0.24810529411764704,0.24785223616534427,0.06325428888526571,0.0002530579523027654,-0.00030966981079097217,-0.0,,I+VI+VIII,0.18490761709086953
3424.8,0.25426,0.24774470588235292,0.24791893090691744,0.0630945294632709,-0.00017422502456451716,-0.00030829017105165295,-0.0,,I+VI+VIII,0.1851326916146982
3425.6,0.24269,0.24659647058823525,0.24786526273935042,0.06295252108816446,-0.0012687921511151667,-0.00030564454403795324,-0.0,,I+VI+VIII,0.1852183861952239
3426.5,0.24429,0.24721588235294117,0.24770684248308517,0.06279276166616965,-0.0004909601301439914,-0.0003043053783084043,-0.0,,I+VI+VIII,0.1852183861952239
3427.4,0.22757,0.24479941176470588,0.24754804513191636,0.06263300224417483,-0.0027486333672104846,-0.0003033433074823936,-0.0,,I+VI+VIII,0.1852183861952239
3428.3,0.23605,0.24484705882352942,0.24738999808577242,0.06247324282218001,-0.002542939262242999,-0.00030163093163149525,-0.0,,I+VI+VIII,0.1852183861952239
3429.2,0.22584,0.24504882352941174,0.2472315782812261,0.06231348340018528,-0.0021827547518143697,-0.0003002913141830883,-0.0,,I+VI+VIII,0.1852183861952239
3430.1,0.25454,0.2440541176470588,0.24707267504715674,0.06215372397819046,-0.003018557400097932,-0.0002994351262576397,-0.0,,I+VI+VIII,0.1852183861952239
3430.9,0.23995,0.2434694117647059,0.24693197222989666,0.06201171560308394,-0.0034625604651907504,-0.00029812956841120537,-0.0,,I+VI+VIII,0.1852183861952239
3431.8,0.25626,0.24325411764705884,0.24677392518375274,0.06185195618108912,-0.0035198075366938975,-0.00029641719256030715,-0.0,,I+VI+VIII,0.1852183861952239
3432.7,0.24321,0.24260823529411768,0.2464406281773063,0.06169219675909438,-0.0038323928831886234,-0.00029551619412404096,-0.0,,I+VI+VIII,0.18504394761233597
3433.6,0.25951,0.2440588235294118,0.24605013267944864,0.061532437337099566,-0.0019913091500368407,-0.0002944379412074817,-0.0,,I+VI+VIII,0.18481213328355656
3434.5,0.22519,0.24458294117647061,0.24552465178854305,0.061372677915104756,-0.0009417106120724328,-0.00029201455987243444,-0.0,,I+VI+VIII,0.18444398843331072
3435.3,0.2513,0.24486882352941178,0.2452269904690188,0.061230669539998235,-0.00035816693960702417,-0.00028975795314015,-0.0,,I+VI+VIII,0.18428607888216073
3436.2,0.25924,0.24473352941176474,0.24495506314580942,0.061070910118003495,-0.00022153373404468213,-0.00028857282354153956,-0.0,,I+VI+VIII,0.18417272585134745
3437.1,0.2399,0.24631235294117654,0.2446120874866171,0.06091115069600868,0.0017002654545594242,-0.0002877166356160907,-0.0,,I+VI+VIII,0.18398865342622453
3438.0,0.23724,0.24573352941176477,0.24378840806811988,0.06075139127401386,0.0019451213436448844,-0.00028606632593642685,-0.0,,I+VI+VIII,0.18332308312004245
3438.9,0.23828,0.24770647058823536,0.2433060434598727,0.060591631852019046,0.004400427128362666,-0.0002845587594162239,-0.0,,I+VI+VIII,0.1829989703672699
3439.8,0.24328,0.24785294117647066,0.24296306780068036,0.06043187243002423,0.0048898733757903046,-0.00028370257149077505,-0.0,,I+VI+VIII,0.1828148979421469
3440.7,0.26735,0.24779411764705891,0.24231728366589222,0.060272113008029496,0.00547683398116669,-0.0002814313290674579,-0.0,,I+VI+VIII,0.1823266019869302
3441.5,0.2532,0.24636411764705887,0.2417421062488265,0.060130104632922975,0.004622011398232373,-0.00027940708651626975,-0.0,,I+VI+VIII,0.1818914087024198
3442.4,0.23243,0.24808470588235298,0.2412152709240939,0.05997034521092816,0.006869434958259091,-0.0002783381390082071,-0.0,,I+VI+VIII,0.18152326385217393
3443.3,0.23375,0.2484752941176471,0.24068827695569797,0.05981058578893334,0.007787017161949128,-0.00027742783516344346,-0.0,,I+VI+VIII,0.18115511900192807
3444.2,0.25268,0.2469423529411765,0.24008144047672855,0.05965082636693861,0.006860912464447949,-0.0002757154593125466,-0.0,,I+VI+VIII,0.1807063295691025
3445.1,0.2447,0.2473088235294118,0.23932480306714304,0.05949106694494379,0.00798402046226876,-0.0002743240748828918,-0.0,,I+VI+VIII,0.18010806019708211
3446.0,0.27349,0.2480035294117647,0.23879775498282774,0.059331307522948976,0.00920577442893697,-0.000273467886957443,-0.0,,I+VI+VIII,0.17973991534683623
3446.8,0.25875,0.24790470588235294,0.2381188791646704,0.059189299147842454,0.00978582671768255,-0.0002712286262293455,-0.0,,I+VI+VIII,0.1792008086430573
3447.7,0.24221,0.24709352941176468,0.23722500244852124,0.059029539725847714,0.009868526963243446,-0.00026905621989238956,-0.0,,I+VI+VIII,0.17846451894256593
3448.6,0.2352,0.24572764705882352,0.23665652442012863,0.0588697803038529,0.00907112263869489,-0.000268103454474875,-0.0,,I+VI+VIII,0.1780548475707506
3449.5,0.25444,0.24491176470588236,0.23605642166360982,0.05871002088185809,0.008855343042272534,-0.00026707696853956326,-0.0,,I+VI+VIII,0.1776134777502913
3450.4,0.25794,0.24565764705882354,0.2351626923884958,0.058550261459863265,0.010494954670327739,-0.0002647571211670112,-0.0,,I+VI+VIII,0.17687718804979954
3451.3,0.23318,0.24656999999999998,0.23445673295917208,0.058390502037868455,0.012113267040827908,-0.0002626438900005902,-0.0,,I+VI+VIII,0.1763288748113042
3452.2,0.24613,0.24573941176470585,0.2339296848748571,0.058230742615873715,0.011809726889848743,-0.0002617877020751418,-0.0,,I+VI+VIII,0.17596072996105852
3453.1,0.24905,0.24570588235294116,0.23310061288577646,0.0580709831938789,0.012605269467164698,-0.0002602274651359733,-0.0,,I+VI+VIII,0.17528985715703352
3453.9,0.2366,0.24338882352941174,0.2320047332921186,0.05792897481877238,0.011384090237293143,-0.00025727945751802223,-0.0,,I+VI+VIII,0.17433303793086424
3454.8,0.22949,0.2425894117647059,0.23147768520780335,0.05776921539677756,0.01111172655690254,-0.0002564232695925734,-0.0,,I+VI+VIII,0.17396489308061835
3455.7,0.24413,0.24229705882352942,0.23082774249985044,0.05760945597478283,0.01146931632367898,-0.00025528060156671396,-0.0,,I+VI+VIII,0.17347356712663434
3456.6,0.23933,0.24238058823529413,0.22975284890358494,0.05744969655278801,0.012627739331709187,-0.00025356822571581623,-0.0,,I+VI+VIII,0.17255672057651275
3457.5,0.24511,0.2411564705882353,0.2287294066134294,0.057289937130793195,0.012427063974805919,-0.0002507491386602393,-0.0,,I+VI+VIII,0.17169021862129644
3458.4,0.24926,0.24037058823529414,0.2281300302039975,0.05713017770879838,0.012240558031296644,-0.00024938476701835563,-0.0,,I+VI+VIII,0.17124923726221747
3459.2,0.23856,0.24005117647058827,0.2276595300655759,0.05698816933369194,0.012391646405012363,-0.0002486166642704234,-0.0,,I+VI+VIII,0.1709199773961544
3460.1,0.24413,0.2391194117647059,0.22645687501664777,0.056828409911697124,0.012662536748058145,-0.00024546348594669024,-0.0,,I+VI+VIII,0.1698739285908973
3461.0,0.2341,0.23749,0.22567803053694407,0.05666865048970231,0.011811969463055932,-0.00024402033453578797,-0.0,,I+VI+VIII,0.16925340038177758
3461.9,0.24516,0.23603588235294118,0.22515098245262863,0.05650889106770749,0.01088489990031255,-0.00024316414661033857,-0.0,,I+VI+VIII,0.16888525553153147
3462.8,0.23724,0.2360023529411765,0.22416451670182896,0.056349131645712675,0.011837836239347532,-0.0002406996588591165,-0.0,,I+VI+VIII,0.1680560847149754
3463.7,0.23662,0.23457764705882356,0.22319029713445987,0.056189372223717934,0.011387349924363688,-0.00023861398254310004,-0.0,,I+VI+VIII,0.16723953889328505
3464.6,0.23363,0.23243882352941178,0.22246859262529303,0.05602961280172312,0.009970230904118749,-0.0002369016066922024,-0.0,,I+VI+VIII,0.16667588143026213
3465.5,0.24458,0.23184000000000002,0.22171282007158352,0.05586985337972831,0.010127179928416497,-0.00023476190480064063,-0.0,,I+VI+VIII,0.16607772859665587
3466.3,0.22775,0.23086411764705886,0.22081053036987636,0.05572784500462179,0.010053587277182502,-0.00023222161862486985,-0.0,,I+VI+VIII,0.16531490698387943
3467.2,0.23029,0.2302094117647059,0.21987948402278945,0.05556808558262705,0.010329927741916461,-0.00023050924277397304,-0.0,,I+VI+VIII,0.1645419076829364
3468.1,0.22135,0.2279494117647059,0.21935329212639967,0.05540832616063223,0.008596119638306227,-0.00022879686692307537,-0.0,,I+VI+VIII,0.1641737628326905
3469.0,0.21188,0.22649352941176473,0.21854663111332995,0.055248566738637414,0.007946898298434785,-0.00022708449107217761,-0.0,,I+VI+VIII,0.16352514886576472
3469.9,0.22892,0.22539117647058826,0.21737004652090583,0.0550888073166426,0.008021129949682432,-0.00022392661487231075,-0.0,,I+VI+VIII,0.16250516581913554
3470.8,0.21991,0.22401647058823532,0.21684385462451605,0.05492904789464778,0.007172615963719264,-0.00022221423902141308,-0.0,,I+VI+VIII,0.16213702096888968
3471.7,0.20297,0.2232970588235294,0.2160340082281271,0.05476928847265305,0.007263050595402304,-0.00022050186317051625,-0.0,,I+VI+VIII,0.16148522161864456
3472.6,0.23493,0.22212823529411763,0.21497165619286046,0.05460952905065823,0.0071565791012571656,-0.00021786292159592925,-0.0,,I+VI+VIII,0.16057999006379814
3473.5,0.23267,0.22017941176470587,0.21420612775174142,0.054449769628663415,0.005973284012964458,-0.00021563161111975168,-0.0,,I+VI+VIII,0.15997198973419777
3474.3,0.22743,0.21826058823529412,0.2135747816881745,0.054307761253556894,0.004685806547119614,-0.00021410949925228687,-0.0,,I+VI+VIII,0.1594811299338699
3475.2,0.20571,0.21806470588235294,0.21268118552395537,0.05414800183156216,0.005383520358397564,-0.00021086019515534875,-0.0,,I+VI+VIII,0.15874404388754856
3476.1,0.20935,0.21754823529411765,0.21149708989126761,0.053988242409567344,0.006051145402850039,-0.00020779374685255404,-0.0,,I+VI+VIII,0.15771664122855283
3477.0,0.22642,0.21737823529411765,0.21066995696344862,0.05382848298757253,0.006708278330669032,-0.00020608137100165637,-0.0,,I+VI+VIII,0.15704755534687775
3477.9,0.21387,0.21612117647058823,0.20995969264193587,0.05366872356557771,0.006161483828652364,-0.00020436899515075864,-0.0,,I+VI+VIII,0.15649533807150892
3478.8,0.22439,0.21529705882352942,0.20912600768561984,0.053508964143582895,0.006171051137909583,-0.0002014976893950745,-0.0,,I+VI+VIII,0.15581854123143202
3479.7,0.21376,0.21492529411764705,0.20792684843952802,0.05334920472158816,0.006998445678119025,-0.0001980729376932808,-0.0,,I+VI+VIII,0.15477571665563314
3480.6,0.21145,0.21293470588235291,0.20739220777998674,0.05318944529959334,0.005542498102366178,-0.0001963408669001281,-0.0,,I+VI+VIII,0.1543991033472935
3481.5,0.19513,0.21193411764705883,0.20664600947024808,0.05302968587759853,0.005288108176810746,-0.0001936003789260261,-0.0,,I+VI+VIII,0.15380992397157556
3482.3,0.22696,0.21060470588235294,0.2055262571625083,0.05288767750249201,0.0050784487198446415,-0.0001896247109037302,-0.0,,I+VI+VIII,0.15282820437092
3483.2,0.21257,0.20990235294117648,0.20463335794071244,0.05272791808049727,0.005268995000464044,-0.0001870575022839617,-0.0,,I+VI+VIII,0.15209249736249916
3484.1,0.20899,0.2090435294117647,0.20410716604432247,0.05256815865850245,0.0049363633674422425,-0.000185345126433063,-0.0,,I+VI+VIII,0.15172435251225308
3485.0,0.20755,0.20769529411764706,0.20298413491613648,0.052408399236507634,0.0047111592015105785,-0.00018224145649628314,-0.0,,I+VI+VIII,0.15075797713612513
3485.9,0.2059,0.20673647058823533,0.20181470316944278,0.05224863981451282,0.00492176741879255,-0.0001789230394139089,-0.0,,I+VI+VIII,0.1497449863943439
3486.8,0.19665,0.20468000000000003,0.20128936746097845,0.052088880392518,0.003390632539021582,-0.0001763544756375623,-0.0,,I+VI+VIII,0.14937684154409803
3487.7,0.20109,0.2030370588235294,0.20044345817011394,0.05192912097052327,0.002593600653415462,-0.00017341270173986783,-0.0,,I+VI+VIII,0.14868774990133052
3488.6,0.21566,0.2016847058823529,0.1991826889490833,0.05176936154852845,0.0025020169332695963,-0.00016998795003807243,-0.0,,I+VI+VIII,0.1475833153505929
3489.5,0.20483,0.20130352941176466,0.19833411697449516,0.051609602126533635,0.002969412437269503,-0.0001672032839595548,-0.0,,I+VI+VIII,0.14689171813192106
3490.4,0.19377,0.1993847058823529,0.1975920123197363,0.05144984270453882,0.001792693562616604,-0.00016458394698345077,-0.0,,I+VI+VIII,0.14630675356218095
3491.2,0.19475,0.1994235294117647,0.19650980901773918,0.05130783432943238,0.002913720394025515,-0.00016136156533051296,-0.0,,I+VI+VIII,0.1453633362536373
3492.1,0.2035,0.19905235294117646,0.19566584597496695,0.051148074907437564,0.0033865069662095126,-0.00015711450461769675,-0.0,,I+VI+VIII,0.14467488557214708
3493.0,0.19757,0.1983129411764706,0.1949555816534542,0.05098831548544275,0.003357359523016412,-0.00015540212876679902,-0.0,,I+VI+VIII,0.14412266829677825
3493.9,0.18943,0.19761705882352942,0.19393163060611018,0.05082855606344793,0.00368542821741924,-0.00015173218406831014,-0.0,,I+VI+VIII,0.14325480672673055
3494.8,0.18583,0.19683764705882356,0.19267257376093044,0.050668796641453115,0.004165073297893118,-0.000146595056515617,-0.0,,I+VI+VIII,0.14215037217599297
3495.7,0.18846,0.19592764705882354,0.19189826337724908,0.05050903721945838,0.004029383681574461,-0.00014448299981823025,-0.0,,I+VI+VIII,0.14153370915760893
3496.6,0.18865,0.19420647058823529,0.19100919771913305,0.050349277797463565,0.0031972728691022356,-0.00014210280280610929,-0.0,,I+VI+VIII,0.1408020227244756
3497.5,0.19434,0.19267823529411765,0.18951115943270452,0.05018951837546875,0.0031670758614131267,-0.00013696567525341524,-0.0,,I+VI+VIII,0.13945860673248917
3498.4,0.21323,0.19138588235294118,0.18825210258752478,0.05002975895347393,0.0031337797654164,-0.00013182854770072208,-0.0,,I+VI+VIII,0.13835417218175156
3499.3,0.20268,0.19068470588235292,0.18735721628788574,0.049869999531479116,0.0033274895944671867,-0.00012839322577762482,-0.0,,I+VI+VIII,0.13761560998218425
3500.2,0.19498,0.18909470588235291,0.18664780815429882,0.049710240109484376,0.0024468977280540927,-0.00012582466200127955,-0.0,,I+VI+VIII,0.13706339270681572
3501.1,0.19407,0.18794823529411764,0.18535500557579432,0.04955048068748956,0.00259322971832332,-0.00012075366608955385,-0.0,,I+VI+VIII,0.1359252785543943
3501.9,0.1834,0.1871264705882353,0.18406907509670764,0.04940847231238304,0.00305739549152767,-0.00011663642937682838,-0.0,,I+VI+VIII,0.13477723921370144
3502.8,0.18562,0.18649529411764706,0.1833596669631204,0.04924871289038822,0.003135627154526671,-0.0001140678656004818,-0.0,,I+VI+VIII,0.13422502193833263
3503.7,0.1864,0.18530882352941175,0.18238282924114552,0.04908895346839349,0.0029259942882662315,-0.00011024957642868095,-0.0,,I+VI+VIII,0.13340412534918072
3504.6,0.17885,0.18380235294117647,0.18088727710755206,0.04892919404639867,0.0029150758336244087,-0.00010511244887598785,-0.0,,I+VI+VIII,0.13206319551002937
3505.5,0.1718,0.18228882352941175,0.1799927026459882,0.048769434624403855,0.0022961208834235414,-0.00010202567322453604,-0.0,,I+VI+VIII,0.1313252936948089
3506.4,0.18283,0.17964,0.17918238273742598,0.04860967520240904,0.0004576172625740116,-9.9174694817509e-05,-0.0,,I+VI+VIII,0.13067188222983447
3507.3,0.17647,0.17775117647058825,0.1776534896156565,0.04844991578041422,9.768685493175e-05,-9.358241534243365e-05,-0.0,,I+VI+VIII,0.12929715625058472
3508.2,0.17808,0.17637882352941178,0.17654956924539256,0.04829015635841949,-0.0001707457159807746,-8.853798049962115e-05,-0.0,,I+VI+VIII,0.1283479508674727
3509.1,0.17546,0.17475294117647058,0.17565608868668234,0.04813039693642467,-0.0009031475102117548,-8.596941672327458e-05,-0.0,,I+VI+VIII,0.12761166116698092
3510.0,0.1751,0.17375941176470586,0.1744945111362065,0.047970637514429856,-0.0007350993715006526,-8.151718530467735e-05,-0.0,,I+VI+VIII,0.1266053908070813
3510.9,0.16829,0.17156470588235292,0.1729508959080671,0.04781087809243504,-0.0013861900257141624,-7.505028777470491e-05,-0.0,,I+VI+VIII,0.12521506810340677
3511.8,0.16304,0.16977705882352936,0.17224148777447978,0.04765111867044022,-0.0024644289509504202,-7.248172399835838e-05,-0.0,,I+VI+VIII,0.12466285082803794
3512.7,0.16861,0.16878235294117647,0.17120525992053606,0.04749135924844549,-0.002422906979359596,-6.838589875955604e-05,-0.0,,I+VI+VIII,0.12378228657085012
3513.6,0.1682,0.16732294117647056,0.16957889282087446,0.047331599826450674,-0.0022559516444038974,-6.241417544287662e-05,-0.0,,I+VI+VIII,0.12230970716986665
3514.4,0.17057,0.16547882352941173,0.16864450017509902,0.04718959145134415,-0.0031656766456872876,-5.8802231445889245e-05,-0.0,,I+VI+VIII,0.12151371095520075
3515.3,0.17165,0.16377529411764702,0.1679359482294372,0.047029832029349336,-0.004160654111790174,-5.537747974409384e-05,-0.0,,I+VI+VIII,0.12096149367983196
3516.2,0.16643,0.16194529411764705,0.16642908508631332,0.046870072607354596,-0.004483790968666274,-5.04219431727425e-05,-0.0,,I+VI+VIII,0.11960943442213147
3517.1,0.16651,0.1601382352941176,0.16480359576673861,0.04671031318535978,-0.004665360472621005,-4.357243976915168e-05,-0.0,,I+VI+VIII,0.11813685502114797
3518.0,0.14831,0.15852529411764704,0.16348646341490677,0.04655055376336497,-0.004961169297259732,-3.816391952593912e-05,-0.0,,I+VI+VIII,0.11697407357106775
3518.9,0.15601,0.15746470588235292,0.16277705528131933,0.046390794341370147,-0.0053123493989664095,-3.559535574959178e-05,-0.0,,I+VI+VIII,0.11642185629569876
3519.8,0.16194,0.15656176470588234,0.16147374582804153,0.04623103491937534,-0.004911981122159181,-3.0251431303224047e-05,-0.0,,I+VI+VIII,0.11527296233996942
3520.7,0.14699,0.15487176470588235,0.15984825650846785,0.0460712754973806,-0.004976491802585498,-2.3401927899637492e-05,-0.0,,I+VI+VIII,0.11380038293898688
3521.6,0.15148,0.15343470588235292,0.15892632372620338,0.04591151607538578,-0.005491617843850466,-1.9840215039776364e-05,-0.0,,I+VI+VIII,0.11303464786585737
3522.5,0.14751,0.15127941176470588,0.15793460109080423,0.045751756653390964,-0.006655189326098349,-1.5484922488332368e-05,-0.0,,I+VI+VIII,0.11219832935990161
3523.4,0.14697,0.1494470588235294,0.1565198520701199,0.04559199723139615,-0.007072793246590492,-8.635419084741546e-06,-0.0,,I+VI+VIII,0.1109364902578085
3524.3,0.14474,0.14801176470588234,0.15532192530218178,0.04543223780940133,-0.0073101605962994365,-3.7839585385136207e-06,-0.0,,I+VI+VIII,0.10989347145131897
3525.2,0.14768,0.14626176470588234,0.15442930093139748,0.0452724783874066,-0.008167536225515137,-3.5920683671994154e-07,-0.0,,I+VI+VIII,0.1091571817508276
3526.1,0.15026,0.14547823529411763,0.1528994412120937,0.04511271896541178,-0.00742120591797607,6.1310897301509365e-06,-0.0,,I+VI+VIII,0.10778059115695177
3527.0,0.14769,0.14409,0.15171752687816065,0.044952959543416965,-0.007627526878160651,1.2272297962747393e-05,-0.0,,I+VI+VIII,0.10675229503678092
3527.9,0.13988,0.14176411764705885,0.1508249025073759,0.04479320012142215,-0.009060784860317056,1.5697049664542802e-05,-0.0,,I+VI+VIII,0.1060160053362892
3528.8,0.14377,0.14144705882352943,0.14955227408907046,0.04463344069942733,-0.008105215265541033,2.089759854504688e-05,-0.0,,I+VI+VIII,0.10489793579109807
3529.7,0.13393,0.14059941176470586,0.14817505043773713,0.0444736812774326,-0.007575638673031265,2.7747101948637002e-05,-0.0,,I+VI+VIII,0.10367362205835588
3530.6,0.1405,0.13912117647058822,0.147221214908151,0.04431392185543778,-0.008100038437562768,3.2464130962411305e-05,-0.0,,I+VI+VIII,0.1028748289217508
3531.4,0.14203,0.13871,0.1464059250754686,0.04417191348033126,-0.007695925075468596,3.634855177518031e-05,-0.0,,I+VI+VIII,0.10219766304336216
3532.3,0.13676,0.1378594117647059,0.14484915457409483,0.044012154058336445,-0.006989742809388938,4.319805517876855e-05,-0.0,,I+VI+VIII,0.10079380246057962
3533.2,0.13499,0.13679176470588233,0.14371702490120813,0.04385239463634171,-0.0069252601953258,4.91677909324671e-05,-0.0,,I+VI+VIII,0.09981546247393397
3534.1,0.13241,0.13554764705882355,0.14282525671834886,0.043692635214346895,-0.007277609659525314,5.344873055971138e-05,-0.0,,I+VI+VIII,0.09907917277344226
3535.0,0.1224,0.13375529411764706,0.1416943228737709,0.04353287579235208,-0.007939028756123845,5.941006434263019e-05,-0.0,,I+VI+VIII,0.0981020370170762
3535.9,0.1416,0.13293647058823532,0.14014014374094785,0.04337311637035726,-0.007203673152712531,6.76467060186036e-05,-0.0,,I+VI+VIII,0.09669938066457197
3536.8,0.13707,0.1313394117647059,0.13922259985121646,0.043213356948362446,-0.007883188086510562,7.12465439501664e-05,-0.0,,I+VI+VIII,0.09593799635890385
3537.7,0.12238,0.12961117647058826,0.13822919745801956,0.043053597526367705,-0.008618020987431307,7.60974624337603e-05,-0.0,,I+VI+VIII,0.09509950246921811
3538.6,0.13998,0.1284694117647059,0.13697356536454172,0.04289383810437289,-0.008504153599835834,8.465934168824813e-05,-0.0,,I+VI+VIII,0.09399506791848058
3539.5,0.13028,0.12760529411764707,0.13550097759008606,0.04273407868237807,-0.007895683472438991,9.32212209427388e-05,-0.0,,I+VI+VIII,0.09267367768676524
3540.4,0.12953,0.1260894117647059,0.13455920116723535,0.042574319260383256,-0.00846978940252946,9.795505389806924e-05,-0.0,,I+VI+VIII,0.091886926852954
3541.3,0.12911,0.12489529411764708,0.13381953429072216,0.04241455983838844,-0.008924240173075082,0.00010167197735790512,-0.0,,I+VI+VIII,0.09130330247497583
3542.2,0.11722,0.12423764705882355,0.1324855883829481,0.042254800416393706,-0.008247941324124555,0.00011023385661238529,-0.0,,I+VI+VIII,0.09012055410994202
3543.1,0.12596,0.1242158823529412,0.1311994574857215,0.04209504099439889,-0.006983575132780306,0.00011721788189220213,-0.0,,I+VI+VIII,0.08898719860943041
3544.0,0.11662,0.12218235294117649,0.13049176172798513,0.04193528157240407,-0.008309408786808636,0.00012149882151944639,-0.0,,I+VI+VIII,0.08843498133406161
3544.9,0.10455,0.1208629411764706,0.12941131662377556,0.04177552215040926,-0.008548375447304954,0.00012869199263100523,-0.0,,I+VI+VIII,0.08750710248073529
3545.8,0.12109,0.1206364705882353,0.12815568453029763,0.04161576272841444,-0.007519213942062328,0.00013725387188549376,-0.0,,I+VI+VIII,0.08640266792999769
3546.7,0.12734,0.11853705882352944,0.1274444439652568,0.04145600330641971,-0.00890738514172737,0.0001424184639448137,-0.0,,I+VI+VIII,0.08584602219489229
3547.6,0.11099,0.11665176470588239,0.12657094565500976,0.04129624388442489,-0.009919180949127374,0.00014859562899858996,-0.0,,I+VI+VIII,0.08512610614158626
3548.5,0.11469,0.11560000000000002,0.12531531356153183,0.041136484462430074,-0.00971531356153181,0.00015715750825307849,-0.0,,I+VI+VIII,0.08402167159084867
3549.4,0.12123,0.11412647058823532,0.1243973999441567,0.04097672504043526,-0.010270929355921388,0.0001636118479987696,-0.0,,I+VI+VIII,0.08325706305572267
3550.3,0.12203,0.11348235294117648,0.12369056037434578,0.04081696561844044,-0.010208207433169303,0.0001687489755514627,-0.0,,I+VI+VIII,0.08270484578035388
3551.2,0.10703,0.11257176470588237,0.12247508461317529,0.04065720619644571,-0.009903319907292915,0.00017720316502994917,-0.0,,I+VI+VIII,0.08164067525169963
3552.1,0.11464,0.11178647058823529,0.12135159697545034,0.04049744677445089,-0.009565126387215045,0.00018604628444608478,-0.0,,I+VI+VIII,0.08066810391655337
3553.0,0.11853,0.11137729411764707,0.12064390121771396,0.040337687352456075,-0.009266607100066881,0.00019032722407332905,-0.0,,I+VI+VIII,0.08011588664118455
3553.9,0.10429,0.1106484705882353,0.11963551427091462,0.04017792793046126,-0.008987043682679316,0.00019790742790332395,-0.0,,I+VI+VIII,0.07925967891255004
3554.8,0.09823,0.10897017647058824,0.1186416306013562,0.04001816850846644,-0.009671454130767962,0.00020818168300871018,-0.0,,I+VI+VIII,0.07841528040988105
3555.7,0.11165,0.10816229411764705,0.11791013243719864,0.03985840908647171,-0.009747838319551588,0.0002140267443573075,-0.0,,I+VI+VIII,0.07783769660636962
3556.6,0.10406,0.10720029411764706,0.11710786076028608,0.03969864966447689,-0.009907566642639018,0.0002197594180537753,-0.0,,I+VI+VIII,0.0771894516777554
3557.5,0.10627,0.10572405882352941,0.1159747521453442,0.039538890242482076,-0.010250693321814788,0.00022945059445589572,-0.0,,I+VI+VIII,0.07620641130840622
3558.4,0.11048,0.10438623529411765,0.11491108820245831,0.03937913082048726,-0.010524852908340654,0.00024060570133643515,-0.0,,I+VI+VIII,0.07529135168063461
3559.3,0.10327,0.10363641176470588,0.11412616463244099,0.03921937139849244,-0.010489752867735111,0.00024758475770880127,-0.0,,I+VI+VIII,0.07465920847623976
3560.2,0.097594,0.1025515882352941,0.11360339748775336,0.0390596119764977,-0.011051809252459258,0.00025272188526149017,-0.0,,I+VI+VIII,0.07429106362599418
3561.1,0.1087,0.10098258823529412,0.11242386052550127,0.03889985255450289,-0.011441272290207152,0.00026275546455877463,-0.0,,I+VI+VIII,0.07326125250643961
3562.0,0.098809,0.10065052941176471,0.11163445565027491,0.03874009313250807,-0.010983926238510203,0.00027189590532794073,-0.0,,I+VI+VIII,0.0726224666124389
3562.9,0.097256,0.10031747058823529,0.11111254469351249,0.038580333710513254,-0.010795074105277205,0.0002778892208060809,-0.0,,I+VI+VIII,0.07225432176219315
3563.8,0.098336,0.09980276470588235,0.11016859133204773,0.03842057428851844,-0.010365826626165378,0.000286350728130087,-0.0,,I+VI+VIII,0.0714616663153992
3564.7,0.096134,0.09884170588235294,0.10918555681082695,0.038260814866523704,-0.010343850928474008,0.00029787913547574165,-0.0,,I+VI+VIII,0.0706268628088275
3565.6,0.099287,0.09815970588235294,0.10862317751225578,0.03810105544452889,-0.01046347162990284,0.0003045421693343178,-0.0,,I+VI+VIII,0.07021757989839257
3566.4,0.094283,0.0970790588235294,0.10812708069975788,0.037959047069422366,-0.011048021876228484,0.00031040204706149607,-0.0,,I+VI+VIII,0.06985763158327402
3567.3,0.096198,0.09630747058823529,0.1072430182082274,0.03779928764742755,-0.010935547619992117,0.0003223886780177837,-0.0,,I+VI+VIII,0.06912134188278206
3568.2,0.091857,0.09599782352941176,0.10650401504200929,0.03763952822543282,-0.010506191512597532,0.0003319746942695095,-0.0,,I+VI+VIII,0.06853251212230697
3569.2,0.098645,0.09482523529411764,0.10592411397893986,0.037462017756549705,-0.01109887868482222,0.00033863393368966657,-0.0,,I+VI+VIII,0.0681234622887005
3570.1,0.092568,0.09414094117647057,0.10510402127417748,0.03730225833455489,-0.010963080097706912,0.0003495619163278774,-0.0,,I+VI+VIII,0.06745220102329472
3570.9,0.1029,0.09354476470588234,0.10432686246545564,0.03716024995944837,-0.010782097759573298,0.00036007314314671934,-0.0,,I+VI+VIII,0.06680653936286056
3571.8,0.087722,0.0930325294117647,0.10380495150869312,0.03700049053745355,-0.010772422096928427,0.0003660664586248613,-0.0,,I+VI+VIII,0.0664383945126147
3572.8,0.094676,0.09248523529411766,0.10306325350585288,0.03682298006857044,-0.010578018211735221,0.00037540330675394257,-0.0,,I+VI+VIII,0.0658648701305285
3573.7,0.092109,0.09149764705882354,0.10218022292088451,0.036663220646575706,-0.010682575862060964,0.00038842184427184364,-0.0,,I+VI+VIII,0.06512858043003696
3574.6,0.090153,0.0909168823529412,0.10157125432618164,0.03650346122458089,-0.010654371973240442,0.00039627633179305536,-0.0,,I+VI+VIII,0.06467151676980767
3575.5,0.09233,0.08992223529411765,0.10104988407689337,0.03634370180258607,-0.011127648782775723,0.0004028103547454848,-0.0,,I+VI+VIII,0.06430337191956181
3576.4,0.088766,0.08968411764705883,0.1004524703837689,0.03618394238059126,-0.010768352736710063,0.0004165093615526664,-0.0,,I+VI+VIII,0.06385201864162496
3577.3,0.087176,0.08843811764705883,0.0997080888087905,0.03602418295859644,-0.01126997116173166,0.0004275927354783862,-0.0,,I+VI+VIII,0.06325631311471566
3578.2,0.087121,0.08788464705882353,0.09918703403995369,0.03586442353660171,-0.01130238698113016,0.0004344422388819735,-0.0,,I+VI+VIII,0.06288816826447
3579.1,0.089628,0.08677247058823528,0.09866954224878925,0.03570466411460689,-0.011897071660553968,0.0004448547199582296,-0.0,,I+VI+VIII,0.06252002341422414
3580.0,0.08683,0.08660729411764706,0.09784236773097435,0.035544904692612074,-0.01123507361332729,0.000458295885640664,-0.0,,I+VI+VIII,0.061839167152721614
3580.9,0.082498,0.08532188235294116,0.09704802900990868,0.03538514527061726,-0.011726146656967515,0.000471029207870961,-0.0,,I+VI+VIII,0.06119185453142046
3581.8,0.08441,0.08462823529411764,0.09671190285412001,0.03522538584862244,-0.01208366756000237,0.0004787348991999984,-0.0,,I+VI+VIII,0.06100778210629758
3582.7,0.079289,0.08396494117647059,0.09611750619455728,0.0350656264266277,-0.012152565018086689,0.0004892744036194151,-0.0,,I+VI+VIII,0.06056260536431016
3583.6,0.087809,0.08285147058823529,0.09546660136934552,0.034905867004632884,-0.012615130781110234,0.0005029734104266048,-0.0,,I+VI+VIII,0.060057760954286034
3584.5,0.077463,0.082026,0.09494702245636477,0.03474610758263807,-0.01292102245636477,0.0005112987696864902,-0.0,,I+VI+VIII,0.0596896161040402
3585.4,0.083159,0.08153782352941176,0.09442679162272669,0.03458634816064325,-0.012888968093314926,0.0005189722082889926,-0.0,,I+VI+VIII,0.059321471253794444
3586.3,0.083993,0.08140170588235295,0.09382106364681447,0.034426588738648435,-0.012419357764461528,0.0005339519284053608,-0.0,,I+VI+VIII,0.058860522979760674
3587.2,0.084914,0.08081841176470589,0.0931615374025016,0.0342668293166537,-0.012343125637795715,0.000545206052059799,-0.0,,I+VI+VIII,0.058349502033788095
3588.1,0.072824,0.07984082352941177,0.09282541124671288,0.034107069894658885,-0.012984587717301113,0.0005529117433888388,-0.0,,I+VI+VIII,0.05816542960866516
3589.0,0.080317,0.07968435294117648,0.09236113277185934,0.03394731047266407,-0.012676779830682855,0.0005649304463841148,-0.0,,I+VI+VIII,0.05784889185281116
3589.9,0.078877,0.07961958823529412,0.09154318472921841,0.03378755105066925,-0.011923596493924285,0.0005798871288386711,-0.0,,I+VI+VIII,0.057175746549710485
3590.8,0.073401,0.07942994117647058,0.0912070585734297,0.033627791628674436,-0.011777117396959122,0.0005875928201677108,-0.0,,I+VI+VIII,0.05699167412458755
3591.7,0.074733,0.07855217647058822,0.09068414259388768,0.0334680322066797,-0.012131966123299462,0.00059794187991615,-0.0,,I+VI+VIII,0.05661816850729184
3592.6,0.078877,0.07821982352941177,0.08998631510402635,0.033308272784684886,-0.011766491574614582,0.0006124989718679889,-0.0,,I+VI+VIII,0.05606554334747349
3593.5,0.084807,0.07737517647058825,0.08958870590014668,0.03314851336269007,-0.012213529429558431,0.0006222738969465791,-0.0,,I+VI+VIII,0.055817918640510035
3594.4,0.079712,0.07678582352941177,0.08925257974435799,0.03298875394069525,-0.012466756214946223,0.0006299795882756188,-0.0,,I+VI+VIII,0.05563384621538711
3595.3,0.070211,0.07626970588235295,0.08843523572249509,0.03282899451870044,-0.012165529840142145,0.0006451324070587761,-0.0,,I+VI+VIII,0.05496110879673588
3596.2,0.079838,0.07623582352941177,0.08797179872721264,0.032669235096705704,-0.011735975197800869,0.0006584004740744164,-0.0,,I+VI+VIII,0.05464416315643252
3597.1,0.083309,0.0755695294117647,0.08763567257142393,0.03250947567471089,-0.012066143159659232,0.0006661061654034561,-0.0,,I+VI+VIII,0.0544600907313096
3598.0,0.076065,0.07513141176470588,0.08697836674329365,0.03234971625271607,-0.011846954978587773,0.0006783570518922843,-0.0,,I+VI+VIII,0.05395029343868529
3598.9,0.072887,0.0752005294117647,0.08637225466102422,0.032189956830721254,-0.011171725249259523,0.0006937684345503637,-0.0,,I+VI+VIII,0.053488529395752604
3599.8,0.071813,0.0756774117647059,0.08585931944833465,0.03203019740872644,-0.010181907683628755,0.0007087374941016622,-0.0,,I+VI+VIII,0.05312038454550655
3600.7,0.0688,0.07465200000000001,0.08533912086742326,0.0318704379867317,-0.010687120867423253,0.0007164431854306981,-0.0,,I+VI+VIII,0.05275223969526086
3601.6,0.073974,0.07388511764705882,0.08482176648913585,0.03171067856473689,-0.010936648842077026,0.0007269930793838761,-0.0,,I+VI+VIII,0.052384094845015085
3602.5,0.07614,0.07340394117647059,0.08430927359955323,0.03155091914274207,-0.010905332423082642,0.0007424044620419559,-0.0,,I+VI+VIII,0.0520159499947692
3603.4,0.072248,0.07326888235294117,0.08379153462782915,0.031391159720747255,-0.01052265227488798,0.0007525697625585376,-0.0,,I+VI+VIII,0.05164780514452335
3604.3,0.06899,0.07293041176470587,0.0832713360469176,0.031231400298752435,-0.010340924282211728,0.000760275453887575,-0.0,,I+VI+VIII,0.051279660294277586
3605.2,0.071429,0.07204723529411763,0.08270391371088887,0.031071640876757702,-0.010656678416771231,0.0007753750601891243,-0.0,,I+VI+VIII,0.05085689777394204
3606.2,0.074576,0.07190535294117646,0.08195038314087948,0.03089413040787459,-0.010045030199703014,0.0007881070272628554,-0.0,,I+VI+VIII,0.05026814570574203
3607.1,0.08284,0.07138523529411765,0.08161425698509077,0.030734370985879774,-0.010229021690973117,0.0007958127185918951,-0.0,,I+VI+VIII,0.0500840732806191
3608.0,0.061445,0.07100252941176471,0.08088225820990408,0.030574611563884958,-0.009879728798139364,0.0008091206272109096,-0.0,,I+VI+VIII,0.04949852601880821
3608.9,0.07177,0.07069364705882353,0.08032634770161391,0.03041485214189014,-0.009632700642790384,0.0008242336043907004,-0.0,,I+VI+VIII,0.04908726195533306
3609.8,0.071532,0.070168,0.07980614912070237,0.030255092719895325,-0.009638149120702377,0.0008319392957197378,-0.0,,I+VI+VIII,0.048719117105087306
3610.7,0.067915,0.06924764705882352,0.07928805076145426,0.030095333297900588,-0.010040403702630735,0.0008417452087120551,-0.0,,I+VI+VIII,0.04835097225484162
3611.6,0.074084,0.06870823529411764,0.07858832866451843,0.02993557387590577,-0.009880093370400786,0.000856311154353531,-0.0,,I+VI+VIII,0.04779644363425912
3612.5,0.068295,0.0685394705882353,0.07806766112735103,0.02977581445391096,-0.00952819053911573,0.000866053465330493,-0.0,,I+VI+VIII,0.04742579320810958
3613.4,0.073653,0.06806229411764707,0.07773067878363688,0.02961605503191614,-0.009668384665989807,0.0008729029687340838,-0.0,,I+VI+VIII,0.04724172078298665
3614.3,0.064045,0.0672274117647059,0.07691178759327197,0.029456295609921326,-0.009684375828566072,0.0008878682338469698,-0.0,,I+VI+VIII,0.04656762374950367
3615.2,0.065307,0.0660154705882353,0.07639562656586668,0.02929653618792659,-0.01038015597763138,0.0008996114786819847,-0.0,,I+VI+VIII,0.046199478899258115
3616.1,0.063549,0.06617529411764707,0.07587457179702949,0.029136776765931773,-0.009699277679382418,0.0009064609820855777,-0.0,,I+VI+VIII,0.045831334049012136
3617.0,0.065038,0.06597647058823529,0.07513876134434616,0.028977017343936956,-0.009162290756110872,0.0009184239429736469,-0.0,,I+VI+VIII,0.045243320057435546
3617.9,0.060494,0.06558923529411764,0.07453407892474118,0.02881725792194214,-0.008944843630623533,0.0009325457586328998,-0.0,,I+VI+VIII,0.044784275244166144
3618.8,0.063078,0.06565076470588235,0.0740128696680544,0.028657498499947323,-0.008362104962172046,0.0009392407741866917,-0.0,,I+VI+VIII,0.04441613039392038
3619.7,0.066121,0.0651409411764706,0.07341143161608342,0.02849773907795259,-0.008270490439612824,0.0009469342691065288,-0.0,,I+VI+VIII,0.043966758269024304
3620.6,0.063317,0.06503558823529412,0.0725290815004038,0.028337979655957773,-0.007493493265109674,0.0009606332759137156,-0.0,,I+VI+VIII,0.043230468568532306
3621.5,0.060383,0.06441000000000001,0.07184179858250034,0.028178220233962954,-0.007431798582500329,0.0009734207140633284,-0.0,,I+VI+VIII,0.04269015763447405
3622.4,0.062237,0.0642074705882353,0.07132234560873746,0.02801846081196814,-0.007114875020502162,0.0009818720125411209,-0.0,,I+VI+VIII,0.04232201278422819
3623.3,0.064162,0.064362,0.07080129083990036,0.027858701389973324,-0.006439290839900358,0.0009887215159447116,-0.0,,I+VI+VIII,0.04195386793398232
3624.3,0.06839,0.06419405882352942,0.06981903748672008,0.027681190921090212,-0.005624978663190658,0.0010020394527223938,-0.0,,I+VI+VIII,0.04113580711290747
3625.2,0.064949,0.06436188235294119,0.06908805920414654,0.027521431499095476,-0.004726176851205355,0.001011492663629561,-0.0,,I+VI+VIII,0.040555135041421504
3626.1,0.068961,0.06462817647058823,0.0685661482473839,0.027361672077100663,-0.003937971776795668,0.0010174859791077047,-0.0,,I+VI+VIII,0.04018699019117553
3627.0,0.065417,0.06449223529411764,0.06804863883918393,0.027201912655105843,-0.0035564035450662834,0.0010278808431484574,-0.0,,I+VI+VIII,0.03981884534092963
3627.9,0.066504,0.0646890588235294,0.0672202302315982,0.02704215323311103,-0.0025311714080687997,0.0010381456121578041,-0.0,,I+VI+VIII,0.03913993138632937
3628.8,0.063018,0.0646794705882353,0.06669831927483566,0.026882393811116213,-0.0020188486866003635,0.0010441389276359457,-0.0,,I+VI+VIII,0.0387717865360835
3629.7,0.060602,0.06521158823529412,0.06604621284261633,0.026722634389121477,-0.0008346246073222124,0.0010516640217651317,-0.0,,I+VI+VIII,0.03827191443172972
3630.6,0.067934,0.06581394117647059,0.06516043797523516,0.02656287496712666,0.0006535032012354308,0.001061938276870518,-0.0,,I+VI+VIII,0.03753562473123798
3631.5,0.060694,0.06580982352941177,0.06451770246635219,0.026403115545131844,0.0012921210630595786,0.0010687731445830765,-0.0,,I+VI+VIII,0.03704581377663727
3632.4,0.067891,0.06521823529411765,0.06399493532166421,0.026243356123137027,0.0012232999724534344,0.0010739102721357696,-0.0,,I+VI+VIII,0.03667766892639141
3633.3,0.065021,0.06500994117647059,0.06311453307935769,0.02608359670114221,0.0018954080971129023,0.001082642539743893,-0.0,,I+VI+VIII,0.03594829383847158
3634.2,0.060767,0.064906,0.06233483953101396,0.025923837279147474,0.0025711604689860473,0.0010911612346754535,-0.0,,I+VI+VIII,0.03531984101719103
3635.2,0.069467,0.06487858823529412,0.061753035828110064,0.025746326810264366,0.003125552407184054,0.0010959178342612814,-0.0,,I+VI+VIII,0.03491079118358442
3636.1,0.063154,0.06435411764705881,0.06096898315016332,0.02558656738826955,0.003385134496895495,0.0011032627829094788,-0.0,,I+VI+VIII,0.03427915297898428
3637.0,0.069429,0.06392288235294116,0.060091454966538525,0.02542680796627473,0.0038314273864026374,0.0011116837258799452,-0.0,,I+VI+VIII,0.033552963274383854
3637.9,0.072477,0.06408729411764706,0.05956697544599965,0.025267048544279917,0.004520318671647414,0.0011151084775817405,-0.0,,I+VI+VIII,0.033184818424137986
3638.8,0.064092,0.06352176470588235,0.05904365738499123,0.0251072891222851,0.004478107320891114,0.0011196946888139326,-0.0,,I+VI+VIII,0.0328166735738922
3639.7,0.058333,0.0637435294117647,0.058341222987855774,0.024947529700290363,0.005402306423908924,0.0011273917974846464,-0.0,,I+VI+VIII,0.032266301490080765
3640.6,0.061408,0.06358835294117647,0.05745150678308574,0.024787770278295547,0.006136846158090729,0.001133724715201024,-0.0,,I+VI+VIII,0.03153001178958917
3641.5,0.067194,0.06354576470588234,0.056856192157229646,0.024628010856300734,0.0066895725486526975,0.0011374804864827327,-0.0,,I+VI+VIII,0.03109070081444618
3642.4,0.064951,0.06359570588235293,0.05628833000122925,0.024468251434305914,0.007307375881123679,0.0011411079696084698,-0.0,,I+VI+VIII,0.030678970597314864
3643.3,0.057588,0.06303688235294116,0.05539741800629476,0.024308492012311098,0.007639464346646405,0.001146245097161167,-0.0,,I+VI+VIII,0.02994268089682249
3644.2,0.055687,0.06279241176470586,0.05466373814638821,0.024148732590316364,0.00812867361831765,0.001150277501072158,-0.0,,I+VI+VIII,0.029364728054999685
3645.2,0.063397,0.06223394117647058,0.05408003180365011,0.023971222121433253,0.00815390937282047,0.001153131460823654,-0.0,,I+VI+VIII,0.028955678221393208
3646.1,0.05832,0.061721705882352935,0.05324287851042983,0.023811462699438436,0.008478827371923105,0.001157875773656516,-0.0,,I+VI+VIII,0.028273540037334885
3647.0,0.064464,0.061353705882352935,0.052440872230101215,0.02365170327744362,0.00891283365225172,0.0011610186527902602,-0.0,,I+VI+VIII,0.027628150299867333
3647.9,0.065253,0.06131870588235294,0.0520987527588343,0.023491943855448803,0.009219953123518643,0.001162731028641158,-0.0,,I+VI+VIII,0.027444077874744344
3648.8,0.064297,0.061240588235294116,0.051494421710441204,0.023332184433453987,0.009746166524852912,0.0011652590280639625,-0.0,,I+VI+VIII,0.02699697824892326
3649.7,0.061616,0.060427352941176474,0.050600714840583066,0.023172425011459254,0.009826638100593407,0.0011676012806919223,-0.0,,I+VI+VIII,0.026260688548431894
3650.6,0.059967,0.060098823529411774,0.049995806365574276,0.023012665589464434,0.010103017163837498,0.0011686389692549387,-0.0,,I+VI+VIII,0.025814501806854906
3651.5,0.058998,0.0603344705882353,0.04946884365612333,0.02285290616746962,0.010865626932111974,0.0011695805320447491,-0.0,,I+VI+VIII,0.02544635695660896
3652.4,0.059935,0.060365,0.04884856641339035,0.022693146745474804,0.01151643358660965,0.001171292907895646,-0.0,,I+VI+VIII,0.024984126760019904
3653.3,0.063769,0.06031905882352941,0.04810498625825694,0.022533387323479988,0.012214072565272474,0.0011723007830139642,-0.0,,I+VI+VIII,0.024399298151762987
3654.2,0.057836,0.060167000000000005,0.047577081986016526,0.02237362790148525,0.01258991801398348,0.0011723007830139642,-0.0,,I+VI+VIII,0.024031153301517307
3655.2,0.057738,0.05945652941176471,0.0469919501992468,0.02219611743260214,0.01246457921251791,0.0011737292987338331,-0.0,,I+VI+VIII,0.023622103467910827
3656.1,0.06008,0.05868994117647059,0.04618003096630202,0.022036358010607323,0.01250991021016857,0.00117362133792652,-0.0,,I+VI+VIII,0.022970051617768175
3657.0,0.053369,0.05769782352941177,0.04583534293125882,0.02187659858861251,0.011862480598152945,0.001172765150001071,-0.0,,I+VI+VIII,0.02278597919264524
3657.9,0.059366,0.057196941176470596,0.045238333166106724,0.02171683916661769,0.011958608010363872,0.0011723007830139642,-0.0,,I+VI+VIII,0.02234919321647507
3658.8,0.061594,0.056564352941176475,0.044567084972831045,0.021557079744622874,0.01199726796834543,0.0011712502656353505,-0.0,,I+VI+VIII,0.021838754962572825
3659.7,0.056206,0.05595700000000001,0.04403812702118004,0.02139732032262814,0.011918872978819967,0.0011701965862247244,-0.0,,I+VI+VIII,0.021470610112327176
3660.6,0.062616,0.055324000000000005,0.04350915840896376,0.021237560900633324,0.011814841591036247,0.0011691322462490247,-0.0,,I+VI+VIII,0.021102465262081406
3661.5,0.055735,0.05451564705882353,0.04289102544864738,0.021077801478638507,0.011624621610176147,0.001166113138082659,-0.0,,I+VI+VIII,0.020647110831926222
3662.4,0.052386,0.05388158823529412,0.04213717675707347,0.02091804205664369,0.011744411478220647,0.001163728243194404,-0.0,,I+VI+VIII,0.020055406457235376
3663.3,0.052221,0.05359623529411765,0.04170729796624674,0.020758282634648875,0.011888937327870913,0.0011607731887622514,-0.0,,I+VI+VIII,0.019788242142835616
3664.3,0.047431,0.05282629411764707,0.04132240862080896,0.020580772165765763,0.01150388549683811,0.0011579192290107564,-0.0,,I+VI+VIII,0.019583717226032436
3665.2,0.053101,0.0523614705882353,0.04048538071820179,0.02042101274377103,0.01187608987003351,0.0011543010512935154,-0.0,,I+VI+VIII,0.01891006692313725
3666.1,0.049213,0.05144500000000001,0.040005420981953886,0.020261253321776213,0.011439579018046125,0.0011501334930998927,-0.0,,I+VI+VIII,0.01859403416707778
3667.0,0.048673,0.05035188235294119,0.039659876758985295,0.020101493899781397,0.010692005593955896,0.0011484211172489952,-0.0,,I+VI+VIII,0.018409961741954906
3667.9,0.049174,0.04930241176470589,0.039201789088888606,0.01994173447778658,0.010100622675817288,0.0011436531343479214,-0.0,,I+VI+VIII,0.01811640147675411
3668.8,0.050027,0.04771082352941177,0.038668320724429606,0.019781975055791764,0.009042502804982165,0.0011380890421296501,-0.0,,I+VI+VIII,0.01774825662650819
3669.7,0.047057,0.04696311764705883,0.03830447134063658,0.019622215633797027,0.008658646306422248,0.0011352803446078325,-0.0,,I+VI+VIII,0.017546975362231727
3670.7,0.052887,0.046396117647058824,0.03785755278222158,0.019444705164913915,0.008538564864837242,0.0011310165702972344,-0.0,,I+VI+VIII,0.017281831047010435
3671.6,0.046991,0.046067235294117645,0.03732279900657731,0.0192849457429191,0.008744436287540333,0.0011241670668936438,-0.0,,I+VI+VIII,0.01691368619676457
3672.5,0.045467,0.045683352941176474,0.03690768689048381,0.019125186320924286,0.008775666050692667,0.0011189640787313,-0.0,,I+VI+VIII,0.016663536490828218
3673.4,0.043786,0.044935352941176475,0.03655957410373881,0.018965426898929466,0.008375778837437668,0.0011146831391040557,-0.0,,I+VI+VIII,0.01647946406570528
3674.3,0.043011,0.044709058823529414,0.03603345735756325,0.018805667476934653,0.008675601465966166,0.0011077691302473888,-0.0,,I+VI+VIII,0.01612002075038121
3675.2,0.038365,0.04376570588235294,0.03554702382599087,0.018645908054939913,0.008218682056362073,0.0011005656599458497,-0.0,,I+VI+VIII,0.015800550111105108
3676.1,0.035559,0.04334105882352941,0.03519976722717133,0.0184861486329451,0.008141291596358083,0.0010971409082440543,-0.0,,I+VI+VIII,0.015616477685982172
3677.0,0.043024,0.042773117647058816,0.03474251445553809,0.018326389210950284,0.008030603191520727,0.0010897699405895717,-0.0,,I+VI+VIII,0.015326355303998233
3677.9,0.042747,0.04211817647058823,0.03420558935768206,0.018166629788955467,0.00791258711290617,0.001080749114974284,-0.0,,I+VI+VIII,0.014958210453752304
3678.9,0.04663,0.040601941176470584,0.03398154866732496,0.01798911932007236,0.006620392509145624,0.0010755123382412857,-0.0,,I+VI+VIII,0.014916917009011316
3679.8,0.040905,0.03996358823529411,0.03370128347085087,0.01782935989807754,0.006262304764443241,0.0010693695941645673,-0.0,,I+VI+VIII,0.014802553978608768
3680.7,0.040385,0.039231058823529404,0.03316310494350508,0.017669600476082806,0.006067953880024325,0.001059095339059186,-0.0,,I+VI+VIII,0.014434409128363086
3681.6,0.045366,0.038517764705882356,0.032855106633476586,0.01750984105408799,0.00566265807240577,0.0010498867790860805,-0.0,,I+VI+VIII,0.014295378800302514
3682.5,0.032636,0.03790747058823529,0.03254553905414025,0.01735008163209317,0.005361931534095039,0.0010433237557828997,-0.0,,I+VI+VIII,0.014152133666264183
3683.4,0.041955,0.03767623529411764,0.03217878057226951,0.017190322210098356,0.005497454721848136,0.0010369455758368425,-0.0,,I+VI+VIII,0.013951512786334308
3684.3,0.040372,0.03741147058823529,0.03173107470042871,0.01703056278810354,0.005680395887806576,0.0010266713207314595,-0.0,,I+VI+VIII,0.013673840591593711
3685.3,0.035923,0.036695058823529414,0.03144996660209707,0.016853052319220425,0.0052450922214323445,0.0010174503836616112,-0.0,,I+VI+VIII,0.013579463899215032
3686.2,0.027111,0.036192588235294115,0.031100141439501353,0.01669329289722569,0.005092446795792762,0.0010114570681834722,-0.0,,I+VI+VIII,0.013395391474092189
3687.1,0.036139,0.03498158823529411,0.030898539435729733,0.01653353347523088,0.004083048799564379,0.0010019344732595506,-0.0,,I+VI+VIII,0.013363071487239305
3688.0,0.033014,0.03450270588235294,0.030416873871254343,0.016373774053236062,0.004085832011098599,0.0009907974351333739,-0.0,,I+VI+VIII,0.013052302382884908
3688.9,0.03166,0.03404741176470589,0.03025112113378138,0.016214014631241242,0.003796290630924508,0.0009848041196552336,-0.0,,I+VI+VIII,0.013052302382884908
3689.8,0.032636,0.03322617647058824,0.03008268446353548,0.01605425520924643,0.003143492007052759,0.0009761268714041426,-0.0,,I+VI+VIII,0.013052302382884908
3690.7,0.034434,0.03301035294117647,0.02968869965483309,0.01589449578725169,0.0033216532863433804,0.0009641402404478621,-0.0,,I+VI+VIII,0.012830063627133537
3691.7,0.031058,0.032136,0.029414558343735096,0.015716985318368584,0.0027214416562649016,0.0009560397468360097,-0.0,,I+VI+VIII,0.012741533278530502
3692.6,0.030845,0.03146558823529411,0.029180274453382435,0.015557225896373764,0.0022853137819116784,0.0009486414050186707,-0.0,,I+VI+VIII,0.012674407151989999
3693.5,0.034205,0.030920117647058817,0.028763752150343845,0.015397466474378948,0.0021563654967149716,0.0009355215017887924,-0.0,,I+VI+VIII,0.012430764174176103
3694.4,0.026043,0.03066188235294117,0.02859454403463045,0.015237707052384135,0.00206733831831072,0.0009260728080702111,-0.0,,I+VI+VIII,0.012430764174176103
3695.3,0.032764,0.03029282352941176,0.02842793510923204,0.015077947630389317,0.0018648884201797195,0.0009192233046666224,-0.0,,I+VI+VIII,0.012430764174176103
3696.2,0.032645,0.029813588235294116,0.02825718699358444,0.014918188208394582,0.0015564012417096755,0.000908234611013758,-0.0,,I+VI+VIII,0.012430764174176103
3697.2,0.031405,0.02976170588235294,0.027755513233425837,0.01474067773951147,0.0020061926489271034,0.0008948404240926707,-0.0,,I+VI+VIII,0.012119995069821697
3698.1,0.028967,0.029023764705882353,0.027589760495952877,0.014580918317516652,0.0014340042099294757,0.0008888471086145287,-0.0,,I+VI+VIII,0.012119995069821697
3699.0,0.027091,0.028309058823529413,0.02741984471747489,0.014421158895521839,0.0008892141060545221,0.0008786907521313521,-0.0,,I+VI+VIII,0.012119995069821697
3699.9,0.028975,0.02808917647058824,0.027246386288672892,0.01426139947352702,0.0008427901819153469,0.0008649917453241736,-0.0,,I+VI+VIII,0.012119995069821697
3700.8,0.02665,0.027766411764705887,0.02692194148549478,0.014101640051532202,0.0008444702792111056,0.0008571282234257801,-0.0,,I+VI+VIII,0.011963173210536799
3701.7,0.022721,0.027229705882352944,0.02660054457588648,0.013941880629537468,0.0006291613064664629,0.0008494379808817224,-0.0,,I+VI+VIII,0.01180922596546729
3702.7,0.029865,0.027182470588235294,0.026408978242297543,0.013764370160654356,0.0007734923459377513,0.0008353821161758958,-0.0,,I+VI+VIII,0.01180922596546729
3703.6,0.024867,0.02673270588235294,0.026235519813495548,0.013604610738659543,0.0004971860688573922,0.0008216831093687143,-0.0,,I+VI+VIII,0.01180922596546729
3704.5,0.030778,0.026162411764705882,0.026067145932171045,0.013444851316664725,9.526583253483684e-05,0.0008130686500390286,-0.0,,I+VI+VIII,0.01180922596546729
3705.4,0.020091,0.025671764705882352,0.025900166958683295,0.013285091894669906,-0.00022840225280094245,0.0008058490985460975,-0.0,,I+VI+VIII,0.01180922596546729
3706.3,0.022284,0.02542241176470588,0.025649443561311158,0.013125332472675093,-0.00022703179660527734,0.0007921500917389206,-0.0,,I+VI+VIII,0.011731960996897143
3707.2,0.02732,0.02519764705882353,0.025244986048829757,0.012965573050680359,-4.733899000622724e-05,0.0007809561370365047,-0.0,,I+VI+VIII,0.011498456861112895
3708.2,0.025358,0.02513494117647059,0.025059865020609324,0.012788062581797247,7.507615586126518e-05,0.0007733455776991823,-0.0,,I+VI+VIII,0.011498456861112895
3709.1,0.025081,0.02499088235294118,0.024887854983156998,0.012628303159802429,0.00010302736978418103,0.0007610949622416737,-0.0,,I+VI+VIII,0.011498456861112895
3710.0,0.02524,0.024907,0.024715083167020757,0.012468543737807616,0.00019191683297924145,0.0007480825681002476,-0.0,,I+VI+VIII,0.011498456861112895
3710.9,0.025118,0.024205352941176473,0.024548474241622348,0.012308784315812797,-0.00034312130044587483,0.0007412330646966567,-0.0,,I+VI+VIII,0.011498456861112895
3711.8,0.02295,0.023717000000000002,0.024379043699542753,0.01214902489381798,-0.0006620436995427512,0.0007315619446118787,-0.0,,I+VI+VIII,0.011498456861112895
3712.7,0.023064,0.023109117647058825,0.02420655755041307,0.011989265471823246,-0.0010974399033542442,0.0007188352174769281,-0.0,,I+VI+VIII,0.011498456861112895
3713.7,0.024728,0.02333041176470588,0.024020016860162398,0.011811755002940133,-0.0006896050954565171,0.0007098049961093723,-0.0,,I+VI+VIII,0.011498456861112895
3714.6,0.02327,0.023158294117647058,0.02385240475752181,0.01165199558094532,-0.0006941106398747517,0.0007019523154635964,-0.0,,I+VI+VIII,0.011498456861112895
3715.5,0.027909,0.022883705882352938,0.023678946328719808,0.011492236158950501,-0.0007952404463668697,0.0006882533086564123,-0.0,,I+VI+VIII,0.011498456861112895
3716.4,0.024201,0.022691588235294116,0.023424683388138336,0.011332476736955683,-0.0007330951528442195,0.0006780847557640462,-0.0,,I+VI+VIII,0.011414121895418607
3717.3,0.021295,0.022450647058823527,0.023074858225542505,0.01117271731496087,-0.0006242111667189784,0.000672091440285906,-0.0,,I+VI+VIII,0.011230049470295727
3718.2,0.017937,0.022096470588235297,0.02286081144110022,0.011012957892966132,-0.0007643408528649233,0.0006601657913755989,-0.0,,I+VI+VIII,0.01118768775675849
3719.2,0.016565,0.021762000000000004,0.022669564563088405,0.010835447424083024,-0.0009075645630884019,0.000646429382246891,-0.0,,I+VI+VIII,0.01118768775675849
3720.1,0.020444,0.021312352941176473,0.022503811825615443,0.010675688002088205,-0.0011914588844389694,0.0006404360667687472,-0.0,,I+VI+VIII,0.01118768775675849
3721.0,0.023853,0.02086729411764706,0.022334172499079187,0.010515928580093389,-0.0014668783814321268,0.000630556162227309,-0.0,,I+VI+VIII,0.01118768775675849
3721.9,0.019358,0.020621411764705885,0.02216184463223763,0.010356169158098576,-0.0015404328675317457,0.0006179877173805679,-0.0,,I+VI+VIII,0.01118768775675849
3722.8,0.022652,0.020582647058823532,0.02199009857928653,0.010196409736103758,-0.0014074515204629996,0.0006060010864242853,-0.0,,I+VI+VIII,0.01118768775675849
3723.8,0.022092,0.019844764705882357,0.021804833362406288,0.010018899267220644,-0.0019600686565239313,0.0005982463384271566,-0.0,,I+VI+VIII,0.01118768775675849
3724.7,0.020985,0.019219411764705888,0.02163619658070591,0.009859139845225911,-0.0024167848160000227,0.0005893689787215112,-0.0,,I+VI+VIII,0.01118768775675849
3725.6,0.019219,0.019379000000000004,0.021464450527754808,0.009699380423231093,-0.0020854505277548042,0.0005773823477652239,-0.0,,I+VI+VIII,0.01118768775675849
3726.5,0.019432,0.019546470588235297,0.02116690098856632,0.00953962100123628,-0.0016204304003310244,0.0005696296776748423,-0.0,,I+VI+VIII,0.0110576503096552
3727.4,0.015306,0.019855882352941178,0.020820307819940993,0.009379861579241462,-0.0009644254669998152,0.00056352758829544,-0.0,,I+VI+VIII,0.01087691865240409
3728.3,0.015498,0.019737176470588234,0.020648561766989898,0.009220102157246649,-0.0009113852964016643,0.0005515409573391561,-0.0,,I+VI+VIII,0.01087691865240409
3729.3,0.020548,0.019407529411764705,0.020460375645623245,0.009042591688363535,-0.0010528462338585398,0.0005408653048556175,-0.0,,I+VI+VIII,0.01087691865240409
3730.2,0.022611,0.01925470588235294,0.020294622908150373,0.008882832266368802,-0.0010399170257974315,0.0005348719893774784,-0.0,,I+VI+VIII,0.01087691865240409
3731.1,0.015365,0.018687882352941176,0.020125648060055783,0.008723072844373984,-0.001437765707114607,0.0005256565632777087,-0.0,,I+VI+VIII,0.01087691865240409
3732.0,0.01357,0.018307470588235293,0.01995444443111064,0.008563313422379166,-0.0016469738428753454,0.0005142123563273825,-0.0,,I+VI+VIII,0.01087691865240409
3732.9,0.024008,0.017904294117647056,0.019788691693637683,0.008403554000384353,-0.0018843975759906262,0.0005082190408492389,-0.0,,I+VI+VIII,0.01087691865240409
3733.9,0.020784,0.018125294117647055,0.019602436399362162,0.00822604353150124,-0.0014771422817151068,0.0004994742154568338,-0.0,,I+VI+VIII,0.01087691865240409
3734.8,0.021825,0.01781223529411765,0.01919567435701997,0.008066284109506423,-0.001383439062902319,0.0004891999603514476,-0.0,,I+VI+VIII,0.010640190287162097
3735.7,0.018426,0.017991,0.018955019904289327,0.007906524687511688,-0.0009640199042893274,0.0004823456687279528,-0.0,,I+VI+VIII,0.010566149548049684
3736.6,0.018249,0.017900294117647056,0.018788793765452075,0.00774676526551687,-0.0008884996478050189,0.00047587895188552223,-0.0,,I+VI+VIII,0.010566149548049684
3737.5,0.01676,0.017686352941176466,0.018618760088351886,0.007587005843522057,-0.0009324071471754208,0.00046560469678014324,-0.0,,I+VI+VIII,0.010566149548049684
3738.5,0.013016,0.01706511764705882,0.018432573907061798,0.007409495374638944,-0.001367456260002977,0.00045692898437316886,-0.0,,I+VI+VIII,0.010566149548049684
3739.4,0.015625,0.016937058823529413,0.018267677357514285,0.007249735952644126,-0.0013306185339848724,0.0004517918568204741,-0.0,,I+VI+VIII,0.010566149548049684
3740.3,0.014131,0.01692570588235294,0.018098089813113803,0.007089976530649313,-0.0011723839307608633,0.00044231334965719844,-0.0,,I+VI+VIII,0.01056579993280729
3741.2,0.022976,0.01656388235294118,0.01761790514859149,0.006930217108654574,-0.0010540227956503112,0.00043230759624163684,-0.0,,I+VI+VIII,0.010255380443695278
3742.1,0.01411,0.016412705882352944,0.017450654601725686,0.006770457686659761,-0.0010379487193727423,0.00042481647137064456,-0.0,,I+VI+VIII,0.010255380443695278
3743.1,0.018345,0.01633758823529412,0.017267436213339583,0.006592947217776648,-0.0009298479780454616,0.0004191085518676546,-0.0,,I+VI+VIII,0.010255380443695278
3744.0,0.013956,0.01620794117647059,0.01709876148725495,0.006433187795781831,-0.0008908203107843571,0.0004101932477778407,-0.0,,I+VI+VIII,0.010255380443695278
3744.9,0.016911,0.016040529411764707,0.016921773884312853,0.006273428373787018,-0.0008812444725481462,0.00040164717868342237,-0.0,,I+VI+VIII,0.010246698331842411
3745.8,0.01205,0.015925823529411767,0.01657366109756786,0.0061136689517922,-0.0006478375681560934,0.000397366239056178,-0.0,,I+VI+VIII,0.010062625906719481
3746.8,0.013188,0.016243058823529413,0.01627056272360281,0.005936158482909087,-2.7503900073395926e-05,0.0003897929013528394,-0.0,,I+VI+VIII,0.009944611339340883
3747.7,0.013377,0.016480470588235294,0.01610160070432391,0.005776399060914353,0.0003788698839113855,0.00038059030406867295,-0.0,,I+VI+VIII,0.009944611339340883
3748.6,0.017857,0.016476117647058825,0.015936625736382465,0.005616639638919535,0.0005394919106763603,0.0003753747581220482,-0.0,,I+VI+VIII,0.009944611339340883
3749.5,0.018214,0.016021764705882353,0.015772185603570146,0.005456880216924722,0.0002495791023122071,0.00037069404730454155,-0.0,,I+VI+VIII,0.009944611339340883
3750.4,0.020548,0.016000588235294117,0.015512109724260112,0.005297120794929904,0.0004884785110340056,0.0003621321680500531,-0.0,,I+VI+VIII,0.009852856761280154
3751.4,0.016222,0.015615705882352941,0.01510872330030185,0.005119610326046791,0.0005069825820510909,0.0003552707392685851,-0.0,,I+VI+VIII,0.009633842234986475
3752.3,0.015403,0.015688529411764705,0.014945539126605244,0.004959850904051978,0.0007429902851594609,0.0003518459875667897,-0.0,,I+VI+VIII,0.009633842234986475
3753.2,0.01481,0.015281541176470587,0.014778101929506952,0.004800091482057239,0.0005034392469636349,0.00034416821246323787,-0.0,,I+VI+VIII,0.009633842234986475
3754.1,0.018409,0.015518835294117645,0.014584801056801986,0.004640332060062426,0.0009340342373156587,0.0003363234820693858,-0.0,,I+VI+VIII,0.009608145514670175
3755.1,0.019661,0.01579430588235294,0.014198960391446972,0.0044628215911793135,0.0015953454909059667,0.0003325182024007246,-0.0,,I+VI+VIII,0.009403620597866933
3756.0,0.014057,0.01563495294117647,0.013952339556692991,0.004303062169184495,0.0016826133844834792,0.00032620425687642684,-0.0,,I+VI+VIII,0.009323073130632069
3756.9,0.015252,0.015286482352941175,0.013785248195553119,0.004143302747189682,0.0015012341573880563,0.0003188723177313677,-0.0,,I+VI+VIII,0.009323073130632069
3757.8,0.01375,0.015278599999999998,0.013621632901377426,0.003983543325194865,0.0016569670986225724,0.00031501644555049184,-0.0,,I+VI+VIII,0.009323073130632069
3758.7,0.011802,0.014982541176470587,0.013457812346152263,0.0038237839032001304,0.001524728830318324,0.00031095531232006333,-0.0,,I+VI+VIII,0.009323073130632069
3759.7,0.015194,0.014660541176470589,0.013106002539583814,0.003646273434317018,0.0015545386368867754,0.00030334475298274364,-0.0,,I+VI+VIII,0.009156384352284051
3760.6,0.0099922,0.014466070588235295,0.012797397699682245,0.003486514012322205,0.00166867288855305,0.00029857966108236657,-0.0,,I+VI+VIII,0.009012304026277672
3761.5,0.016084,0.014391129411764706,0.012634213525985632,0.0033267545903273867,0.0017569158857790746,0.00029515490938057215,-0.0,,I+VI+VIII,0.009012304026277672
3762.4,0.017871,0.01379,0.012467877438778089,0.003166995168332569,0.0013221225612219112,0.00028857824416784767,-0.0,,I+VI+VIII,0.009012304026277672
3763.3,0.010668,0.013360294117647059,0.012301268513379685,0.003007235746337756,0.0010590256042673739,0.00028172874076425595,-0.0,,I+VI+VIII,0.009012304026277672
3764.3,0.011933,0.01346941176470588,0.012026004734540977,0.0028297252774546434,0.0014434070301649043,0.00027582712421450254,-0.0,,I+VI+VIII,0.008920452332871831
3765.2,0.01808,0.013487941176470588,0.011678748135721662,0.002669965855459909,0.0018091930407489257,0.0002724023725127099,-0.0,,I+VI+VIII,0.008736379907749043
3766.1,0.015515,0.013653470588235295,0.01147933075380163,0.002510206433465091,0.002174139834433665,0.0002675893984132737,-0.0,,I+VI+VIII,0.008701534921923266
3767.1,0.010748,0.01355164705882353,0.011295266657367607,0.0023326959645819786,0.002256380401455923,0.0002610357708623638,-0.0,,I+VI+VIII,0.008701534921923266
3768.0,0.012097,0.013480764705882354,0.011132938671596447,0.0021729365425871656,0.0023478260342859065,0.0002584672070860165,-0.0,,I+VI+VIII,0.008701534921923266
3768.9,0.013536,0.013415311764705883,0.010968276654480552,0.0020131771205923474,0.0024470351102253308,0.00025356461196494135,-0.0,,I+VI+VIII,0.008701534921923266
3769.8,0.0081898,0.013382782352941177,0.010544774475955586,0.0018534176985975296,0.002838007876985592,0.00024791559660117127,-0.0,,I+VI+VIII,0.008443441180756885
3770.7,0.012356,0.012816558823529414,0.010329403608532765,0.0016936582766027954,0.0024871552149966485,0.00024497951436110117,-0.0,,I+VI+VIII,0.008390765817568868
3771.7,0.015912,0.01287008823529412,0.010148320675880949,0.0015161478077196828,0.0027217675594131702,0.00024140705059239766,-0.0,,I+VI+VIII,0.008390765817568868
3772.6,0.015567,0.012818088235294116,0.009983424126333443,0.0013563883857248698,0.0028346641089606727,0.00023626992303970497,-0.0,,I+VI+VIII,0.008390765817568868
3773.5,0.016564,0.012537147058823528,0.009820046707308926,0.0011966289637300519,0.0027171003515146022,0.0002326519260100053,-0.0,,I+VI+VIII,0.008390765817568868
3774.4,0.010071,0.012472558823529411,0.009657718721537761,0.0010368695417352339,0.0028148401019916502,0.00023008336223365945,-0.0,,I+VI+VIII,0.008390765817568868
3775.4,0.013989,0.012582794117647058,0.009412129165371557,0.0008593590728521263,0.0031706649522755016,0.00022462424947822894,-0.0,,I+VI+VIII,0.008328145843041201
3776.3,0.0088795,0.01271120588235294,0.008999920701730679,0.0006995996508573083,0.003711285180622262,0.00022032433765890844,-0.0,,I+VI+VIII,0.008079996713214462
3777.2,0.015531,0.012226482352941177,0.0088375927159596,0.000539840228862574,0.003388889636981576,0.00021775577388256318,-0.0,,I+VI+VIII,0.008079996713214462
3778.1,0.0082452,0.012148182352941177,0.008673626887949282,0.000380080806867756,0.0034745554649918946,0.0002135493678670637,-0.0,,I+VI+VIII,0.008079996713214462
3779.1,0.011578,0.011981835294117647,0.008490615567488164,0.00020257033798464356,0.0034912197266294825,0.0002080485162890596,-0.0,,I+VI+VIII,0.008079996713214462
3780.0,0.011049,0.012193305882352942,0.008329143769642455,4.281091598983052e-05,0.0038641621127104876,0.00020633614043816243,-0.0,,I+VI+VIII,0.008079996713214462
3780.9,0.013304,0.012220188235294117,0.008166397401864037,-0.00011694850600498743,0.00405379083343008,0.00020334919465456107,-0.0,,I+VI+VIII,0.008079996713214462
3781.8,0.014417,0.011987305882352943,0.008002405012784805,-0.00027670792799980537,0.0039849008695681375,0.00019911622757014735,-0.0,,I+VI+VIII,0.008079996713214462
3782.8,0.012622,0.011852070588235295,0.007527061160253491,-0.0004542183968829129,0.004325009427981804,0.00019394964794784385,-0.0,,I+VI+VIII,0.007787329909188561
3783.7,0.01428,0.011976599999999999,0.0073473186612886985,-0.0006139778188776522,0.0046292813387113,0.0001920688713062934,-0.0,,I+VI+VIII,0.007769227608860056
3784.6,0.0052957,0.012163511764705882,0.007184947762225928,-0.0007737372408724652,0.004978564002479954,0.00018945739423833672,-0.0,,I+VI+VIII,0.007769227608860056
3785.6,0.0068587,0.011626641176470588,0.007002636063933714,-0.0009512477097555778,0.004624005112536874,0.00018465616482923482,-0.0,,I+VI+VIII,0.007769227608860056
3786.5,0.0095281,0.01184539411764706,0.0068406254558329195,-0.0011110071317503958,0.00500476866181414,0.0001824049787232595,-0.0,,I+VI+VIII,0.007769227608860056
3787.4,0.019507,0.011816629411764706,0.00667915365798721,-0.0012707665537452088,0.005137475753777496,0.00018069260287236223,-0.0,,I+VI+VIII,0.007769227608860056
3788.3,0.016024,0.011758276470588235,0.006514529043192848,-0.0014305259757400267,0.0052437474273953864,0.0001758274100728191,-0.0,,I+VI+VIII,0.007769227608860056
3789.2,0.012605,0.012206041176470589,0.006351873561248957,-0.001590285397734761,0.005854167615221632,0.00017293135012366108,-0.0,,I+VI+VIII,0.007769227608860056
3790.2,0.007772,0.01194680588235294,0.006172460452531513,-0.0017677958666178736,0.005774345429821427,0.0001710287102893299,-0.0,,I+VI+VIII,0.007769227608860056
3791.1,0.016106,0.011691576470588234,0.0060097359479458715,-0.0019275552886126915,0.005681840522642362,0.00016806362769850676,-0.0,,I+VI+VIII,0.007769227608860056
3792.0,0.012057,0.01176545882352941,0.0058386623978430585,-0.0020873147106075045,0.005926796425686352,0.0001647129578895961,-0.0,,I+VI+VIII,0.007761264150560967
3793.0,0.0064042,0.012214594117647058,0.005454724372322379,-0.002264825179490617,0.006759869745324679,0.00016281031805526547,-0.0,,I+VI+VIII,0.007556739233757731
3793.9,0.011964,0.012536788235294116,0.0051941737483444175,-0.002424584601485435,0.007342614486949698,0.00016029984532419395,-0.0,,I+VI+VIII,0.007458458504505658
3794.8,0.011089,0.012548647058823527,0.005030989574647808,-0.002584344023480248,0.007517657484175719,0.00015687509362239806,-0.0,,I+VI+VIII,0.007458458504505658
3795.7,0.010057,0.012371823529411763,0.0048691372488353065,-0.002744103445474987,0.007502686280576457,0.00015478218980463496,-0.0,,I+VI+VIII,0.007458458504505658
3796.7,0.020916,0.01200625294117647,0.004689380653097444,-0.002921613914358095,0.007316872288079026,0.00015253606294988098,-0.0,,I+VI+VIII,0.007458458504505658
3797.6,0.01001,0.011736123529411766,0.004526196479400836,-0.003081373336352908,0.007209927050010929,0.00014911131124808558,-0.0,,I+VI+VIII,0.007458458504505658
3798.5,0.0082831,0.012079829411764708,0.0043643281627406385,-0.003241132758347731,0.007715501249024069,0.00014700241658271098,-0.0,,I+VI+VIII,0.007458458504505658
3799.4,0.015536,0.011476511764705884,0.004203712552820376,-0.003400892180342544,0.007272799211885507,0.00014614622865726214,-0.0,,I+VI+VIII,0.007458458504505658
3300.5,0.16629,0.22693000000000002,0.20467717367097524,0.10205746127218214,0.022252826329024783,-0.0,-0.0,-0.015564675054988547,I+VI+VII+VIII,0.11818438745378164
3301.3,0.22759,0.22563,0.2044409991969857,0.10188841894950854,0.021189000803014307,-0.0,-0.0,-0.01563180720630449,I+VI+VII+VIII,0.11818438745378164
3302.2,0.22887,0.22751470588235295,0.2042093140289486,0.10169824633650083,0.023305391853404356,-0.0,-0.0,-0.01576785155528781,I+VI+VII+VIII,0.11827891924773559
3303.1,0.27494,0.22780882352941179,0.20413075609749537,0.10150807372349305,0.023678067431916416,-0.0,-0.0,-0.015876025259177716,I+VI+VII+VIII,0.11849870763318002
3303.9,0.23385,0.22780529411764708,0.20390124961971795,0.10133903140081943,0.023904044497929128,-0.0,-0.0,-0.0159364894142815,I+VI+VII+VIII,0.11849870763318002
3304.8,0.22333,0.2276335294117647,0.20382879304733664,0.10114885878781163,0.023804736364428064,-0.0,-0.0,-0.016046026863360114,I+VI+VII+VIII,0.11872596112288515
3305.7,0.18881,0.2224558823529412,0.20358964277503888,0.10095868617480394,0.018866239577902316,-0.0,-0.0,-0.01618207121234344,I+VI+VII+VIII,0.11881302781257838
3306.5,0.20236,0.22177529411764707,0.2035058039574053,0.10078964385213032,0.018269490160241764,-0.0,-0.0,-0.016247839618470667,I+VI+VII+VIII,0.11896399972374563
3307.4,0.20915,0.21870000000000003,0.20340261705966697,0.10059947123912254,0.01529738294033306,-0.0,-0.0,-0.01632420217143229,I+VI+VII+VIII,0.11912734799197673
3308.3,0.22483,0.2214970588235294,0.20307640009767575,0.10040929862611474,0.01842065872585366,-0.0,-0.0,-0.016460246520415705,I+VI+VII+VIII,0.11912734799197673
3309.2,0.25781,0.22061235294117645,0.20286058502918614,0.10021912601310705,0.017751767911990318,-0.0,-0.0,-0.016566747842047813,I+VI+VII+VIII,0.1192082068581269
3310.0,0.22088,0.22016176470588233,0.20279656812586205,0.10005008369043343,0.01736519658002028,-0.0,-0.0,-0.01662721199715156,I+VI+VII+VIII,0.11937369643258018
3310.9,0.23753,0.2149341176470588,0.2025631574203128,0.09985991107742564,0.012370960226745997,-0.0,-0.0,-0.016738421828487903,I+VI+VII+VIII,0.11944166817137507
3311.8,0.22813,0.21488470588235292,0.20253137988637307,0.09966973846441785,0.012353325995979852,-0.0,-0.0,-0.016874466177471313,I+VI+VII+VIII,0.11973610759942654
3312.6,0.20975,0.21589882352941173,0.20257238840239844,0.09950069614174432,0.013326435127013286,-0.0,-0.0,-0.01699539448767874,I+VI+VII+VIII,0.12006708674833287
3313.5,0.20168,0.21551411764705877,0.20231682683302482,0.09931052352873654,0.013197290814033952,-0.0,-0.0,-0.01706400522588349,I+VI+VII+VIII,0.12007030853017178
3314.4,0.1821,0.216795294117647,0.20215085890476103,0.09912035091572874,0.01464443521288597,-0.0,-0.0,-0.017152641485543508,I+VI+VII+VIII,0.12018314947457578
3315.2,0.21384,0.21535235294117644,0.2020623675068744,0.09895130859305522,0.013289985434302043,-0.0,-0.0,-0.017273569795750936,I+VI+VII+VIII,0.12038462870957013
3316.1,0.21255,0.21624470588235292,0.20186417489806163,0.09876113598004743,0.01438053098429129,-0.0,-0.0,-0.01737535543007267,I+VI+VII+VIII,0.12047839434808685
3317.0,0.22121,0.21261000000000002,0.20179215588182203,0.09857096336703965,0.010817844118177988,-0.0,-0.0,-0.01744337760456438,I+VI+VII+VIII,0.12066457011934675
3317.8,0.18607,0.21168764705882354,0.20184328200194446,0.09840192104436603,0.009844365056879079,-0.0,-0.0,-0.01751980954105315,I+VI+VII+VIII,0.12096117049863157
3318.7,0.23301,0.20701176470588234,0.20157955882885698,0.09821174843135833,0.0054322058770253645,-0.0,-0.0,-0.01764842506756117,I+VI+VII+VIII,0.12101623546505984
3319.6,0.24057,0.20402882352941176,0.2015075398126174,0.09802157581835054,0.002521283716794359,-0.0,-0.0,-0.017716447242052877,I+VI+VII+VIII,0.12120241123631974
3320.4,0.18227,0.20532529411764705,0.20146910602426302,0.09785253349567692,0.003856188093384033,-0.0,-0.0,-0.017791639845194707,I+VI+VII+VIII,0.1214082123737808
3321.3,0.22414,0.20564352941176473,0.20153212711977755,0.09766236088266914,0.004111402291987171,-0.0,-0.0,-0.017910797679192302,I+VI+VII+VIII,0.12178056391630071
3322.2,0.18462,0.2072135294117647,0.20143890099668194,0.09747218826966143,0.005774628415082778,-0.0,-0.0,-0.017989516879541412,I+VI+VII+VIII,0.12195622960656191
3323.1,0.24,0.20685411764705883,0.20118070620918244,0.09728201565665365,0.005673411437876391,-0.0,-0.0,-0.018057539054033123,I+VI+VII+VIII,0.12195622960656191
3323.9,0.19602,0.20628823529411763,0.20117300018988032,0.09711297333398003,0.005115235104237309,-0.0,-0.0,-0.018167578935549638,I+VI+VII+VIII,0.12222760579144994
3324.8,0.2052,0.20415235294117648,0.20125262785360648,0.09692280072097223,0.0028997250875699987,-0.0,-0.0,-0.018262586517029916,I+VI+VII+VIII,0.12259241364966417
3325.7,0.15804,0.2039123529411765,0.201180608837367,0.09673262810796454,0.002731744103809497,-0.0,-0.0,-0.01833060869152163,I+VI+VII+VIII,0.1227785894209241
3326.6,0.17742,0.1997288235294118,0.20115020601887068,0.09654245549495674,-0.001421382489458889,-0.0,-0.0,-0.018422589715697168,I+VI+VII+VIII,0.1230303402396111
3327.4,0.23179,0.19662588235294118,0.20120921597138705,0.09637341317228314,-0.004583333618445873,-0.0,-0.0,-0.01852551658941361,I+VI+VII+VIII,0.12336131938851752
3328.3,0.20709,0.19837882352941177,0.2012103129475607,0.09618324055927534,-0.0028314894181489247,-0.0,-0.0,-0.018603678329010154,I+VI+VII+VIII,0.12363075071729553
3329.2,0.20879,0.19716588235294116,0.20113829393132115,0.09599306794626765,-0.003972411578379992,-0.0,-0.0,-0.018671700503501826,I+VI+VII+VIII,0.12381692648855533
3330.0,0.20773,0.19891117647058823,0.20119745970516342,0.09582402562359403,-0.0022862832345751927,-0.0,-0.0,-0.01874924736149576,I+VI+VII+VIII,0.12412268144306515
3330.9,0.20293,0.19426764705882352,0.20125066183531914,0.09563385301058624,-0.006983014776495627,-0.0,-0.0,-0.018878224160852053,I+VI+VII+VIII,0.12449503298558494
3331.8,0.1849,0.19316235294117645,0.20131102781703064,0.09544368039757845,-0.00814867487585419,-0.0,-0.0,-0.018958900455173743,I+VI+VII+VIII,0.12482624787462593
3332.7,0.18199,0.19166882352941175,0.20126168285895496,0.09525350778457076,-0.009592859329543207,-0.0,-0.0,-0.019004248571501528,I+VI+VII+VIII,0.12501242364588575
3333.5,0.16189,0.19410823529411764,0.20125806977780003,0.09508446546189714,-0.0071498344836823935,-0.0,-0.0,-0.01908279072422968,I+VI+VII+VIII,0.12525639504013256
3334.4,0.18782,0.1977229411764706,0.2013303882659519,0.09489429284888935,-0.003607447089481297,-0.0,-0.0,-0.019192651165589814,I+VI+VII+VIII,0.12562874658265236
3335.3,0.21207,0.19474000000000002,0.20131860923714368,0.09470412023588155,-0.006578609237143651,-0.0,-0.0,-0.01925009594099503,I+VI+VII+VIII,0.12586458494225716
3336.1,0.20352,0.19336235294117649,0.20127474705218756,0.09453507791320803,-0.007912394111011078,-0.0,-0.0,-0.01929040537773084,I+VI+VII+VIII,0.12603007451671036
3337.0,0.21429,0.19282529411764707,0.20135691256642896,0.09434490530020025,-0.008531618448781891,-0.0,-0.0,-0.01937810137097128,I+VI+VII+VIII,0.1263901086372
3337.9,0.16106,0.19337294117647058,0.20145953012312443,0.09415473268719246,-0.008086588946653844,-0.0,-0.0,-0.01945766274378782,I+VI+VII+VIII,0.1267624601797198
3338.8,0.17723,0.1914464705882353,0.20159636093630862,0.09396456007418466,-0.010149890348073315,-0.0,-0.0,-0.01950301086011563,I+VI+VII+VIII,0.1271348117222396
3339.6,0.17981,0.19163470588235293,0.20169775704630433,0.09379551775151114,-0.010063051163951398,-0.0,-0.0,-0.019563551576352745,I+VI+VII+VIII,0.12746579087114596
3340.5,0.19951,0.19413117647058822,0.20178923974316076,0.09360534513850335,-0.007658063272572541,-0.0,-0.0,-0.019654247809008353,I+VI+VII+VIII,0.12783814241366576
3341.4,0.23887,0.19725235294117646,0.2019150888187727,0.09341517252549555,-0.004662735877596247,-0.0,-0.0,-0.019710577662908416,I+VI+VII+VIII,0.12821049395618556
3342.2,0.18108,0.19972529411764706,0.20203671620826974,0.09324613020282203,-0.0023114220906226834,-0.0,-0.0,-0.01975088709964423,I+VI+VII+VIII,0.12854147310509192
3343.1,0.18367,0.19703941176470588,0.20213008422303616,0.09305595758981425,-0.005090672458330281,-0.0,-0.0,-0.019839698014389815,I+VI+VII+VIII,0.12891382464761172
3344.0,0.19966,0.19837823529411766,0.2022338167012368,0.09286578497680645,-0.0038555814071191408,-0.0,-0.0,-0.019918144465701206,I+VI+VII+VIII,0.12928617619013155
3344.9,0.21704,0.19769647058823528,0.20237064751442102,0.09267561236379866,-0.004674176926185741,-0.0,-0.0,-0.019963492582029008,I+VI+VII+VIII,0.12965852773265138
3345.7,0.17018,0.19899294117647057,0.20249227490391802,0.09250657004112514,-0.0034993337274474567,-0.0,-0.0,-0.02000380201876482,I+VI+VII+VIII,0.1299895068815577
3346.6,0.1881,0.19915058823529413,0.202833996119627,0.09231639742811736,-0.0036834078843328566,-0.0,-0.0,-0.020077563885726204,I+VI+VII+VIII,0.13059516257723586
3347.5,0.22443,0.20098588235294118,0.20291404903497456,0.09212622481510956,-0.0019281666820333832,-0.0,-0.0,-0.020115038167990772,I+VI+VII+VIII,0.13090286238785578
3348.3,0.21495,0.20357294117647057,0.2028903415683863,0.09195718249243594,0.0006825996080842556,-0.0,-0.0,-0.020135192886358688,I+VI+VII+VIII,0.13106835196230904
3349.2,0.22986,0.2015370588235294,0.20335214001517626,0.09176700987942825,-0.0018150811916468612,-0.0,-0.0,-0.020218436371184735,I+VI+VII+VIII,0.13180356650693276
3350.1,0.16641,0.20325352941176472,0.20370339917335645,0.09157683726642045,-0.00044986976159172576,-0.0,-0.0,-0.020257102136087852,I+VI+VII+VIII,0.13238366404302385
3351.0,0.22628,0.20418,0.20367672827344463,0.09138666465341266,0.000503271726555371,-0.0,-0.0,-0.020279776194251756,I+VI+VII+VIII,0.13256983981428372
3351.8,0.2027,0.20404823529411764,0.2038959701709819,0.09121762233073905,0.00015226512313573637,-0.0,-0.0,-0.020333622596387116,I+VI+VII+VIII,0.13301197043662996
3352.7,0.1831,0.20383294117647058,0.20438933308249663,0.09102744971773136,-0.0005563919060260492,-0.0,-0.0,-0.02039479015690395,I+VI+VII+VIII,0.13375667352166923
3353.6,0.17991,0.2056276470588235,0.2045980253466959,0.09083727710472356,0.0010296217121275875,-0.0,-0.0,-0.02044013827323176,I+VI+VII+VIII,0.13420088651520412
3354.5,0.21101,0.20582176470588232,0.20475668804557665,0.09064710449171577,0.0010650766603056694,-0.0,-0.0,-0.02046365450386308,I+VI+VII+VIII,0.13457323805772395
3355.3,0.24349,0.20529764705882347,0.204955624360814,0.09047806216904215,0.00034202269800948093,-0.0,-0.0,-0.02048751525959471,I+VI+VII+VIII,0.13496507745136654
3356.2,0.20426,0.20520588235294113,0.2054648067165179,0.09028788955603446,-0.0002589243635767735,-0.0,-0.0,-0.020532863375922507,I+VI+VII+VIII,0.13570978053640595
3357.1,0.21026,0.20344941176470585,0.20581861327522458,0.09009771694302667,-0.002369201510518726,-0.0,-0.0,-0.020556664318268664,I+VI+VII+VIII,0.13627756065046656
3358.0,0.19942,0.2052505882352941,0.2060007922047365,0.08990754433001888,-0.0007502039694423923,-0.0,-0.0,-0.020556664318268664,I+VI+VII+VIII,0.1366499121929863
3358.8,0.19742,0.20266941176470585,0.2063836987409342,0.08973850200734526,-0.0037142869762283592,-0.0,-0.0,-0.020587307911912576,I+VI+VII+VIII,0.13723250464550155
3359.7,0.21338,0.20394941176470582,0.20693059223990917,0.08954832939433757,-0.002981180475203349,-0.0,-0.0,-0.02059494488496935,I+VI+VII+VIII,0.13797720773054095
3360.6,0.20069,0.20576588235294113,0.20709505733564068,0.08935815678132977,-0.0013291749826995491,-0.0,-0.0,-0.020617334231418417,I+VI+VII+VIII,0.13835423478572934
3361.5,0.1914,0.2070770588235294,0.2073727322584754,0.08916798416832199,-0.00029567343494601994,-0.0,-0.0,-0.020633225451670036,I+VI+VII+VIII,0.13883797354182348
3362.3,0.21552,0.20626823529411764,0.20799369441669743,0.08899894184564837,-0.0017254591225797922,-0.0,-0.0,-0.020633225451670036,I+VI+VII+VIII,0.1396279780227191
3363.2,0.21339,0.20439647058823532,0.20853709029109757,0.08880876923264067,-0.004140619702862253,-0.0,-0.0,-0.020644556499413436,I+VI+VII+VIII,0.14037287755787034
3364.1,0.2,0.20398470588235296,0.2086965951624457,0.08861859661963288,-0.004711889280092751,-0.0,-0.0,-0.020667230557577337,I+VI+VII+VIII,0.14074522910039014
3365.0,0.19703,0.2035135294117647,0.20917663890361105,0.08842842400662508,-0.005663109491846341,-0.0,-0.0,-0.02067150601837072,I+VI+VII+VIII,0.14141972091535668
3365.8,0.1824,0.2031570588235294,0.2099796687446301,0.08825938168395148,-0.006822609921100675,-0.0,-0.0,-0.02067123326933297,I+VI+VII+VIII,0.1423915203300116
3366.7,0.22446,0.2047735294117647,0.2101845217323059,0.08806920907094377,-0.005410992320541208,-0.0,-0.0,-0.02064855921116908,I+VI+VII+VIII,0.1427638718725312
3367.6,0.21398,0.20605352941176466,0.21062311799891548,0.08787903645793599,-0.0045695885871508135,-0.0,-0.0,-0.020633225451670036,I+VI+VII+VIII,0.14337730699264953
3368.5,0.2022,0.20726823529411761,0.21137142686154636,0.08768886384492819,-0.004103191567428749,-0.0,-0.0,-0.020633225451670036,I+VI+VII+VIII,0.14431578846828824
3369.3,0.19726,0.2088911764705882,0.2117786152844674,0.08751982152225458,-0.002887438813879206,-0.0,-0.0,-0.02062133694317405,I+VI+VII+VIII,0.14488013070538686
3370.2,0.21167,0.20914058823529408,0.21216964404340302,0.08732964890924688,-0.0030290558081089436,-0.0,-0.0,-0.02059866288501016,I+VI+VII+VIII,0.1454386580191663
3371.1,0.19726,0.2101811764705882,0.21269736416805157,0.0871394762962391,-0.002516187697463368,-0.0,-0.0,-0.02059494488496935,I+VI+VII+VIII,0.14615283275678184
3372.0,0.20225,0.21238529411764703,0.21366620051674978,0.0869493036832313,-0.0012809063991027492,-0.0,-0.0,-0.020549965219096043,I+VI+VII+VIII,0.14726686205261452
3372.8,0.19336,0.21311764705882352,0.21441854359157336,0.08678026136055768,-0.00130089653274984,-0.0,-0.0,-0.02051401976696409,I+VI+VII+VIII,0.14815230199797977
3373.7,0.2249,0.21516941176470586,0.21480957235050896,0.08659008874754999,0.0003598394141968997,-0.0,-0.0,-0.0204913457088002,I+VI+VII+VIII,0.1487108293117592
3374.6,0.23514,0.21606117647058823,0.21549362423439428,0.08639991613454219,0.0005675522361939522,-0.0,-0.0,-0.020457240116405307,I+VI+VII+VIII,0.1495509482162574
3375.5,0.22134,0.21716588235294118,0.21622009527500663,0.0862097435215344,0.0009457870779345512,-0.0,-0.0,-0.0204118920000775,I+VI+VII+VIII,0.15042224375354973
3376.4,0.21899,0.21867176470588237,0.21666807863667198,0.0860195709085266,0.002003686069210392,-0.0,-0.0,-0.0203665438837497,I+VI+VII+VIII,0.15101505161189507
3377.2,0.21976,0.2192423529411765,0.21704500833934104,0.08585052858585308,0.0021973446018354603,-0.0,-0.0,-0.02032623444701389,I+VI+VII+VIII,0.15152071420050184
3378.1,0.23108,0.22023764705882354,0.21802505249089826,0.0856603559728453,0.0022125945679252745,-0.0,-0.0,-0.020273072310008314,I+VI+VII+VIII,0.1526377688280613
3379.0,0.23747,0.2202294117647059,0.21889811641290713,0.08547018335983751,0.001331295351798767,-0.0,-0.0,-0.02020469843281004,I+VI+VII+VIII,0.15363263148587963
3379.9,0.20948,0.22095235294117646,0.21947532094310285,0.08528001074682971,0.0014770319980736135,-0.0,-0.0,-0.020182024374646137,I+VI+VII+VIII,0.15437733457091926
3380.7,0.21728,0.2238029411764706,0.22022124092393114,0.08511096842415619,0.003581700252539455,-0.0,-0.0,-0.02012590267132754,I+VI+VII+VIII,0.1552361751711025
3381.6,0.23962,0.22425823529411762,0.22123881917113836,0.0849207958111484,0.0030194161229792627,-0.0,-0.0,-0.020035206438671932,I+VI+VII+VIII,0.1563532297986619
3382.5,0.23276,0.2241541176470588,0.2217488667862041,0.0847306231981406,0.0024052508608547185,-0.0,-0.0,-0.019982623295237683,I+VI+VII+VIII,0.15700086688330117
3383.4,0.2278,0.22467647058823528,0.22225445399395646,0.08454045058513282,0.0024220165942788197,-0.0,-0.0,-0.019930375106762082,I+VI+VII+VIII,0.15764437851558571
3384.2,0.20696,0.22457529411764707,0.2231589679914736,0.0843714082624593,0.001416326126173456,-0.0,-0.0,-0.019849756233290466,I+VI+VII+VIII,0.15863731596230476
3385.1,0.22859,0.22633647058823528,0.22402920320190478,0.08418123564945151,0.002307267386330497,-0.0,-0.0,-0.019775056492444893,I+VI+VII+VIII,0.15962302404489817
3386.0,0.19712,0.22689823529411765,0.22462908179026442,0.08399106303644371,0.002269153503853233,-0.0,-0.0,-0.019729708376117087,I+VI+VII+VIII,0.1603677271299378
3386.9,0.21454,0.2244929411764706,0.22550650124089722,0.08380089042343593,-0.0010135600644266274,-0.0,-0.0,-0.019654228668725005,I+VI+VII+VIII,0.16135983948618632
3387.8,0.24182,0.22483470588235296,0.2265612786287959,0.08361071781042814,-0.0017265727464429448,-0.0,-0.0,-0.01952633329537801,I+VI+VII+VIII,0.16247689411374577
3388.6,0.23264,0.2253664705882353,0.22710554643775746,0.08344167548775461,-0.0017390758495221537,-0.0,-0.0,-0.01948386100662361,I+VI+VII+VIII,0.16314773195662646
3389.5,0.23337,0.22386176470588237,0.22778726580098457,0.08325150287474682,-0.003925501095102202,-0.0,-0.0,-0.019422482902989896,I+VI+VII+VIII,0.16395824582922763
3390.4,0.23022,0.22447588235294116,0.22885019216451988,0.08306133026173904,-0.004374309811578714,-0.0,-0.0,-0.019286438554006458,I+VI+VII+VIII,0.1650753004567873
3391.3,0.21727,0.22355176470588234,0.22959600807153366,0.08287115764873124,-0.0060442433656513195,-0.0,-0.0,-0.019194694390837447,I+VI+VII+VIII,0.16591954481363988
3392.2,0.2497,0.22553882352941174,0.23000971088863317,0.08268098503572355,-0.004470887359221437,-0.0,-0.0,-0.019149346274509666,I+VI+VII+VIII,0.16647807212741927
3393.0,0.24063,0.22600882352941176,0.23108134936727923,0.08251194271304993,-0.005072525837867464,-0.0,-0.0,-0.019046543812634934,I+VI+VII+VIII,0.16761595046686423
3393.9,0.19658,0.22778529411764706,0.23220203206377815,0.08232177010004213,-0.004416737946131094,-0.0,-0.0,-0.018910499463651576,I+VI+VII+VIII,0.16879076142738758
3394.8,0.21529,0.22919411764705885,0.23316684726971149,0.08213159748703434,-0.003972729622652632,-0.0,-0.0,-0.018785106682352587,I+VI+VII+VIII,0.16982035646502974
3395.7,0.22632,0.22790823529411763,0.23360322414497492,0.08194142487402664,-0.0056949888508572855,-0.0,-0.0,-0.018717084507860915,I+VI+VII+VIII,0.1703788837788092
3396.6,0.21404,0.22825235294117646,0.23433300891608627,0.08175125226101886,-0.00608065597490981,-0.0,-0.0,-0.018617208116803393,I+VI+VII+VIII,0.17119896477187083
3397.4,0.2432,0.22792,0.23527783235033978,0.08158220993834524,-0.007357832350339766,-0.0,-0.0,-0.0184962798065959,I+VI+VII+VIII,0.17219190221859043
3398.3,0.21209,0.22820352941176472,0.23592167068958925,0.08139203732533745,-0.007718141277824525,-0.0,-0.0,-0.018405734303671692,I+VI+VII+VIII,0.1729353676679235
3399.2,0.24074,0.2286158823529412,0.23635804756485268,0.08120186471232975,-0.007742165211911484,-0.0,-0.0,-0.018337712129180023,I+VI+VII+VIII,0.17349389498170292
3400.1,0.23658,0.22825647058823528,0.23741499629924026,0.08101169209932196,-0.009158525711004978,-0.0,-0.0,-0.018196801363154783,I+VI+VII+VIII,0.1746001055630731
3400.9,0.22732,0.22744588235294116,0.23827839780090404,0.08084264977664835,-0.010832515447962876,-0.0,-0.0,-0.01805610353278182,I+VI+VII+VIII,0.17549185155703753
3401.8,0.23849,0.2289541176470588,0.23871477467616764,0.08065247716364056,-0.009760657029108832,-0.0,-0.0,-0.017988081358290116,I+VI+VII+VIII,0.17605037887081723
3402.7,0.21996,0.22936529411764706,0.2394599636923739,0.08046230455063286,-0.01009466957472685,-0.0,-0.0,-0.017886532584974902,I+VI+VII+VIII,0.17688419172671596
3403.6,0.23849,0.23189176470588233,0.24052289005590893,0.08027213193762507,-0.008631125350026608,-0.0,-0.0,-0.01775048823599149,I+VI+VII+VIII,0.17800124635427536
3404.5,0.22772,0.2340370588235294,0.24095015741232922,0.08008195932461727,-0.006913098588799821,-0.0,-0.0,-0.01765093005214467,I+VI+VII+VIII,0.17851912813985663
3405.3,0.23504,0.23197882352941177,0.24119679800270272,0.07991291700194365,-0.009217974473290952,-0.0,-0.0,-0.017570076710201953,I+VI+VII+VIII,0.178853957710961
3406.2,0.22428,0.23245764705882352,0.24219976779201702,0.07972274438893596,-0.009742120733193499,-0.0,-0.0,-0.01743403236121861,I+VI+VII+VIII,0.17991105576429967
3407.1,0.24359,0.23250411764705883,0.24275080032410273,0.07953257177592817,-0.0102466826770439,-0.0,-0.0,-0.017319542363823093,I+VI+VII+VIII,0.18053777091199766
3408.0,0.22685,0.23355941176470588,0.24300100142810646,0.07934239916292038,-0.009441589663400585,-0.0,-0.0,-0.017251520189331383,I+VI+VII+VIII,0.18091012245451746
3408.9,0.22222,0.2351558823529412,0.243790565526728,0.0791522265499126,-0.008634683173786822,-0.0,-0.0,-0.017112236347390918,I+VI+VII+VIII,0.18175057532420633
3409.8,0.22228,0.23656176470588236,0.24457118576327824,0.0789620539369048,-0.008009421057395882,-0.0,-0.0,-0.01696641609868632,I+VI+VII+VIII,0.18257554792505978
3410.6,0.26927,0.23907764705882353,0.24481988742244828,0.07879301161423127,-0.005742240363624751,-0.0,-0.0,-0.01690188941844151,I+VI+VII+VIII,0.18292876522665852
3411.5,0.25051,0.23969470588235292,0.24507967063080427,0.07860283900122349,-0.0053849647484513485,-0.0,-0.0,-0.016824285139597543,I+VI+VII+VIII,0.18330111676917832
3412.4,0.20821,0.2419623529411765,0.24552183307155356,0.07841266638821569,-0.003559480130377074,-0.0,-0.0,-0.016674785171418835,I+VI+VII+VIII,0.1837839518547567
3413.3,0.22023,0.24287117647058823,0.24623723284007415,0.0782224937752079,-0.0033660563694859202,-0.0,-0.0,-0.01651391587493003,I+VI+VII+VIII,0.18452865493979628
3414.2,0.24153,0.24472588235294118,0.2465466021794629,0.0780323211622002,-0.0018207198265217106,-0.0,-0.0,-0.016419257603620944,I+VI+VII+VIII,0.18493353862088363
3415.0,0.25452,0.2455035294117647,0.2466035135863463,0.0778632788395266,-0.0010999841745815975,-0.0,-0.0,-0.0163587934485172,I+VI+VII+VIII,0.18509902819533688
3415.9,0.25446,0.2466994117647059,0.2471744245291541,0.0776731062265188,-0.0004750127644482238,-0.0,-0.0,-0.016235740566857837,I+VI+VII+VIII,0.18573705886949315
3416.8,0.26239,0.2478594117647059,0.2474750463107327,0.07748293361351101,0.00038436545397321775,-0.0,-0.0,-0.01610790739943172,I+VI+VII+VIII,0.18610002009665344
3417.7,0.26273,0.24974058823529413,0.2475390716434765,0.07729276100050331,0.002201516591817637,-0.0,-0.0,-0.01603988522494005,I+VI+VII+VIII,0.18628619586791323
3418.6,0.24898,0.24817705882352942,0.24771301606260732,0.07710258838749552,0.00046404276092210095,-0.0,-0.0,-0.01594244922000972,I+VI+VII+VIII,0.1865528768951215
3419.4,0.26627,0.24781117647058823,0.2479958811990477,0.0769335460648219,-0.00018470472845946717,-0.0,-0.0,-0.015821520909802225,I+VI+VII+VIII,0.18688385604402805
3420.3,0.25049,0.24895,0.2480353451730848,0.07674337345181412,0.0009146548269152177,-0.0,-0.0,-0.015728535020750826,I+VI+VII+VIII,0.18702050674202148
3421.2,0.25581,0.24988058823529413,0.24791319473456874,0.07655320083880642,0.0019673935007253895,-0.0,-0.0,-0.015660512846259154,I+VI+VII+VIII,0.18702050674202148
3422.1,0.25681,0.24895764705882353,0.24816962558426436,0.07636302822579863,0.0007880214745591696,-0.0,-0.0,-0.01552822956295411,I+VI+VII+VIII,0.18733482692141984
3423.0,0.24718,0.24895882352941176,0.248098055737037,0.07617285561279083,0.0008607677923747614,-0.0,-0.0,-0.015409626797173682,I+VI+VII+VIII,0.18733482692141984
3423.9,0.24194,0.24810529411764704,0.24797590529852093,0.07598268299978304,0.00012938881912610833,-0.0,-0.0,-0.015341604622681974,I+VI+VII+VIII,0.18733482692141984
3424.8,0.25426,0.24774470588235292,0.24789239909208916,0.07579251038677524,-0.00014769320973623268,-0.0,-0.0,-0.015234938216105923,I+VI+VII+VIII,0.18733482692141984
3425.6,0.24269,0.24659647058823525,0.24781649338819844,0.07562346806410172,-0.001220022799963194,-0.0,-0.0,-0.015141801597323114,I+VI+VII+VIII,0.18733482692141984
3426.5,0.24429,0.24721588235294117,0.24769958738732034,0.07543329545109394,-0.0004837050343791671,-0.0,-0.0,-0.01506853498519342,I+VI+VII+VIII,0.18733482692141984
3427.4,0.22757,0.24479941176470588,0.24758290628477164,0.07524312283808614,-0.0027834945200657657,-0.0,-0.0,-0.014995043474734354,I+VI+VII+VIII,0.18733482692141984
3428.3,0.23605,0.24484705882352942,0.24751806424714184,0.07505295022507835,-0.002671005423612427,-0.0,-0.0,-0.01486971289935634,I+VI+VII+VIII,0.18733482692141984
3429.2,0.22584,0.24504882352941174,0.24733669634350824,0.07486277761207066,-0.0022878728140965088,-0.0,-0.0,-0.014787907328316979,I+VI+VII+VIII,0.18726182605975455
3430.1,0.25454,0.2440541176470588,0.24702837013373224,0.07467260499906286,-0.0029742524866734343,-0.0,-0.0,-0.014719885153825274,I+VI+VII+VIII,0.18707565028849465
3430.9,0.23995,0.2434694117647059,0.24668427297807113,0.07450356267638925,-0.0032148612133652277,-0.0,-0.0,-0.014619104384379427,I+VI+VII+VIII,0.1867998146860613
3431.8,0.25626,0.24325411764705884,0.2462238478790051,0.07431339006338146,-0.0029697302319462437,-0.0,-0.0,-0.01451700532791786,I+VI+VII+VIII,0.1864274631435415
3432.7,0.24321,0.24260823529411768,0.2461131057281864,0.07412321745037376,-0.0035048704340687187,-0.0,-0.0,-0.014390760804009872,I+VI+VII+VIII,0.1863806490818225
3433.6,0.25951,0.2440588235294118,0.24578210546024654,0.07393304483736597,-0.0017232819308347358,-0.0,-0.0,-0.014345412687682068,I+VI+VII+VIII,0.1861944733105626
3434.5,0.22519,0.24458294117647061,0.24527709394814046,0.07374287222435817,-0.0006941527716698426,-0.0,-0.0,-0.014266329821949269,I+VI+VII+VIII,0.18580055154573152
3435.3,0.2513,0.24486882352941178,0.24470328169167924,0.07357382990168457,0.00016554183773254127,-0.0,-0.0,-0.014164297756479417,I+VI+VII+VIII,0.1852937495464741
3436.2,0.25924,0.24473352941176474,0.24432506570246354,0.07338365728867687,0.0004084637093011989,-0.0,-0.0,-0.01408658342100622,I+VI+VII+VIII,0.1850279918347929
3437.1,0.2399,0.24631235294117654,0.2440167394926876,0.07319348467566908,0.0022956134484889423,-0.0,-0.0,-0.014018561246514512,I+VI+VII+VIII,0.18484181606353303
3438.0,0.23724,0.24573352941176477,0.24325133568328108,0.07300331206266128,0.0024821937284836837,-0.0,-0.0,-0.013928671298295031,I+VI+VII+VIII,0.18417669491891484
3438.9,0.23828,0.24770647058823536,0.2428070841236461,0.0728131394496535,0.0048993864645892615,-0.0,-0.0,-0.013810398702402428,I+VI+VII+VIII,0.18380434337639504
3439.8,0.24328,0.24785294117647066,0.24228990808444628,0.0726229668366457,0.005563033092024383,-0.0,-0.0,-0.013765050586074624,I+VI+VII+VIII,0.1834319918338752
3440.7,0.26735,0.24779411764705891,0.24181877399684604,0.072432794223638,0.005975343650212878,-0.0,-0.0,-0.013673660518147605,I+VI+VII+VIII,0.1830596402913556
3441.5,0.2532,0.24636411764705887,0.24120894772224477,0.07226375190096439,0.005155169924814101,-0.0,-0.0,-0.013577782053774877,I+VI+VII+VIII,0.18252297787505525
3442.4,0.23243,0.24808470588235298,0.2406124241896373,0.0720735792879566,0.007472281692715688,-0.0,-0.0,-0.013503144518850208,I+VI+VII+VIII,0.1820419894205309
3443.3,0.23375,0.2484752941176471,0.24011094858355717,0.0718834066749488,0.008364345534089934,-0.0,-0.0,-0.013434670155164342,I+VI+VII+VIII,0.18166221206377273
3444.2,0.25268,0.2469423529411765,0.2392747410461812,0.07169323406194111,0.007667611894995291,-0.0,-0.0,-0.013336001994493368,I+VI+VII+VIII,0.18091750897873346
3445.1,0.2447,0.2473088235294118,0.23856931928231323,0.07150306144893331,0.008739504247098573,-0.0,-0.0,-0.01323003660079501,I+VI+VII+VIII,0.18029629443417491
3446.0,0.27349,0.2480035294117647,0.23805214324311347,0.07131288883592553,0.009951386168651238,-0.0,-0.0,-0.013184688484467204,I+VI+VII+VIII,0.17992394289165511
3446.8,0.25875,0.24790470588235294,0.23744252412976796,0.07114384651325191,0.010462181752584981,-0.0,-0.0,-0.013096107253121794,I+VI+VII+VIII,0.17939478486963786
3447.7,0.24221,0.24709352941176468,0.23661248933377246,0.07095367390024421,0.01048104007799222,-0.0,-0.0,-0.012991266351070332,I+VI+VII+VIII,0.1786500817845986
3448.6,0.2352,0.24572764705882352,0.23606341596945463,0.07076350128723642,0.009664231089368897,-0.0,-0.0,-0.012919705616694225,I+VI+VII+VIII,0.17821962029891242
3449.5,0.25444,0.24491176470588236,0.23551449019508494,0.07057332867422864,0.009397274510797415,-0.0,-0.0,-0.0128481544524598,I+VI+VII+VIII,0.1777893159733161
3450.4,0.25794,0.24565764705882354,0.23456845211260766,0.07038315606122084,0.01108919494621588,-0.0,-0.0,-0.012743332690691635,I+VI+VII+VIII,0.17692862874207846
3451.3,0.23318,0.24656999999999998,0.23370291408218347,0.07019298344821305,0.012867085917816518,-0.0,-0.0,-0.012649674499187568,I+VI+VII+VIII,0.17615960513315795
3452.2,0.24613,0.24573941176470585,0.23318573804298393,0.07000281083520535,0.01255367372172192,-0.0,-0.0,-0.012604326382859785,I+VI+VII+VIII,0.17578725359063835
3453.1,0.24905,0.24570588235294116,0.2324491401242097,0.06981263822219756,0.013256742228731466,-0.0,-0.0,-0.012488321910544211,I+VI+VII+VIII,0.17512482381255637
3453.9,0.2366,0.24338882352941174,0.23143233060886015,0.06964359589952394,0.011956492920551592,-0.0,-0.0,-0.012367393600336717,I+VI+VII+VIII,0.17415612830967292
3454.8,0.22949,0.2425894117647059,0.2306288680611277,0.06945342328651614,0.011960543703578186,-0.0,-0.0,-0.012278845864487182,I+VI+VII+VIII,0.17345429063909873
3455.7,0.24413,0.24229705882352942,0.23013436608009208,0.06926325067350846,0.012162692743437342,-0.0,-0.0,-0.012210823689995506,I+VI+VII+VIII,0.17308193909657912
3456.6,0.23933,0.24238058823529413,0.22933726056429832,0.06907307806050066,0.013043327670995808,-0.0,-0.0,-0.012112382820189286,I+VI+VII+VIII,0.17237656532398696
3457.5,0.24511,0.2411564705882353,0.2283906201508724,0.06888290544749287,0.012765850437362919,-0.0,-0.0,-0.01197633847120592,I+VI+VII+VIII,0.17148405317458543
3458.4,0.24926,0.24037058823529414,0.22782274129889138,0.06869273283448507,0.012547846936402762,-0.0,-0.0,-0.01189191546641833,I+VI+VII+VIII,0.17102192393082463
3459.2,0.23856,0.24005117647058827,0.22738318398241508,0.06852369051181156,0.012667992488173185,-0.0,-0.0,-0.011831451311314582,I+VI+VII+VIII,0.1706909447819181
3460.1,0.24413,0.2391194117647059,0.22624408305506072,0.06833351789880376,0.012875328709645195,-0.0,-0.0,-0.011736443729834305,I+VI+VII+VIII,0.16964700888609124
3461.0,0.2341,0.23749,0.2254772929367339,0.06814334528579598,0.012012707063266098,-0.0,-0.0,-0.011618845828929827,I+VI+VII+VIII,0.16895279347986777
3461.9,0.24516,0.23603588235294118,0.2247966151844381,0.06795317267278818,0.01123926716850307,-0.0,-0.0,-0.011550823654438118,I+VI+VII+VIII,0.16839426616608805
3462.8,0.23724,0.2360023529411765,0.22404706748716505,0.06776300005978039,0.01195528545401145,-0.0,-0.0,-0.011443152382986134,I+VI+VII+VIII,0.16772721981037078
3463.7,0.23662,0.23457764705882356,0.2229731666911054,0.06757282744677269,0.011604480367718162,-0.0,-0.0,-0.011307108034002764,I+VI+VII+VIII,0.16670744727833545
3464.6,0.23363,0.23243882352941178,0.2224073336739149,0.0673826548337649,0.010031489855496872,-0.0,-0.0,-0.01123191543086094,I+VI+VII+VIII,0.16625659427101094
3465.5,0.24458,0.23184000000000002,0.22185005191926968,0.0671924822207571,0.009989948080730338,-0.0,-0.0,-0.011149861036137996,I+VI+VII+VIII,0.16580743073465057
3466.3,0.22775,0.23086411764705886,0.2210465086456418,0.0670234398980835,0.009817609001417066,-0.0,-0.0,-0.0110289327259305,I+VI+VII+VIII,0.16505200147348875
3467.2,0.23029,0.2302094117647059,0.22015065355727392,0.0668332672850758,0.01005875820743199,-0.0,-0.0,-0.010920565226671751,I+VI+VII+VIII,0.16423795149886988
3468.1,0.22135,0.2279494117647059,0.21965615157623802,0.06664309467206801,0.008293260188467877,-0.0,-0.0,-0.010852543052180044,I+VI+VII+VIII,0.16386559995635006
3469.0,0.21188,0.22649352941176473,0.21867539898838229,0.06645292205906021,0.007818130423382447,-0.0,-0.0,-0.010735641379082388,I+VI+VII+VIII,0.16295811830840445
3469.9,0.22892,0.22539117647058826,0.21783339065785526,0.06626274944605243,0.007557785812733003,-0.0,-0.0,-0.010601657003094568,I+VI+VII+VIII,0.1621722982148974
3470.8,0.21991,0.22401647058823532,0.2171527129055595,0.06607257683304463,0.006863757682675831,-0.0,-0.0,-0.010533634828602863,I+VI+VII+VIII,0.1616137709011177
3471.7,0.20297,0.2232970588235294,0.21643162829380155,0.06588240422003694,0.006865430529727851,-0.0,-0.0,-0.010442350032234272,I+VI+VII+VIII,0.1609915741059989
3472.6,0.23493,0.22212823529411763,0.21544742661893737,0.06569223160702914,0.006680808675180255,-0.0,-0.0,-0.010306305683250859,I+VI+VII+VIII,0.1600615006951591
3473.5,0.23267,0.22017941176470587,0.21451964541627522,0.06550205899402135,0.005659766348430656,-0.0,-0.0,-0.010170261334267445,I+VI+VII+VIII,0.1591878477565213
3474.3,0.22743,0.21826058823529412,0.21389209485939992,0.06533301667134774,0.004368493375894206,-0.0,-0.0,-0.01009684159987094,I+VI+VII+VIII,0.15865591978792315
3475.2,0.20571,0.21806470588235294,0.2132102202362287,0.06514284405834003,0.004854485646124229,-0.0,-0.0,-0.010028130375178664,I+VI+VII+VIII,0.15809550655306734
3476.1,0.20935,0.21754823529411765,0.21234958568189055,0.06495267144533225,0.005198649612227102,-0.0,-0.0,-0.009892086026195249,I+VI+VII+VIII,0.15728900026275355
3477.0,0.22642,0.21737823529411765,0.21139618022801604,0.06476249883232446,0.00598205506610161,-0.0,-0.0,-0.009777933376293792,I+VI+VII+VIII,0.15641161477198537
3477.9,0.21387,0.21612117647058823,0.21090167824698014,0.06457232621931666,0.005219498223608093,-0.0,-0.0,-0.009709911201802085,I+VI+VII+VIII,0.15603926322946557
3478.8,0.22439,0.21529705882352942,0.20994974645932163,0.06438215360630888,0.005347312364207796,-0.0,-0.0,-0.00962752424465594,I+VI+VII+VIII,0.1551951170976687
3479.7,0.21376,0.21492529411764705,0.20876901256634706,0.06419198099330117,0.006156281551299991,-0.0,-0.0,-0.009501030897064472,I+VI+VII+VIII,0.15407806247011036
3480.6,0.21145,0.21293470588235291,0.20823745271968064,0.06400180838029339,0.004697253162672277,-0.0,-0.0,-0.00942928354492562,I+VI+VII+VIII,0.15366492788431288
3481.5,0.19513,0.21193411764705883,0.20756908580066996,0.06381163576728559,0.004365031846388867,-0.0,-0.0,-0.00934378389919959,I+VI+VII+VIII,0.15310123393258399
3482.3,0.22696,0.21060470588235294,0.20651435382395994,0.06364259344461198,0.004090352058393004,-0.0,-0.0,-0.00923653610651681,I+VI+VII+VIII,0.15210829648586477
3483.2,0.21257,0.20990235294117648,0.2056281718569407,0.06345242083160428,0.004274181084235773,-0.0,-0.0,-0.009156213907437125,I+VI+VII+VIII,0.15133196493277354
3484.1,0.20899,0.2090435294117647,0.20513366987590478,0.0632622482185965,0.0039098595358599275,-0.0,-0.0,-0.009088191732945419,I+VI+VII+VIII,0.1509596133902537
3485.0,0.20755,0.20769529411764706,0.20411864411752445,0.0630720756055887,0.003576650000122611,-0.0,-0.0,-0.008967844808844714,I+VI+VII+VIII,0.15001441332078047
3485.9,0.2059,0.20673647058823533,0.20294887860604105,0.06288190299258091,0.003787591982194277,-0.0,-0.0,-0.008875586250560629,I+VI+VII+VIII,0.14894256186402074
3486.8,0.19665,0.20468000000000003,0.2022682008537452,0.06269173037957311,0.002411799146254834,-0.0,-0.0,-0.008807564076068924,I+VI+VII+VIII,0.14838403455024102
3487.7,0.20109,0.2030370588235294,0.2013771284655793,0.06250155776656542,0.0016599303579500901,-0.0,-0.0,-0.00873063927728393,I+VI+VII+VIII,0.1476062099762978
3488.6,0.21566,0.2016847058823529,0.20038969979244542,0.06231138515355762,0.0012950060899074856,-0.0,-0.0,-0.00861507024641456,I+VI+VII+VIII,0.14669338488530234
3489.5,0.20483,0.20130352941176466,0.1996581181975424,0.06212121254054983,0.0016454112142222643,-0.0,-0.0,-0.0085429065931129,I+VI+VII+VIII,0.14607981225010547
3490.4,0.19377,0.1993847058823529,0.1989465355927372,0.06193103992754204,0.00043817028961570803,-0.0,-0.0,-0.008496831146017786,I+VI+VII+VIII,0.14551232681121296
3491.2,0.19475,0.1994235294117647,0.19786517469681625,0.06176199760486852,0.0015583547149484456,-0.0,-0.0,-0.00841621227254617,I+VI+VII+VIII,0.14451938936449388
3492.1,0.2035,0.19905235294117646,0.19676472543774684,0.06157182499186073,0.002287627503429618,-0.0,-0.0,-0.008330427915105335,I+VI+VII+VIII,0.14352332836099146
3493.0,0.19757,0.1983129411764706,0.19608404768545104,0.06138165237885294,0.002228893491019568,-0.0,-0.0,-0.00826240574061363,I+VI+VII+VIII,0.14296480104721174
3493.9,0.18943,0.19761705882352942,0.19492353650229444,0.061191479765845144,0.002693522321234987,-0.0,-0.0,-0.00818240414128,I+VI+VII+VIII,0.1419144608777293
3494.8,0.18583,0.19683764705882356,0.19358941045726571,0.06100130715283735,0.0032482366015578468,-0.0,-0.0,-0.008091707908624408,I+VI+VII+VIII,0.14067981121305276
3495.7,0.18846,0.19592764705882354,0.19233478550041627,0.060811134539829656,0.0035928615584072676,-0.0,-0.0,-0.008039105624906832,I+VI+VII+VIII,0.13956275658549347
3496.6,0.18865,0.19420647058823529,0.19162913522364475,0.06062096192682186,0.0025773353645905384,-0.0,-0.0,-0.007993757508579028,I+VI+VII+VIII,0.1390019308054019
3497.5,0.19434,0.19267823529411765,0.19076793627162428,0.06043078931381407,0.0019102990224933725,-0.0,-0.0,-0.007934460910759666,I+VI+VII+VIII,0.13827160786856987
3498.4,0.21323,0.19138588235294118,0.18937884348522296,0.06024061670080628,0.0020070388677182194,-0.0,-0.0,-0.00784376467810406,I+VI+VII+VIII,0.13698199146252074
3499.3,0.20268,0.19068470588235292,0.1883243184177007,0.060050444087798485,0.002360387464652225,-0.0,-0.0,-0.007795193816567145,I+VI+VII+VIII,0.13606906814646935
3500.2,0.19498,0.18909470588235291,0.18759829254907745,0.0598602714747908,0.0014964133332754648,-0.0,-0.0,-0.0077725197584032546,I+VI+VII+VIII,0.13551054083268993
3501.1,0.19407,0.18794823529411764,0.18637933709691792,0.059670098861783004,0.001568898197199714,-0.0,-0.0,-0.007690455793538655,I+VI+VII+VIII,0.13439969402867358
3501.9,0.1834,0.1871264705882353,0.18504917426026354,0.059501056539109386,0.002077296327971767,-0.0,-0.0,-0.0076501463568028226,I+VI+VII+VIII,0.13319826407795696
3502.8,0.18562,0.18649529411764706,0.18434582244980385,0.05931088392610159,0.0021494716678432113,-0.0,-0.0,-0.007604798240475018,I+VI+VII+VIII,0.13263973676417726
3503.7,0.1864,0.18530882352941175,0.18322982717882816,0.0591207113130939,0.0020789963505835896,-0.0,-0.0,-0.0075594501241472364,I+VI+VII+VIII,0.1316685659898815
3504.6,0.17885,0.18380235294117647,0.18181868525939693,0.058930538700086105,0.001983667681779544,-0.0,-0.0,-0.007514102007819432,I+VI+VII+VIII,0.13040224856713026
3505.5,0.1718,0.18228882352941175,0.18082080765468547,0.05874036608707831,0.0014680158747262806,-0.0,-0.0,-0.007485872482413092,I+VI+VII+VIII,0.12956631405002025
3506.4,0.18283,0.17964,0.17988528680301413,0.05855019347407052,-0.00024528680301413863,-0.0,-0.0,-0.0074616863418645075,I+VI+VII+VIII,0.1287967796708081
3507.3,0.17647,0.17775117647058825,0.1785405450214807,0.05836002086106273,-0.0007893685508924553,-0.0,-0.0,-0.007416338225536703,I+VI+VII+VIII,0.1275968623859547
3508.2,0.17808,0.17637882352941178,0.17724996977374868,0.05816984824805503,-0.0008711462443369011,-0.0,-0.0,-0.00737956974122071,I+VI+VII+VIII,0.12645969126691436
3509.1,0.17546,0.17475294117647058,0.17652394390512507,0.05797967563504724,-0.0017710027286544916,-0.0,-0.0,-0.007356895683056807,I+VI+VII+VIII,0.12590116395313464
3510.0,0.1751,0.17375941176470586,0.17517117335149493,0.05778950302203945,-0.0014117615867890732,-0.0,-0.0,-0.007318574443253999,I+VI+VII+VIII,0.12470024477270947
3510.9,0.16829,0.17156470588235292,0.17353857183758675,0.05759933040903166,-0.001973865955233828,-0.0,-0.0,-0.0072732670000283176,I+VI+VII+VIII,0.12321250842858342
3511.8,0.16304,0.16977705882352936,0.17281254596896317,0.05740915779602387,-0.0030354871454338073,-0.0,-0.0,-0.007250592941864413,I+VI+VII+VIII,0.12265398111480372
3512.7,0.16861,0.16878235294117647,0.17180180168150916,0.057218985183016165,-0.003019448740332692,-0.0,-0.0,-0.007220810660971294,I+VI+VII+VIII,0.12180362715946429
3513.6,0.1682,0.16732294117647056,0.17014628701966436,0.05702881257000838,-0.0028233458431937974,-0.0,-0.0,-0.007196746539729066,I+VI+VII+VIII,0.12031422098938505
3514.4,0.17057,0.16547882352941173,0.16867664096648533,0.05685977024733476,-0.0031978174370735912,-0.0,-0.0,-0.007173433674608343,I+VI+VII+VIII,0.11899030439375892
3515.3,0.17165,0.16377529411764702,0.16763566076591585,0.05666959763432697,-0.0038603666482688315,-0.0,-0.0,-0.00715846597302838,I+VI+VII+VIII,0.11812452910461727
3516.2,0.16643,0.16194529411764705,0.16688696083912855,0.05647942502131927,-0.004941666721481497,-0.0,-0.0,-0.00715846597302838,I+VI+VII+VIII,0.11756600179083765
3517.1,0.16651,0.1601382352941176,0.1652627537824975,0.05628925240831148,-0.005124518488379887,-0.0,-0.0,-0.007120185406327693,I+VI+VII+VIII,0.1160936867805137
3518.0,0.14831,0.15852529411764704,0.16380827877255652,0.05609907979530369,-0.005282984654909478,-0.0,-0.0,-0.007113534157863451,I+VI+VII+VIII,0.11482273313511628
3518.9,0.15601,0.15746470588235292,0.162896077132673,0.055908907182295894,-0.005431371250320088,-0.0,-0.0,-0.007090860099699547,I+VI+VII+VIII,0.11407803005007666
3519.8,0.16194,0.15656176470588234,0.16174486770611435,0.05571873456928811,-0.005183103000232003,-0.0,-0.0,-0.007081904839627006,I+VI+VII+VIII,0.11310803797645325
3520.7,0.14699,0.15487176470588235,0.1601888252596525,0.055528561956280406,-0.005317060553770153,-0.0,-0.0,-0.007047399693817189,I+VI+VII+VIII,0.1117076629971893
3521.6,0.15148,0.15343470588235292,0.1591957253271094,0.05533838934327262,-0.005761019444756488,-0.0,-0.0,-0.007043624272926319,I+VI+VII+VIII,0.1109009602567631
3522.5,0.14751,0.15127941176470588,0.15809072383196274,0.05514821673026483,-0.006811312067256853,0.0,-0.0,-0.007043624272926319,I+VI+VII+VIII,0.10998613137462422
3523.4,0.14697,0.1494470588235294,0.15657166653853727,0.054958044117257035,-0.0071246077150078635,0.0,-0.0,-0.007026197044935833,I+VI+VII+VIII,0.10863981946621606
3524.3,0.14474,0.14801176470588234,0.15548641826147278,0.05476787150424924,-0.0074746535555904325,0.0,-0.0,-0.007005343706225633,I+VI+VII+VIII,0.10772389046344917
3525.2,0.14768,0.14626176470588234,0.15455154256342588,0.05457769889124155,-0.008289777857543534,0.0,-0.0,-0.007005343706225633,I+VI+VII+VIII,0.10697918737840996
3526.1,0.15026,0.14547823529411763,0.15298515833494483,0.054387526278233754,-0.007506923040827201,0.0,-0.0,-0.007005343706225633,I+VI+VII+VIII,0.1056029757629367
3527.0,0.14769,0.14409,0.15173883062913562,0.05419735366522596,-0.007648830629135628,0.0,-0.0,-0.007005343706225633,I+VI+VII+VIII,0.10454682067013528
3527.9,0.13988,0.14176411764705885,0.1508039549310882,0.05400718105221817,-0.00903983728402935,0.0,-0.0,-0.007005343706225633,I+VI+VII+VIII,0.10380211758509567
3528.8,0.14377,0.14144705882352943,0.14953670667009078,0.053817008439210376,-0.008089647846561354,0.0,-0.0,-0.006983791747173138,I+VI+VII+VIII,0.10270348997805355
3529.7,0.13393,0.14059941176470586,0.14810885011877523,0.05362683582620268,-0.007509438354069364,0.0,-0.0,-0.006967063139524946,I+VI+VII+VIII,0.10144907743209748
3530.6,0.1405,0.13912117647058822,0.14709464786545207,0.05343666321319489,-0.007973471394863846,0.0,-0.0,-0.006967063139524946,I+VI+VII+VIII,0.10062504779178211
3531.4,0.14203,0.13871,0.14626364724496535,0.053267620890521276,-0.00755364724496535,0.0,-0.0,-0.006967063139524946,I+VI+VII+VIII,0.09996308949396902
3532.3,0.13676,0.1378594117647059,0.14490766108656927,0.053077448277513484,-0.007048249321863376,0.0,-0.0,-0.006967063139524946,I+VI+VII+VIII,0.09879727594858075
3533.2,0.13499,0.13679176470588233,0.14345093531067593,0.05288727566450579,-0.006659170604793596,0.0,-0.0,-0.006967063139524946,I+VI+VII+VIII,0.09753072278569508
3534.1,0.13241,0.13554764705882355,0.14251605961262853,0.052697103051497995,-0.006968412553804981,0.0,-0.0,-0.006967063139524946,I+VI+VII+VIII,0.09678601970065548
3535.0,0.1224,0.13375529411764706,0.14138140024489151,0.0525069304384902,-0.007626106127244459,0.0,-0.0,-0.0069393575793753335,I+VI+VII+VIII,0.09581382738577664
3535.9,0.1416,0.13293647058823532,0.140084748010875,0.05231675782548241,-0.007148277422639682,0.0,-0.0,-0.006928782572824261,I+VI+VII+VIII,0.09469677275821684
3536.8,0.13707,0.1313394117647059,0.13850704825593563,0.05212658521247462,-0.007167636491229729,0.0,-0.0,-0.006928782572824261,I+VI+VII+VIII,0.09330924561628527
3537.7,0.12238,0.12961117647058826,0.13775834832914835,0.05193641259946692,-0.008147171858560093,0.0,-0.0,-0.006928782572824261,I+VI+VII+VIII,0.09275071830250567
3538.6,0.13998,0.1284694117647059,0.13679170664797036,0.05174623998645913,-0.00832229488326447,0.0,-0.0,-0.006928782572824261,I+VI+VII+VIII,0.09197424923433549
3539.5,0.13028,0.12760529411764707,0.1353059162829396,0.051556067373451336,-0.00770062216529252,0.0,-0.0,-0.006904019831239748,I+VI+VII+VIII,0.09065386874072799
3540.4,0.12953,0.1260894117647059,0.13429324839789325,0.051365894760443544,-0.008203836633187356,0.0,-0.0,-0.006890502006123574,I+VI+VII+VIII,0.08981785564357327
3541.3,0.12911,0.12489529411764708,0.13353694585176637,0.05117572214743575,-0.008641651734119293,0.0,-0.0,-0.006890502006123574,I+VI+VII+VIII,0.08925172571045419
3542.2,0.11722,0.12423764705882355,0.13222971861119984,0.050985549534428055,-0.007992071552376287,0.0,-0.0,-0.006890502006123574,I+VI+VII+VIII,0.08813467108289536
3543.1,0.12596,0.1242158823529412,0.1311115642660322,0.05079537692142026,-0.006895681913091006,0.0,-0.0,-0.006883125819427435,I+VI+VII+VIII,0.08719931316403937
3544.0,0.11662,0.12218235294117649,0.1303855383974086,0.05060520430841247,-0.00820318545623211,0.0,-0.0,-0.006860451761263533,I+VI+VII+VIII,0.08664078585025967
3544.9,0.10455,0.1208629411764706,0.12928927799439394,0.05041503169540468,-0.008426336817923333,0.0,-0.0,-0.0068522214394228865,I+VI+VII+VIII,0.08572646773841212
3545.8,0.12109,0.1206364705882353,0.12798205075382668,0.050224859082396885,-0.007345580165591378,0.0,-0.0,-0.0068522214394228865,I+VI+VII+VIII,0.08460941311085268
3546.7,0.12734,0.11853705882352944,0.12722621968664238,0.05003468646938919,-0.008689160863112944,0.0,-0.0,-0.006830710153472524,I+VI+VII+VIII,0.08402224337072571
3547.6,0.11099,0.11665176470588239,0.12634883737758867,0.049844513856381396,-0.009697072671706289,0.0,-0.0,-0.006813940872722201,I+VI+VII+VIII,0.08331826439392946
3548.5,0.11469,0.11560000000000002,0.12504161013702145,0.04965434124337361,-0.009441610137021425,0.0,-0.0,-0.006813940872722201,I+VI+VII+VIII,0.08220120976637003
3549.4,0.12123,0.11412647058823532,0.12406690097587583,0.04946416863036582,-0.009940430387640517,0.0,-0.0,-0.006800968545681504,I+VI+VII+VIII,0.08140370089119152
3550.3,0.12203,0.11348235294117648,0.12334087510725222,0.049273996017358025,-0.009858522166075745,0.0,-0.0,-0.006778294487517602,I+VI+VII+VIII,0.0808451735774118
3551.2,0.10703,0.11257176470588237,0.12211774175528275,0.04908382340435033,-0.009545977049400384,0.0,-0.0,-0.006773861119386593,I+VI+VII+VIII,0.07980777947031903
3552.1,0.11464,0.11178647058823529,0.12125574964307764,0.04889365079134254,-0.00946927905484235,0.0,-0.0,-0.006737379739320827,I+VI+VII+VIII,0.07909947859105594
3553.0,0.11853,0.11137729411764707,0.12050704971629014,0.048703478178334744,-0.009129755598643069,0.0,-0.0,-0.006737379739320827,I+VI+VII+VIII,0.07854095127727623
3553.9,0.10429,0.1106484705882353,0.11949805091832491,0.04851330556532695,-0.008849580330089604,0.0,-0.0,-0.006714377903804552,I+VI+VII+VIII,0.0776991232568025
3554.8,0.09823,0.10897017647058824,0.11845300090985957,0.04832313295231916,-0.009482824439271328,0.0,-0.0,-0.006699099172620141,I+VI+VII+VIII,0.07682896713016055
3555.7,0.11165,0.10816229411764705,0.11725033228254439,0.04813296033931146,-0.009088038164897339,0.0,-0.0,-0.006661962237849651,I+VI+VII+VIII,0.07577933418108258
3556.6,0.10406,0.10720029411764706,0.11669227337042662,0.04794278772630367,-0.009491979252779559,0.0,-0.0,-0.006638716363720657,I+VI+VII+VIII,0.0753882020078436
3557.5,0.10627,0.10572405882352941,0.11593258271763462,0.04775261511329588,-0.010208523894105218,0.0,-0.0,-0.006622538039218769,I+VI+VII+VIII,0.07480250564355752
3558.4,0.11048,0.10438623529411765,0.11481011826802273,0.047562442500288085,-0.010423882973905077,0.0,-0.0,-0.006602479022267599,I+VI+VII+VIII,0.07385015479000225
3559.3,0.10327,0.10363641176470588,0.11412976254014023,0.04737226988728029,-0.010493350775434354,0.0,-0.0,-0.006570694189228936,I+VI+VII+VIII,0.07332818684208887
3560.2,0.097594,0.1025515882352941,0.11358991244277691,0.0471820972742726,-0.01103832420748281,0.0,-0.0,-0.006548020131065051,I+VI+VII+VIII,0.07295583529956937
3561.1,0.1087,0.10098258823529412,0.11241459403643039,0.046991924661264804,-0.011432005801136277,0.0,-0.0,-0.006507696339116709,I+VI+VII+VIII,0.07193036571428231
3562.0,0.098809,0.10065052941176471,0.11156725170985446,0.04680175204825701,-0.010916722298089751,0.0,-0.0,-0.006502672014737248,I+VI+VII+VIII,0.07126817167633469
3562.9,0.097256,0.10031747058823529,0.11102740161249075,0.04661157943524922,-0.010709931024255465,0.0,-0.0,-0.006479997956573344,I+VI+VII+VIII,0.07089582013381487
3563.8,0.098336,0.09980276470588235,0.11030107161579851,0.046421406822241426,-0.010498306909916155,0.0,-0.0,-0.006445232024402851,I+VI+VII+VIII,0.07032489681795993
3564.7,0.096134,0.09884170588235294,0.10941154403407952,0.04623123420923373,-0.010569838151726574,0.0,-0.0,-0.006399883908075079,I+VI+VII+VIII,0.06958019373292085
3565.6,0.099287,0.09815970588235294,0.1088174915283039,0.04604106159622594,-0.010657785645950962,0.0,-0.0,-0.0063736952153809635,I+VI+VII+VIII,0.06915012514745893
3566.4,0.094283,0.0970790588235294,0.10832168506070512,0.04587201927355233,-0.011242626237175729,0.0,-0.0,-0.006352506921712131,I+VI+VII+VIII,0.06880217270886493
3567.3,0.096198,0.09630747058823529,0.10743215747898525,0.045681846660544534,-0.011124686890749969,0.0,-0.0,-0.006307158805384311,I+VI+VII+VIII,0.06805746962382503
3568.2,0.091857,0.09599782352941176,0.10666756478826853,0.04549167404753684,-0.010669741258856766,0.0,-0.0,-0.0062699118139845685,I+VI+VII+VIII,0.06744580255471626
3569.2,0.098645,0.09482523529411764,0.10606773134675337,0.04528037114419487,-0.011242496052635734,0.0,-0.0,-0.006244718416024679,I+VI+VII+VIII,0.06703207861858318
3570.1,0.092568,0.09414094117647057,0.10525509812795411,0.04509019853118708,-0.011114156951483545,0.0,-0.0,-0.006204356343509629,I+VI+VII+VIII,0.06636925594027665
3570.9,0.1029,0.09354476470588234,0.10446440694420323,0.04492115620851346,-0.010919642238320884,0.0,-0.0,-0.006164046906773795,I+VI+VII+VIII,0.06570729764246355
3571.8,0.087722,0.0930325294117647,0.10391780460671753,0.04473098359550567,-0.010885275194952831,0.0,-0.0,-0.00614093501462826,I+VI+VII+VIII,0.06532775602584011
3572.8,0.094676,0.09248523529411766,0.10334541833152677,0.0445196806921637,-0.010860183037409113,0.0,-0.0,-0.006088294450343954,I+VI+VII+VIII,0.06491403208970703
3573.7,0.092109,0.09149764705882354,0.10263994833927116,0.044329508079156005,-0.011142301280447617,0.0,-0.0,-0.006022963878198432,I+VI+VII+VIII,0.0643334041383136
3574.6,0.090153,0.0909168823529412,0.10200051192447825,0.04413933546614821,-0.011083629571537051,0.0,-0.0,-0.005993832366939205,I+VI+VII+VIII,0.06385500882526923
3575.5,0.09233,0.08992223529411765,0.10146127192364635,0.04394916285314042,-0.011539036629528696,0.0,-0.0,-0.0059705482122435075,I+VI+VII+VIII,0.06348265728274943
3576.4,0.088766,0.08968411764705883,0.10088433330829744,0.04375899024013263,-0.011200215661238605,0.0,-0.0,-0.005916912353224996,I+VI+VII+VIII,0.0630422554213898
3577.3,0.087176,0.08843811764705883,0.10002479855058781,0.043568817627124834,-0.011586680903528976,0.0,-0.0,-0.0058415714128872125,I+VI+VII+VIII,0.06229755233635019
3578.2,0.087121,0.08788464705882353,0.09940022911552002,0.04337864501411714,-0.011515582056696491,0.0,-0.0,-0.0058074347175318935,I+VI+VII+VIII,0.06182901881893478
3579.1,0.089628,0.08677247058823528,0.09904655478941628,0.043188472401109346,-0.012274084201180993,0.0,-0.0,-0.0057847606593679985,I+VI+VII+VIII,0.06164284304767493
3580.0,0.08683,0.08660729411764706,0.09829745371812298,0.04299829978810155,-0.011690159600475925,0.0,-0.0,-0.005707249689405351,I+VI+VII+VIII,0.061006403619426774
3580.9,0.082498,0.08532188235294116,0.09776518343428883,0.04280812717509376,-0.012443301081347669,0.0,-0.0,-0.0056628514096387994,I+VI+VII+VIII,0.06061990766883388
3581.8,0.08441,0.08462823529411764,0.09722533333692526,0.042617954562085975,-0.01259709804280762,0.0,-0.0,-0.005640177351474904,I+VI+VII+VIII,0.06024755612631419
3582.7,0.079289,0.08396494117647059,0.09671470327463158,0.04242778194907827,-0.012749762098160991,0.0,-0.0,-0.005588283258241313,I+VI+VII+VIII,0.05987520458379463
3583.6,0.087809,0.08285147058823529,0.09599834673433995,0.04223760933607048,-0.013146876146104658,0.0,-0.0,-0.005524134598592624,I+VI+VII+VIII,0.059284871996862096
3584.5,0.077463,0.082026,0.09550603020260459,0.042047436723062694,-0.01348003020260459,0.0,-0.0,-0.005495594043581839,I+VI+VII+VIII,0.05895418752312373
3585.4,0.083159,0.08153782352941176,0.09514609723921286,0.0418572641100549,-0.013608273709801097,0.0,-0.0,-0.00546931682707723,I+VI+VII+VIII,0.058758149956235184
3586.3,0.083993,0.08140170588235295,0.09458704470677456,0.04166709149704711,-0.013185338824421619,0.0,-0.0,-0.005388090249609211,I+VI+VII+VIII,0.058308043459336656
3587.2,0.084914,0.08081841176470589,0.0939011966013054,0.04147691888403941,-0.013082784836599512,0.0,-0.0,-0.005342742133281428,I+VI+VII+VIII,0.05776701985054741
3588.1,0.072824,0.07984082352941177,0.0935701963333655,0.04128674627103162,-0.013729372803953727,0.0,-0.0,-0.005297394016953623,I+VI+VII+VIII,0.057580844079287506
3589.0,0.080317,0.07968435294117648,0.09286142249981125,0.04109657365802383,-0.013177069558634763,0.0,-0.0,-0.005252045900625818,I+VI+VII+VIII,0.057016894742413234
3589.9,0.078877,0.07961958823529412,0.09231951517865203,0.040906401045016035,-0.012699926943357906,0.0,-0.0,-0.005168957930601974,I+VI+VII+VIII,0.05658207206423797
3590.8,0.073401,0.07942994117647058,0.09196443203578822,0.04071622843200824,-0.01253449085931764,0.0,-0.0,-0.005145472802931101,I+VI+VII+VIII,0.05639367640671107
3591.7,0.074733,0.07855217647058822,0.0914501204722463,0.040526055819000546,-0.012897944001658071,0.0,-0.0,-0.005116001551642427,I+VI+VII+VIII,0.05604006620488818
3592.6,0.078877,0.07821982352941177,0.09075090914323355,0.040335883205992754,-0.012531085613821782,0.0,-0.0,-0.005049991499437937,I+VI+VII+VIII,0.05546501743667875
3593.5,0.084807,0.07737517647058825,0.09035132983208168,0.04014571059298496,-0.012976153361493423,0.0,-0.0,-0.005000889495038032,I+VI+VII+VIII,0.05520650873413475
3594.4,0.079712,0.07678582352941177,0.08999765550597788,0.03995553797997717,-0.013211831976566113,0.0,-0.0,-0.00497821543687413,I+VI+VII+VIII,0.055020332962874834
3595.3,0.070211,0.07626970588235295,0.08918230310781483,0.039765365366969375,-0.012912597225461883,0.0,-0.0,-0.004931025068273856,I+VI+VII+VIII,0.05434796280911931
3596.2,0.079838,0.07623582352941177,0.08869982361725859,0.03957519275396168,-0.012464000087846816,0.0,-0.0,-0.004850980403302734,I+VI+VII+VIII,0.05397561126659964
3597.1,0.083309,0.0755695294117647,0.08818264757805866,0.03938502014095389,-0.012613118166293957,0.0,-0.0,-0.0048056322869749115,I+VI+VII+VIII,0.05360325972407969
3598.0,0.076065,0.07513141176470588,0.08766547153885887,0.039194847527946095,-0.012534059774152992,0.0,-0.0,-0.004760284170647108,I+VI+VII+VIII,0.053230908181559886
3598.9,0.072887,0.0752005294117647,0.08714829549965922,0.0390046749149383,-0.011947766087894524,0.0,-0.0,-0.004714936054319323,I+VI+VII+VIII,0.05285855663904023
3599.8,0.071813,0.0756774117647059,0.08663079886071315,0.03881450230193051,-0.010953387096007253,0.0,-0.0,-0.004669908537737626,I+VI+VII+VIII,0.052486205096520265
3600.7,0.0688,0.07465200000000001,0.08609094876334983,0.038624329688922814,-0.011438948763349818,0.0,-0.0,-0.004647234479573743,I+VI+VII+VIII,0.05211385355400075
3601.6,0.073974,0.07388511764705882,0.08557326311410593,0.03843415707591503,-0.011688145467047106,0.0,-0.0,-0.00460239597329019,I+VI+VII+VIII,0.051741502011481096
3602.5,0.07614,0.07340394117647059,0.08490023239049119,0.038243984462907235,-0.011496291214020599,0.0,-0.0,-0.004533543589008126,I+VI+VII+VIII,0.05118979151659208
3603.4,0.072248,0.07326888235294117,0.084352334583007,0.03805381184989944,-0.011083452230065835,0.0,-0.0,-0.004502651171680656,I+VI+VII+VIII,0.05080117390478822
3604.3,0.06899,0.07293041176470587,0.08399866025690322,0.03786363923689165,-0.011068248492197355,0.0,-0.0,-0.004479977113516753,I+VI+VII+VIII,0.05061499813352832
3605.2,0.071429,0.07204723529411763,0.08317546247916195,0.037673466623883954,-0.011128227185044318,0.0,-0.0,-0.004435779806725398,I+VI+VII+VIII,0.0499377756620034
3606.2,0.074576,0.07190535294117646,0.0825923863557199,0.03746216372054198,-0.01068703341454344,0.0,-0.0,-0.0043938290906922785,I+VI+VII+VIII,0.049524051725870204
3607.1,0.08284,0.07138523529411765,0.0820525362583563,0.03727199110753419,-0.010667300964238652,0.0,-0.0,-0.004371155032528383,I+VI+VII+VIII,0.0491517001833505
3608.0,0.061445,0.07100252941176471,0.0815281897905063,0.0370818184945264,-0.010525660378741586,0.0,-0.0,-0.004332977344850682,I+VI+VII+VIII,0.048779348640830576
3608.9,0.07177,0.07069364705882353,0.08069838304287244,0.03689164588151861,-0.010004735984048913,0.0,-0.0,-0.004287629228522895,I+VI+VII+VIII,0.048094366389876735
3609.8,0.071532,0.070168,0.0803422773893454,0.036701473268510816,-0.010174277389345412,0.0,-0.0,-0.004264852291335991,I+VI+VII+VIII,0.04790565641217057
3610.7,0.067915,0.06924764705882352,0.07982400785092794,0.036511300655503114,-0.010576360792104417,0.0,-0.0,-0.004235213562567988,I+VI+VII+VIII,0.04754792075799281
3611.6,0.074084,0.06870823529411764,0.07910688488760838,0.03632112804249533,-0.010398649593490739,0.0,-0.0,-0.004189865446240181,I+VI+VII+VIII,0.046975622291353235
3612.5,0.068295,0.0685394705882353,0.07857567662817737,0.036130955429487535,-0.01003620603994207,0.0,-0.0,-0.004158549550143604,I+VI+VII+VIII,0.04660327074883344
3613.4,0.073653,0.06806229411764707,0.07803582653081356,0.03594078281647974,-0.009973532413166494,0.0,-0.0,-0.004135875491979695,I+VI+VII+VIII,0.046230919206313524
3614.3,0.064045,0.0672274117647059,0.07720275602391002,0.03575061020347195,-0.009975344259204127,0.0,-0.0,-0.0040921016639574636,I+VI+VII+VIII,0.04554424748439554
3615.2,0.065307,0.0660154705882353,0.07668008672338897,0.035560437590464254,-0.010664616135153668,0.0,-0.0,-0.004052246808951228,I+VI+VII+VIII,0.04517189594187594
3616.1,0.063549,0.06617529411764707,0.07614023662602537,0.03537026497745646,-0.009964942508378302,0.0,-0.0,-0.004029572750787332,I+VI+VII+VIII,0.04479954439935624
3617.0,0.065038,0.06597647058823529,0.07538155309998283,0.03518009236444867,-0.009405082511747542,0.0,-0.0,-0.004019459503572085,I+VI+VII+VIII,0.044220920239106246
3617.9,0.060494,0.06558923529411764,0.07447886657345973,0.034989919751440876,-0.008889631279342086,0.0,-0.0,-0.0039872703320476405,I+VI+VII+VIII,0.0434762171540665
3618.8,0.063078,0.06565076470588235,0.07391069818126234,0.03479974713843308,-0.008259933475379982,0.0,-0.0,-0.003942898370170711,I+VI+VII+VIII,0.04305384941299996
3619.7,0.066121,0.0651409411764706,0.07334817402573501,0.03460957452542539,-0.008207232849264418,0.0,-0.0,-0.003942898370170711,I+VI+VII+VIII,0.04268149787048034
3620.6,0.063317,0.06503558823529412,0.07267668323309506,0.034419401912417595,-0.00764109499780094,0.0,-0.0,-0.003927787116465622,I+VI+VII+VIII,0.042185068437143085
3621.5,0.060383,0.06441000000000001,0.07176497684804345,0.0342292292994098,-0.00735497684804344,0.0,-0.0,-0.003904617803470025,I+VI+VII+VIII,0.04144036535210368
3622.4,0.062237,0.0642074705882353,0.07108486494353597,0.03403905668640201,-0.006877394355300673,0.0,-0.0,-0.0038899946269903693,I+VI+VII+VIII,0.04093580288412432
3623.3,0.064162,0.064362,0.07054501484617216,0.033848884073394224,-0.006183014846172161,0.0,-0.0,-0.0038673205688264595,I+VI+VII+VIII,0.0405634513416044
3624.3,0.06839,0.06419405882352942,0.06987599634793673,0.03363758117005225,-0.005681937524407307,0.0,-0.0,-0.0038280566700686523,I+VI+VII+VIII,0.04006647184795314
3625.2,0.064949,0.06436188235294119,0.06909101112789522,0.033447408557044554,-0.004729128774954031,0.0,-0.0,-0.0038194531127026792,I+VI+VII+VIII,0.03946305568355334
3626.1,0.068961,0.06462817647058823,0.06855116103053152,0.03325723594403676,-0.0039229845599432905,0.0,-0.0,-0.0037967790545387764,I+VI+VII+VIII,0.03909070414103353
3627.0,0.065417,0.06449223529411764,0.06773829017929237,0.03306706333102897,-0.0032460548851747234,0.0,-0.0,-0.0037897761033679647,I+VI+VII+VIII,0.038461002951631365
3627.9,0.066504,0.0646890588235294,0.06680453991030672,0.032876890718021176,-0.00211548108677731,0.0,-0.0,-0.0037897115049116584,I+VI+VII+VIII,0.037717360697197194
3628.8,0.063018,0.0646794705882353,0.066264689812943,0.03268671810501338,-0.0015852192247077096,0.0,-0.0,-0.003767037446747756,I+VI+VII+VIII,0.03734500915467738
3629.7,0.060602,0.06521158823529412,0.065600584010648,0.03249654549200569,-0.0003889957753538814,0.0,-0.0,-0.003751495536667279,I+VI+VII+VIII,0.03685553405530959
3630.6,0.067934,0.06581394117647059,0.06468704015839453,0.032306372878997895,0.0011269010180760541,0.0,-0.0,-0.003730163690873334,I+VI+VII+VIII,0.03611083097026997
3631.5,0.060694,0.06580982352941177,0.06400229946434488,0.03211620026599011,0.0018075240650668872,0.0,-0.0,-0.003713214969966592,I+VI+VII+VIII,0.035599314168321364
3632.4,0.067891,0.06521823529411765,0.06343977530881716,0.03192602765298231,0.00177845998530049,0.0,-0.0,-0.003713214969966592,I+VI+VII+VIII,0.03522696262580144
3633.3,0.065021,0.06500994117647059,0.06253225607193033,0.031735855039974524,0.0024776851045402587,0.0,-0.0,-0.003708961041991976,I+VI+VII+VIII,0.03450536207394779
3634.2,0.060767,0.064906,0.06172436720566621,0.03154568242696682,0.003181632794333797,0.0,-0.0,-0.0036749344032659063,I+VI+VII+VIII,0.03385361918196529
3635.2,0.069467,0.06487858823529412,0.06109934036619116,0.031334379523624854,0.0037792478691029557,0.0,-0.0,-0.0036749344032659063,I+VI+VII+VIII,0.03343989524583221
3636.1,0.063154,0.06435411764705881,0.060536816210663716,0.031144206910617065,0.0038173014363950958,0.0,-0.0,-0.0036749344032659063,I+VI+VII+VIII,0.03306754370331255
3637.0,0.069429,0.06392288235294116,0.05970342818517631,0.03095403429760927,0.004219454167764855,0.0,-0.0,-0.003637371597190847,I+VI+VII+VIII,0.032386765484757885
3637.9,0.072477,0.06408729411764706,0.05882140810751254,0.03076386168460148,0.0052658860101345226,0.0,-0.0,-0.00363665383656522,I+VI+VII+VIII,0.03169420025947628
3638.8,0.064092,0.06352176470588235,0.05825888395198505,0.030573689071593687,0.005262880753897296,0.0,-0.0,-0.00363665383656522,I+VI+VII+VIII,0.031321848716956584
3639.7,0.058333,0.0637435294117647,0.057528159210457216,0.030383516458585988,0.006215370201307482,0.0,-0.0,-0.00363665383656522,I+VI+VII+VIII,0.030781296588436452
3640.6,0.061408,0.06358835294117647,0.056620835950292284,0.0301933438455782,0.006967516990884187,0.0,-0.0,-0.0036091013986823965,I+VI+VII+VIII,0.030036593503396485
3641.5,0.067194,0.06354576470588234,0.05598095169330619,0.030003171232570406,0.007564813012576152,0.0,-0.0,-0.0035983732698645324,I+VI+VII+VIII,0.029576153730600314
3642.4,0.064951,0.06359570588235293,0.055390453041812004,0.029812998619562613,0.008205252840540925,0.0,-0.0,-0.0035983732698645324,I+VI+VII+VIII,0.02917582769211392
3643.3,0.057588,0.06303688235294116,0.054466051863827955,0.02962282600655482,0.00857083048911321,0.0,-0.0,-0.0035878987498010315,I+VI+VII+VIII,0.028431124607074167
3644.2,0.055687,0.06279241176470586,0.053775038045732346,0.029432653393547125,0.009017373718973515,0.0,-0.0,-0.0035600927031638465,I+VI+VII+VIII,0.02790247735534907
3645.2,0.063397,0.06223394117647058,0.05335687317432378,0.029221350490205154,0.008877068002146805,0.0,-0.0,-0.0035600927031638465,I+VI+VII+VIII,0.02769561538728247
3646.1,0.05832,0.061721705882352935,0.052528316276957907,0.029031177877197365,0.009193389605395029,0.0,-0.0,-0.0035600927031638465,I+VI+VII+VIII,0.027057231102924385
3647.0,0.064464,0.061353705882352935,0.05167690467139971,0.028841005264189572,0.009676801210953226,0.0,-0.0,-0.0035218121364631594,I+VI+VII+VIII,0.0263577115436733
3647.9,0.065253,0.06131870588235294,0.051114380515872,0.02865083265118178,0.010204325366480943,0.0,-0.0,-0.0035218121364631594,I+VI+VII+VIII,0.025985360001153375
3648.8,0.064297,0.061240588235294116,0.05055185636034443,0.028460660038173987,0.010688731874949689,0.0,-0.0,-0.0035218121364631594,I+VI+VII+VIII,0.0256130084586336
3649.7,0.061616,0.060427352941176474,0.04979676007000904,0.02827048742516629,0.010630592871167431,0.0,-0.0,-0.0034951066561186004,I+VI+VII+VIII,0.025021379300961353
3650.6,0.059967,0.060098823529411774,0.049150768436591934,0.0280803148121585,0.01094805509281984,0.0,-0.0,-0.003483531569762473,I+VI+VII+VIII,0.024553985194195906
3651.5,0.058998,0.0603344705882353,0.04858824428106433,0.027890142199150706,0.011746226307170975,0.0,-0.0,-0.003483531569762473,I+VI+VII+VIII,0.024181633651676093
3652.4,0.059935,0.060365,0.04795629616294323,0.027699969586142917,0.012408703837056771,0.0,-0.0,-0.003473904007237245,I+VI+VII+VIII,0.023730230584037556
3653.3,0.063769,0.06031905882352941,0.047255697801431545,0.02750979697313512,0.013063361022097868,0.0,-0.0,-0.0034452510030617864,I+VI+VII+VIII,0.023191151831358215
3654.2,0.057836,0.060167000000000005,0.04687934941716404,0.02731962436012743,0.013287650582835965,0.0,-0.0,-0.0034452510030617864,I+VI+VII+VIII,0.0230049760600984
3655.2,0.057738,0.05945652941176471,0.0460552764246098,0.027108321456785454,0.013401252987154909,0.0,-0.0,-0.003409382112063254,I+VI+VII+VIII,0.022356337079887597
3656.1,0.06008,0.05868994117647059,0.045475361773482,0.026918148843777665,0.013214579402988591,0.0,-0.0,-0.0034069704363611,I+VI+VII+VIII,0.021964183366065433
3657.0,0.053369,0.05769782352941177,0.044912837617954504,0.026727976230769872,0.012784985911457263,0.0,-0.0,-0.0034069704363611,I+VI+VII+VIII,0.021591831823545734
3657.9,0.059366,0.057196941176470596,0.04436910443560617,0.02653780361776208,0.012827836740864428,0.0,-0.0,-0.003388179463181899,I+VI+VII+VIII,0.021219480281025983
3658.8,0.061594,0.056564352941176475,0.043613746592416666,0.026347631004754287,0.01295060634875981,0.0,-0.0,-0.0033686898696604134,I+VI+VII+VIII,0.020634805457322797
3659.7,0.056206,0.05595700000000001,0.04298215161110781,0.02615745839174659,0.012974848388892193,0.0,-0.0,-0.003335763797227002,I+VI+VII+VIII,0.02016045701658823
3660.6,0.062616,0.055324000000000005,0.04260917176459095,0.0259672857787388,0.012714828235409058,0.0,-0.0,-0.0033104124919294668,I+VI+VII+VIII,0.01995229847778162
3661.5,0.055735,0.05451564705882353,0.042142961349269745,0.025777113165731006,0.012372685709553785,0.0,-0.0,-0.0032921287362590408,I+VI+VII+VIII,0.019657976919797777
3662.4,0.052386,0.05388158823529412,0.04135406236010703,0.025586940552723217,0.012527525875187087,0.0,-0.0,-0.0032762805816449582,I+VI+VII+VIII,0.019043402389028772
3663.3,0.052221,0.05359623529411765,0.04090805057536223,0.02539676793971542,0.012688184718755421,0.0,-0.0,-0.0032538481695583545,I+VI+VII+VIII,0.018765130805205168
3664.3,0.047431,0.05282629411764707,0.0404898857039538,0.025185465036373453,0.012336408413693267,0.0,-0.0,-0.0032538481695583545,I+VI+VII+VIII,0.018558268837138698
3665.2,0.053101,0.0523614705882353,0.039979020367762706,0.024995292423365758,0.012382450220472595,0.0,-0.0,-0.0032155676028576673,I+VI+VII+VIII,0.018199295547254617
3666.1,0.049213,0.05144500000000001,0.039466587555727746,0.024805119810357965,0.011978412444272266,0.0,-0.0,-0.003210129369850758,I+VI+VII+VIII,0.017871597115220537
3667.0,0.048673,0.05035188235294119,0.039112913229623944,0.024614947197350173,0.011238969123317247,0.0,-0.0,-0.0031874553116868556,I+VI+VII+VIII,0.01768542134396063
3667.9,0.049174,0.04930241176470589,0.038669060212547006,0.024424774584342383,0.010633351552158887,0.0,-0.0,-0.0031522754708889255,I+VI+VII+VIII,0.017396561099093547
3668.8,0.050027,0.04771082352941177,0.03811980505845203,0.024234601971334587,0.009591018470959743,0.0,-0.0,-0.0031390064694562943,I+VI+VII+VIII,0.017024209556573737
3669.7,0.047057,0.04696311764705883,0.03773757007191439,0.024044429358326895,0.00922554757514444,0.0,-0.0,-0.00311943313719516,I+VI+VII+VIII,0.01681257385078265
3670.7,0.052887,0.046396117647058824,0.037297827136589315,0.02383312645498492,0.009098290510469509,0.0,-0.0,-0.003087753575714926,I+VI+VII+VIII,0.016552454257319323
3671.6,0.046991,0.046067235294117645,0.036780651097389504,0.02364295384197713,0.009286584196728141,0.0,-0.0,-0.0030424054593871184,I+VI+VII+VIII,0.016180102714799492
3672.5,0.045467,0.045683352941176474,0.03634765662041305,0.02345278122896934,0.00933569632076342,0.0,-0.0,-0.003024164769354235,I+VI+VII+VIII,0.015919040160797947
3673.4,0.043786,0.044935352941176475,0.03597130823614535,0.023262608615961546,0.008964044705031128,0.0,-0.0,-0.003024164769354235,I+VI+VII+VIII,0.01573286438953804
3674.3,0.043011,0.044709058823529414,0.03546688202578701,0.023072436002953757,0.009242176797742405,0.0,-0.0,-0.002982922243805065,I+VI+VII+VIII,0.01537736826663832
3675.2,0.038365,0.04376570588235294,0.035027043119352036,0.022882263389946058,0.008738662763000907,0.0,-0.0,-0.002942588881715073,I+VI+VII+VIII,0.015087368611121055
3676.1,0.035559,0.04334105882352941,0.034859544564508155,0.02269209077693827,0.008481514259021258,0.0,-0.0,-0.0029199148235511704,I+VI+VII+VIII,0.015087368611121055
3677.0,0.043024,0.042773117647058816,0.03448154909255408,0.022501918163930473,0.008291568554504733,0.0,-0.0,-0.0029093230692521753,I+VI+VII+VIII,0.014888953997875787
3677.9,0.042747,0.04211817647058823,0.033950257094383415,0.02231174555092268,0.008167919376204813,0.0,-0.0,-0.002878090911895242,I+VI+VII+VIII,0.014516602455355977
3678.9,0.04663,0.040601941176470584,0.033708173097140456,0.022100442647580713,0.006893768079330127,0.0,-0.0,-0.002830233025913144,I+VI+VII+VIII,0.014437963475472887
3679.8,0.040905,0.03996358823529411,0.03335449877103661,0.02191027003457292,0.006609089464257499,0.0,-0.0,-0.002807558967749235,I+VI+VII+VIII,0.014251787704212926
3680.7,0.040385,0.039231058823529404,0.03293162476452492,0.021720097421565224,0.0062994340590044814,0.0,-0.0,-0.002775288450020575,I+VI+VII+VIII,0.013986815792980273
3681.6,0.045366,0.038517764705882356,0.032630072368392306,0.02152992480855743,0.00588769233749005,0.0,-0.0,-0.002729940333692766,I+VI+VII+VIII,0.013830087893527639
3682.5,0.032636,0.03790747058823529,0.032315092350234165,0.021339752195549636,0.005592378238001128,0.0,-0.0,-0.002717920235748743,I+VI+VII+VIII,0.013693260390433276
3683.4,0.041955,0.03767623529411764,0.031949542062232605,0.02114957958254185,0.005726693231885037,0.0,-0.0,-0.002715805234438523,I+VI+VII+VIII,0.01351576771412928
3684.3,0.040372,0.03741147058823529,0.03172932001251934,0.020959406969534054,0.005682150575715951,0.0,-0.0,-0.002670457118110717,I+VI+VII+VIII,0.013440370161096005
3685.3,0.035923,0.036695058823529414,0.031318836888653855,0.020748104066192083,0.005376221934875559,0.0,-0.0,-0.0026307147122691574,I+VI+VII+VIII,0.013201447534730928
3686.2,0.027111,0.036192588235294115,0.031151338333810043,0.020557931453184387,0.0050412499014840725,0.0,-0.0,-0.0026080406541052737,I+VI+VII+VIII,0.013201447534730928
3687.1,0.036139,0.03498158823529411,0.03100155171867149,0.0203677588401766,0.0039800365166226225,0.0,-0.0,-0.002567654656236041,I+VI+VII+VIII,0.013201447534730928
3688.0,0.033014,0.03450270588235294,0.0305403016114246,0.020177586227168805,0.0039624042709283415,0.0,-0.0,-0.0025244119710767727,I+VI+VII+VIII,0.012887127355332569
3688.9,0.03166,0.03404741176470589,0.03037280305658071,0.019987413614161013,0.0036746087081251794,0.0,-0.0,-0.00250173791291287,I+VI+VII+VIII,0.012887127355332569
3689.8,0.032636,0.03322617647058824,0.03006383953655576,0.019797241001153223,0.003162336934032478,0.0,-0.0,-0.002469890873953312,I+VI+VII+VIII,0.012736489409355846
3690.7,0.034434,0.03301035294117647,0.02975533280645423,0.019607068388145524,0.003255020134722241,0.0,-0.0,-0.0024245427576255144,I+VI+VII+VIII,0.012572807175934219
3691.7,0.031058,0.032136,0.029556896958594526,0.019395765484803557,0.002579103041405472,0.0,-0.0,-0.0024116757021432505,I+VI+VII+VIII,0.012572807175934219
3692.6,0.030845,0.03146558823529411,0.029373031068950665,0.019205592871795765,0.002092557166343448,0.0,-0.0,-0.002405368978779316,I+VI+VII+VIII,0.012572807175934219
3693.5,0.034205,0.030920117647058817,0.029118390959593295,0.01901542025878797,0.001801726687465522,0.0,-0.0,-0.002360020862451501,I+VI+VII+VIII,0.012462991563256826
3694.4,0.026043,0.03066188235294117,0.028758840984883245,0.01882524764578018,0.0019030413680579256,0.0,-0.0,-0.0023248936574327946,I+VI+VII+VIII,0.01225848699653586
3695.3,0.032764,0.03029282352941176,0.028591342430039354,0.018635075032772386,0.0017014810993724074,0.0,-0.0,-0.0023022195992688918,I+VI+VII+VIII,0.01225848699653586
3696.2,0.032645,0.029813588235294116,0.028441132336131762,0.01844490241976469,0.0013724558991623538,0.0,-0.0,-0.0022622570801687897,I+VI+VII+VIII,0.01225848699653586
3697.2,0.031405,0.02976170588235294,0.028241518296825238,0.01823359951642272,0.001520187585527702,0.0,-0.0,-0.002216071576444424,I+VI+VII+VIII,0.012223990356846941
3698.1,0.028967,0.029023764705882353,0.027887843970721395,0.018043426903414927,0.0011359207351609585,0.0,-0.0,-0.002193397518280515,I+VI+VII+VIII,0.01203781458558698
3699.0,0.027091,0.028309058823529413,0.027637966489250536,0.01785325429040714,0.000671092334278877,0.0,-0.0,-0.0021594546182941003,I+VI+VII+VIII,0.0119441668171375
3699.9,0.028975,0.02808917647058824,0.02749314199257054,0.017663081677399342,0.0005960344780177006,0.0,-0.0,-0.0021141065019663046,I+VI+VII+VIII,0.0119441668171375
3700.8,0.02665,0.027766411764705887,0.02731164471299129,0.01747290906439155,0.00045476705171459617,0.0,-0.0,-0.002105431168537758,I+VI+VII+VIII,0.0119441668171375
3701.7,0.022721,0.027229705882352944,0.02714334226624678,0.017282736451383854,8.636361610616511e-05,0.0,-0.0,-0.0020835610022745753,I+VI+VII+VIII,0.0119441668171375
3702.7,0.029865,0.027182470588235294,0.02696601575838708,0.017071433548041883,0.00021645482984821232,0.0,-0.0,-0.002049584606792301,I+VI+VII+VIII,0.0119441668171375
3703.6,0.024867,0.02673270588235294,0.026618926226264265,0.016881260935034094,0.00011377965608867432,0.0,-0.0,-0.0020042364904644936,I+VI+VII+VIII,0.011741901781694666
3704.5,0.030778,0.026162411764705882,0.026346196038479264,0.0166910883220263,-0.00018378427377338177,0.0,-0.0,-0.0019747389212861903,I+VI+VII+VIII,0.01162984663773915
3705.4,0.020091,0.025671764705882352,0.026178941522248096,0.01650091570901851,-0.0005071768163657439,0.0,-0.0,-0.0019518208245095634,I+VI+VII+VIII,0.01162984663773915
3706.3,0.022284,0.02542241176470588,0.026026561398715543,0.01631074309601072,-0.0006041496340096625,0.0,-0.0,-0.0019140283350343255,I+VI+VII+VIII,0.01162984663773915
3707.2,0.02732,0.02519764705882353,0.025843700373947683,0.016120570483003024,-0.0006460533151241531,0.0,-0.0,-0.0019067167467944942,I+VI+VII+VIII,0.01162984663773915
3708.2,0.025358,0.02513494117647059,0.0256575908685656,0.015909267579661053,-0.0005226496920950098,0.0,-0.0,-0.0018815233488346053,I+VI+VII+VIII,0.01162984663773915
3709.1,0.025081,0.02499088235294118,0.02550699079138462,0.015719094966653257,-0.0005161084384434425,0.0,-0.0,-0.0018419508130077865,I+VI+VII+VIII,0.01162984663773915
3710.0,0.02524,0.024907,0.025360874325578507,0.01552892235364547,-0.00045387432557850854,0.0,-0.0,-0.0017978946658061142,I+VI+VII+VIII,0.01162984663773915
3710.9,0.025118,0.024205352941176473,0.025193375770734616,0.015338749740637675,-0.0009880228295581425,0.0,-0.0,-0.0017752206076422112,I+VI+VII+VIII,0.01162984663773915
3711.8,0.02295,0.023717000000000002,0.025017517697137455,0.015148577127629882,-0.001300517697137453,0.0,-0.0,-0.0017609060682315793,I+VI+VII+VIII,0.01162984663773915
3712.7,0.023064,0.023109117647058825,0.02485113167126341,0.014958404514622187,-0.0017420140242045863,0.0,-0.0,-0.001737119481097929,I+VI+VII+VIII,0.01162984663773915
3713.7,0.024728,0.02333041176470588,0.024524911926560616,0.014747101611280216,-0.0011945001618547356,0.0,-0.0,-0.0017046790933545235,I+VI+VII+VIII,0.011482489408634921
3714.6,0.02327,0.023158294117647058,0.024192790321062172,0.014556928998272427,-0.001034496203415114,0.0,-0.0,-0.0016796651355510473,I+VI+VII+VIII,0.011315526458340792
3715.5,0.027909,0.022883705882352938,0.024036218475475907,0.014366756385264632,-0.0011525125931229688,0.0,-0.0,-0.0016460643681295197,I+VI+VII+VIII,0.011315526458340792
3716.4,0.024201,0.022691588235294116,0.0238554533117348,0.014176583772256838,-0.0011638650764406837,0.0,-0.0,-0.0016366569188628307,I+VI+VII+VIII,0.011315526458340792
3717.3,0.021295,0.022450647058823527,0.023687954756890922,0.01398641115924905,-0.0012373076980673955,0.0,-0.0,-0.0016139828606989218,I+VI+VII+VIII,0.011315526458340792
3718.2,0.017937,0.022096470588235297,0.023536931200940938,0.01379623854624135,-0.0014404606127056407,0.0,-0.0,-0.001574833803641204,I+VI+VII+VIII,0.011315526458340792
3719.2,0.016565,0.021762000000000004,0.023337734526818046,0.013584935642899384,-0.0015757345268180428,0.0,-0.0,-0.0015627275744221323,I+VI+VII+VIII,0.011315526458340792
3720.1,0.020444,0.021312352941176473,0.023185988425171486,0.01339476302989159,-0.0018736354839950127,0.0,-0.0,-0.0015243010630608964,I+VI+VII+VIII,0.011315526458340792
3721.0,0.023853,0.02086729411764706,0.023018489870327584,0.013204590416883795,-0.0021511957526805237,0.0,-0.0,-0.001501627004897001,I+VI+VII+VIII,0.011315526458340792
3721.9,0.019358,0.020621411764705885,0.022837002160890026,0.013014417803876008,-0.002215590396184141,0.0,-0.0,-0.0014929421013267744,I+VI+VII+VIII,0.011315526458340792
3722.8,0.022652,0.020582647058823532,0.02268187540669672,0.012824245190868213,-0.0020992283478731867,0.0,-0.0,-0.0014578962425122865,I+VI+VII+VIII,0.011315526458340792
3723.8,0.022092,0.019844764705882357,0.022280225270753955,0.012612942287526243,-0.002435460564871598,0.0,-0.0,-0.0014546615346260874,I+VI+VII+VIII,0.011121944517853798
3724.7,0.020985,0.019219411764705888,0.02198525348979489,0.012422769674518547,-0.0027658417250890008,0.0,-0.0,-0.0014387224636660998,I+VI+VII+VIII,0.011001206278942442
3725.6,0.019219,0.019379000000000004,0.021840428993114898,0.012232597061510753,-0.002461428993114894,0.0,-0.0,-0.001393374347338295,I+VI+VII+VIII,0.011001206278942442
3726.5,0.019432,0.019546470588235297,0.02166553032622069,0.012042424448502965,-0.0021190597379853945,0.0,-0.0,-0.0013781004012247144,I+VI+VII+VIII,0.011001206278942442
3727.4,0.015306,0.019855882352941178,0.0214753577132129,0.01185225183549517,-0.0016194753602717209,0.0,-0.0,-0.0013781004012247144,I+VI+VII+VIII,0.011001206278942442
3728.3,0.015498,0.019737176470588234,0.021323465666905794,0.011662079222487381,-0.0015862891963175606,0.0,-0.0,-0.001339819834524028,I+VI+VII+VIII,0.011001206278942442
3729.3,0.020548,0.019407529411764705,0.021121180229557248,0.01145077631914541,-0.0017136508177925426,0.0,-0.0,-0.0013308023685306037,I+VI+VII+VIII,0.011001206278942442
3730.2,0.022611,0.01925470588235294,0.020953681674713454,0.011260603706137717,-0.0016989757923605124,0.0,-0.0,-0.0013081283103667056,I+VI+VII+VIII,0.011001206278942442
3731.1,0.015365,0.018687882352941176,0.020770098104249023,0.011070431093129923,-0.0020822157513078476,0.0,-0.0,-0.001301539267823341,I+VI+VII+VIII,0.011001206278942442
3732.0,0.01357,0.018307470588235293,0.020303885878543558,0.010880258480122128,-0.001996415290308265,0.0,-0.0,-0.001263258701122655,I+VI+VII+VIII,0.010686886099544083
3732.9,0.024008,0.017904294117647056,0.020113713265535765,0.010690085867114339,-0.002209419147888709,0.0,-0.0,-0.001263258701122655,I+VI+VII+VIII,0.010686886099544083
3733.9,0.020784,0.018125294117647055,0.019922541155207515,0.010478782963772368,-0.00179724703756046,0.0,-0.0,-0.0012431279081089356,I+VI+VII+VIII,0.010686886099544083
3734.8,0.021825,0.01781223529411765,0.019750518315886686,0.010288610350764574,-0.001938283021769037,0.0,-0.0,-0.0012249781344219684,I+VI+VII+VIII,0.010686886099544083
3735.7,0.018426,0.017991,0.019560345702878994,0.01009843773775688,-0.0015693457028789944,0.0,-0.0,-0.0012249781344219684,I+VI+VII+VIII,0.010686886099544083
3736.6,0.018249,0.017900294117647056,0.019373225965065584,0.009908265124749085,-0.001472931847418528,0.0,-0.0,-0.0012219252592275817,I+VI+VII+VIII,0.010686886099544083
3737.5,0.01676,0.017686352941176466,0.019135182646135736,0.009718092511741296,-0.0014488297049592702,0.0,-0.0,-0.0011866975677212815,I+VI+VII+VIII,0.010603787702115723
3738.5,0.013016,0.01706511764705882,0.018714884614864355,0.009506789608399326,-0.001649766967805534,0.0,-0.0,-0.001164470913680693,I+VI+VII+VIII,0.010372565920145724
3739.4,0.015625,0.016937058823529413,0.018540765914516658,0.009316616995391531,-0.0016037070909872449,0.0,-0.0,-0.0011484170010205954,I+VI+VII+VIII,0.010372565920145724
3740.3,0.014131,0.01692570588235294,0.018350593301508872,0.009126444382383744,-0.0014248874191559319,0.0,-0.0,-0.0011484170010205954,I+VI+VII+VIII,0.010372565920145724
3741.2,0.022976,0.01656388235294118,0.01816556942472241,0.008936271769376043,-0.0016016870717812312,0.0,-0.0,-0.0011432682647993548,I+VI+VII+VIII,0.010372565920145724
3742.1,0.01411,0.016412705882352944,0.017958374928568895,0.008746099156368254,-0.0015456690462159507,0.0,-0.0,-0.001110136434319909,I+VI+VII+VIII,0.010322412206520547
3743.1,0.018345,0.01633758823529412,0.01754021005716038,0.008534796253026283,-0.00120262182186626,0.0,-0.0,-0.001110136434319909,I+VI+VII+VIII,0.01011555023845401
3744.0,0.013956,0.01620794117647059,0.017292732946445954,0.008344623640018489,-0.0010847917699753629,0.0,-0.0,-0.001110136434319909,I+VI+VII+VIII,0.010058245740747374
3744.9,0.016911,0.016040529411764707,0.017102648857248666,0.0081544510270107,-0.001062119445483959,0.0,-0.0,-0.0011100479105094073,I+VI+VII+VIII,0.010058245740747374
3745.8,0.01205,0.015925823529411767,0.016935150302404774,0.007964278414002907,-0.0010093267729930078,0.0,-0.0,-0.0010873738523455047,I+VI+VII+VIII,0.010058245740747374
3746.8,0.013188,0.016243058823529413,0.016739365383789083,0.007752975510660934,-0.0004963065602596704,0.0,-0.0,-0.0010718558676192222,I+VI+VII+VIII,0.010058245740747374
3747.7,0.013377,0.016480470588235294,0.01633227255697412,0.0075628028976532395,0.0001481980312611729,0.0,-0.0,-0.0010718558676192222,I+VI+VII+VIII,0.009841325526940104
3748.6,0.017857,0.016476117647058825,0.016061442941235952,0.007372630284645446,0.00041467470582287266,0.0,-0.0,-0.001055112904758509,I+VI+VII+VIII,0.009743925561349015
3749.5,0.018214,0.016021764705882353,0.015892807932068136,0.0071824576716376575,0.00012895677381421708,0.0,-0.0,-0.001033575300918536,I+VI+VII+VIII,0.009743925561349015
3750.4,0.020548,0.016000588235294117,0.015702635319060344,0.006992285058629863,0.0002979529162337735,0.0,-0.0,-0.001033575300918536,I+VI+VII+VIII,0.009743925561349015
3751.4,0.016222,0.015615705882352941,0.015403283475464371,0.0067809821552878916,0.00021242240688857002,0.0,-0.0,-0.001033575300918536,I+VI+VII+VIII,0.009655876621095015
3752.3,0.015403,0.015688529411764705,0.015026935091196677,0.006590809542280103,0.0006615943205680284,0.0,-0.0,-0.001033575300918536,I+VI+VII+VIII,0.009469700849835108
3753.2,0.01481,0.015281541176470587,0.014832248797052805,0.006400636929272402,0.00044929237941778236,0.0,-0.0,-0.000997993514170254,I+VI+VII+VIII,0.009429605381950656
3754.1,0.018409,0.015518835294117645,0.014644774963997421,0.006210464316264614,0.000874060330120224,0.0,-0.0,-0.000995294734217849,I+VI+VII+VIII,0.009429605381950656
3755.1,0.019661,0.01579430588235294,0.01443347206065545,0.005999161412922643,0.0013608338216974884,0.0,-0.0,-0.000995294734217849,I+VI+VII+VIII,0.009429605381950656
3756.0,0.014057,0.01563495294117647,0.014243299447647656,0.005808988799914849,0.0013916534935288147,0.0,-0.0,-0.000995294734217849,I+VI+VII+VIII,0.009429605381950656
3756.9,0.015252,0.015286482352941175,0.013801788561188421,0.005618816186907061,0.001484693791752754,0.0,-0.0,-0.000995294734217849,I+VI+VII+VIII,0.00917826710849921
3757.8,0.01375,0.015278599999999998,0.013567472866121297,0.005428643573899266,0.0017111271338787013,0.0,-0.0,-0.0009764559103302749,I+VI+VII+VIII,0.009115285202552306
3758.7,0.011802,0.014982541176470587,0.013396741995926715,0.0052384709608915715,0.001585799180543872,0.0,-0.0,-0.0009570141675171627,I+VI+VII+VIII,0.009115285202552306
3759.7,0.015194,0.014660541176470589,0.013185439092584742,0.0050271680575496,0.0014751020838858469,0.0,-0.0,-0.0009570141675171627,I+VI+VII+VIII,0.009115285202552306
3760.6,0.0099922,0.014466070588235295,0.012995266479576956,0.004836995444541812,0.0014708041086583384,0.0,-0.0,-0.0009570141675171627,I+VI+VII+VIII,0.009115285202552306
3761.5,0.016084,0.014391129411764706,0.012670820214932384,0.004646822831534018,0.0017203091968323227,0.0,-0.0,-0.0009570141675171627,I+VI+VII+VIII,0.008981011550915527
3762.4,0.017871,0.01379,0.012300601074163007,0.0044566502185262235,0.0014893989258369933,0.0,-0.0,-0.0009570141675171627,I+VI+VII+VIII,0.008800965023153947
3763.3,0.010668,0.013360294117647059,0.01211898895288366,0.004266477605518435,0.001241305164763399,0.0,-0.0,-0.0009484536757887216,I+VI+VII+VIII,0.008800965023153947
3764.3,0.011933,0.01346941176470588,0.011937406124513935,0.004055174702176464,0.0015320056401919458,0.0,-0.0,-0.0009187336008164758,I+VI+VII+VIII,0.008800965023153947
3765.2,0.01808,0.013487941176470588,0.01174723351150624,0.0038650020891687694,0.0017407076649643485,0.0,-0.0,-0.0009187336008164758,I+VI+VII+VIII,0.008800965023153947
3766.1,0.015515,0.013653470588235295,0.011557060898498445,0.003674829476160975,0.0020964096897368497,0.0,-0.0,-0.0009187336008164758,I+VI+VII+VIII,0.008800965023153947
3767.1,0.010748,0.01355164705882353,0.011031437815758124,0.003463526572819004,0.0025202092430654053,0.0,-0.0,-0.0009187336008164758,I+VI+VII+VIII,0.008486644843755596
3768.0,0.012097,0.013480764705882354,0.010841265202750337,0.0032733539598112154,0.002639499503132017,0.0,-0.0,-0.0009187336008164758,I+VI+VII+VIII,0.008486644843755596
3768.9,0.013536,0.013415311764705883,0.01065109258974254,0.003083181346803421,0.0027642191749633425,0.0,-0.0,-0.0009187336008164758,I+VI+VII+VIII,0.008486644843755596
3769.8,0.0081898,0.013382782352941177,0.010490750108336253,0.002893008733795627,0.002892032244604924,0.0,-0.0,-0.0008889034692149702,I+VI+VII+VIII,0.008486644843755596
3770.7,0.012356,0.012816558823529414,0.010309027930427738,0.0027028361207879323,0.002507530893101675,0.0,-0.0,-0.0008804530341157896,I+VI+VII+VIII,0.008486644843755596
3771.7,0.015912,0.01287008823529412,0.010097725027085768,0.0024915332174459607,0.0027723632082083515,0.0,-0.0,-0.0008804530341157896,I+VI+VII+VIII,0.008486644843755596
3772.6,0.015567,0.012818088235294116,0.00976147211070251,0.0023013606044381724,0.003056616124591606,0.0,-0.0,-0.0008804530341157896,I+VI+VII+VIII,0.008340564540380128
3773.5,0.016564,0.012537147058823528,0.009403059621671827,0.0021111879914303784,0.003134087437151701,0.0,-0.0,-0.0008804530341157896,I+VI+VII+VIII,0.008172324664357238
3774.4,0.010071,0.012472558823529411,0.009212887008664032,0.0019210153784225842,0.0032596718148653787,0.0,-0.0,-0.0008804530341157896,I+VI+VII+VIII,0.008172324664357238
3775.4,0.013989,0.012582794117647058,0.009007335760468839,0.0017097124750806185,0.0035754583571782194,0.0,-0.0,-0.0008747013789690153,I+VI+VII+VIII,0.008172324664357238
3776.3,0.0088795,0.01271120588235294,0.008849692059014959,0.0015195398620728245,0.0038615138233379816,0.0,-0.0,-0.0008421724674151033,I+VI+VII+VIII,0.008172324664357238
3777.2,0.015531,0.012226482352941177,0.008659519446007263,0.0013293672490651298,0.0035669629069339133,0.0,-0.0,-0.0008421724674151033,I+VI+VII+VIII,0.008172324664357238
3778.1,0.0082452,0.012148182352941177,0.008469346832999469,0.0011391946360573355,0.003678835519941708,0.0,-0.0,-0.0008421724674151033,I+VI+VII+VIII,0.008172324664357238
3779.1,0.011578,0.011981835294117647,0.008251639656002223,0.0009278917327153641,0.0037301956381154237,0.0,-0.0,-0.0008421724674151033,I+VI+VII+VIII,0.008165920390701962
3780.0,0.011049,0.012193305882352942,0.00775355113725135,0.0007377191197075757,0.004439754745101592,0.0,-0.0,-0.0008421724674151033,I+VI+VII+VIII,0.007858004484958877
3780.9,0.013304,0.012220188235294117,0.007563378524243556,0.0005475465066997816,0.004656809711050562,0.0,-0.0,-0.0008421724674151033,I+VI+VII+VIII,0.007858004484958877
3781.8,0.014417,0.011987305882352943,0.007395188526663647,0.0003573738936919874,0.0045921173556892955,0.0,-0.0,-0.0008201898519872181,I+VI+VII+VIII,0.007858004484958877
3782.8,0.012622,0.011852070588235295,0.007200183574594483,0.00014607099035002184,0.004651887013640812,0.0,-0.0,-0.0008038919007144164,I+VI+VII+VIII,0.007858004484958877
3783.7,0.01428,0.011976599999999999,0.007010010961586783,-4.4101622657678696e-05,0.004966589038413216,0.0,-0.0,-0.0008038919007144164,I+VI+VII+VIII,0.007858004484958877
3784.6,0.0052957,0.012163511764705882,0.006819838348578995,-0.000234274235665467,0.0053436734161268875,0.0,-0.0,-0.0008038919007144164,I+VI+VII+VIII,0.007858004484958877
3785.6,0.0068587,0.011626641176470588,0.006608535445237023,-0.00044557713900743843,0.005018105731233565,0.0,-0.0,-0.0008038919007144164,I+VI+VII+VIII,0.007858004484958877
3786.5,0.0095281,0.01184539411764706,0.006418362832229229,-0.0006357497520152327,0.0054270312854178306,0.0,-0.0,-0.0008038919007144164,I+VI+VII+VIII,0.007858004484958877
3787.4,0.019507,0.011816629411764706,0.00622819021922144,-0.0008259223650230209,0.005588439192543266,0.0,-0.0,-0.0008038919007144164,I+VI+VII+VIII,0.007858004484958877
3788.3,0.016024,0.011758276470588235,0.00604298929481391,-0.0010160949780308151,0.005715287175774325,0.0,-0.0,-0.0007989202121141532,I+VI+VII+VIII,0.007858004484958877
3789.2,0.012605,0.012206041176470589,0.005836698711696278,-0.0012062675910385098,0.006369342464774311,0.0,-0.0,-0.0007656113340137303,I+VI+VII+VIII,0.007808577636748517
3790.2,0.007772,0.01194680588235294,0.0054185338402877705,-0.0014175704943804812,0.00652827204206517,0.0,-0.0,-0.0007656113340137303,I+VI+VII+VIII,0.0076017156686819815
3791.1,0.016106,0.011691576470588234,0.005170329864158522,-0.0016077431073882754,0.006521246606429712,0.0,-0.0,-0.0007656113340137303,I+VI+VII+VIII,0.0075436843055605276
3792.0,0.012057,0.01176545882352941,0.004980157251150734,-0.0017979157203960637,0.006785301572378677,0.0,-0.0,-0.0007656113340137303,I+VI+VII+VIII,0.0075436843055605276
3793.0,0.0064042,0.012214594117647058,0.004768854347808762,-0.0020092186237380353,0.007445739769838295,0.0,-0.0,-0.0007656113340137303,I+VI+VII+VIII,0.0075436843055605276
3793.9,0.011964,0.012536788235294116,0.004578681734800968,-0.0021993912367458293,0.007958106500493148,0.0,-0.0,-0.0007656113340137303,I+VI+VII+VIII,0.0075436843055605276
3794.8,0.011089,0.012548647058823527,0.00438850912179318,-0.0023895638497536177,0.008160137937030347,0.0,-0.0,-0.0007656113340137303,I+VI+VII+VIII,0.0075436843055605276
3795.7,0.010057,0.012371823529411763,0.004214990947835691,-0.002579736462761318,0.008156832581576071,0.0,-0.0,-0.0007489568949635185,I+VI+VII+VIII,0.0075436843055605276
3796.7,0.020916,0.01200625294117647,0.0040253141721442,-0.002791039366103284,0.00798093876903227,0.0,-0.0,-0.0007273307673130433,I+VI+VII+VIII,0.0075436843055605276
3797.6,0.01001,0.011736123529411766,0.0038351415591364123,-0.0029812119791110723,0.007900981970275353,0.0,-0.0,-0.0007273307673130433,I+VI+VII+VIII,0.0075436843055605276
3798.5,0.0082831,0.012079829411764708,0.0036449689461286127,-0.003171384592118872,0.008434860465636095,0.0,-0.0,-0.0007273307673130433,I+VI+VII+VIII,0.0075436843055605276
3799.4,0.015536,0.011476511764705884,0.0034547963331208243,-0.0033615572051266603,0.00802171543158506,0.0,-0.0,-0.0007273307673130433,I+VI+VII+VIII,0.0075436843055605276
