wavenumber_cm-1,raw_trace,finite,interp_trace,smooth_17,smooth_1,smooth_7,smooth_11,smooth_25,smooth_33
2645.1,3.375,True,3.375,1.328565294117647,3.375,1.5122442857142857,1.3146009090909092,1.107424,1.1268363636363636
2645.9,-0.21429,True,-0.21429,1.1653294117647057,-0.21429,0.5479442857142857,0.871419090909091,0.7924279999999999,1.0154727272727275
2646.7,-3.0,True,-3.0,0.8785647058823526,-3.0,0.13722999999999996,0.42823727272727263,0.7774239999999999,0.9359275757575758
2647.5,0.3,True,0.3,0.7094470588235292,0.3,-0.5591985714285715,0.21232818181818186,0.7024239999999999,0.8488063636363636
2648.3,-3.3751,True,-3.3751,0.040329411764705725,-3.3751,-1.2556271428571428,-0.03994545454545448,0.407424,0.7692606060606062
2649.1,0.5,True,0.5,-0.4229000000000001,0.5,-1.0821571428571428,-0.48312727272727274,0.260424,0.576078787878788
2649.9,-1.5,True,-1.5,-0.444964705882353,-1.5,-0.5678728571428573,-0.7444909090909091,0.15542439999999996,0.4435030303030304
2650.7,-1.5,True,-1.5,-0.5552588235294118,-1.5,-0.8250157142857143,-1.4522827272727272,0.040424399999999985,0.3525942424242425
2651.4,1.0,True,1.0,-0.9890823529411763,1.0,-0.27142999999999995,-1.5886372727272728,-0.06457599999999998,0.3048669696969698
2652.2,0.59999,True,0.59999,-1.2052588235294115,0.59999,-1.4857157142857143,-1.3431918181818183,-0.319576,0.1298669696969698
2653.0,-1.5,True,-1.5,-1.1485352941176468,-1.5,-1.9142728571428569,-0.9000009090909092,-0.494576,0.01623030303030307
2653.8,0.5,True,0.5,-0.9426529411764705,0.5,-1.2714299999999998,-1.3090918181818183,-0.6145756,-0.2527090909090909
2654.6,-8.0,True,-8.0,-0.9161829411764704,-8.0,-1.2000014285714284,-1.2000009090909092,-0.6775756000000001,-0.7186484848484849
2655.4,-4.4999,True,-4.4999,-0.8941182352941176,-4.4999,-1.857142857142857,-0.9954545454545457,-0.9085756,-0.7754666666666667
2656.2,2.9999,True,2.9999,-0.9823535294117648,2.9999,-1.6857142857142857,-1.040909090909091,-0.9150044,-0.8474363636363638
2657.0,1.5,True,1.5,-0.8720588235294118,1.5,-1.6499985714285714,-1.0272727272727273,-1.0150044,-0.9756833333333333
2657.8,-4.0,True,-4.0,-0.6779411764705884,-4.0,-0.43571285714285724,-1.1636363636363638,-1.5070444,-0.9415893939393939
2658.6,-0.3,True,-0.3,-0.8779411764705883,-0.3,0.3142714285714285,-1.3,-1.3120403999999999,-1.0779530303030305
2659.3,0.75001,True,0.75001,-0.9352941176470588,0.75001,-0.5428571428571428,-0.5386354545454546,-1.2920403999999999,-1.0389927272727273
2660.1,0.5,True,0.5,-1.1705882352941177,0.5,-0.8999999999999999,0.03408272727272727,-1.2663264,-0.9935381818181819
2660.9,0.74999,True,0.74999,-1.9059411764705882,0.74999,-0.27499857142857137,-0.4568172727272728,-1.0263224,-1.0662654545454546
2661.7,-3.0,True,-3.0,-1.3471176470588235,-3.0,0.02500142857142858,-0.6272727272727273,-1.1113224,-1.002301515151508
2662.5,-1.0,True,-1.0,-1.0235941176470589,-1.0,-0.42499999999999993,-0.7636363636363637,-1.0924659999999997,-1.030440303030296
2663.3,0.37501,True,0.37501,-1.250479411764706,0.37501,-0.5500014285714285,-1.8273636363636363,-1.092466,-1.212252424242417
2664.1,1.8,True,1.8,-1.0740029411764707,1.8,-1.4428571428571428,-1.7591827272727272,-1.196466,-1.1486160606060536
2664.9,-2.4,True,-2.4,-0.9048852941176473,-2.4,-2.7287142857142856,-1.7137281818181818,-0.9270375999999906,-1.2438524242424172
2665.7,-0.37501,True,-0.37501,-0.824214705882353,-0.37501,-2.371571428571428,-1.859831818181818,-0.7641847999999906,-1.2317309090909019
2666.5,-5.5,True,-5.5,-0.9565682352941177,-5.5,-2.2822871428571427,-1.1780045454545454,-1.1841727999999905,-1.140821818181811
2667.2,-12.001,True,-12.001,-1.109509411764706,-12.001,-2.66188,-1.1893681818181818,-1.2201727999999905,-1.1741551515151443
2668.0,1.5,True,1.5,-1.2279964705882214,1.5,-1.6761514285714285,-1.12606,-1.1458847999999906,-1.0226460606060535
2668.8,1.0,True,1.0,-1.0767364705882214,1.0,-1.7832928571428572,-1.42606,-1.0938847999999906,-0.9999248484848413
2669.6,-0.85715,True,-0.85715,-1.4590776470588096,-0.85715,-0.8445214285714285,-1.3987872727272728,-1.0638851999999905,-1.1703763636363567
2670.4,4.5001,True,4.5001,-1.4458429411764566,4.5001,0.6556214285714284,-1.4796309090908875,-1.1078851999999906,-1.1703763636363567
2671.2,-1.125,True,-1.125,-1.6777723529411626,-1.125,0.14133571428571418,-1.0185927272727056,-1.2578927999999905,-1.1173460606060535
2672.0,1.0714,True,1.0714,-1.4777723529411626,1.0714,-0.18213428571425194,-0.6093927272727057,-1.2878967999999904,-1.199161212121205
2672.8,-1.5,True,-1.5,-1.3674776470588097,-1.5,-0.12090999999996618,-0.6912109090908874,-1.3528967999999904,-1.1082493939393867
2673.6,-2.1,True,-2.1,-1.0792423529411626,-2.1,-1.8351814285713945,-0.9769199999999784,-1.3078971999999902,-1.108249393939387
2674.4,-inf,False,-1.2642899999997625,-0.5497835294117507,-1.2642899999997625,-1.588752857142823,-0.8080881818181602,-1.4698971999999904,-1.1194978989898907
2675.2,-0.42858,True,-0.42858,-0.8586129411764565,-0.42858,-2.0479242857142514,-1.080824545454524,-1.4938931999999903,-1.0203242626262543
2676.0,-7.4998,True,-7.4998,-1.0718482352941034,-7.4998,-1.6907814285713945,-1.0330972727272514,-1.3288887999999903,-0.9445636565656481
2676.8,0.6,True,0.6,-0.9331923529411624,0.6,-1.1764957142856802,-1.403242727272706,-1.0888887999999903,-1.069560929292921
2677.5,-2.1428,True,-2.1428,-1.3302570588235154,-2.1428,-1.0815971428571427,-1.6077972727272514,-0.5936972266666555,-1.1370933535353454
2678.3,1.0,True,1.0,-1.440545294117633,1.0,-1.4489714285714284,-1.6555245454545238,-0.6427880266666555,-0.9734569898989814
2679.1,1.5,True,1.5,-1.2829747058823389,1.5,-0.9132999999999999,-1.4042254545454542,-0.6227840266666556,-1.0378506262626177
2679.9,-0.6,True,-0.6,-1.1653276470588094,-0.6,-1.3740142857142856,-1.5698090909090907,-0.7384940266666555,-0.6439172929292845
2680.7,-3.0002,True,-3.0002,-1.019516509803905,-3.0002,-0.8536142857142855,-1.1607272727272728,-0.9356408266666556,-0.2688869898989814
2681.5,-3.7501,True,-3.7501,-0.9291035686274485,-3.7501,-1.3179,-0.8743545454545454,-0.7706408266666556,-0.3825233535353451
2682.3,-2.625,True,-2.625,-0.8156518039215662,-2.625,-1.9607428571428571,-0.6340999999999999,-0.9134968266666554,-0.48425365656564817
2683.1,1.5,True,1.5,-0.5950694509803898,1.5,-1.3393000000000002,-0.6905736969696933,-0.5535048266666556,-0.6401097171717087
2683.9,-2.25,True,-2.25,-0.6555735686274485,-2.25,-0.8392714285714286,-0.8021436969696933,-0.45450482666665554,-0.5719278989898905
2684.7,-2.9999,True,-2.9999,-0.35305592156862503,-2.9999,-0.24943009523808932,-0.6112255151515114,-0.49393322666666506,-0.44693092929292083
2685.5,3.7501,True,3.7501,-0.5589382745098015,3.7501,0.16453133333333927,-0.6793800606060569,-0.5710740266666651,-0.3657582020201936
2686.3,0.5,True,0.5,-0.20600886274509567,0.5,0.16454561904762494,-0.3774227878787841,-0.511098026666665,-0.3354551717171632
2687.1,-inf,False,0.37878933333337467,-0.14865592156862498,0.37878933333337467,-0.04972580952380355,0.13394084848485227,-0.26509402666666504,0.22821149494950346
2687.8,0.27273,True,0.27273,-0.10452650980391914,0.27273,0.31760704761905345,-0.22969551515151138,-0.05938602666666501,0.22106876767676892
2688.6,1.5001,True,1.5001,-0.0225853333333309,1.5001,0.21044990476191064,0.6566499393939432,0.05061797333333502,0.23405604040404168
2689.4,-3.7499,True,-3.7499,-0.22113827450980147,-3.7499,-0.2181215238095179,0.963459030303034,-0.029382026666665003,0.4783681616161631
2690.2,-0.42857,True,-0.42857,0.08769113725490434,-0.42857,0.7991657142857141,0.4179953939393977,0.6546579733333351,0.3692802828282843
2691.0,3.0,True,3.0,0.39650878431372794,3.0,0.8137757142857143,0.158259030303034,0.714665973333335,0.2978469494949509
2691.8,-2.5,True,-2.5,0.7935676078431397,-2.5,0.2780471428571428,-0.4216672727272727,0.864669973333335,0.19936210101010238
2692.6,7.4998,True,7.4998,0.5435617254901985,7.4998,0.47701857142857135,0.16718454545454542,0.9921699733333349,0.24481664646464782
2693.4,0.375,True,0.375,1.4847970196078455,0.375,-0.31895714285714283,0.30352999999999997,0.812173973333335,0.2933014949494963
2694.2,-2.25,True,-2.25,1.3742800000000002,-2.25,0.2167714285714286,0.9853481818181818,0.722169973333335,0.37095907070705963
2695.0,-2.3571,True,-2.3571,1.3582370588235295,-2.3571,1.0024714285714285,0.9788545454545454,0.752165973333335,0.4277802828282718
2695.8,-6.0004,True,-6.0004,1.3030841176470591,-6.0004,0.46679999999999994,2.206218181818182,0.722161973333335,0.5073257373737264
2696.6,6.7501,True,6.7501,1.3472017647058825,6.7501,0.3418000000000001,2.297127272727273,0.742161973333335,0.45050755555554456
2697.4,2.9999,True,2.9999,1.1077000000000001,2.9999,3.0205142857142855,1.6153272727272727,0.7095103999999837,0.5054317979797874
2698.2,3.7501,True,3.7501,0.7988764705882354,3.7501,3.1429571428571426,1.632372727272727,0.6236011999999838,0.581186343434333
2699.0,-0.5,True,-0.5,1.1224058823529415,-0.5,4.000157142857143,1.5641999999999998,0.5635971999999837,0.5016378585858481
2699.8,16.501,True,16.501,0.7400647058823533,16.501,3.1162142857142854,1.3693818181818187,0.6985931999999838,0.5092130101009996
2700.6,-1.5,True,-1.5,0.6922705882352705,-1.5,2.2591,1.7103272727272731,0.6982359999999845,0.3916739393939276
2701.3,0.0,True,0.0,0.714329411764682,0.0,1.0805,1.3694090909090906,0.5582359999999844,0.315227575757564
2702.2,0.5625,True,0.5625,0.8529823529411528,0.5625,0.8304999999999998,1.1875999999999998,0.7032359999999845,0.26522454545453367
2702.9,-2.9999,True,-2.9999,1.1838882352940938,-2.9999,-1.0982142857142856,0.8069090909090537,0.43324319999998434,0.35710484848484153
2703.7,-4.5001,True,-4.5001,0.761088235294095,-4.5001,-0.7410714285714286,0.6819090909090536,0.27824319999998426,0.3311312121212051
2704.5,-2.25,True,-2.25,0.5552117647058596,-2.25,-0.803571428571487,-0.8181818181818552,0.2782431999999843,0.10385545454544762
2705.3,3.0,True,3.0,0.40079411764703593,3.0,-1.1517857142857726,-0.7159090909091279,0.36652719999998434,0.03188575757575071
2706.1,1.0,True,1.0,0.4743223529411536,1.0,-0.7232285714286296,-0.7556818181818535,0.5778291999999909,-0.25901727272727965
2706.9,inf,False,-0.43750000000040856,-0.7022070588235525,-0.43750000000040856,-0.1339285714286298,-0.8522727272727626,0.2563971999999909,-0.6340475757575827
2707.7,-1.875,True,-1.875,-0.7463247058823759,-1.875,0.12499999999994411,-0.47728181818185367,-0.043602800000009295,-0.533399090909098
2708.5,0.0,True,0.0,-0.7551482352941405,0.0,-0.37500000000005584,-1.8181818537177123e-06,-0.3886068000000092,-0.48015363636364344
2709.3,-0.375,True,-0.375,-0.830462941176484,-0.375,-0.35714285714291294,-0.11363818181821737,-0.4526068000000092,-0.5256112121212191
2710.1,inf,False,-0.43749999999998224,-0.7296276470588369,-0.43749999999998224,-0.18750285714285456,-0.5909109090909447,-1.5926868000000094,-0.6619778787878857
2710.9,-0.5,True,-0.5,-0.729627647058837,-0.5,-0.41964571428571174,-0.6954563636363993,-1.4898308000000091,-0.7537362121211951
2711.7,1.125,True,1.125,-0.8840394117647193,1.125,-0.7410742857142831,-0.720942727272711,-1.5138308000000091,-0.9219210606060436
2712.5,0.74998,True,0.74998,-1.1840394117647195,0.74998,-0.7089314285714261,-0.6673699999999837,-1.8363508000000093,-1.1643453030302862
2713.3,-3.5,True,-3.5,-1.9488041176470723,-3.5,-0.7489814285714055,-1.0764699999999836,-1.626354800000009,-1.6825574242424073
2714.1,-2.25,True,-2.25,-1.8600452941176366,-2.25,-0.8612242857142627,-1.4855609090908928,-1.4474757999999772,-1.5764968181818015
2714.9,-0.15,True,-0.15,-1.7850452941176367,-0.15,-1.6648099999999768,-1.636697272727258,-1.4294757999999772,-1.5300321717171521
2715.7,-inf,False,-0.7178499999998387,-2.2262511764705777,-0.7178499999998387,-2.468378571428548,-2.6822427272727127,-1.8894757999999774,-1.5147543939393768
2716.5,-1.2857,True,-1.2857,-2.0718394117646954,-1.2857,-2.2683785714285483,-2.68711545454544,-1.9534757999999774,-1.4056665151514982
2717.3,-4.5001,True,-4.5001,-2.047758529411709,-4.5001,-3.661378571428548,-2.8098409090908945,-1.8559757999999609,-1.2783907575757405
2718.1,-4.875,True,-4.875,-2.124229117647003,-4.875,-3.4868928571428337,-3.173522727272713,-1.7196424666666243,-1.2200574242424074
2718.9,-2.1,True,-2.1,-2.6904055882352385,-2.1,-3.4700571428571427,-2.7644318181818037,-1.6769757999999613,-1.321572575757559
2719.7,-12.001,True,-12.001,-2.7698161764705325,-12.001,-4.357885714285715,-2.753352272727186,-1.6379757999999611,-1.3632392424242257
2720.5,1.0714,True,1.0714,-2.446286764705826,1.0714,-3.393585714285714,-2.8517295454544738,-1.632475799999962,-1.6226998484848194
2721.3,-0.6,True,-0.6,-2.2237377450979783,-0.6,-2.7011749999998864,-3.507574999999928,-1.625475799999962,-1.6993998484848194
2722.1,-7.5005,True,-7.5005,-2.152169117647003,-7.5005,-2.6583178571427437,-3.153020454545383,-1.6844757999999618,-1.693718030303001
2722.8,2.25,True,2.25,-2.0746485294117183,2.25,-2.1581749999998867,-2.528020454545383,-1.7294749999999617,-1.6795134848484548
2723.7,-inf,False,-0.028124999999208634,-2.0166661764705416,-0.028124999999208634,-2.3969464285713156,-2.1977174242423443,-1.9494629999999615,-1.6662559090908795
2724.4,-1.8,True,-1.8,-1.7710720588234827,-1.8,-2.025517857142744,-1.0097477272726552,-2.0357069999999617,-1.5601953030302735
2725.2,-8.5,True,-8.5,-1.5048955882352475,-8.5,-0.7349702380951122,-1.0526022727272009,-2.0222069999999617,-1.548831666666637
2726.1,-0.6,True,-0.6,-1.4034249999999533,-0.6,-0.9040178571427441,-1.0253295454544733,-1.9897429999999672,-1.626103787878758
2726.8,2.0,True,2.0,-1.2268779411764241,2.0,-0.8142857142857143,-0.37301136363629217,-1.9383149999999671,-1.5314071212120914
2727.6,-inf,False,1.5333333333334218,-1.5490838235293654,1.5333333333334218,-0.5999999999999999,-0.6093749999999282,-1.6383109999999672,-1.5216677272726975
2728.4,-inf,False,1.0666666666665783,-1.5027602941176006,1.0666666666665783,0.5678571428571422,-0.6409090909090909,-1.3833109999999669,-1.5322737878787582
2729.2,0.6,True,0.6,-1.0560397058823048,0.6,0.6035714285714286,-1.2954272727272729,-1.3713109999999673,-1.5468843939393693
2730.0,-0.3,True,-0.3,-1.1883926470587753,-0.3,0.2642857142857143,-0.9232545454545457,-0.9062713999999673,-1.589741969696945
2730.8,-inf,False,-0.32500000000000473,-1.0102676470588219,-0.32500000000000473,-1.240433333333346,-0.8516636363636365,-1.0262713999999673,-1.4306480303030056
2731.6,,False,-0.34999999999999526,-0.8161499999999983,-0.34999999999999526,-2.0222571428571428,-1.0249590909090887,-1.0222713999999673,-1.2829207575757327
2732.4,-0.375,True,-0.375,-0.422032352941175,-0.375,-2.081185714285714,-1.164353030303036,-0.7702513999999675,-1.2533753030302686
2733.2,-8.9997,True,-8.9997,-0.4087976470588221,-8.9997,-2.0249357142857103,-0.9885954545454523,-0.9682513999999676,-0.9578904545454202
2734.0,inf,False,-4.4061,-0.6398917647058809,-4.4061,-1.9785071428571386,-0.9067772727272704,-0.9371263999999991,-1.0812631818181473
2734.8,0.1875,True,0.1875,-0.759499607843141,0.1875,-1.4999357142857106,-1.043140909090907,-0.8651263999999991,-1.0403537878787534
2735.6,-inf,False,0.09375000000002665,-0.892832941176469,0.09375000000002665,-1.2320785714285678,-1.0476872727272701,-0.5701263999999862,-0.9342780303029958
2736.4,0.0,True,0.0,-1.0869505882352926,0.0,-0.20354999999999623,-1.1911963636363614,-0.6361263999999861,-0.9797328787878442
2737.2,3.0,True,3.0,-1.0251858823529396,3.0,0.3723200000000038,-1.2025599999999979,-0.836122399999986,-0.9637290909090805
2738.0,1.5,True,1.5,-1.0060682352941157,1.5,0.0700200000000038,-0.4934963636363613,-0.8674553333333231,-0.9091836363636259
2738.8,-1.8,True,-1.8,-1.051656470588215,-1.8,-0.014801428571428604,-0.3383963636363613,-1.0701219999999863,-0.6126472727272623
2739.6,-0.37501,True,-0.37501,-1.1619505882352739,-0.37501,-0.18623,-0.28725999999999763,-1.0641223999999863,-0.6853715151515049
2740.4,-1.9286,True,-1.9286,-0.8090211764705679,-1.9286,-1.0005157142857142,-0.29578272727272736,-1.0321223999999862,-0.6929472727272624
2741.2,-0.5,True,-0.5,-0.5057205882352738,-0.5,-1.1076585714285714,-0.39805545454542557,-1.0191223999999859,-0.7697149494949418
2742.0,-1.2,True,-1.2,-0.7520441176470385,-1.2,-0.8505157142857143,-0.8753281818181528,-0.9536943999999861,-0.8020381818181714
2742.8,-2.7,True,-2.7,-0.7134417647058634,-2.7,-0.9576571428570971,-1.284409999999971,-1.0586903999999862,-0.8252706060605957
2743.6,0.75,True,0.75,-0.684029999999981,0.75,-1.003571428571383,-1.0525909090908798,-0.6287023999999861,-0.827543333333323
2744.4,0.0,True,0.0,-0.8605005882352752,0.0,-1.3606999999999543,-1.3821354545454252,-0.4924583999999861,-1.0904130303030197
2745.2,,False,-1.1249999999996803,-0.8731064705882166,-1.1249999999996803,-1.082127142857097,-1.1386272727272437,-0.49995839999998604,-1.1252615151515046
2746.0,-2.25,True,-2.25,-0.943688823529393,-2.25,-1.2678414285713828,-1.047718181818153,-0.5103751999999872,-1.1442009090908987
2746.8,-2.9999,True,-2.9999,-0.8186882352940988,-2.9999,-1.2678428571428115,-0.9386272727272438,-0.5253751999999872,-1.1896948484848382
2747.6,0.75001,True,0.75001,-0.7640647058823341,0.75001,-1.1964142857142401,-0.57629090909088,-1.0053631999999872,-1.2380069696969593
2748.4,-4.0,True,-4.0,-0.7346529411764519,-4.0,-1.0357,-0.9171909090908801,-1.1253631999999874,-1.2436887878787772
2749.2,0.74999,True,0.74999,-0.673868823529393,0.74999,-0.5306,-0.758099999999971,-1.0933631999999873,-1.274938787878778
2750.0,0.5,True,0.5,-0.5371041176470399,0.5,-0.5306,-0.7467363636363638,-1.4984027999999874,-1.365844848484839
2750.8,0.0,True,0.0,-1.1106158823529222,0.0,-0.38774428571428565,-0.5421909090909091,-1.6612747999999873,-1.5022084848484751
2751.6,1.2857,True,1.2857,-1.1988511764705692,1.2857,0.04082714285714295,-0.28462454545454546,-1.6412747999999873,-1.3658418181818084
2752.4,-2.9999,True,-2.9999,-1.1914982352941175,-2.9999,-0.06631428571428567,-0.38689818181818186,-1.6307747999999875,-1.5840145454545358
2753.2,1.75,True,1.75,-1.676851176470588,1.75,-0.1615528571428571,-0.8414163636363637,-1.6427707999999874,-1.8908627272727179
2754.0,-1.0,True,-1.0,-1.8533511764705881,-1.0,-0.21512428571428568,-1.0459609090909092,-1.7327707999999875,-1.9006021212121118
2754.8,-0.0,True,-0.0,-1.8974694117647057,0.0,-1.6844671428571427,-1.1823245454545455,-1.4927667999999874,-1.6581627272727177
2755.6,-0.16667,True,-0.16667,-1.7173223529411765,-0.16667,-1.4701957142857143,-2.136960909090909,-1.8077548,-1.6308899999999904
2756.4,-0.375,True,-0.375,-1.9379041176470588,-0.375,-1.863052857142857,-2.7993336363636367,-2.1377948000000004,-1.5880324242424146
2757.2,-8.9997,True,-8.9997,-2.0555511764705883,-8.9997,-3.220338571428571,-2.5266154545454547,-2.1077988000000003,-1.636012121212112
2758.1,-1.5,True,-1.5,-1.7026041176470588,-1.5,-4.077538571428571,-2.7709336363636368,-1.8377792,-1.6814666666666571
2758.8,-1.0,True,-1.0,-2.3076276470588235,-1.0,-4.053728571428571,-2.9527427272727276,-1.6897792,-1.6170727272727274
2759.7,-10.501,True,-10.501,-2.7488688235294116,-10.501,-4.134085714285714,-3.089106363636364,-1.7712067999999999,-1.5867696969696972
2760.5,-6.0004,True,-6.0004,-2.9841629411764705,-6.0004,-3.276971428571428,-2.5284909090909093,-1.8245399999999998,-1.6019242424242426
2761.3,0.0,True,0.0,-2.484133529411765,0.0,-3.276971428571428,-3.3125545454545455,-1.8845399999999999,-1.715557878787879
2762.1,-0.9375,True,-0.9375,-2.5017805882352944,-0.9375,-2.2769571428571425,-3.4490363636363632,-1.8959679999999999,-1.6170730303030305
2762.9,-2.9999,True,-2.9999,-2.5676058823529413,-2.9999,-2.0624857142857143,-3.5172181818181816,-1.8259720000000002,-1.7079818181818183
2763.7,-1.5,True,-1.5,-2.5945664705882354,-1.5,-2.705428571428571,-2.744445454545455,-2.035972,-1.743335454545455
2764.5,6.0001,True,6.0001,-2.1534076470588235,6.0001,-3.0268571428571427,-1.8170818181818182,-2.115968,-1.8569718181818182
2765.3,-8.9997,True,-8.9997,-2.006348823529412,-8.9997,-1.8214285714285716,-1.3884727272727273,-2.145968,-1.8788869696969699
2766.1,-10.501,True,-10.501,-2.0210547058823525,-10.501,-1.4357285714285715,-1.4642300000000001,-2.2293011999999996,-1.6061506060606063
2766.9,-2.25,True,-2.25,-1.609231176470588,-2.25,-1.405114285714286,-1.515366363636364,-2.240968,-1.825847575757576
2767.7,7.5005,True,7.5005,-1.4327311764705883,7.5005,-2.381318571428571,-1.1517390909090912,-2.0309800000000005,-1.8750900000000004
2768.5,-0.3,True,-0.3,-1.476848823529412,-0.3,-1.309932857142857,-1.1290118181818183,-1.9484800000000002,-1.9385926737967865
2769.3,-1.2857,True,-1.2857,-1.554054705882353,-1.2857,0.3330671428571428,-1.9926572727272729,-1.6684640000000004,-1.9789966131907255
2770.1,-0.83333,True,-0.83333,-1.4168058823529412,-0.83333,0.4759242857142854,-1.447220909090909,-1.4684240000000002,-1.9130875222816348
2770.9,-1.5,True,-1.5,-1.5491588235294118,-1.5,-1.095575714285714,-0.5607663636363637,-1.3334080000000001,-1.7085511586452713
2771.7,1.0,True,1.0,-1.8690176470588236,1.0,-1.4812757142857143,-0.5607663636363636,-1.4172315294117577,-1.640369340463453
2772.5,-inf,False,-1.25,-0.9866588235294117,-1.25,-1.4047471428571427,-1.3032363636363637,-1.4397315294117576,-1.5418844919786043
2773.3,-3.5,True,-3.5,-0.6924823529411764,-3.5,-1.6071285714285715,-1.6168727272727272,-1.2477355294117576,-1.2539754010695134
2774.1,-2.9999,True,-2.9999,-0.7145411764705882,-2.9999,-1.4880814285714286,-1.4488545454545456,-1.2777355294117576,-0.9357814616755741
2774.9,-0.75,True,-0.75,-1.2790169550172905,-0.75,-2.166652857142857,-0.8276063636363636,-1.4877395294117577,-0.7084935828876694
2775.7,-2.25,True,-2.25,-1.3496051903114081,-2.25,-1.9077242857142858,-1.1912427272727275,-1.0377515294117574,-0.36187237076645723
2776.5,-0.66667,True,-0.66667,-1.1680934256055255,-0.66667,-0.5505242857142856,-1.5207881818181819,-0.6577115294117577,-0.25856964349372996
2777.3,-3.75,True,-3.75,-1.2514269550172903,-3.75,-0.9076814285714285,-1.5976598395721766,-0.38771152941175774,-0.27372115864524516
2778.1,0.5625,True,0.5625,-1.1190740138408197,0.5625,-1.1755385714285713,-1.4158416577539947,-0.38771152941172365,-0.6373544919785785
2778.9,6.0004,True,6.0004,-1.0455446020761139,6.0004,-1.1534797478991343,-0.9794871122994492,0.044328470588276346,-0.5161514616755482
2779.7,-5.5,True,-5.5,-1.0308387197231728,-5.5,-1.272526890756277,-1.1158507486630855,0.11212007058827626,-0.19793934046342698
2780.5,-2.625,True,-2.625,-0.5602504844290556,-2.625,-0.4796697478991344,-0.8431234759358127,0.06545327058827634,-0.0843029768270633
2781.3,-inf,False,-2.0955882352939406,0.05742010380628888,-2.0955882352939406,-0.8814554621848486,-0.5779716577539945,-0.1145387294117236,-0.3570454010694875
2782.2,-1.5,True,-1.5,0.7192436332180535,-1.5,-1.6315126050419912,-0.32797165775399456,-0.35453872941172365,-0.41159085561494213
2783.0,1.8,True,1.8,0.8756606920415829,1.8,-0.5243697478991345,0.02998288770055084,-0.3045387294117236,-0.42566055258463914
2783.8,-2.25,True,-2.25,0.7972295155709946,-2.25,-0.29222689075627717,0.16635561497335563,-0.10453872941172365,-0.37768055258463906
2784.6,0.75,True,0.75,0.6648883391004067,0.75,0.65,1.6209919786097193,-0.044542729411723596,-0.29586237076645716
2785.4,2.25,True,2.25,0.3376824567474654,2.25,1.935785714285836,1.896818342246083,-0.0985427294117234,-0.0534472192513057
2786.2,-1.0,True,-1.0,-0.015282249134887724,-1.0,3.178785714285836,1.905508181818259,-0.0785427294117234,-0.09511388591797239
2787.0,4.5,True,4.5,0.39648245674746546,4.5,3.558655714285836,1.4964354545455318,-0.0218755294117234,0.018522477718391335
2787.8,-inf,False,7.500500000000852,0.4626589273357006,7.500500000000852,3.1657985714286934,0.8782536363637135,0.1761244705882766,0.10867096256687848
2788.6,10.501,True,10.501,0.4623994117647561,10.501,1.987255714285836,1.0827990909091683,0.5136124705882765,0.12230732620324203
2789.4,0.40909,True,0.40909,0.447693529411815,0.40909,1.4158271428572646,1.1509809090909864,0.1685964705882765,0.19806490196081783
2790.2,-2.0,True,-2.0,0.3859294117647561,-2.0,0.7729700000001218,0.8100718181818953,0.3985964705882766,0.20428096256687847
2791.0,-5.9998,True,-5.9998,0.5888705882353443,-5.9998,-0.08424428571428585,0.7100718181818956,0.5025964705882797,0.3468427807486966
2791.8,-5.0,True,-5.0,1.0741470588235795,-5.0,-1.798672857142857,0.14189000000007732,0.5744200000000372,0.2161579322638482
2792.6,0.0,True,0.0,0.7873823529412266,0.0,-2.1571142857142855,-0.471790909090909,0.6444200000000373,0.052509447415363335
2793.4,1.5,True,1.5,0.8609117647059324,1.5,-2.1214,-1.3173363636363635,0.5539584000000374,0.1737215686274846
2794.2,-1.5,True,-1.5,0.5947352941177018,-1.5,-1.1571414285714285,-0.536371818181818,0.6821400000000374,0.525985204991121
2795.1,-2.1,True,-2.1,0.13588235294118103,-2.1,-0.2714271428571428,-0.59319,0.5021360000000373,0.589487878787907
2795.8,-1.75,True,-1.75,-0.4671176470588189,-1.75,1.0142442857142857,-0.025026363636363576,0.4361360000000375,0.6399930303030585
2796.7,0.75001,True,0.75001,-0.5183311764705836,0.75001,0.4249585714285715,0.42724636363637075,0.4161360000000373,0.5955484848485131
2797.5,1.2,True,1.2,-0.3445347058823483,1.2,0.6749585714285714,0.39997363636364347,0.5961240000000373,0.5728212121212404
2798.3,8.9997,True,8.9997,-0.21219941176470133,8.9997,0.971387142857154,0.2863372727272798,0.2961040000000031,0.4137333333333616
2799.1,-2.625,True,-2.625,0.11721235294118111,-2.625,1.1785300000000112,0.38074272727273434,-0.11726919999999666,0.3637330303030586
2799.9,0.25,True,0.25,0.028977058823534053,0.25,1.1071000000000113,0.658428181818189,-0.12029959999999669,0.39403606060608887
2800.7,inf,False,-0.024999999999921883,0.47013588235294584,-0.024999999999921883,0.869737142857154,0.4766009090909163,-0.16029959999999666,0.25767242424245246
2801.5,-0.3,True,-0.3,0.5583711764705929,-0.3,-0.2795714285714175,0.4629636363636435,-0.10030359999999691,0.05311121212121452
2802.3,0.25,True,0.25,0.6917047058823577,0.25,-0.4402999999999888,0.21750909090909815,0.1236960000000032,-0.1287403030303006
2803.1,-0.46154,True,-0.46154,0.8142535294117693,-0.46154,-0.3902999999999889,0.21750909090909806,0.1236960000000032,-0.05023090909090672
2803.9,0.95454,True,0.95454,0.5936647058823576,0.95454,-0.6010142857142857,0.4561454545454617,0.06369600000000317,-0.08053090909090668
2804.7,-3.7501,True,-3.7501,0.25837647058824004,-3.7501,0.7275142857142857,0.44857000000000713,0.1536952000000032,0.010366060606063031
2805.5,0.6,True,0.6,-0.23572411764705428,0.6,0.6918,0.4811454545454546,0.4176912000000032,0.14483575757576003
2806.3,-1.5,True,-1.5,-0.08131235294117187,-1.5,0.7815442857142857,0.23569090909090915,0.6076872000000032,0.09938121212121455
2807.2,8.9997,True,8.9997,-0.09601823529411306,8.9997,0.6928,-0.19611818181818183,0.4576908000000032,0.14483575757575995
2808.0,-0.0,True,-0.0,-0.050431176470588264,0.0,0.799957142857143,-0.09961545454545451,0.28968280000000324,0.19029030303030545
2808.8,0.16667,True,0.16667,0.23191588235294117,0.16667,0.07140000000000025,-0.18639181818181813,-0.09280519999999688,0.1902903030303055
2809.6,0.33333,True,0.33333,0.39367470588235287,0.33333,0.3713985714285716,0.15452636363636374,-0.04780519999999687,-0.029397575757573333
2810.4,-3.0,True,-3.0,0.2443594117647059,-3.0,-0.9142728571428571,0.16816090909090928,0.06219480000000313,-0.052125151515149126
2811.2,-4.4999,True,-4.4999,0.011727647058823494,-4.4999,-0.9142728571428571,0.7136063636363639,0.06319480000000002,-0.15667060606060362
2812.0,0.59999,True,0.59999,0.19923352941176475,0.59999,-0.830942857142857,0.16817,-0.008805199999999971,-0.4618554545454521
2812.8,0.0,True,0.0,0.0757041176470589,0.0,-0.23571857142857136,-0.10454818181818182,-0.3787932,-0.2762493939393915
2813.6,-0.0,True,-0.0,0.3404100000000001,0.0,0.6214099999999999,-0.3924454545454546,-0.36033160000000003,-0.26316393939393695
2814.4,0.74998,True,0.74998,-0.18898411764705886,0.74998,0.8356957142857142,-0.47388454545454545,-0.48851320000000004,-0.21695181818181813
2815.2,4.4999,True,4.4999,-0.31251352941176475,4.4999,0.3213828571428571,-0.3375209090909091,-0.38136519999999996,-0.23311333333333328
2816.1,2.9999,True,2.9999,-0.8517117647058824,2.9999,0.24102571428571423,0.3442881818181818,-0.26536519999999997,-0.3315951515151514
2816.9,-2.9999,True,-2.9999,-0.871319411764706,-2.9999,0.026739999999999958,0.2897436363636365,-0.1780924,-0.3580121212121211
2817.7,-3.0002,True,-3.0002,-0.8272017647058824,-3.0002,0.34817142857142847,0.09883454545454556,-0.4780804,-0.4369375757575757
2818.5,-0.5625,True,-0.5625,-0.625525294117647,-0.5625,-0.29467142857142864,-0.71932,-0.5114136,-0.3187527272727273
2819.3,-1.5,True,-1.5,-0.45493647058823533,-1.5,-1.0232285714285714,-0.7875,-0.6380764,-0.3410666666666666
2820.1,3.0,True,3.0,-0.41482941176470595,3.0,-1.8803428571428573,-1.401127272727273,-0.7047416000000001,-0.3031878787878787
2820.9,0.0,True,0.0,-0.32659411764705887,0.0,-1.4517428571428572,-1.7712454545454546,-0.6507416,-0.439539393939394
2821.7,-2.1,True,-2.1,-0.41973000000000005,-2.1,-1.6928142857142858,-1.1803454545454548,-0.46474560000000004,-0.33347878787878793
2822.5,-8.9997,True,-8.9997,-0.860894705882353,-8.9997,-1.6315857142857142,-0.8456163636363635,-0.4941996,-0.34762030303030306
2823.3,0.0,True,0.0,-1.115788823529412,0.0,-1.5601571428571428,-0.6581163636363636,-0.5041996,-0.3779233333333334
2824.1,-2.25,True,-2.25,-1.0363829411764707,-2.25,-1.4627542857142857,-0.5975100000000001,-0.3241956,-0.34762030303030306
2824.9,-1.0714,True,-1.0714,-0.8510770588235295,-1.0714,-0.9484685714285713,-1.1429554545454546,-0.21419479999999996,-0.1809566666666667
2825.8,3.5,True,3.5,-0.8260099999999999,3.5,0.2181557142857143,-1.2641645454545454,-0.4061908000000001,-0.225876149732607
2826.6,0.68182,True,0.68182,-0.7524805882352941,0.68182,-0.21040142857142852,-1.2232554545454546,-0.5528536,-0.31678524064169794
2827.4,1.5,True,1.5,-0.6642394117647059,1.5,-0.07944428571428573,-0.3914645454545455,-0.5128576,0.2740935472370899
2828.2,-0.83333,True,-0.83333,-0.45835705882352945,-0.83333,-0.16210142857142854,-0.40386090909090916,-0.35284960000000004,0.2854577896613324
2829.0,-2.9999,True,-2.9999,-0.35247470588235286,-2.9999,-0.640672857142857,-0.22204272727272728,-0.3656437176470413,0.08091536541890809
2829.8,-1.3333,True,-1.3333,0.13770352941176472,-1.3333,-0.7575557142857142,0.2844572727272728,-0.42564371764704123,-0.2827331194295768
2830.6,-1.65,True,-1.65,0.020056470588235314,-1.65,-1.007555714285714,0.2844572727272727,0.23431628235295873,-0.20697857397503122
2831.4,0.15,True,0.15,0.21123294117647062,0.15,-0.2456371428571428,0.19520090909090904,0.27931628235295874,-0.1615179679144252
2832.2,-0.13636,True,-0.13636,0.22235335640141002,-0.13636,0.68292,-0.00176909090909085,0.2733162823529587,0.082794153297696
2833.1,-0.25,True,-0.25,-0.1599995847750606,-0.25,0.8305342857142857,-0.10782999999999994,0.2732842823529589,0.14772900178254453
2833.9,4.5001,True,4.5001,0.9468933564014099,4.5001,0.9710099999999998,0.2557972727272727,0.25328428235295886,-0.07954069518715245
2834.7,3.5,True,3.5,0.9248345328719981,3.5,0.6638671428571428,0.29679245989308817,0.2832842823529588,-0.05681372549018276
2835.5,-0.3,True,-0.3,0.8415010034602335,-0.3,0.8262042857142855,0.17406518716581545,0.6261322823529588,0.006822638146180837
2836.3,-0.66667,True,-0.66667,0.4885245328719982,-0.66667,0.735868151260567,1.9330651871658153,0.5118462823529588,0.2795408199643627
2837.1,-2.0,True,-2.0,0.5375421799308215,-2.0,-0.33557470588229,2.0477342780749064,0.30457748235295884,0.23408627450981728
2837.9,1.0,True,1.0,0.5463657093425863,1.0,1.9499967226891382,1.8659160962567243,0.27457708235295875,0.2909044563279991
2838.7,-inf,False,-0.8823529411760301,0.9787068858131746,-0.8823529411760301,2.1535681512605667,0.6385888235294517,0.30791028235295886,0.4597317290552718
2839.6,-3.0,True,-3.0,1.0245427681661157,-3.0,1.9273781512605666,0.2749524598930881,0.42790628235295886,0.417840819964367
2840.4,19.499,True,19.499,0.774548650519057,19.499,0.927306722689138,0.16586155080217885,0.4212382823529589,0.39717960784315487
2841.2,1.125,True,1.125,0.553953944636704,1.125,0.7130210084034234,0.9082679144385425,0.4722382823529588,0.21536445632800338
2842.0,-2.25,True,-2.25,0.3480715916955276,-2.25,0.6247857142857137,1.1485270053476335,0.6462342823529588,-0.12304978609623904
2842.8,-9.0005,True,-9.0005,0.36571865051905694,-9.0005,2.124757142857142,0.6485360962567245,0.7363926823529644,-0.04513099821745114
2843.6,-0.5,True,-0.5,0.316699238754351,-0.5,-0.5689785714285713,0.796930909090909,0.7463926823529644,-0.05667463458107646
2844.4,-1.5,True,-1.5,0.4122874740484687,-1.5,-1.3725357142857142,1.0696581818181816,0.3863926823529646,-0.09758069518713708
2845.2,7.4998,True,7.4998,0.618163944636704,7.4998,-0.9439657142857142,-0.7029781818181821,-0.2336473176470355,-0.011220089126531163
2846.1,0.64285,True,0.64285,0.7946317647058906,0.64285,0.3418199999999999,-0.9416145454545457,-0.23879051764703546,0.083821122994681
2846.9,-4.4999,True,-4.4999,0.9711023529411846,-4.4999,0.41324857142857124,-0.7711600000000002,-0.2806933176470209,0.1823029411764993
2847.7,0.74999,True,0.74999,-0.44059764705881543,0.74999,0.4132485714285713,0.4561490909090909,-0.32068931764702086,0.11411809269165085
2848.5,0.0,True,0.0,-1.212715294117639,0.0,-0.7117228571428571,0.6941127272727401,-0.2406933176470209,-0.0010334224598643718
2849.3,0.0,True,0.0,-1.1055729411764625,0.0,-0.16071571428571432,0.8304763636363764,-0.08539919999997964,-0.03739705882350074
2850.1,-1.5,True,-1.5,-0.6769694117646761,-1.5,0.7846414285714488,-0.26040545454544173,0.15459680000002038,-0.036675240641682504
2850.9,-0.375,True,-0.375,-0.8240223529411467,-0.375,0.6775000000000202,-1.4098463636363507,-0.5353631999999798,0.03908233511589322
2851.7,4.4999,True,4.4999,-0.5593223529411466,4.4999,0.03465714285716306,-1.0397263636363507,-0.5923631999999799,-0.0063722103386609445
2852.6,inf,False,2.1176000000001416,-0.8240164705882054,2.1176000000001416,-1.6797714285714083,-1.2637472727272263,-0.5623631999999797,-0.025088787878781202
2853.4,0.0,True,0.0,-0.6853664705882052,0.0,-1.526711428571408,-1.5364654545454082,-0.22805719999997978,-0.25236151515150834
2854.2,-4.4999,True,-4.4999,-0.2883135294117349,-4.4999,-1.7180314285713558,-1.2637472727272263,-0.18805719999997977,-0.8684927272727204
2855.0,-12.001,True,-12.001,-0.35007764705879363,-12.001,-2.7894314285713557,-0.8546563636363174,-0.14805719999999117,-0.9537199999999934
2855.8,-0.42858,True,-0.42858,-0.4383129411764407,-0.42858,-2.663388571428519,-0.5478472727272266,-0.5080491999999911,-0.9082657575757509
2856.6,inf,False,-1.7142399999996343,-0.4761276470587936,-1.7142399999996343,-2.2348171428570907,-0.7523836363635901,-0.9537631999999912,-0.7264293939393872
2857.4,-2.9999,True,-2.9999,-0.3584805882352642,-2.9999,-1.16341714285709,-0.9721654545454211,-0.8071003999999911,-0.6857096969696903
2858.2,2.9999,True,2.9999,-0.3658335294117515,2.9999,0.8724400000000522,-1.1085290909090575,-0.9045999999999911,-0.6402551515151448
2859.1,3.0,True,3.0,-0.7187688235293986,3.0,0.8908085714286237,-0.7578881818181482,-0.9346003999999911,-0.8447942424242356
2859.9,2.9999,True,2.9999,-1.4609805882352893,2.9999,0.9214142857142856,0.37856636363639695,-1.0545963999999912,-0.9665472727272659
2860.7,2.25,True,2.25,-1.5099999999999951,2.25,1.2581357142857141,0.3720736363636439,-0.9608463999999912,-0.9210957575757508
2861.5,-0.3,True,-0.3,-1.344564705882348,-0.3,0.9010071428571428,0.3915499999999743,-0.9458463999999912,-0.8983681818181751
2862.3,-1.5,True,-1.5,-0.6827417647058776,-1.5,0.40100714285710226,-0.2902772727272984,-1.0958419999999909,-0.9120045454545387
2863.1,-0.64285,True,-0.64285,-0.8339958823529364,-0.64285,-0.2418357142857549,-0.638752727272753,-1.3155459999999968,-0.9037399999999931
2864.0,0.5,True,0.5,-0.6835258823529579,0.5,-2.063264285714326,-1.0648890909091169,-1.4355459999999969,-0.8279824242424174
2864.8,inf,False,-0.5000000000002842,-0.507061176470605,-0.5000000000002842,-2.139454285714326,-1.405790000000026,-1.195549999999997,-0.5666157575757508
2865.6,-1.5,True,-1.5,-0.6394076470588402,-1.5,-2.1662400000000406,-1.8830536363636623,-0.7335099999999968,-0.7419369696969629
2866.4,-10.5,True,-10.5,-1.0144076470588401,-10.5,-2.1815485714286122,-1.7790763636363895,-0.7054575999999968,-0.7720157575757551
2867.2,-0.83333,True,-0.83333,-1.3673429411764872,-0.83333,-2.681534285714326,-1.6427127272727533,-0.5968880000000113,-0.7890612121212097
2868.0,-1.6875,True,-1.6875,-1.411460588235311,-1.6875,-2.4895699999999996,-1.516089090909117,-0.14688800000001148,-0.6981551515151491
2868.8,-0.75001,True,-0.75001,-1.4202841176470757,-0.75001,-2.2752842857142856,-1.8683618181818442,-0.3183120000000113,-0.33448848484848237
2869.7,-2.9999,True,-2.9999,-1.316005882352958,-2.9999,-0.66814,-2.0956345454545455,-0.39331200000001143,-0.33448848484848237
2870.5,0.84375,True,0.84375,-1.2193676470588402,0.84375,-1.0312357142857143,-1.8229072727272728,-0.5358080000000114,-0.2787222459893123
2871.3,0.0,True,0.0,-0.7634794117647227,0.0,-1.2187357142857143,-0.9092709090909092,-0.6858080000000114,-0.16508891265597894
2872.1,0.75001,True,0.75001,-0.8096970588235294,0.75001,-0.8973057142857143,-0.80872,-0.6738080000000114,-0.3196313368984032
2872.9,-3.375,True,-3.375,-0.6552852941176471,-3.375,-0.5330342857142857,-0.5644018181818181,-0.6309512000000114,-0.45599497326203947
2873.7,-3.0,True,-3.0,-0.07072647058823535,-3.0,-0.6146085714285713,0.2537900000000001,-0.6001953647058922,-0.4105404278074941
2874.6,1.5,True,1.5,-0.10994235294117649,1.5,-0.47175142857142843,0.4096263636363636,-0.5901953647058922,-0.4730404278074941
2875.4,-0.45,True,-0.45,-0.010677647058823507,-0.45,0.5996900000000002,0.43519454545454545,-0.6541953647058807,-0.46394951871658496
2876.2,0.27273,True,0.27273,0.008229999999999986,0.27273,0.8981614285714284,0.3840581818181818,-0.6541953647058809,-0.3821313368984031
2877.0,1.0,True,1.0,0.19210916955017518,1.0,1.487447142857143,0.1795118181818181,-0.05419936470588086,-0.3821313368984031
2877.8,8.2501,True,8.2501,0.1865944636678222,8.2501,1.1928042857142858,0.48633000000000004,-0.013366164705880906,-0.6245586096256759
2878.6,-1.2857,True,-1.2857,0.06306505190311631,-1.2857,1.0428042857142859,0.7200954545454545,0.05413383529411912,-0.6275889126559703
2879.5,1.125,True,1.125,-0.06928847750864833,1.125,1.0038428571428575,0.5951905347593617,0.1321342352941191,-0.6124373975044551
2880.3,-0.5625,True,-0.5625,0.39394093425605753,-0.5625,0.7997599999999998,0.7042814438502708,0.22641623529411914,-0.4003161853832431
2881.1,-1.5,True,-1.5,0.5814409342560575,-1.5,-0.36081915966386024,0.4885787165775435,-0.10733776470588083,-0.36597285204990976
2881.9,0.0,True,0.0,0.49320564013841056,0.0,-0.07000487394957451,0.2613059893048163,-0.13133776470588082,-0.34513951871657644
2882.7,-0.42858,True,-0.42858,0.5902644636678221,-0.42858,-0.5307191596638602,-0.07962128342245656,-0.20133816470588084,-0.28832103386809155
2883.5,-inf,False,0.12604588235297826,0.5364068166089987,0.12604588235297826,-0.6646477310924317,0.05430598930481624,-0.20633816470588096,-0.15196042780748553
2884.4,0.75,True,0.75,0.036400934256057525,0.75,0.19248084033613974,-0.04796673796791105,-0.074338164705881,-0.18661951871657645
2885.2,-2.1,True,-2.1,-0.48419318339100126,-2.1,0.21926655462185402,0.1122605347593617,-0.174338164705881,-0.1638919429590007
2886.0,-1.5,True,-1.5,-0.4673873010380601,-1.5,0.2804922689075684,0.19018326203208896,-0.111338164705881,-0.11844073083778854
2886.8,4.4999,True,4.4999,-0.7394461245674718,4.4999,0.4339142857142857,-0.49164401069518376,-0.062247364705881006,-0.0356483065953643
2887.6,0.1875,True,0.1875,-0.6887108304498247,0.1875,0.2349357142857143,-0.5072276470588202,-0.11424736470588091,0.05526078431372658
2888.4,0.0,True,0.0,-0.6592990657439424,0.0,-0.5365071428571427,-0.6095954545454545,-0.4142509647058809,-0.035648306595364346
2889.3,1.2,True,1.2,-0.5931225951557071,1.2,-0.4079357142857141,-0.995959090909091,-0.27282696470588086,0.012078966131908401
2890.1,-0.64285,True,-0.64285,-0.4796767128027659,-0.64285,-1.1936357142857141,-0.7777772727272728,-0.3435409647058809,0.02401654188948414
2890.9,-7.5001,True,-7.5001,-0.5047382352941177,-7.5001,-1.7204214285714283,-0.7323227272727274,-0.32104096470588095,-0.025767094474152236
2891.7,-0.6,True,-0.6,-0.5047376470588235,-0.6,-1.6775642857142854,-1.039131818181818,-0.3210409647058809,-0.32880042780748553
2892.5,-1.0,True,-1.0,-0.24886117647058817,-1.0,-1.9918499999999997,-0.9198136363636363,-0.2760409647058809,-0.2989307308377885
2893.4,-3.5,True,-3.5,-0.1984405882352941,-3.5,-1.7392999999999996,-0.9470863636363636,-0.23223096470588095,-0.39362770053475826
2894.2,0.3,True,0.3,-0.46314058823529414,0.3,-0.4535714285714285,-0.9879945454545452,-0.2629872000000001,-0.40688527629233406
2895.0,-1.0,True,-1.0,-0.5624052941176472,-1.0,-0.41071428571428575,-0.7250172727272726,-0.36298720000000007,-0.3906516399286976
2895.8,1.125,True,1.125,-0.4962288235294119,1.125,-0.16071285714285716,-0.10163090909090905,-0.29098720000000006,-0.39065163992869767
2896.6,1.5,True,1.5,-0.5276011764705884,1.5,0.6607014285714286,-0.0470854545454546,-0.3109872,-0.286755276292334
2897.4,-0.3,True,-0.3,-0.5276017647058825,-0.3,0.5260085714285714,-0.09254000000000004,-0.5309832000000002,-0.2905748484848486
2898.3,0.75001,True,0.75001,-0.18936058823529414,0.75001,0.6688657142857143,0.32791454545454546,-0.5770548000000002,-0.28804969696969707
2899.1,2.2499,True,2.2499,-0.17171352941176476,2.2499,0.2938657142857143,0.3612481818181818,-0.5770548000000002,-0.25471636363636363
2899.9,-0.64285,True,-0.64285,-0.23053705882352943,-0.64285,0.24029428571428565,0.39371545454545454,-0.5050548000000001,-0.169489090909091
2900.7,0.0,True,0.0,-0.08347823529411767,0.0,0.37838999999999995,0.13235181818181815,-0.47934080000000023,-0.2906981818181819
2901.6,-1.5,True,-1.5,-0.15784823529411762,-1.5,0.17940857142857136,-0.03128454545454548,-0.1460036,-0.3138624242424243
2902.4,1.125,True,1.125,-0.09902470588235289,1.125,-0.39200571428571424,-0.18583000000000002,-0.1620036,-0.08659575757575762
2903.2,0.66667,True,0.66667,0.011269411764705875,0.66667,-0.34302714285714286,-0.3449218181818182,-0.06950360000000004,-0.12295939393939403
2904.0,-0.64286,True,-0.64286,-0.0769658823529412,-0.64286,-0.6287414285714286,-0.6371209090909091,0.09049639999999999,-0.10023242424242436
2904.8,-1.75,True,-1.75,-0.010299411764705889,-1.75,-0.5573128571428572,-0.57868,0.05541959999999998,0.17249787878787876
2905.6,-0.3,True,-0.3,-0.11324117647058825,-0.3,-0.8557828571428571,-0.30595272727272727,0.3954116,0.21795272727272724
2906.5,-2.0,True,-2.0,-0.16838235294117643,-2.0,-0.9510214285714286,-0.16958909090909088,0.3504116,0.2358590909090908
2907.3,-1.0,True,-1.0,-0.10115588235294115,-1.0,-0.4306128571428571,-0.19610454545454548,0.2946972,0.28510151515151505
2908.1,-0.96429,True,-0.96429,-0.13509235294117644,-0.96429,-0.18061285714285719,-0.34762000000000004,0.36669719999999995,0.256530303030303
2908.9,0.0,True,0.0,0.39430764705882354,0.0,-0.018708571428571408,-0.16986000000000007,0.37269719999999995,0.2827012121212121
2909.7,3.0,True,3.0,0.3281311764705882,3.0,0.12414857142857144,0.034685454545454505,0.2663376,0.2031557575757575
2910.6,0.0,True,0.0,0.29521764705882353,0.0,0.4545057142857143,0.009510909090909115,0.2170516,0.16906484848484843
2911.4,0.83333,True,0.83333,0.42126823529411767,0.83333,0.6636899999999999,0.8731290909090909,0.1913376,0.17815575757575755
2912.2,-1.0,True,-1.0,0.5771511764705882,-1.0,0.581272857142857,0.9640381818181818,0.24588319999999994,0.19438878787878786
2913.0,1.3125,True,1.3125,0.5707341176470587,1.3125,1.2241014285714285,1.0614409090909092,0.14088319999999996,0.11484606060606053
2913.8,0.5,True,0.5,0.5780870588235293,0.5,1.2241014285714285,1.1978045454545456,0.12921639999999998,0.07068999999999993
2914.7,-0.57692,True,-0.57692,0.599095882352941,-0.57692,1.1203599999999998,1.0068963636363637,0.1549308,0.05553848484848482
2915.5,7.4998,True,7.4998,0.6477976470588235,7.4998,1.4775028571428568,0.9697063636363636,0.27635879999999996,0.04038696969696966
2916.3,0.0,True,0.0,0.5595623529411764,0.0,1.418575714285714,0.7234945454545454,0.27335839999999995,0.006296060606060611
2917.1,0.10714,True,0.10714,0.40515058823529393,0.10714,1.2887057142857141,0.7559627272727274,0.26935839999999994,-0.07072424242424243
2917.9,1.5,True,1.5,0.40515058823529393,1.5,1.103265714285714,0.6242481818181818,0.2893583999999999,-0.005789090909090931
2918.8,0.90001,True,0.90001,0.43176058823529395,0.90001,-0.05997,0.44243,0.24792999999999993,0.021988787878787865
2919.6,-0.40909,True,-0.40909,0.46852470588235273,-0.40909,-0.07945,0.5289681818181817,0.24792999999999993,0.04623121212121212
2920.4,-1.875,True,-1.875,0.2677894117647058,-1.875,-0.3090414285714286,-0.1528318181818182,0.052929999999999984,0.09774636363636363
2921.2,-0.64285,True,-0.64285,0.20896588235294106,-0.64285,-0.46975571428571433,-0.03595000000000002,0.11292999999999999,0.13607060606060606
2922.1,-0.13636,True,-0.13636,0.12525529411764688,-0.13636,-0.5983285714285714,-0.07978181818181823,0.04626359999999997,0.17539242424242427
2922.9,-1.5,True,-1.5,-0.3159094117647059,-1.5,-0.3562157142857142,-0.4070545454545455,0.10626359999999996,0.17539242424242427
2923.7,0.375,True,0.375,-0.4262035294117647,0.375,-0.14193142857142857,-0.5343281818181818,0.041763599999999956,0.08448333333333333
2924.5,0.0,True,0.0,-0.3442705882352941,0.0,-0.3500957142857143,-0.6789563636363636,0.03235159999999996,0.07399393939393939
2925.3,1.2857,True,1.2857,-0.48152529411764705,1.2857,-0.40204428571428574,-0.5085018181818182,0.06876159999999995,0.061138181818181814
2926.2,-0.37501,True,-0.37501,-0.505055294117647,-0.37501,-0.47347285714285714,-0.6205154545454545,-0.23123040000000006,0.11416848484848485
2927.0,-2.1,True,-2.1,-0.4986382352941177,-2.1,-0.5270442857142856,-0.47175545454545453,-0.23123040000000006,0.04030484848484847
2927.8,-0.5,True,-0.5,-0.37277352941176467,-0.5,-0.7949014285714284,-0.41114909090909096,-0.24936200000000006,0.03814030303030302
2928.6,-2.0,True,-2.0,-0.3153511764705882,-2.0,-0.7642871428571427,-0.3997854545454545,-0.2929984000000001,0.029107575757575752
2929.5,0.0,True,0.0,-0.30733,0.0,-0.8297614285714285,-0.4270581818181818,-0.29899880000000006,-0.16179545454545458
2930.3,-1.875,True,-1.875,-0.21909470588235294,-1.875,-0.4583328571428571,-0.5198763636363636,-0.3276352,-0.17153575757575765
2931.1,1.5,True,1.5,-0.26151529411764707,1.5,-0.42976142857142846,-0.4554818181818182,-0.23549240000000005,-0.20508545454545457
2931.9,-0.83333,True,-0.83333,-0.23745117647058825,-0.83333,-0.10623285714285713,-0.26457272727272735,-0.24477840000000006,-0.25703333333333334
2932.8,0.5,True,0.5,-0.2689629411764705,0.5,-0.0586142857142857,-0.21911818181818182,-0.19132400000000005,-0.2907996969696971
2933.6,-0.3,True,-0.3,-0.31307999999999997,-0.3,0.20924285714285712,-0.06876818181818183,-0.1441812000000001,-0.281899393939394
2934.4,0.2647,True,0.2647,-0.16434058823529415,0.2647,-0.005042857142857146,-0.031578181818181825,-0.19918120000000009,-0.2705357575757576
2935.2,0.33333,True,0.33333,-0.1863994117647059,0.33333,0.06455428571428572,0.20705818181818184,-0.2077524000000001,-0.2783281818181818
2936.1,0.0,True,0.0,0.0018358823529411707,0.0,0.05156714285714285,-0.031578181818181825,-0.2677516000000001,-0.28328696969696976
2936.9,0.0,True,0.0,-0.01707176470588236,0.0,0.20156714285714283,0.08314000000000002,-0.25736640000000005,-0.2287415151515152
2937.7,-0.34615,True,-0.34615,0.03439882352941176,-0.34615,0.003038571428571439,-0.041859999999999994,-0.23336640000000008,-0.25525666666666663
2938.5,0.40909,True,0.40909,-0.06644117647058823,0.40909,0.01664428571428571,0.09450363636363636,-0.24936640000000002,-0.25525666666666663
2939.3,0.75,True,0.75,-0.030026470588235293,0.75,-0.10835571428571428,0.0412190909090909,-0.1813664,-0.27906575757575763
2940.2,-1.125,True,-1.125,-0.06622529411764706,-1.125,0.06307285714285714,-0.07999272727272728,-0.1693664,-0.280689090909091
2941.0,0.42857,True,0.42857,-0.1368135294117647,0.42857,0.06660428571428571,-0.09947272727272728,-0.11436640000000001,-0.23978
2941.8,-0.875,True,-0.875,-0.20532529411764705,-0.875,-0.1346942857142857,-0.11895272727272728,-0.1743664,-0.21856787878787876
2942.6,1.2,True,1.2,-0.24258,1.2,-0.27244857142857143,-0.09797363636363637,-0.12103320000000002,-0.19331636363636362
2943.5,-0.32143,True,-0.32143,-0.22493294117647059,-0.32143,-0.14234571428571427,-0.27152727272727273,-0.1581764,-0.20630333333333334
2944.3,-1.0,True,-1.0,-0.2543447058823529,-1.0,-0.22005285714285713,-0.4215272727272728,-0.1761764,-0.125009696969697
2945.1,-0.21428,True,-0.21428,-0.2339829411764706,-0.21428,-0.3093385714285714,-0.34652727272727274,-0.1787644,-0.1931915151515152
2945.9,-0.21428,True,-0.21428,-0.22863529411764705,-0.21428,-0.6093385714285714,-0.3582154545454546,-0.23876560000000002,-0.16469242424242425
2946.8,-0.11538,True,-0.11538,-0.2979635294117647,-0.11538,-0.6062771428571427,-0.3241245454545455,-0.25590840000000004,-0.18941333333333332
2947.6,-1.5,True,-1.5,-0.27590470588235294,-1.5,-0.4205628571428571,-0.4332154545454546,-0.22360080000000004,-0.16633636363636362
2948.4,-0.9,True,-0.9,-0.28934999999999994,-0.9,-0.46138,-0.35854,-0.23975480000000002,-0.176630303030303
2949.2,-0.3,True,-0.3,-0.3065088235294118,-0.3,-0.4307685714285714,-0.3065927272727273,-0.2518328,-0.1640039393939394
2950.1,0.3,True,0.3,-0.40230705882352935,0.3,-0.34285714285714286,-0.3552945454545455,-0.29446440000000007,-0.15390303030303032
2950.9,-0.5,True,-0.5,-0.3358882352941176,-0.5,-0.18979714285714283,-0.3176327272727273,-0.23100280000000004,-0.1601015151515152
2951.7,0.0,True,0.0,-0.32118235294117653,0.0,-0.16836857142857142,-0.4132072727272727,-0.2511456,-0.1450666666666667
2952.5,0.5,True,0.5,-0.3022752941176471,0.5,-0.09694000000000001,-0.31580454545454545,-0.18614560000000005,-0.17399212121212124
2953.4,-0.42858,True,-0.42858,-0.30824647058823534,-0.42858,-0.3064685714285714,-0.16056,-0.22081240000000005,-0.23005272727272727
2954.2,-0.75,True,-0.75,-0.27431000000000005,-0.75,-0.2962642857142857,-0.20146909090909093,-0.21613720000000003,-0.20398333333333335
2955.0,0.2,True,0.2,-0.1904864705882353,0.2,-0.18087999999999999,-0.2190018181818182,-0.17013720000000004,-0.22151575757575762
2955.8,-1.1667,True,-1.1667,-0.09342764705882352,-1.1667,-0.3594514285714286,-0.2022554545454546,-0.18338400000000005,-0.17795515151515154
2956.7,-0.42857,True,-0.42857,-0.05617294117647061,-0.42857,-0.28292,-0.1602972727272728,-0.21881280000000006,-0.22852333333333336
2957.5,0.80769,True,0.80769,-0.08585235294117645,0.80769,-0.22088999999999998,-0.21257,-0.22478600000000004,-0.22291515151515154
2958.3,-0.75,True,-0.75,-0.04761705882352943,-0.75,-0.18352714285714283,-0.10542636363636368,-0.17078600000000002,-0.1986727272727273
2959.2,0.10714,True,0.10714,-0.07970235294117649,0.10714,-0.027570000000000004,-0.006941818181818193,-0.11228600000000004,-0.19217939393939393
2960.0,-0.31579,True,-0.31579,-0.17381999999999997,-0.31579,0.14079714285714284,-0.04371909090909092,-0.11903600000000003,-0.18893272727272728
2960.8,0.46154,True,0.46154,-0.16418058823529413,0.46154,0.07303142857142857,0.07598090909090909,-0.13649040000000004,-0.1871198787878788
2961.6,-0.075,True,-0.075,-0.1288864705882353,-0.075,0.15095285714285714,0.06535545454545456,-0.12449040000000003,-0.13292412121212124
2962.5,0.75,True,0.75,-0.10756294117647058,0.75,0.1570757142857143,-0.1080709090909091,-0.12449040000000003,-0.10565139393939395
2963.3,0.33333,True,0.33333,-0.06650705882352943,0.33333,0.12426714285714287,-0.06395363636363637,-0.14877600000000005,-0.10355351515151517
2964.1,-0.20455,True,-0.20455,-0.04931823529411764,-0.20455,-0.09881,-0.08733,-0.13385504,-0.09843987878787878
2964.9,0.15,True,0.15,-0.10859411764705884,0.15,-0.12591142857142856,-0.007485454545454547,-0.09231664,-0.14389442424242424
2965.8,-0.54545,True,-0.54545,-0.0644764705882353,-0.54545,-0.2544828571428571,-0.09205727272727271,-0.10031664000000001,-0.1403980606060606
2966.6,-1.1,True,-1.1,-0.07708117647058824,-1.1,-0.22174428571428567,-0.09763545454545455,-0.06287944000000001,-0.1608971515151515
2967.4,-0.26471,True,-0.26471,-0.06177329411764704,-0.26471,-0.2594871428571428,-0.18399909090909095,-0.02698664000000001,-0.16930018181818182
2968.2,-0.15,True,-0.15,-0.0719544705882353,-0.15,-0.30039571428571427,-0.2143018181818182,-0.13929424,-0.14224381818181817
2969.1,0.5625,True,0.5625,-0.06754270588235294,0.5625,-0.25104571428571426,-0.20544636363636368,-0.10467904000000001,-0.14072866666666667
2969.9,-0.46875,True,-0.46875,-0.12523505882352942,-0.46875,-0.09390285714285714,-0.22413327272727274,-0.11602344000000002,-0.0956338181818182
2970.7,-0.13636,True,-0.13636,-0.11726917647058825,-0.13636,-0.07139285714285715,-0.14832327272727275,-0.13162704,-0.07786200000000003
2971.6,-0.2,True,-0.2,-0.2228838823529412,-0.2,-0.05790085714285715,-0.04832327272727273,-0.14437424000000001,-0.1006539393939394
2972.4,0.0,True,0.0,-0.22492035294117646,0.0,-0.09704942857142856,-0.04523781818181818,-0.13137424,-0.1006539393939394
2973.2,-0.10714,True,-0.10714,-0.20321564705882353,-0.10714,-0.03008514285714287,0.01101218181818182,-0.14851703999999996,-0.09091363636363638
2974.0,-0.055556,True,-0.055556,-0.1800321176470588,-0.055556,-0.043572285714285716,-0.22194236363636366,-0.15553423999999996,-0.08134424242424243
2974.9,0.28846,True,0.28846,-0.15605741176470586,0.28846,0.05196342857142856,-0.16883963636363636,-0.14512999999999998,-0.1003809090909091
2975.7,0.0,True,0.0,-0.132528,0.0,-0.23375085714285715,-0.172486,-0.18112999999999996,-0.11682454545454547
2976.5,-0.23077,True,-0.23077,-0.1467085882352941,-0.23077,-0.2019622857142857,-0.2184750909090909,-0.14216919999999994,-0.1327336363636364
2977.4,0.46875,True,0.46875,-0.10984682352941175,0.46875,-0.2192357142857143,-0.20548781818181816,-0.09816920000000001,-0.1445827878787879
2978.2,-2.0,True,-2.0,-0.09855764705882353,-2.0,-0.3612842857142857,-0.17302054545454543,-0.09424760000000001,-0.12850278787878788
2979.0,0.11538,True,0.11538,-0.1309105882352941,0.11538,-0.3408757142857143,-0.1387490909090909,-0.11295320000000002,-0.1370006666666667
2979.8,-0.17647,True,-0.17647,-0.10570058823529412,-0.17647,-0.2721942857142857,-0.15061818181818176,-0.1264532,-0.13683551515151515
2980.7,-0.70588,True,-0.70588,-0.09939823529411765,-0.70588,-0.29324,-0.14556763636363632,-0.11001088000000002,-0.12298278787878789
2981.5,0.14286,True,0.14286,-0.10593435294117648,0.14286,0.015031428571428588,-0.1927703636363636,-0.09151288000000002,-0.112985
2982.3,0.25,True,0.25,-0.1592343529411765,0.25,0.006485142857142859,-0.19642309090909085,-0.08873008000000003,-0.103655
2983.2,0.32143,True,0.32143,-0.14599905882352943,0.32143,-0.07544771428571427,-0.014604909090909087,-0.11033008000000004,-0.1074428787878788
2984.0,0.1579,True,0.1579,-0.13581799999999997,0.1579,0.08661657142857143,-0.04024581818181819,-0.13175888000000005,-0.08606136363636364
2984.8,0.055556,True,0.055556,-0.14420976470588234,0.055556,0.066208,-0.08035218181818181,-0.12692796000000003,-0.08717409090909092
2985.7,-0.75,True,-0.75,-0.0342350588235294,-0.75,0.006683714285714283,0.004273272727272734,-0.13215076000000003,-0.07884075757575758
2986.5,0.42857,True,0.42857,-0.07278682352941176,0.42857,-0.12746914285714284,-0.01395872727272726,-0.11465076000000003,-0.07715724242424242
2987.3,0.0,True,0.0,-0.1002215294117647,0.0,-0.11788342857142856,-0.007041454545454549,-0.09594636000000002,-0.08716815151515152
2988.1,-0.16667,True,-0.16667,-0.05486288235294118,-0.16667,-0.13406171428571428,-0.048119636363636364,-0.12161956000000004,-0.08070009090909092
2989.0,-0.61764,True,-0.61764,-0.053978764705882344,-0.61764,0.019665428571428577,-0.11156509090909093,-0.03861956,-0.0959349393939394
2989.8,0.225,True,0.225,-0.04294935294117646,0.225,-0.06019171428571428,-0.17505745454545457,-0.04101251999999999,-0.09868975757575757
2990.6,-0.057692,True,-0.057692,-0.04792523529411765,-0.057692,-0.13733457142857142,-0.10094681818181818,-0.05145372000000001,-0.09639884848484849
2991.5,0.32609,True,0.32609,-0.06739464705882353,0.32609,-0.20536171428571426,-0.12555409090909092,-0.016902920000000002,-0.09734581818181819
2992.3,-0.13043,True,-0.13043,-0.06625088235294116,-0.13043,-0.10781071428571429,-0.08578136363636364,-0.03118892,-0.02871824242424242
2993.1,-0.54,True,-0.54,-0.018865235294117648,-0.54,-0.11739785714285714,-0.049098636363636365,-0.044825279999999995,-0.039317030303030305
2993.9,-0.64286,True,-0.64286,-0.0698105294117647,-0.64286,-0.04665614285714284,-0.00868409090909091,-0.06388927999999999,-0.03921430303030303
2994.8,0.065217,True,0.065217,-0.06052288235294117,0.065217,-0.059406142857142845,-0.02232045454545455,-0.05270527999999999,-0.016357727272727274
2995.6,0.15789,True,0.15789,-0.0633240588235294,0.15789,-0.06549899999999999,-0.012025181818181819,-0.044339119999999996,-0.018710545454545455
2996.4,0.4375,True,0.4375,-0.032339882352941184,0.4375,0.02235814285714285,-0.08144245454545455,-0.023714319999999997,-0.022649939393939385
2997.3,0.23684,True,0.23684,-0.05470282352941177,0.23684,0.12213185714285715,-0.05523154545454546,-0.047780319999999994,-0.030875090909090904
2998.1,-0.17308,True,-0.17308,-0.025573882352941182,-0.17308,0.05031514285714285,-0.025621545454545456,-0.04584483999999999,-0.0329861515151515
2998.9,0.075,True,0.075,-0.029184470588235298,0.075,0.050315142857142864,0.024555818181818193,-0.03656935999999999,-0.04269118181818181
2999.8,0.055556,True,0.055556,-0.03529917647058823,0.055556,-0.042797714285714286,0.004520636363636364,-0.00706376000000001,-0.02397451515151515
3000.6,-0.4375,True,-0.4375,-0.013715647058823536,-0.4375,-0.089619,0.029939727272727274,-0.014063760000000014,-0.03420666666666666
3001.4,0.15789,True,0.15789,0.02694594117647059,0.15789,-0.08706042857142857,0.014231545454545455,-0.008226680000000002,-0.03550536363636364
3002.3,-0.21429,True,-0.21429,0.02694594117647059,-0.21429,-0.035274714285714284,-0.028606636363636376,-0.03185868,-0.006994151515151518
3003.1,-0.090909,True,-0.090909,0.02471711764705882,-0.090909,-0.005395571428571432,-0.028606636363636372,-0.031935479999999995,0.006671606060606057
3003.9,-0.15517,True,-0.15517,0.0019229999999999937,-0.15517,0.023621571428571422,-0.031026000000000015,-0.006699120000000003,0.000989787878787876
3004.8,0.4375,True,0.4375,-0.006818470588235301,0.4375,-0.023659857142857142,-0.030147727272727277,0.017300999999999997,0.010575000000000003
3005.6,0.26471,True,0.26471,-0.012208470588235302,0.26471,0.013865428571428574,0.020534090909090908,0.04566031999999999,0.004704090909090916
3006.4,-0.23438,True,-0.23438,-0.024405529411764708,-0.23438,0.03616914285714286,0.010725909090909086,0.03267792,0.006059121212121214
3007.2,-0.17308,True,-0.17308,-0.02232594117647059,-0.17308,0.07547914285714284,0.03822818181818182,0.01667792,0.01863487878787879
3008.1,0.048387,True,0.048387,0.000888352941176465,0.048387,0.020121999999999998,0.022428090909090904,0.017549120000000005,0.03197306060606061
3008.9,0.065217,True,0.065217,0.03714188235294118,0.065217,-0.005088714285714297,0.024502636363636362,0.029766319999999995,0.03302709090909091
3009.8,0.12,True,0.12,0.0399430588235294,0.12,-0.009421571428571434,-0.007005636363636362,0.02333775999999999,0.022894969696969702
3010.6,0.05,True,0.05,0.0474965294117647,0.05,-0.0036029999999999973,-0.03496627272727273,0.01611551999999999,0.013133757575757575
3011.4,0.088235,True,0.088235,0.07183711764705883,0.088235,0.0024715714285714267,0.05672281818181818,0.025507520000000002,0.009967393939393939
3012.2,-0.26471,True,-0.26471,0.05388711764705882,-0.26471,-0.012967571428571429,0.057305545454545456,0.02319192,0.026231636363636367
3013.1,-0.13235,True,-0.13235,0.03327394117647059,-0.13235,0.08048957142857142,0.05631581818181818,0.02470472000000001,0.025124424242424247
3013.9,0.090909,True,0.090909,0.03970805882352941,0.090909,0.04953671428571428,0.0738979090909091,0.03295628000000002,0.026937272727272733
3014.8,-0.042857,True,-0.042857,0.037965705882352936,-0.042857,0.04228885714285714,0.07502063636363637,0.04445708000000002,0.049063939393939396
3015.6,0.7742,True,0.7742,0.04100176470588235,0.7742,0.11705028571428572,0.062683,0.04150268,0.035188484848484844
3016.4,-0.16667,True,-0.16667,0.026784882352941176,-0.16667,0.1548645714285714,0.043298,0.03245276,0.05005545454545455
3017.2,0.0375,True,0.0375,0.02651311764705882,0.0375,0.12963271428571427,0.04893527272727272,0.04644316,0.05281027272727273
3018.1,0.25862,True,0.25862,0.031357235294117644,0.25862,0.11789799999999998,0.070058,0.06507356,0.0688760303030303
3018.9,0.13235,True,0.13235,0.04755752941176471,0.13235,-0.021659142857142856,0.045750818181818184,0.051138080000000016,0.06513209090909092
3019.8,-0.085714,True,-0.085714,0.06539117647058823,-0.085714,0.016436571428571436,0.06013599999999999,0.05958220000000001,0.06143966666666667
3020.6,-0.125,True,-0.125,0.07996352941176471,-0.125,-0.01413057142857142,0.0017860000000000029,0.05478220000000001,0.06117118181818182
3021.4,-0.2027,True,-0.2027,0.09183241176470587,-0.2027,-0.034593428571428574,0.049996000000000006,0.0677822,0.07910118181818182
3022.2,0.1,True,0.1,0.07670635294117648,0.1,-0.034593428571428574,0.05008345454545455,0.07681080000000001,0.09041915151515151
3023.1,-0.17647,True,-0.17647,0.04741929411764705,-0.17647,0.029599999999999998,0.03706163636363636,0.0931136,0.0947559090909091
3023.9,0.11538,True,0.11538,0.05722341176470588,0.11538,0.05295171428571429,0.0516370909090909,0.08867799999999999,0.0797559090909091
3024.8,0.13235,True,0.13235,0.07707635294117647,0.13235,0.09839171428571429,0.03215654545454545,0.10178604000000001,0.07345621212121212
3025.6,0.36364,True,0.36364,0.08033105882352941,0.36364,0.12591742857142857,0.06864018181818181,0.12037551999999999,0.06974936363636364
3026.4,0.038462,True,0.038462,0.08094929411764705,0.038462,0.10827028571428572,0.08706745454545455,0.09774071999999999,0.0787590303030303
3027.3,0.11538,True,0.11538,0.07168305882352939,0.11538,0.1312617142857143,0.11206745454545454,0.08940751999999999,0.08276963636363638
3028.1,0.29268,True,0.29268,0.10366011764705882,0.29268,0.11235457142857143,0.15665109090909093,0.08159191999999998,0.0851799696969697
3028.9,-0.3,True,-0.3,0.14040011764705881,-0.3,0.11397742857142856,0.15914927272727272,0.06988348,0.08436448484848486
3029.8,0.27632,True,0.27632,0.14677247058823528,0.27632,0.15333285714285713,0.12500472727272727,0.06589384000000001,0.06595448484848486
3030.6,0.0,True,0.0,0.13509423529411763,0.0,0.15725857142857141,0.13000199999999998,0.0693224,0.07286036363636364
3031.4,0.375,True,0.375,0.1190195294117647,0.375,0.08069857142857143,0.1648581818181818,0.0811404,0.07278109090909092
3032.3,0.31395,True,0.31395,0.10922888235294118,0.31395,0.18335714285714283,0.1733081818181818,0.08645768,0.07035533333333334
3033.1,0.14286,True,0.14286,0.08975647058823527,0.14286,0.20415142857142854,0.11260999999999999,0.08912448,0.068321
3033.9,-0.24324,True,-0.24324,0.08749399999999997,-0.24324,0.23391285714285712,0.1255290909090909,0.09863224,0.07871051515151516
3034.8,0.41861,True,0.41861,0.09073341176470585,0.41861,0.12677,0.09730990909090906,0.0954124,0.0779529393939394
3035.6,0.42188,True,0.42188,0.06941294117647058,0.42188,0.05936428571428571,0.1002743636363636,0.0972612,0.07996324242424242
3036.4,0.20833,True,0.20833,0.09686411764705881,0.20833,0.034085571428571416,0.06618345454545455,0.08532428000000002,0.0769329393939394
3037.3,-0.375,True,-0.375,0.08421141176470587,-0.375,0.07349257142857142,0.053138,0.09407140000000003,0.08877415151515153
3038.1,-0.15789,True,-0.15789,0.08626341176470587,-0.15789,0.013691142857142844,0.03380818181818182,0.08345620000000002,0.0904429393939394
3038.9,-0.034091,True,-0.034091,0.07470870588235294,-0.034091,-0.02222742857142858,0.07107272727272727,0.06629460000000001,0.07993869696969697
3039.8,0.032609,True,0.032609,0.06007735294117646,0.032609,-0.06195571428571427,0.03858309090909091,0.07829460000000002,0.06891930303030303
3040.6,0.0,True,0.0,0.06679970588235293,0.0,0.015425714285714286,0.003401636363636363,0.0758134,0.07105954545454546
3041.5,0.17045,True,0.17045,0.07228441176470587,0.17045,0.04672771428571428,0.0006961818181818229,0.08263140000000001,0.0665750303030303
3042.3,-0.069768,True,-0.069768,0.039639117647058825,-0.069768,0.05658128571428571,0.040715909090909094,0.059059799999999996,0.059561212121212126
3043.1,0.16667,True,0.16667,0.014822647058823524,0.16667,0.07743285714285714,0.0784459090909091,0.0465018,0.07168242424242426
3044.0,0.061224,True,0.061224,0.015173235294117645,0.061224,0.08674957142857143,0.06790872727272726,0.045151000000000004,0.06566018181818183
3044.8,0.034884,True,0.034884,0.04725852941176471,0.034884,0.09913385714285713,0.05254790909090909,0.053576240000000004,0.06856154545454546
3045.7,0.17857,True,0.17857,0.04394088235294118,0.17857,0.08767214285714287,0.05254790909090909,0.039280800000000005,0.06444427272727273
3046.5,0.065217,True,0.065217,0.04594623529411765,0.065217,0.044382142857142856,0.05653336363636364,0.026405599999999998,0.0579609393939394
3047.3,0.25714,True,0.25714,0.05044511764705883,0.25714,0.03563585714285714,0.07837136363636366,0.021175840000000005,0.04817730303030303
3048.2,-0.15,True,-0.15,0.04852694117647059,-0.15,0.061265285714285696,0.04373863636363637,0.040005639999999995,0.06285336363636364
3049.0,-0.13636,True,-0.13636,0.042101882352941176,-0.13636,0.06010528571428571,0.03817281818181818,0.05588644,0.05633154545454546
3049.8,0.0,True,0.0,0.05208823529411765,0.0,0.020175714285714283,0.044918818181818185,0.06125008000000001,0.03925912121212122
3050.7,0.21429,True,0.21429,0.046847999999999994,0.21429,-0.01655857142857143,0.025720727272727274,0.05274572000000001,0.03294609090909091
3051.5,0.17045,True,0.17045,0.04887864705882352,0.17045,0.020454285714285713,0.025357727272727275,0.06238852000000001,0.04885518181818182
3052.3,-0.21429,True,-0.21429,0.06089311764705882,-0.21429,0.035275857142857144,0.011072272727272727,0.06370612,0.06091245454545454
3053.2,0.0,True,0.0,0.05627135294117647,0.0,0.04402214285714286,0.03176190909090909,0.06083644,0.06668036363636363
3054.0,0.10909,True,0.10909,0.04184682352941176,0.10909,0.027694999999999997,0.052862363636363645,0.054169640000000005,0.07530766666666668
3054.9,-0.032609,True,-0.032609,0.040901529411764705,-0.032609,0.014428714285714284,0.07460145454545455,0.05772068,0.08136827272727273
3055.7,0.061224,True,0.061224,0.061689176470588226,0.061224,0.058719428571428575,0.06421145454545454,0.06592532000000001,0.08269675757575759
3056.5,0.1,True,0.1,0.06138623529411764,0.1,0.09288085714285714,0.03235236363636364,0.06503252000000001,0.09794215151515152
3057.4,0.077586,True,0.077586,0.06138623529411764,0.077586,0.09158228571428571,0.07374872727272727,0.07511624,0.09289154545454545
3058.2,0.095745,True,0.095745,0.057604470588235285,0.095745,0.07052642857142857,0.09223872727272726,0.07283064,0.09649081818181818
3059.1,0.23913,True,0.23913,0.06169564705882352,0.23913,0.09621871428571428,0.0694569090909091,0.08740223999999999,0.09873948484848484
3059.9,0.1,True,0.1,0.08349211764705881,0.1,0.11098871428571427,0.07242136363636364,0.11018984000000001,0.09034763636363637
3060.7,-0.18,True,-0.18,0.10215741176470587,-0.18,0.07968928571428571,0.0804919090909091,0.11018984000000001,0.08763821212121212
3061.6,0.24107,True,0.24107,0.1075050588235294,0.24107,0.06601142857142858,0.09321918181818181,0.10881824,0.08215733333333333
3062.4,0.20339,True,0.20339,0.12202852941176469,0.20339,0.05327857142857143,0.10037045454545454,0.10636384,0.09006975757575758
3063.2,-0.14151,True,-0.14151,0.14391711764705883,-0.14151,0.07327857142857143,0.12051272727272727,0.111001,0.09934763636363636
3064.1,0.0,True,0.0,0.13803476470588236,0.0,0.12131428571428571,0.11695545454545456,0.11003324,0.10010521212121212
3064.9,0.15,True,0.15,0.1440591176470588,0.15,0.13220571428571426,0.12734545454545457,0.10872048,0.08988581818181818
3065.8,0.24,True,0.24,0.14484411764705882,0.24,0.13172142857142854,0.18310272727272728,0.11446924,0.09160763636363636
3066.6,0.15625,True,0.15625,0.12499170588235294,0.15625,0.18255,0.16118727272727273,0.11881268,0.10531642424242424
3067.4,0.31731,True,0.31731,0.11768617647058824,0.31731,0.2444542857142857,0.1590609090909091,0.11581268000000002,0.1122500606060606
3068.3,0.2,True,0.2,0.13276094117647058,0.2,0.22302571428571427,0.18184272727272727,0.10779124000000001,0.11483642424242424
3069.1,0.21429,True,0.21429,0.12511623529411767,0.21429,0.2144542857142857,0.17290081818181818,0.11305224,0.12043578787878789
3070.0,0.43333,True,0.43333,0.12314094117647059,0.43333,0.20771714285714285,0.157065,0.11301104,0.12319172727272729
3070.8,0.0,True,0.0,0.13293564705882355,0.0,0.1483355714285714,0.14218054545454548,0.11816344,0.12452021212121211
3071.6,0.18,True,0.18,0.12570329411764708,0.18,0.11630785714285714,0.1380769090909091,0.13314104,0.12630124242424243
3072.5,0.10909,True,0.10909,0.13024858823529412,0.10909,0.09659085714285713,0.12466781818181819,0.12958503999999998,0.12700745454545453
3073.3,-0.098361,True,-0.098361,0.13013682352941178,-0.098361,0.05055942857142857,0.10875872727272727,0.12753624,0.12625472727272727
3074.2,-0.024194,True,-0.024194,0.1344050588235294,-0.024194,0.074818,0.07810054545454546,0.13895024,0.12834593939393937
3075.0,0.076271,True,0.076271,0.1271774117647059,0.076271,0.05267514285714286,0.05936781818181819,0.14440464,0.138922
3075.8,0.11111,True,0.11111,0.12436388235294119,0.11111,0.019526571428571428,0.08101327272727274,0.14316663999999998,0.1316168484848485
3076.7,0.16981,True,0.16981,0.12070976470588236,0.16981,0.06604528571428571,0.08545054545454546,0.14213824,0.13630836363636364
3077.5,0.025,True,0.025,0.10368094117647059,0.025,0.10351585714285715,0.09320963636363637,0.14264864000000002,0.14197396969696968
3078.4,-0.12295,True,-0.12295,0.11170211764705883,-0.12295,0.12530714285714284,0.11598518181818183,0.13671664000000003,0.14485996969696968
3079.2,0.22727,True,0.22727,0.10811682352941178,0.22727,0.13721142857142857,0.13201827272727273,0.12871664000000002,0.14689360606060603
3080.0,0.2381,True,0.2381,0.11430505882352943,0.2381,0.13469142857142857,0.1381609090909091,0.13447344,0.14175154545454544
3080.9,0.22881,True,0.22881,0.13003276470588238,0.22881,0.15285857142857145,0.14045636363636368,0.11895844000000001,0.1394090303030303
3081.7,0.19444,True,0.19444,0.14139770588235295,0.19444,0.19097142857142857,0.1358418181818182,0.12276796000000001,0.130472
3082.6,0.15217,True,0.15217,0.13691117647058823,0.15217,0.1779842857142857,0.15305000000000002,0.12425236000000002,0.12379715151515153
3083.4,0.15217,True,0.15217,0.15144647058823532,0.15217,0.16097714285714287,0.1795918181818182,0.12270124000000002,0.12395533333333333
3084.2,0.14384,True,0.14384,0.1441314705882353,0.14384,0.15890285714285712,0.1742954545454546,0.12979356,0.11139948484848484
3085.1,0.13636,True,0.13636,0.14826311764705885,0.13636,0.15527,0.15265,0.13165684000000002,0.11730281818181817
3085.9,0.11905,True,0.11905,0.16826664705882355,0.11905,0.15767571428571425,0.16441363636363637,0.12779520000000003,0.11061975757575758
3086.8,0.21429,True,0.21429,0.15903382352941178,0.21429,0.13593714285714284,0.15086954545454545,0.1321312,0.11449096969696969
3087.6,0.16901,True,0.16901,0.1496718823529412,0.16901,0.16656142857142855,0.1456939090909091,0.12609828000000003,0.12222069696969697
3088.5,0.16901,True,0.16901,0.1375294117647059,0.16901,0.153575,0.15159754545454546,0.13289068,0.12814869696969697
3089.3,0.0,True,0.0,0.12489941176470588,0.0,0.1501732857142857,0.14491318181818183,0.13618704,0.13278199999999998
3090.2,0.35821,True,0.35821,0.12886058823529412,0.35821,0.15057614285714285,0.1396938181818182,0.13656984,0.13446563636363637
3091.0,0.045455,True,0.045455,0.12102629411764707,0.045455,0.13647642857142855,0.13090636363636363,0.13331464,0.1375844242424242
3091.8,0.095238,True,0.095238,0.12402452941176471,0.095238,0.12361028571428571,0.10958272727272728,0.13101944000000001,0.13309078787878786
3092.7,0.21711,True,0.21711,0.11361858823529412,0.21711,0.12680857142857144,0.11417363636363635,0.13240864000000002,0.13681654545454544
3093.5,0.070312,True,0.070312,0.12054741176470589,0.070312,0.07274,0.10053518181818182,0.13298864,0.13288118181818181
3094.4,0.078947,True,0.078947,0.11716094117647059,0.078947,0.097605,0.11824518181818182,0.13781104000000002,0.12916239393939394
3095.2,0.022388,True,0.022388,0.11730329411764706,0.022388,0.086712,0.08199509090909092,0.12712584000000002,0.13188784848484847
3096.0,-0.02027,True,-0.02027,0.12084211764705882,-0.02027,0.08352628571428572,0.09939372727272727,0.12167144,0.13126572727272728
3096.9,0.21951,True,0.21951,0.13064623529411765,0.21951,0.06769014285714287,0.104983,0.12080556000000002,0.1320020909090909
3097.7,0.018987,True,0.018987,0.125618,0.018987,0.09024628571428571,0.10083027272727273,0.11684916000000001,0.1300032121212121
3098.6,0.19481,True,0.19481,0.11569182352941178,0.19481,0.10943657142857141,0.11527190909090909,0.12283875999999999,0.13197351515151512
3099.4,-0.040541,True,-0.040541,0.11008958823529412,-0.040541,0.1368222857142857,0.12324672727272727,0.12303475999999999,0.1311271515151515
3100.3,0.23684,True,0.23684,0.103048,0.23684,0.13820228571428572,0.1460050909090909,0.13009356,0.13447139393939392
3101.1,0.15672,True,0.15672,0.10569905882352941,0.15672,0.15929985714285713,0.13663963636363635,0.11921344,0.1307159696969697
3101.9,0.17143,True,0.17143,0.11980511764705883,0.17143,0.1704312857142857,0.11668418181818183,0.12574964,0.13192354545454543
3102.8,0.22917,True,0.22917,0.12871817647058822,0.22917,0.15860999999999997,0.12381290909090908,0.12627732,0.13517536363636365
3103.6,0.16667,True,0.16667,0.14029111764705882,0.16667,0.12477571428571428,0.11659200000000002,0.12676932,0.13517536363636365
3104.5,0.27273,True,0.27273,0.13244976470588235,0.27273,0.11630185714285714,0.14925481818181818,0.12757128,0.132479
3105.3,-0.12329,True,-0.12329,0.14361876470588233,-0.12329,0.10829471428571429,0.1435339090909091,0.1327678,0.1355482424242424
3106.2,0.0,True,0.0,0.13853758823529413,0.0,0.12109185714285713,0.14532936363636365,0.14292508,0.13565924242424243
3107.0,0.097403,True,0.097403,0.15441705882352944,0.097403,0.12212614285714284,0.1375818181818182,0.14373588,0.12960869696969696
3107.9,0.11538,True,0.11538,0.14580064705882353,0.11538,0.10837471428571427,0.13573545454545455,0.14572468,0.13338136363636363
3108.7,0.31875,True,0.31875,0.14886770588235293,0.31875,0.13830285714285714,0.13044090909090908,0.15083480000000002,0.1379820606060606
3109.6,0.17391,True,0.17391,0.15503770588235294,0.17391,0.16814,0.12650272727272727,0.14699844,0.14163272727272727
3110.4,0.17647,True,0.17647,0.14155711764705883,0.17647,0.1697152857142857,0.14592554545454547,0.14931776,0.14894545454545455
3111.2,0.086207,True,0.086207,0.1475900588235294,0.086207,0.18600528571428568,0.1649128181818182,0.14763656,0.15352969696969695
3112.1,0.20886,True,0.20886,0.14017888235294118,0.20886,0.1533782857142857,0.181178,0.15059856000000002,0.15450390909090905
3112.9,0.10843,True,0.10843,0.1532489411764706,0.10843,0.15837114285714288,0.17068890909090909,0.14945576000000005,0.1518472424242424
3113.8,0.22941,True,0.22941,0.1542749411764706,0.22941,0.17263542857142858,0.16618709090909092,0.14913096,0.16089575757575758
3114.6,0.090361,True,0.090361,0.16000476470588235,0.090361,0.16032014285714286,0.1637170909090909,0.15729576,0.16041727272727274
3115.5,0.20886,True,0.20886,0.16679241176470588,0.20886,0.16894442857142858,0.15666536363636363,0.148432,0.1616621212121212
3116.3,0.27632,True,0.27632,0.15644594117647057,0.27632,0.17441728571428572,0.150414,0.15764920000000002,0.16115333333333334
3117.2,0.0,True,0.0,0.15921888235294118,0.0,0.15577314285714283,0.1491367272727273,0.16797160000000003,0.15909636363636365
3118.0,0.26923,True,0.26923,0.17064947058823526,0.26923,0.14535614285714285,0.16025854545454546,0.17291748,0.159270303030303
3118.8,0.14674,True,0.14674,0.1685864705882353,0.14674,0.143349,0.15239036363636366,0.17621428,0.15850333333333333
3119.7,0.098901,True,0.098901,0.1626029411764706,0.098901,0.13684185714285713,0.16427118181818184,0.16964988000000003,0.16841757575757577
3120.5,0.017442,True,0.017442,0.17140470588235296,0.017442,0.15725042857142854,0.17899209090909093,0.16914508000000003,0.17109136363636365
3121.4,0.19481,True,0.19481,0.1709129411764706,0.19481,0.15036757142857143,0.15852081818181818,0.16898268,0.17345884848484847
3122.2,0.23077,True,0.23077,0.17723288235294118,0.23077,0.18237471428571428,0.16826081818181818,0.1754312,0.17367309090909092
3123.1,0.14286,True,0.14286,0.17404347058823527,0.14286,0.17555114285714285,0.16724536363636364,0.17523200000000003,0.16747733333333334
3123.9,0.22105,True,0.22105,0.16727699999999995,0.22105,0.18836514285714284,0.1740008181818182,0.1744242,0.1680579393939394
3124.8,0.37079,True,0.37079,0.1774187647058823,0.37079,0.1974008571428571,0.18299163636363638,0.172269,0.16316039393939397
3125.6,0.051136,True,0.051136,0.17613582352941173,0.051136,0.1960122857142857,0.19546418181818184,0.17355256000000002,0.16589563636363636
3126.5,0.10714,True,0.10714,0.179497,0.10714,0.20386085714285715,0.1924169090909091,0.16976976000000002,0.16146048484848485
3127.3,0.25806,True,0.25806,0.1788695882352941,0.25806,0.1943737142857143,0.18711145454545458,0.16643976000000002,0.16368442424242424
3128.2,0.22105,True,0.22105,0.18816888235294119,0.22105,0.16444514285714285,0.19661690909090912,0.1670338,0.15951554545454547
3129.0,0.1978,True,0.1978,0.1839124117647059,0.1978,0.18177000000000001,0.19505599999999998,0.1633234,0.1605652121212121
3129.8,0.15464,True,0.15464,0.17706064705882354,0.15464,0.20181,0.1693691818181818,0.15995380000000003,0.15937460606060605
3130.7,0.16129,True,0.16129,0.18001417647058826,0.16129,0.19407,0.18067772727272727,0.16327056,0.1546867272727273
3131.5,0.17241,True,0.17241,0.1678848235294118,0.17241,0.17509642857142857,0.18206954545454546,0.16624636000000004,0.16026884848484851
3132.4,0.24742,True,0.24742,0.15645423529411767,0.24742,0.171915,0.16899954545454549,0.16345396000000004,0.15873006060606062
3133.2,0.20388,True,0.20388,0.15712270588235294,0.20388,0.16731642857142856,0.1664559090909091,0.16100596,0.15969460606060606
3134.1,0.088235,True,0.088235,0.1615156470588235,0.088235,0.16060214285714283,0.1498241818181818,0.16015636000000003,0.16197366666666668
3134.9,0.17553,True,0.17553,0.15173782352941176,0.17553,0.1635535714285714,0.15180872727272726,0.15868276000000003,0.16868572727272726
3135.8,0.12245,True,0.12245,0.14608782352941177,0.12245,0.13032942857142857,0.14282781818181817,0.15258916000000003,0.1707790606060606
3136.6,0.11429,True,0.11429,0.14442723529411763,0.11429,0.12641371428571427,0.14368327272727274,0.15768652000000002,0.1712881515151515
3137.5,0.19307,True,0.19307,0.14248488235294113,0.19307,0.1227372857142857,0.12953936363636365,0.16036532000000003,0.17249269696969696
3138.3,0.014851,True,0.014851,0.14383311764705878,0.014851,0.12363585714285713,0.12236845454545454,0.15960052000000005,0.1715239090909091
3139.2,0.17647,True,0.17647,0.14654135294117646,0.17647,0.11926257142857141,0.12976254545454546,0.16131412000000003,0.16881057575757574
3140.0,0.0625,True,0.0625,0.14249135294117646,0.0625,0.12079257142857142,0.12486163636363638,0.16330492000000002,0.16850066666666666
3140.9,0.18182,True,0.18182,0.14074017647058823,0.18182,0.11743542857142857,0.13047618181818182,0.16442372,0.17289339393939396
3141.7,0.091837,True,0.091837,0.1496051764705882,0.091837,0.13268814285714284,0.13994527272727275,0.16553531999999999,0.16943703030303034
3142.6,0.125,True,0.125,0.15480282352941177,0.125,0.13379385714285713,0.13862709090909092,0.16988892,0.17089703030303033
3143.4,0.16957,True,0.16957,0.16216282352941178,0.16957,0.15607242857142858,0.15310518181818183,0.16162848,0.1703888484848485
3144.3,0.12162,True,0.12162,0.16618164705882355,0.12162,0.15560814285714286,0.15878427272727275,0.16355728,0.1715679393939394
3145.1,0.18421,True,0.18421,0.16594694117647057,0.18421,0.16736142857142855,0.17709245454545455,0.16578788,0.173614
3146.0,0.21845,True,0.21845,0.1816174705882353,0.21845,0.18363857142857143,0.18306972727272727,0.16953588000000003,0.17440006060606061
3146.8,0.17857,True,0.17857,0.17364329411764703,0.17857,0.19711285714285715,0.19132181818181818,0.17187908000000002,0.17472672727272728
3147.7,0.17411,True,0.17411,0.18479623529411762,0.17411,0.21510571428571426,0.19714727272727273,0.17504948000000004,0.1733921818181818
3148.5,0.23894,True,0.23894,0.1825715294117647,0.23894,0.21487714285714285,0.20729999999999998,0.17647908,0.1755029393939394
3149.4,0.26389,True,0.26389,0.19300641176470587,0.26389,0.21068142857142858,0.19996263636363637,0.18381904000000002,0.1729810606060606
3150.2,0.24757,True,0.24757,0.19630229411764705,0.24757,0.22535,0.20613445454545454,0.18708824000000002,0.17617954545454545
3151.1,0.18261,True,0.18261,0.19771288235294118,0.18261,0.2063212857142857,0.19936627272727275,0.19098184,0.17910227272727275
3151.9,0.18908,True,0.18908,0.20401817647058823,0.18908,0.2082012857142857,0.2076080909090909,0.19002464000000002,0.18114045454545458
3152.8,0.28125,True,0.28125,0.2048499411764706,0.28125,0.19107414285714286,0.20823718181818185,0.19004348000000001,0.1890540606060606
3153.6,0.040909,True,0.040909,0.20718817647058824,0.040909,0.19416842857142855,0.20411081818181823,0.19416348,0.19358799999999998
3154.5,0.2521,True,0.2521,0.20608641176470588,0.2521,0.19394271428571425,0.20092172727272728,0.19581028,0.20050315151515152
3155.3,0.144,True,0.144,0.20513229411764705,0.144,0.1945812857142857,0.19644718181818183,0.20135868000000004,0.19645972727272729
3156.2,0.26923,True,0.26923,0.1965068823529412,0.26923,0.18708985714285714,0.203319,0.20503028,0.2049431515151515
3157.0,0.18103,True,0.18103,0.19439570588235294,0.18103,0.20958142857142859,0.2006608181818182,0.20933588000000003,0.21017678787878785
3157.9,0.19355,True,0.19355,0.19222923529411765,0.19355,0.21045285714285714,0.18944627272727274,0.21382108,0.21831254545454543
3158.7,0.22881,True,0.22881,0.196801,0.22881,0.21271571428571429,0.1941189090909091,0.20879216,0.21978496969696973
3159.6,0.19835,True,0.19835,0.20191394117647057,0.19835,0.19681,0.19192800000000002,0.21410616000000002,0.22132618181818184
3160.4,0.2582,True,0.2582,0.2045515882352941,0.2582,0.18413542857142856,0.19799527272727274,0.21545896,0.22327042424242424
3161.3,0.15984,True,0.15984,0.21924517647058822,0.15984,0.18905685714285714,0.19718618181818182,0.22307816000000003,0.22345860606060605
3162.1,0.15789,True,0.15789,0.2072620588235294,0.15789,0.18647542857142857,0.20581981818181816,0.22258215999999997,0.2264770909090909
3163.0,0.092308,True,0.092308,0.2206614705882353,0.092308,0.1953297142857143,0.21786890909090906,0.22442175999999997,0.229118
3163.8,0.228,True,0.228,0.22233676470588237,0.228,0.19787257142857143,0.2234952727272727,0.22447615999999995,0.23122224242424244
3164.7,0.21074,True,0.21074,0.23745558823529414,0.21074,0.22162257142857142,0.2098622727272727,0.23023099999999994,0.23360163636363634
3165.5,0.26033,True,0.26033,0.23608264705882356,0.26033,0.24059542857142857,0.22018863636363634,0.23109579999999996,0.23691496969696968
3166.4,0.276,True,0.276,0.2364508823529412,0.276,0.234321,0.23272227272727272,0.23837939999999996,0.2386528484848485
3167.2,0.32609,True,0.32609,0.2414073529411765,0.32609,0.25486242857142855,0.25819136363636364,0.24094339999999995,0.23371860606060604
3168.1,0.2907,True,0.2907,0.2370885294117647,0.2907,0.26728671428571427,0.2652733636363636,0.24674579999999993,0.24268984848484848
3168.9,0.048387,True,0.048387,0.24378735294117646,0.048387,0.29267528571428564,0.2659160909090909,0.25068179999999995,0.24320106060606062
3169.8,0.37179,True,0.37179,0.2536814705882353,0.37179,0.2775624285714285,0.27244972727272726,0.25138659999999996,0.24749530303030307
3170.6,0.29771,True,0.29771,0.26785923529411765,0.29771,0.2645595714285714,0.26558154545454543,0.24818939999999995,0.24415318181818182
3171.5,0.43805,True,0.43805,0.2736292352941176,0.43805,0.26340385714285713,0.2653742727272727,0.25133979999999995,0.24423318181818185
3172.3,0.17021,True,0.17021,0.278406294117647,0.17021,0.2828885714285714,0.2653742727272727,0.25570499999999996,0.24430984848484852
3173.2,0.23507,True,0.23507,0.2775886470588235,0.23507,0.2688785714285714,0.2692497272727273,0.2608178,0.24781833333333333
3174.0,0.28261,True,0.28261,0.2683192352941176,0.28261,0.27293285714285714,0.29449545454545456,0.26348308,0.24973924242424242
3174.9,0.18478,True,0.18478,0.2689586470588235,0.18478,0.25797285714285717,0.2872372727272728,0.26170988,0.24656378787878788
3175.7,0.27372,True,0.27372,0.26768041176470586,0.27372,0.28024142857142853,0.2825754545454546,0.26112348,0.25044984848484847
3176.6,0.32609,True,0.32609,0.2816405882352941,0.32609,0.2883671428571428,0.2535181818181818,0.26449388,0.25338954545454545
3177.4,0.33333,True,0.33333,0.26911999999999997,0.33333,0.2831985714285714,0.2686772727272727,0.26392348,0.25859687878787874
3178.3,0.32609,True,0.32609,0.26241176470588223,0.32609,0.2737185714285714,0.2717590909090909,0.25701628,0.26045960606060603
3179.2,0.29195,True,0.29195,0.24817823529411762,0.29195,0.28275285714285714,0.2720409090909091,0.25691147999999997,0.2617871818181818
3180.0,0.24643,True,0.24643,0.2584358823529412,0.24643,0.27459285714285714,0.2696918181818182,0.26517199999999996,0.2611935454545455
3180.9,0.11842,True,0.11842,0.26000470588235297,0.11842,0.26779,0.2615054545454546,0.26086640000000005,0.25952263636363637
3181.7,0.33696,True,0.33696,0.252404705882353,0.33696,0.24391142857142856,0.24968636363636365,0.2605368,0.25901596969696966
3182.6,0.26897,True,0.26897,0.2584811764705882,0.26897,0.22844285714285711,0.25071,0.2531968,0.2570523333333333
3183.4,0.28571,True,0.28571,0.2573741176470588,0.28571,0.22124999999999997,0.24486,0.25601799999999997,0.26416242424242425
3184.3,0.15894,True,0.15894,0.25373058823529415,0.15894,0.25355999999999995,0.23226545454545452,0.25544959999999994,0.2589230303030303
3185.1,0.18367,True,0.18367,0.2511505882352941,0.18367,0.2428142857142857,0.2360518181818182,0.25651999999999997,0.2557421212121212
3186.0,0.19608,True,0.19608,0.2469423529411765,0.19608,0.2263057142857143,0.2484590909090909,0.25816479999999997,0.251230303030303
3186.8,0.34459,True,0.34459,0.24393,0.34459,0.2266442857142857,0.24184000000000003,0.25853679999999996,0.2531745454545455
3187.7,0.26174,True,0.26174,0.24242588235294119,0.26174,0.24035285714285712,0.2437036363636364,0.2534488,0.2530442424242424
3188.5,0.15341,True,0.15341,0.25365823529411763,0.15341,0.25184999999999996,0.2408709090909091,0.2478252,0.25416303030303034
3189.4,0.28808,True,0.28808,0.24712529411764708,0.28808,0.2651914285714286,0.24830727272727274,0.24634799999999998,0.2543839393939394
3190.2,0.2549,True,0.2549,0.24795176470588237,0.2549,0.2523285714285714,0.25168818181818187,0.24404479999999995,0.2525830303030303
3191.1,0.26415,True,0.26415,0.24284470588235296,0.26415,0.24932857142857143,0.26198727272727274,0.24341839999999998,0.2489351515151515
3192.0,0.28947,True,0.28947,0.24483294117647061,0.28947,0.2589642857142857,0.25119727272727277,0.2514628,0.2478721212121212
3192.8,0.25455,True,0.25455,0.2510382352941177,0.25455,0.26200571428571423,0.2531318181818182,0.24566719999999997,0.24612454545454546
3193.7,0.24074,True,0.24074,0.25329058823529416,0.24074,0.2578628571428571,0.2572663636363636,0.24347999999999997,0.24641939393939397
3194.5,0.22086,True,0.22086,0.24659529411764708,0.22086,0.2605585714285714,0.2485990909090909,0.24028,0.24827575757575757
3195.4,0.30937,True,0.30937,0.24999470588235292,0.30937,0.2476185714285714,0.25171363636363636,0.2458524,0.2538263636363636
3196.2,0.2259,True,0.2259,0.25226882352941177,0.2259,0.2387885714285714,0.2490063636363636,0.2492424,0.2501421212121212
3197.1,0.28302,True,0.28302,0.2479282352941176,0.28302,0.24570571428571425,0.24367,0.25346640000000004,0.25069545454545455
3197.9,0.19889,True,0.19889,0.24503470588235288,0.19889,0.24763571428571426,0.24957727272727273,0.2519904,0.24979818181818184
3198.8,0.19274,True,0.19274,0.24704058823529407,0.19274,0.23640714285714284,0.24515272727272724,0.2535844,0.25270060606060607
3199.7,0.28916,True,0.28916,0.24580235294117642,0.28916,0.24978285714285714,0.24455545454545452,0.2560632,0.2547515151515152
3200.5,0.23437,True,0.23437,0.2485747058823529,0.23437,0.23679,0.2351318181818182,0.2560292,0.2589106060606061
3201.4,0.23077,True,0.23077,0.25251294117647055,0.23077,0.23898999999999998,0.24170909090909093,0.2560772,0.2563533333333334
3202.2,0.31953,True,0.31953,0.2572617647058823,0.31953,0.24084285714285714,0.2403818181818182,0.25570000000000004,0.2558809090909091
3203.1,0.19207,True,0.19207,0.25173294117647055,0.19207,0.24214142857142856,0.2497263636363637,0.2541752,0.258420303030303
3203.9,0.21429,True,0.21429,0.2553405882352941,0.21429,0.24700571428571427,0.2601763636363637,0.2573264,0.2581081818181818
3204.8,0.20571,True,0.20571,0.2537570588235294,0.20571,0.25713571428571425,0.26130636363636367,0.25810479999999997,0.25649878787878794
3205.7,0.29825,True,0.29825,0.2570411764705883,0.29825,0.2554442857142857,0.25958000000000003,0.25911639999999997,0.25847212121212126
3206.5,0.26842,True,0.26842,0.2604888235294117,0.26842,0.27109,0.2647127272727273,0.25622999999999996,0.25922424242424247
3207.4,0.30168,True,0.30168,0.2630870588235294,0.30168,0.2712457142857143,0.25894636363636364,0.2583052,0.2584042424242425
3208.2,0.30769,True,0.30769,0.26460647058823533,0.30769,0.28289142857142857,0.26464181818181814,0.25505599999999995,0.25781212121212127
3209.1,0.30159,True,0.30159,0.26551117647058825,0.30159,0.27687,0.2680109090909091,0.2602712,0.2597578787878788
3209.9,0.21538,True,0.21538,0.2606688235294118,0.21538,0.2749128571428571,0.2796127272727273,0.2651332,0.25990696969696975
3210.8,0.28723,True,0.28723,0.2657105882352941,0.28723,0.26772285714285715,0.2761536363636364,0.2626664,0.26110848484848487
3211.6,0.2561,True,0.2561,0.26497529411764703,0.2561,0.2713857142857143,0.27412909090909093,0.26213960000000003,0.26284363636363633
3212.5,0.25472,True,0.25472,0.2722435294117647,0.25472,0.2654728571428571,0.26826818181818185,0.26431160000000004,0.2655815151515152
3213.4,0.25135,True,0.25135,0.2731870588235294,0.25135,0.2698685714285714,0.2655490909090909,0.26410200000000006,0.26674848484848485
3214.2,0.33333,True,0.33333,0.2707794117647059,0.33333,0.26272285714285715,0.25647636363636367,0.26704120000000003,0.26853787878787877
3215.1,0.2602,True,0.2602,0.266045294117647,0.2602,0.26582,0.26683,0.2720808,0.2698145454545454
3215.9,0.24615,True,0.24615,0.2647147058823529,0.24615,0.2582585714285714,0.26929,0.275422,0.27032969696969694
3216.8,0.23721,True,0.23721,0.26546176470588234,0.23721,0.26938999999999996,0.26668909090909093,0.272742,0.2673260606060606
3217.7,0.27778,True,0.27778,0.2684129411764706,0.27778,0.26667,0.2636418181818182,0.27593359999999995,0.26991575757575753
3218.5,0.20179,True,0.20179,0.27153352941176473,0.20179,0.2619971428571428,0.2667072727272727,0.2749264,0.27133606060606064
3219.4,0.32927,True,0.32927,0.2734829411764706,0.32927,0.25843285714285713,0.2649763636363636,0.2725296,0.2766148484848485
3220.2,0.31429,True,0.31429,0.27210235294117646,0.31429,0.26527,0.2654627272727273,0.2692824,0.2765942424242424
3221.1,0.22749,True,0.22749,0.2778,0.22749,0.2704857142857143,0.27402,0.27176839999999997,0.2769830303030303
3221.9,0.2212,True,0.2212,0.27445705882352944,0.2212,0.2795942857142857,0.27875000000000005,0.2707256,0.27487818181818185
3222.8,0.28507,True,0.28507,0.27372588235294115,0.28507,0.28116714285714284,0.27452,0.27567800000000003,0.275420303030303
3223.7,0.31429,True,0.31429,0.2722117647058824,0.31429,0.27758857142857146,0.2878309090909091,0.277392,0.2744445454545455
3224.5,0.26555,True,0.26555,0.27458352941176467,0.26555,0.2781257142857143,0.2830336363636364,0.278588,0.27526060606060604
3225.4,0.34028,True,0.34028,0.2736058823529412,0.34028,0.29627,0.27698636363636364,0.2745436,0.2757239393939394
3226.2,0.28924,True,0.28924,0.2840835294117647,0.28924,0.29504571428571424,0.2763427272727273,0.27715880000000004,0.2770178787878788
3227.1,0.23125,True,0.23125,0.2822188235294118,0.23125,0.28554285714285715,0.28146363636363636,0.27808840000000007,0.27699696969696974
3227.9,0.34821,True,0.34821,0.280275294117647,0.34821,0.27909428571428574,0.27929000000000004,0.27829240000000005,0.2783360606060606
3228.8,0.2765,True,0.2765,0.28055352941176465,0.2765,0.27013,0.28525545454545465,0.2792820000000001,0.27782333333333337
3229.7,0.24777,True,0.24777,0.28669352941176474,0.24777,0.2661185714285714,0.28816636363636366,0.2831624000000001,0.2795748484848484
3230.5,0.22041,True,0.22041,0.28577117647058825,0.22041,0.28735571428571427,0.2828,0.28015280000000004,0.27981090909090905
3231.4,0.27753,True,0.27753,0.2815370588235294,0.27753,0.2801214285714286,0.27761636363636355,0.27940279999999995,0.28022727272727277
3232.2,0.26116,True,0.26116,0.2837117647058824,0.26116,0.2808,0.28619181818181816,0.2829596,0.28238060606060605
3233.1,0.37991,True,0.37991,0.28127176470588233,0.37991,0.2785785714285714,0.2790263636363637,0.2868316,0.28403878787878784
3234.0,0.29757,True,0.29757,0.2792005882352941,0.29757,0.2936028571428571,0.27591818181818184,0.2855864,0.2835372727272727
3234.8,0.28125,True,0.28125,0.28298235294117646,0.28125,0.29244,0.2808954545454546,0.2830528,0.28200545454545456
3235.7,0.23222,True,0.23222,0.28111176470588234,0.23222,0.28974714285714287,0.2880218181818182,0.2863844,0.2815569696969697
3236.5,0.32558,True,0.32558,0.28355294117647056,0.32558,0.2786914285714286,0.2858854545454546,0.2830336,0.2814654545454545
3237.4,0.26939,True,0.26939,0.2839158823529412,0.26939,0.2788671428571428,0.2890109090909091,0.28397279999999997,0.27989424242424243
3238.3,0.24231,True,0.24231,0.2857123529411765,0.24231,0.2749785714285714,0.2832381818181818,0.2852723999999999,0.27926000000000006
3239.1,0.30252,True,0.30252,0.2899070588235294,0.30252,0.2840242857142857,0.28509545454545454,0.2798516,0.2796957575757576
3240.0,0.2988,True,0.2988,0.2896335294117647,0.2988,0.2827142857142857,0.2826127272727273,0.2775188,0.2782809090909091
3240.8,0.25403,True,0.25403,0.2856811764705882,0.25403,0.2896585714285714,0.2843154545454546,0.27693680000000004,0.27854
3241.7,0.29554,True,0.29554,0.2836911764705883,0.29554,0.29131999999999997,0.28643,0.27985479999999996,0.2803251515151515
3242.6,0.31641,True,0.31641,0.2796582352941177,0.31641,0.2839528571428571,0.2852590909090909,0.2799508,0.27637666666666666
3243.4,0.318,True,0.318,0.27883235294117653,0.318,0.2911014285714285,0.29166000000000003,0.281248,0.2764806060606061
3244.3,0.25394,True,0.25394,0.27339941176470595,0.25394,0.29145571428571426,0.2881345454545455,0.2779632,0.27542303030303034
3245.2,0.25095,True,0.25095,0.27480941176470597,0.25095,0.29391,0.28030636363636363,0.2776668,0.2802254545454545
3246.0,0.34884,True,0.34884,0.2770223529411765,0.34884,0.28638571428571424,0.2770472727272727,0.2751332,0.27974727272727273
3246.9,0.25651,True,0.25651,0.27649705882352943,0.25651,0.27134142857142857,0.2713818181818182,0.2770416,0.2789072727272728
3247.7,0.31272,True,0.31272,0.2764376470588235,0.31272,0.26623285714285716,0.26928636363636366,0.2725332,0.27576818181818186
3248.6,0.26374,True,0.26374,0.2785629411764706,0.26374,0.2637,0.2658254545454546,0.27691319999999997,0.2737890909090909
3249.4,0.21269,True,0.21269,0.2739964705882353,0.21269,0.2557742857142857,0.26943,0.27769079999999996,0.2725042424242425
3250.3,0.21818,True,0.21818,0.2718505882352941,0.21818,0.25912,0.27368818181818183,0.27492759999999994,0.2734545454545455
3251.2,0.23322,True,0.23322,0.2656664705882353,0.23322,0.25638714285714287,0.26835363636363635,0.27402839999999995,0.27050242424242427
3252.0,0.29336,True,0.29336,0.2730164705882353,0.29336,0.2612514285714286,0.26484454545454544,0.2731575999999999,0.27018545454545456
3252.9,0.27993,True,0.27993,0.2736517647058824,0.27993,0.2723185714285714,0.26186363636363635,0.2708899999999999,0.27169757575757575
3253.8,0.29359,True,0.29359,0.26686352941176467,0.29359,0.27227999999999997,0.2572390909090909,0.2687767999999999,0.27089969696969696
3254.6,0.29779,True,0.29779,0.2680288235294117,0.29779,0.2789528571428571,0.2723481818181818,0.26518319999999995,0.2704484848484849
3255.5,0.29016,True,0.29016,0.2632958823529412,0.29016,0.2674542857142857,0.27630909090909095,0.26538280000000003,0.26988939393939393
3256.3,0.21791,True,0.21791,0.2618317647058824,0.21791,0.28159142857142855,0.2763290909090909,0.2670332,0.2673057575757576
3257.2,0.27993,True,0.27993,0.26482529411764705,0.27993,0.2770428571428571,0.27477999999999997,0.2641272,0.2646693939393939
3258.1,0.21287,True,0.21287,0.26541235294117643,0.21287,0.26785,0.27044636363636365,0.2652232,0.2637851515151515
3258.9,0.37889,True,0.37889,0.26692470588235295,0.37889,0.26587285714285713,0.26547,0.2621376,0.2625642424242425
3259.8,0.26175,True,0.26175,0.26685705882352945,0.26175,0.26792285714285713,0.26236,0.25999920000000004,0.26383212121212124
3260.7,0.23344,True,0.23344,0.26663705882352945,0.23344,0.2620542857142857,0.2567236363636363,0.26066799999999996,0.26054969696969693
3261.5,0.27632,True,0.27632,0.2660676470588236,0.27632,0.2692985714285714,0.2604527272727273,0.26349359999999994,0.2595406060606061
3262.4,0.23226,True,0.23226,0.26240823529411766,0.23226,0.24776571428571426,0.2615690909090909,0.26271079999999997,0.2589333333333333
3263.2,0.23885,True,0.23885,0.2577094117647059,0.23885,0.24736285714285713,0.26732545454545453,0.262688,0.2576181818181818
3264.1,0.26358,True,0.26358,0.2583858823529412,0.26358,0.2557585714285714,0.2586909090909091,0.2611116,0.2584963636363637
3265.0,0.22816,True,0.22816,0.25890882352941175,0.22816,0.25573999999999997,0.25631181818181814,0.2582964,0.2604075757575758
3265.8,0.25893,True,0.25893,0.258954705882353,0.25893,0.2631185714285714,0.2542063636363636,0.258092,0.2601324242424242
3266.7,0.29221,True,0.29221,0.25389,0.29221,0.26265142857142854,0.24994181818181818,0.2552992,0.2584948484848485
3267.6,0.27619,True,0.27619,0.2526411764705882,0.27619,0.25503714285714285,0.25508363636363635,0.25624959999999997,0.25746151515151516
3268.4,0.28391,True,0.28391,0.25203941176470585,0.28391,0.2552157142857143,0.2527927272727273,0.25630240000000004,0.2561006060606061
3269.3,0.23558,True,0.23558,0.2530017647058823,0.23558,0.25948571428571426,0.2554481818181818,0.2567532,0.2537930303030303
3270.2,0.21028,True,0.21028,0.2523005882352941,0.21028,0.24826285714285712,0.2565718181818182,0.2511704,0.251459696969697
3271.0,0.22941,True,0.22941,0.2524664705882353,0.22941,0.2506342857142857,0.25332454545454547,0.2505336,0.2528351515151515
3271.9,0.28882,True,0.28882,0.2535058823529412,0.28882,0.24443571428571426,0.2533672727272728,0.2511432,0.25112
3272.8,0.21365,True,0.21365,0.25326941176470585,0.21365,0.24266857142857143,0.24829000000000004,0.24895599999999998,0.25204030303030306
3273.6,0.29279,True,0.29279,0.2521158823529412,0.29279,0.25444,0.24445000000000003,0.24819199999999997,0.24823939393939395
3274.5,0.24052,True,0.24052,0.24938764705882352,0.24052,0.2531442857142857,0.2486018181818182,0.24916999999999997,0.24889727272727274
3275.3,0.22321,True,0.22321,0.24776941176470588,0.22321,0.24640857142857142,0.24986181818181818,0.24755999999999995,0.24857848484848485
3276.2,0.29268,True,0.29268,0.24410647058823529,0.29268,0.2560657142857143,0.2507627272727273,0.24816319999999997,0.24763090909090912
3277.1,0.22034,True,0.22034,0.24278764705882352,0.22034,0.2462585714285714,0.24685454545454544,0.24794439999999995,0.2477518181818182
3277.9,0.24167,True,0.24167,0.24590647058823528,0.24167,0.24608714285714284,0.25003909090909093,0.24759439999999996,0.24721242424242423
3278.8,0.28125,True,0.28125,0.24554882352941176,0.28125,0.24931857142857142,0.2435709090909091,0.24546359999999995,0.24771909090909092
3279.7,0.22414,True,0.22414,0.24286764705882352,0.22414,0.24303285714285713,0.2410836363636364,0.24390919999999996,0.2482878787878788
3280.5,0.23932,True,0.23932,0.2452094117647059,0.23932,0.2432185714285714,0.24472818181818184,0.24393599999999996,0.2472830303030303
3281.4,0.24583,True,0.24583,0.24466058823529413,0.24583,0.23914571428571427,0.2384236363636364,0.24436679999999997,0.24497
3282.3,0.24868,True,0.24868,0.24362529411764705,0.24868,0.23658142857142855,0.2405054545454546,0.24640239999999997,0.24380030303030303
3283.1,0.22164,True,0.22164,0.24491,0.22164,0.23646571428571428,0.24157727272727278,0.24472679999999997,0.24219848484848486
3284.0,0.21316,True,0.21316,0.24159058823529408,0.21316,0.23702571428571428,0.24177818181818184,0.24521159999999997,0.2440830303030303
3284.9,0.2633,True,0.2633,0.24163235294117644,0.2633,0.2381157142857143,0.24166727272727276,0.24213520000000002,0.2441730303030303
3285.7,0.22333,True,0.22333,0.2439047058823529,0.22333,0.2430842857142857,0.24218818181818186,0.242018,0.24432363636363635
3286.6,0.24324,True,0.24324,0.24188588235294115,0.24324,0.24326714285714282,0.24131727272727277,0.2423316,0.24061060606060605
3287.5,0.25346,True,0.25346,0.2419817647058823,0.25346,0.24782285714285712,0.23880545454545457,0.24253520000000003,0.2410330303030303
3288.3,0.28346,True,0.28346,0.24060294117647055,0.28346,0.2439585714285714,0.24413818181818187,0.24225160000000004,0.23909606060606062
3289.2,0.22292,True,0.22292,0.2401182352941176,0.22292,0.24363285714285712,0.24720818181818185,0.24196,0.2401390909090909
3290.1,0.24505,True,0.24505,0.2390811764705882,0.24505,0.24892714285714285,0.24379636363636367,0.2373616,0.24046151515151518
3290.9,0.23625,True,0.23625,0.24355941176470589,0.23625,0.2479942857142857,0.24311909090909095,0.2374996,0.23836000000000002
3291.8,0.22105,True,0.22105,0.24356470588235293,0.22105,0.23975285714285713,0.24260545454545457,0.23708160000000003,0.23740454545454548
3292.7,0.2803,True,0.2803,0.2418635294117647,0.2803,0.23874714285714285,0.2405681818181818,0.23824600000000004,0.23621333333333333
3293.5,0.24693,True,0.24693,0.23850823529411766,0.24693,0.23768142857142857,0.24186909090909092,0.23765280000000003,0.23402848484848485
3294.4,0.22577,True,0.22577,0.23758764705882354,0.22577,0.23693857142857142,0.24099,0.2377204,0.23404939393939392
3295.3,0.21588,True,0.21588,0.23614117647058824,0.21588,0.2478985714285714,0.24002,0.2367464,0.23460969696969697
3296.1,0.23759,True,0.23759,0.23564,0.23759,0.23831999999999998,0.23366,0.23430879999999998,0.23385363636363637
3297.0,0.23105,True,0.23105,0.23628294117647056,0.23105,0.23652714285714285,0.23425454545454547,0.23374160000000002,0.23351575757575757
3297.9,0.29777,True,0.29777,0.23500529411764703,0.29777,0.22803,0.2295790909090909,0.23300520000000002,0.23371242424242425
3298.7,0.21325,True,0.21325,0.23221470588235293,0.21325,0.22970285714285715,0.23212545454545452,0.2331792,0.23360909090909093
3299.6,0.23438,True,0.23438,0.23111529411764706,0.23438,0.22845714285714283,0.23285999999999998,0.23067599999999996,0.2317418181818182
3300.5,0.16629,True,0.16629,0.22693000000000002,0.16629,0.23472714285714283,0.23353727272727273,0.23126039999999995,0.23049242424242425
3301.3,0.22759,True,0.22759,0.22563,0.22759,0.22559571428571426,0.2291027272727273,0.23058359999999997,0.22960151515151517
3302.2,0.22887,True,0.22887,0.22751470588235295,0.22887,0.22703571428571429,0.22649454545454548,0.2295236,0.22836181818181817
3303.1,0.27494,True,0.27494,0.22780882352941179,0.27494,0.22052571428571427,0.21843818181818184,0.22874879999999997,0.22647545454545454
3303.9,0.23385,True,0.23385,0.22780529411764708,0.23385,0.2256785714285714,0.2194909090909091,0.2248208,0.22535878787878788
3304.8,0.22333,True,0.22333,0.2276335294117647,0.22333,0.22304428571428567,0.2216209090909091,0.2234972,0.22499393939393939
3305.7,0.18881,True,0.18881,0.2224558823529412,0.18881,0.22246714285714286,0.22658363636363635,0.2229684,0.22512484848484848
3306.5,0.20236,True,0.20236,0.22177529411764707,0.20236,0.22002000000000002,0.22748727272727273,0.22318160000000004,0.22394969696969697
3307.4,0.20915,True,0.20915,0.21870000000000003,0.20915,0.21816714285714284,0.22741999999999998,0.2211208,0.2222478787878788
3308.3,0.22483,True,0.22483,0.2214970588235294,0.22483,0.22019571428571427,0.22149363636363634,0.2211992,0.22035969696969698
3309.2,0.25781,True,0.25781,0.22061235294117645,0.25781,0.22581285714285715,0.2185690909090909,0.21891120000000003,0.2207909090909091
3310.0,0.22088,True,0.22088,0.22016176470588233,0.22088,0.22686857142857145,0.2148209090909091,0.217672,0.2201890909090909
3310.9,0.23753,True,0.23753,0.2149341176470588,0.23753,0.2258014285714286,0.21709636363636364,0.2172624,0.21920757575757574
3311.8,0.22813,True,0.22813,0.21488470588235292,0.22813,0.21969714285714284,0.21802272727272728,0.21799559999999998,0.21699515151515153
3312.6,0.20975,True,0.20975,0.21589882352941173,0.20975,0.21341571428571426,0.21911909090909093,0.218492,0.21334818181818183
3313.5,0.20168,True,0.20168,0.21551411764705877,0.20168,0.21222571428571424,0.21559545454545453,0.21717799999999998,0.21391000000000002
3314.4,0.1821,True,0.1821,0.216795294117647,0.1821,0.2098942857142857,0.21334090909090908,0.21438839999999995,0.2130830303030303
3315.2,0.21384,True,0.21384,0.21535235294117644,0.21384,0.20388571428571425,0.21513090909090907,0.21135599999999996,0.21437090909090908
3316.1,0.21255,True,0.21255,0.21624470588235292,0.21255,0.20720857142857138,0.21010727272727273,0.20951959999999997,0.2137690909090909
3317.0,0.22121,True,0.22121,0.21261000000000002,0.22121,0.21276428571428568,0.20974454545454546,0.21123879999999995,0.21298303030303029
3317.8,0.18607,True,0.18607,0.21168764705882354,0.18607,0.2127885714285714,0.20746,0.21142799999999995,0.21025454545454544
3318.7,0.23301,True,0.23301,0.20701176470588234,0.23301,0.21425999999999998,0.2109436363636364,0.21141359999999995,0.2086830303030303
3319.6,0.24057,True,0.24057,0.20402882352941176,0.24057,0.21026999999999998,0.2122090909090909,0.21072959999999996,0.2068212121212121
3320.4,0.18227,True,0.18227,0.20532529411764705,0.18227,0.2129542857142857,0.21142363636363637,0.20853439999999998,0.20679121212121213
3321.3,0.22414,True,0.22414,0.20564352941176473,0.22414,0.21437571428571425,0.20646818181818183,0.20709519999999998,0.20708545454545454
3322.2,0.18462,True,0.18462,0.2072135294117647,0.18462,0.2104028571428571,0.2024872727272727,0.20487359999999996,0.20691484848484848
3323.1,0.24,True,0.24,0.20685411764705883,0.24,0.19861285714285712,0.20664363636363636,0.20222399999999996,0.20659545454545455
3323.9,0.19602,True,0.19602,0.20628823529411763,0.19602,0.19791999999999998,0.20428727272727273,0.20134679999999994,0.20366363636363635
3324.8,0.2052,True,0.2052,0.20415235294117648,0.2052,0.19901285714285713,0.20139818181818184,0.20176239999999995,0.2023409090909091
3325.7,0.15804,True,0.15804,0.2039123529411765,0.15804,0.20222285714285712,0.2037127272727273,0.20261919999999997,0.2005918181818182
3326.6,0.17742,True,0.17742,0.1997288235294118,0.17742,0.1977642857142857,0.20178454545454547,0.2026372,0.19972454545454546
3327.4,0.23179,True,0.23179,0.19662588235294118,0.23179,0.19943714285714284,0.20181000000000002,0.2005776,0.2006069696969697
3328.3,0.20709,True,0.20709,0.19837882352941177,0.20709,0.19911285714285712,0.19653636363636365,0.1988184,0.19998272727272728
3329.2,0.20879,True,0.20879,0.19716588235294116,0.20879,0.20295,0.19343363636363636,0.198568,0.20003030303030306
3330.0,0.20773,True,0.20773,0.19891117647058823,0.20773,0.20360285714285714,0.19185363636363637,0.197228,0.19960060606060606
3330.9,0.20293,True,0.20293,0.19426764705882352,0.20293,0.19361714285714285,0.19676545454545455,0.19716,0.19973666666666667
3331.8,0.1849,True,0.1849,0.19316235294117645,0.1849,0.19086428571428568,0.19913818181818183,0.1971124,0.19819030303030302
3332.7,0.18199,True,0.18199,0.19166882352941175,0.18199,0.1913328571428571,0.19754727272727274,0.1954936,0.1982518181818182
3333.5,0.16189,True,0.16189,0.19410823529411764,0.16189,0.19073142857142858,0.19336272727272727,0.19609519999999997,0.19799181818181819
3334.4,0.18782,True,0.18782,0.1977229411764706,0.18782,0.1923542857142857,0.19049363636363636,0.19517679999999998,0.19721545454545455
3335.3,0.21207,True,0.21207,0.19474000000000002,0.21207,0.1889485714285714,0.18795545454545454,0.19414320000000002,0.19865757575757578
3336.1,0.20352,True,0.20352,0.19336235294117649,0.20352,0.18826857142857145,0.18764454545454545,0.19345920000000003,0.19690818181818184
3337.0,0.21429,True,0.21429,0.19282529411764707,0.21429,0.19082857142857143,0.19255090909090908,0.19611480000000003,0.19817060606060607
3337.9,0.16106,True,0.16106,0.19337294117647058,0.16106,0.19249857142857144,0.19246818181818184,0.197616,0.19704030303030307
3338.8,0.17723,True,0.17723,0.1914464705882353,0.17723,0.19632714285714287,0.19444818181818183,0.19753880000000001,0.1966487878787879
3339.6,0.17981,True,0.17981,0.19163470588235293,0.17981,0.19312142857142858,0.19552454545454545,0.19591160000000002,0.19588242424242422
3340.5,0.19951,True,0.19951,0.19413117647058822,0.19951,0.18874714285714284,0.19597636363636364,0.19661120000000004,0.19748757575757575
3341.4,0.23887,True,0.23887,0.19725235294117646,0.23887,0.19426142857142856,0.19294545454545456,0.19641000000000003,0.19948969696969698
3342.2,0.18108,True,0.18108,0.19972529411764706,0.18108,0.19994857142857142,0.19056454545454546,0.1956168,0.19865545454545452
3343.1,0.18367,True,0.18367,0.19703941176470588,0.18367,0.19857285714285713,0.19632545454545455,0.19541719999999999,0.19875151515151515
3344.0,0.19966,True,0.19966,0.19837823529411766,0.19966,0.19694285714285714,0.19975454545454543,0.196578,0.19846757575757576
3344.9,0.21704,True,0.21704,0.19769647058823528,0.21704,0.19488,0.20430454545454546,0.19984199999999996,0.1981551515151515
3345.7,0.17018,True,0.17018,0.19899294117647057,0.17018,0.1997185714285714,0.20129545454545453,0.20049959999999997,0.19847181818181822
3346.6,0.1881,True,0.1881,0.19915058823529413,0.1881,0.20631714285714287,0.20015090909090907,0.2004272,0.19895030303030303
3347.5,0.22443,True,0.22443,0.20098588235294118,0.22443,0.2015671428571429,0.20211636363636362,0.2002632,0.19923545454545455
3348.3,0.21495,True,0.21495,0.20357294117647057,0.21495,0.20288714285714288,0.20206454545454547,0.1995884,0.20086060606060607
3349.2,0.22986,True,0.22986,0.2015370588235294,0.22986,0.20753285714285713,0.20026909090909092,0.20168119999999998,0.20163545454545456
3350.1,0.16641,True,0.16641,0.20325352941176472,0.16641,0.2068185714285714,0.1997209090909091,0.20261959999999998,0.201269696969697
3351.0,0.22628,True,0.22628,0.20418,0.22628,0.20045857142857143,0.20638545454545454,0.2030832,0.2010730303030303
3351.8,0.2027,True,0.2027,0.20404823529411764,0.2027,0.19989571428571426,0.20785454545454543,0.2037236,0.20010666666666665
3352.7,0.1831,True,0.1831,0.20383294117647058,0.1831,0.2018428571428571,0.20656636363636363,0.20270440000000003,0.2020278787878788
3353.6,0.17991,True,0.17991,0.2056276470588235,0.17991,0.20725,0.20515454545454545,0.20346120000000006,0.20314151515151516
3354.5,0.21101,True,0.21101,0.20582176470588232,0.21101,0.20496142857142857,0.20220545454545455,0.20399560000000003,0.20382000000000003
3355.3,0.24349,True,0.24349,0.20529764705882347,0.24349,0.20449285714285712,0.20647545454545455,0.20330520000000002,0.2037518181818182
3356.2,0.20426,True,0.20426,0.20520588235294113,0.20426,0.2065385714285714,0.20414909090909092,0.203602,0.20292757575757578
3357.1,0.21026,True,0.21026,0.20344941176470585,0.21026,0.21132,0.20312181818181818,0.205354,0.20341787878787881
3358.0,0.19942,True,0.19942,0.2052505882352941,0.19942,0.20984571428571427,0.2060690909090909,0.20591800000000002,0.2039809090909091
3358.8,0.19742,True,0.19742,0.20266941176470585,0.19742,0.2024042857142857,0.20911272727272728,0.2048312,0.20379000000000003
3359.7,0.21338,True,0.21338,0.20394941176470582,0.21338,0.2040128571428571,0.20811181818181818,0.2047,0.20402818181818186
3360.6,0.20069,True,0.20069,0.20576588235294113,0.20069,0.20445999999999998,0.20388818181818186,0.20339599999999997,0.20599666666666666
3361.5,0.1914,True,0.1914,0.2070770588235294,0.1914,0.20454285714285714,0.2019009090909091,0.2048296,0.2070039393939394
3362.3,0.21552,True,0.21552,0.20626823529411764,0.21552,0.20448714285714287,0.20319181818181817,0.2035128,0.20683909090909094
3363.2,0.21339,True,0.21339,0.20439647058823532,0.21339,0.20006142857142858,0.20451545454545453,0.2044008,0.20698484848484847
3364.1,0.2,True,0.2,0.20398470588235296,0.2,0.20345714285714284,0.20495,0.20648239999999998,0.2070218181818182
3365.0,0.19703,True,0.19703,0.2035135294117647,0.19703,0.2066828571428571,0.20348454545454545,0.20813959999999998,0.2091751515151515
3365.8,0.1824,True,0.1824,0.2031570588235294,0.1824,0.20478000000000002,0.20448272727272726,0.2084588,0.2086660606060606
3366.7,0.22446,True,0.22446,0.2047735294117647,0.22446,0.2024757142857143,0.20501545454545456,0.20750960000000002,0.2091078787878788
3367.6,0.21398,True,0.21398,0.20605352941176466,0.21398,0.20414285714285715,0.2038090909090909,0.20858240000000003,0.21082060606060604
3368.5,0.2022,True,0.2022,0.20726823529411761,0.2022,0.20417571428571427,0.20198818181818184,0.20967080000000002,0.2124221212121212
3369.3,0.19726,True,0.19726,0.2088911764705882,0.19726,0.20701142857142857,0.2042518181818182,0.21007320000000002,0.2129309090909091
3370.2,0.21167,True,0.21167,0.20914058823529408,0.21167,0.2025685714285714,0.20771636363636364,0.21086760000000002,0.2118239393939394
3371.1,0.19726,True,0.19726,0.2101811764705882,0.19726,0.2041285714285714,0.21125636363636363,0.21191720000000003,0.21256121212121215
3372.0,0.20225,True,0.20225,0.21238529411764703,0.20225,0.2088342857142857,0.21075909090909092,0.21320000000000003,0.2121630303030303
3372.8,0.19336,True,0.19336,0.21311764705882352,0.19336,0.21227428571428572,0.21128454545454545,0.21465600000000007,0.21262121212121216
3373.7,0.2249,True,0.2249,0.21516941176470586,0.2249,0.21331999999999998,0.21391,0.21431360000000005,0.21396666666666667
3374.6,0.23514,True,0.23514,0.21606117647058823,0.23514,0.2165342857142857,0.21756545454545453,0.21492160000000005,0.21455030303030304
3375.5,0.22134,True,0.22134,0.21716588235294118,0.22134,0.22065285714285712,0.21736636363636366,0.21480640000000004,0.21554060606060607
3376.4,0.21899,True,0.21899,0.21867176470588237,0.21899,0.2269542857142857,0.21918636363636365,0.21550680000000003,0.2167169696969697
3377.2,0.21976,True,0.21976,0.2192423529411765,0.21976,0.22475142857142857,0.22258363636363637,0.21788360000000004,0.21677000000000002
3378.1,0.23108,True,0.23108,0.22023764705882354,0.23108,0.2222,0.2261654545454546,0.21821080000000004,0.21787030303030305
3379.0,0.23747,True,0.23747,0.2202294117647059,0.23747,0.22481142857142855,0.2264290909090909,0.21898640000000003,0.21910151515151516
3379.9,0.20948,True,0.20948,0.22095235294117646,0.20948,0.22677857142857144,0.22386727272727272,0.2201072,0.2190878787878788
3380.7,0.21728,True,0.21728,0.2238029411764706,0.21728,0.22792714285714286,0.22452636363636364,0.2209076,0.22008454545454545
3381.6,0.23962,True,0.23962,0.22425823529411762,0.23962,0.22448142857142855,0.2225381818181818,0.22242879999999998,0.2201409090909091
3382.5,0.23276,True,0.23276,0.2241541176470588,0.23276,0.22321285714285713,0.22206363636363635,0.2241636,0.2201427272727273
3383.4,0.2278,True,0.2278,0.22467647058823528,0.2278,0.22144714285714284,0.22304000000000002,0.22393679999999996,0.22138515151515153
3384.2,0.20696,True,0.20696,0.22457529411764707,0.20696,0.22105571428571427,0.22260090909090913,0.22481399999999996,0.22183454545454548
3385.1,0.22859,True,0.22859,0.22633647058823528,0.22859,0.22136999999999998,0.2247727272727273,0.22487079999999998,0.22271545454545458
3386.0,0.19712,True,0.19712,0.22689823529411765,0.19712,0.22135285714285716,0.22594909090909093,0.22402679999999997,0.22390696969696972
3386.9,0.21454,True,0.21454,0.2244929411764706,0.21454,0.22214857142857142,0.22391727272727271,0.22490119999999997,0.22466666666666665
3387.8,0.24182,True,0.24182,0.22483470588235296,0.24182,0.22547142857142857,0.2254572727272727,0.22462519999999997,0.22603424242424244
3388.6,0.23264,True,0.23264,0.2253664705882353,0.23264,0.2238542857142857,0.22662363636363636,0.22546439999999995,0.22588454545454548
3389.5,0.23337,True,0.23337,0.22386176470588237,0.23337,0.23136571428571429,0.22568000000000002,0.22568439999999995,0.22598606060606063
3390.4,0.23022,True,0.23022,0.22447588235294116,0.23022,0.23509285714285713,0.22447090909090914,0.2252784,0.22617939393939393
3391.3,0.21727,True,0.21727,0.22355176470588234,0.21727,0.22863,0.2271254545454546,0.2264388,0.22666575757575758
3392.2,0.2497,True,0.2497,0.22553882352941174,0.2497,0.22615142857142856,0.22708000000000003,0.22654600000000003,0.2268027272727273
3393.0,0.24063,True,0.24063,0.22600882352941176,0.24063,0.22514428571428569,0.22720545454545457,0.22650080000000003,0.22718181818181818
3393.9,0.19658,True,0.19658,0.22778529411764706,0.19658,0.2228328571428571,0.22533727272727275,0.22629920000000003,0.22686
3394.8,0.21529,True,0.21529,0.22919411764705885,0.21529,0.22653714285714283,0.22600727272727272,0.22658880000000003,0.22724606060606065
3395.7,0.22632,True,0.22632,0.22790823529411763,0.22632,0.2211642857142857,0.22658545454545456,0.22728160000000006,0.2273975757575758
3396.6,0.21404,True,0.21404,0.22825235294117646,0.21404,0.22118,0.22749909090909093,0.22788160000000005,0.2282960606060606
3397.4,0.2432,True,0.2432,0.22792,0.2432,0.22689428571428572,0.22648000000000001,0.22907080000000005,0.22883393939393937
3398.3,0.21209,True,0.21209,0.22820352941176472,0.21209,0.22861285714285715,0.2246009090909091,0.22937800000000005,0.22824030303030304
3399.2,0.24074,True,0.24074,0.2286158823529412,0.24074,0.23035142857142854,0.22841090909090908,0.22859640000000003,0.22864242424242423
3400.1,0.23658,True,0.23658,0.22825647058823528,0.23658,0.23119714285714282,0.22954090909090907,0.23006160000000003,0.22903454545454546
3400.9,0.22732,True,0.22732,0.22744588235294116,0.22732,0.23052428571428568,0.23033363636363638,0.23074720000000004,0.2307739393939394
3401.8,0.23849,True,0.23849,0.2289541176470588,0.23849,0.23275714285714283,0.23126454545454544,0.22986680000000004,0.2319836363636364
3402.7,0.21996,True,0.21996,0.22936529411764706,0.21996,0.23194285714285712,0.2313,0.2299852,0.2326069696969697
3403.6,0.23849,True,0.23849,0.23189176470588233,0.23849,0.2301857142857143,0.23264181818181817,0.22965840000000004,0.23351878787878788
3404.5,0.22772,True,0.22772,0.2340370588235294,0.22772,0.23251,0.2309581818181818,0.230214,0.2339918181818182
3405.3,0.23504,True,0.23504,0.23197882352941177,0.23504,0.23084714285714286,0.22965818181818182,0.2325292,0.23508424242424245
3406.2,0.22428,True,0.22428,0.23245764705882352,0.22428,0.23117000000000001,0.2334718181818182,0.2344132,0.2360909090909091
3407.1,0.24359,True,0.24359,0.23250411764705883,0.24359,0.2288542857142857,0.23456454545454547,0.23586959999999998,0.23627606060606063
3408.0,0.22685,True,0.22685,0.23355941176470588,0.22685,0.23479,0.23349636363636367,0.23726719999999998,0.23676636363636364
3408.9,0.22222,True,0.22222,0.2351558823529412,0.22222,0.237,0.23183636363636367,0.23818999999999999,0.238299696969697
3409.8,0.22228,True,0.22228,0.23656176470588236,0.22228,0.23470428571428573,0.23309181818181818,0.239726,0.23910727272727272
3410.6,0.26927,True,0.26927,0.23907764705882353,0.26927,0.23136714285714285,0.23486272727272725,0.24032879999999998,0.23995393939393939
3411.5,0.25051,True,0.25051,0.23969470588235292,0.25051,0.23346428571428574,0.23760636363636362,0.24113799999999996,0.2408221212121212
3412.4,0.20821,True,0.20821,0.2419623529411765,0.20821,0.23807857142857144,0.23931545454545453,0.24193239999999996,0.24085515151515152
3413.3,0.22023,True,0.22023,0.24287117647058823,0.22023,0.24267571428571427,0.24257727272727272,0.2420704,0.24132424242424244
3414.2,0.24153,True,0.24153,0.24472588235294118,0.24153,0.24169285714285715,0.24501,0.24344239999999998,0.2411821212121212
3415.0,0.25452,True,0.25452,0.2455035294117647,0.25452,0.24343857142857142,0.24900909090909093,0.24361039999999998,0.2408566666666667
3415.9,0.25446,True,0.25446,0.2466994117647059,0.25446,0.24926285714285715,0.24730181818181818,0.2442732,0.24168151515151517
3416.8,0.26239,True,0.26239,0.2478594117647059,0.26239,0.25584,0.24778363636363637,0.24397439999999998,0.2417257575757576
3417.7,0.26273,True,0.26273,0.24974058823529413,0.26273,0.25711999999999996,0.2522018181818182,0.2444452,0.24282575757575758
3418.6,0.24898,True,0.24898,0.24817705882352942,0.24898,0.2573042857142857,0.2546518181818182,0.24373519999999999,0.24296878787878787
3419.4,0.26627,True,0.26627,0.24781117647058823,0.26627,0.25764,0.2546890909090909,0.2448428,0.2439321212121212
3420.3,0.25049,True,0.25049,0.24895,0.25049,0.25546714285714284,0.2546654545454546,0.24555200000000002,0.24363363636363636
3421.2,0.25581,True,0.25581,0.24988058823529413,0.25581,0.25249714285714286,0.25359545454545457,0.24691120000000003,0.24445242424242425
3422.1,0.25681,True,0.25681,0.24895764705882353,0.25681,0.25325142857142857,0.25195,0.24586880000000003,0.24492666666666668
3423.0,0.24718,True,0.24718,0.24895882352941176,0.24718,0.24988285714285713,0.24875363636363637,0.24622880000000005,0.2453221212121212
3423.9,0.24194,True,0.24194,0.24810529411764704,0.24194,0.24899714285714283,0.2475781818181818,0.24690800000000004,0.24577727272727273
3424.8,0.25426,True,0.25426,0.24774470588235292,0.25426,0.24496285714285715,0.24390272727272727,0.24815080000000003,0.24626212121212124
3425.6,0.24269,True,0.24269,0.24659647058823525,0.24269,0.24199714285714286,0.2442709090909091,0.24885920000000003,0.24547454545454547
3426.5,0.24429,True,0.24429,0.24721588235294117,0.24429,0.23894857142857143,0.2428290909090909,0.2482744,0.24598484848484847
3427.4,0.22757,True,0.22757,0.24479941176470588,0.22757,0.24074857142857142,0.24277909090909092,0.24758560000000002,0.2473481818181818
3428.3,0.23605,True,0.23605,0.24484705882352942,0.23605,0.23870428571428573,0.2424181818181818,0.24662119999999998,0.24771787878787882
3429.2,0.22584,True,0.22584,0.24504882352941174,0.22584,0.24064285714285716,0.24401545454545454,0.24584319999999998,0.2474821212121212
3430.1,0.25454,True,0.25454,0.2440541176470588,0.25454,0.24048857142857144,0.24137272727272727,0.246578,0.24742636363636364
3430.9,0.23995,True,0.23995,0.2434694117647059,0.23995,0.2450514285714286,0.24215545454545453,0.2460552,0.24713060606060608
3431.8,0.25626,True,0.25626,0.24325411764705884,0.25626,0.2435,0.24351454545454546,0.24533280000000002,0.2474669696969697
3432.7,0.24321,True,0.24321,0.24260823529411768,0.24321,0.24713714285714283,0.24463545454545457,0.24445039999999998,0.24734636363636364
3433.6,0.25951,True,0.25951,0.2440588235294118,0.25951,0.2478085714285714,0.2447436363636364,0.2442852,0.24714121212121212
3434.5,0.22519,True,0.22519,0.24458294117647061,0.22519,0.24780142857142856,0.2458745454545455,0.24418599999999996,0.24619969696969699
3435.3,0.2513,True,0.2513,0.24486882352941178,0.2513,0.2450842857142857,0.24485090909090912,0.24544799999999997,0.24631939393939398
3436.2,0.25924,True,0.25924,0.24473352941176474,0.25924,0.24438,0.2473418181818182,0.24562759999999997,0.2463839393939394
3437.1,0.2399,True,0.2399,0.24631235294117654,0.2399,0.24206142857142854,0.24706363636363635,0.2456084,0.2456678787878788
3438.0,0.23724,True,0.23724,0.24573352941176477,0.23724,0.24808428571428567,0.24608363636363637,0.2452448,0.2456360606060606
3438.9,0.23828,True,0.23828,0.24770647058823536,0.23828,0.24835571428571426,0.24374181818181817,0.24631960000000003,0.24585151515151515
3439.8,0.24328,True,0.24328,0.24785294117647066,0.24328,0.2445257142857143,0.2462409090909091,0.24719520000000003,0.24531636363636364
3440.7,0.26735,True,0.26735,0.24779411764705891,0.26735,0.24364714285714284,0.2456409090909091,0.24748880000000004,0.24491636363636363
3441.5,0.2532,True,0.2532,0.24636411764705887,0.2532,0.24585285714285712,0.24693636363636365,0.24715240000000002,0.24491151515151516
3442.4,0.23243,True,0.23243,0.24808470588235298,0.23243,0.24676999999999996,0.24865,0.24751640000000003,0.2452678787878788
3443.3,0.23375,True,0.23375,0.2484752941176471,0.23375,0.2510857142857143,0.24910181818181817,0.24673000000000003,0.24554242424242423
3444.2,0.25268,True,0.25268,0.2469423529411765,0.25268,0.24985714285714283,0.24882181818181817,0.24618120000000004,0.2462521212121212
3445.1,0.2447,True,0.2447,0.2473088235294118,0.2447,0.24828714285714282,0.24983636363636366,0.24556600000000003,0.24576787878787879
3446.0,0.27349,True,0.27349,0.2480035294117647,0.27349,0.2486828571428571,0.24898090909090909,0.24613160000000006,0.24589454545454545
3446.8,0.25875,True,0.25875,0.24790470588235294,0.25875,0.2516385714285714,0.24716090909090907,0.24588400000000005,0.2452230303030303
3447.7,0.24221,True,0.24221,0.24709352941176468,0.24221,0.25239,0.24840636363636362,0.24548480000000003,0.24528212121212123
3448.6,0.2352,True,0.2352,0.24572764705882352,0.2352,0.2507442857142857,0.24979727272727273,0.24543120000000002,0.24460727272727273
3449.5,0.25444,True,0.25444,0.24491176470588236,0.25444,0.24683571428571427,0.24833545454545455,0.24570680000000003,0.24495363636363637
3450.4,0.25794,True,0.25794,0.24565764705882354,0.25794,0.24545,0.2469527272727273,0.24553960000000002,0.2444181818181818
3451.3,0.23318,True,0.23318,0.24656999999999998,0.23318,0.2446485714285714,0.24428363636363637,0.2456148,0.24397393939393938
3452.2,0.24613,True,0.24613,0.24573941176470585,0.24613,0.24383285714285713,0.24251818181818185,0.2444104,0.2436057575757576
3453.1,0.24905,True,0.24905,0.24570588235294116,0.24905,0.24236,0.2427818181818182,0.2437472,0.2433951515151515
3453.9,0.2366,True,0.2366,0.24338882352941174,0.2366,0.23970142857142857,0.24406000000000003,0.2437952,0.24288212121212122
3454.8,0.22949,True,0.22949,0.2425894117647059,0.22949,0.24140571428571428,0.24261636363636363,0.24422839999999996,0.24193060606060607
3455.7,0.24413,True,0.24413,0.24229705882352942,0.24413,0.24185285714285715,0.2413609090909091,0.24323119999999995,0.24076606060606062
3456.6,0.23933,True,0.23933,0.24238058823529413,0.23933,0.24035428571428571,0.24144454545454544,0.24265479999999995,0.2397572727272727
3457.5,0.24511,True,0.24511,0.2411564705882353,0.24511,0.24143,0.24135636363636365,0.24056919999999998,0.23886454545454547
3458.4,0.24926,True,0.24926,0.24037058823529414,0.24926,0.24208857142857143,0.2402827272727273,0.23869439999999997,0.23890030303030305
3459.2,0.23856,True,0.23856,0.24005117647058827,0.23856,0.24223571428571428,0.24028454545454547,0.23816279999999995,0.23829393939393942
3460.1,0.24413,True,0.24413,0.2391194117647059,0.24413,0.24193714285714282,0.2406609090909091,0.2375512,0.2377706060606061
3461.0,0.2341,True,0.2341,0.23749,0.2341,0.2407242857142857,0.24070181818181818,0.2354924,0.23571666666666666
3461.9,0.24516,True,0.24516,0.23603588235294118,0.24516,0.23849142857142855,0.2396490909090909,0.23457199999999997,0.234219696969697
3462.8,0.23724,True,0.23724,0.2360023529411765,0.23724,0.23935142857142855,0.23830181818181814,0.23455159999999997,0.23374121212121216
3463.7,0.23662,True,0.23662,0.23457764705882356,0.23662,0.23701142857142857,0.23576454545454542,0.23380359999999997,0.23309484848484852
3464.6,0.23363,True,0.23363,0.23243882352941178,0.23363,0.23646714285714282,0.23333909090909088,0.23206999999999997,0.23218424242424243
3465.5,0.24458,True,0.24458,0.23184000000000002,0.24458,0.23306571428571426,0.23195636363636365,0.23097999999999996,0.23084545454545458
3466.3,0.22775,True,0.22775,0.23086411764705886,0.22775,0.22944285714285712,0.23066636363636364,0.23085719999999998,0.23018696969696972
3467.2,0.23029,True,0.23029,0.2302094117647059,0.23029,0.22834285714285713,0.2268309090909091,0.22964679999999998,0.22864151515151518
3468.1,0.22135,True,0.22135,0.2279494117647059,0.22135,0.22638285714285714,0.22662090909090912,0.2290492,0.2279721212121212
3469.0,0.21188,True,0.21188,0.22649352941176473,0.21188,0.22043857142857143,0.2262618181818182,0.22779520000000003,0.2272439393939394
3469.9,0.22892,True,0.22892,0.22539117647058826,0.22892,0.22146428571428572,0.22569818181818185,0.22628280000000003,0.22662272727272728
3470.8,0.21991,True,0.21991,0.22401647058823532,0.21991,0.22180428571428573,0.22216454545454548,0.22454560000000004,0.22551424242424242
3471.7,0.20297,True,0.20297,0.2232970588235294,0.20297,0.22267285714285712,0.2204918181818182,0.2238588,0.2245012121212121
3472.6,0.23493,True,0.23493,0.22212823529411763,0.23493,0.22179142857142856,0.22014,0.2229976,0.22303272727272727
3473.5,0.23267,True,0.23267,0.22017941176470587,0.23267,0.21899571428571427,0.21946,0.2215508,0.22157303030303033
3474.3,0.22743,True,0.22743,0.21826058823529412,0.22743,0.21992571428571428,0.22059727272727273,0.2203632,0.22087909090909094
3475.2,0.20571,True,0.20571,0.21806470588235294,0.20571,0.22148285714285712,0.21921909090909092,0.2191344,0.21968818181818184
3476.1,0.20935,True,0.20935,0.21754823529411765,0.20935,0.21997714285714284,0.21845,0.21765520000000002,0.2184660606060606
3477.0,0.22642,True,0.22642,0.21737823529411765,0.22642,0.21727571428571427,0.21773727272727272,0.21591560000000004,0.21693848484848488
3477.9,0.21387,True,0.21387,0.21612117647058823,0.21387,0.21499285714285712,0.21701272727272727,0.21543200000000004,0.2159160606060606
3478.8,0.22439,True,0.22439,0.21529705882352942,0.22439,0.21348142857142854,0.21518545454545457,0.21441360000000004,0.21473272727272727
3479.7,0.21376,True,0.21376,0.21492529411764705,0.21376,0.21599714285714283,0.2135090909090909,0.21331040000000004,0.21339333333333335
3480.6,0.21145,True,0.21145,0.21293470588235291,0.21145,0.21401857142857145,0.21367636363636364,0.21262520000000001,0.21161303030303033
3481.5,0.19513,True,0.19513,0.21193411764705883,0.19513,0.21332142857142858,0.21336272727272726,0.21160840000000003,0.21042242424242427
3482.3,0.22696,True,0.22696,0.21060470588235294,0.22696,0.2109157142857143,0.21065636363636364,0.21071480000000004,0.20916060606060607
3483.2,0.21257,True,0.21257,0.20990235294117648,0.21257,0.20979285714285714,0.20949454545454546,0.21017320000000003,0.2083421212121212
3484.1,0.20899,True,0.20899,0.2090435294117647,0.20899,0.20767857142857143,0.2087009090909091,0.20820920000000004,0.20838303030303032
3485.0,0.20755,True,0.20755,0.20769529411764706,0.20755,0.20853000000000002,0.20788909090909094,0.20644080000000004,0.20758787878787882
3485.9,0.2059,True,0.2059,0.20673647058823533,0.2059,0.2069157142857143,0.2062818181818182,0.2048896,0.20683242424242423
3486.8,0.19665,True,0.19665,0.20468000000000003,0.19665,0.20581000000000002,0.20624727272727272,0.2044348,0.2065627272727273
3487.7,0.20109,True,0.20109,0.2030370588235294,0.20109,0.20363571428571428,0.20411454545454544,0.20458999999999997,0.20500121212121214
3488.6,0.21566,True,0.21566,0.2016847058823529,0.21566,0.20180714285714285,0.20275090909090906,0.20364039999999997,0.20357545454545456
3489.5,0.20483,True,0.20483,0.20130352941176466,0.20483,0.20146428571428573,0.20097272727272725,0.20288479999999998,0.2023321212121212
3490.4,0.19377,True,0.19377,0.1993847058823529,0.19377,0.20159571428571427,0.1989981818181818,0.201672,0.20151818181818182
3491.2,0.19475,True,0.19475,0.1994235294117647,0.19475,0.19992999999999997,0.19741272727272727,0.2004576,0.20038030303030305
3492.1,0.2035,True,0.2035,0.19905235294117646,0.2035,0.19566857142857141,0.19668545454545455,0.1994244,0.19905939393939395
3493.0,0.19757,True,0.19757,0.1983129411764706,0.19757,0.19332999999999997,0.19607181818181818,0.19907519999999998,0.19792606060606058
3493.9,0.18943,True,0.18943,0.19761705882352942,0.18943,0.19259857142857142,0.1958509090909091,0.1971508,0.1965227272727273
3494.8,0.18583,True,0.18583,0.19683764705882356,0.18583,0.19254,0.19565545454545458,0.19551999999999997,0.19536212121212124
3495.7,0.18846,True,0.18846,0.19592764705882354,0.18846,0.19393,0.19576545454545455,0.1944736,0.19426060606060608
3496.6,0.18865,True,0.18865,0.19420647058823529,0.18865,0.19466,0.19570363636363639,0.1932304,0.19344727272727275
3497.5,0.19434,True,0.19434,0.19267823529411765,0.19434,0.19545285714285715,0.19387636363636365,0.19211759999999997,0.19151030303030306
3498.4,0.21323,True,0.21323,0.19138588235294118,0.21323,0.19663,0.19279000000000002,0.19127,0.19017818181818183
3499.3,0.20268,True,0.20268,0.19068470588235292,0.20268,0.19590714285714284,0.19251454545454547,0.1902304,0.1889421212121212
3500.2,0.19498,True,0.19498,0.18909470588235291,0.19498,0.19547428571428568,0.19188000000000002,0.1883356,0.18782151515151516
3501.1,0.19407,True,0.19407,0.18794823529411764,0.19407,0.19433999999999996,0.19036545454545453,0.186664,0.18678363636363635
3501.9,0.1834,True,0.1834,0.1871264705882353,0.1834,0.1894285714285714,0.18983636363636366,0.1856576,0.1858678787878788
3502.8,0.18562,True,0.18562,0.18649529411764706,0.18562,0.18501714285714282,0.18821181818181817,0.18459560000000003,0.18482
3503.7,0.1864,True,0.1864,0.18530882352941175,0.1864,0.18328142857142857,0.18501636363636365,0.1832784,0.18277909090909092
3504.6,0.17885,True,0.17885,0.18380235294117647,0.17885,0.18076714285714288,0.1825418181818182,0.18224160000000003,0.18129969696969697
3505.5,0.1718,True,0.1718,0.18228882352941175,0.1718,0.18000714285714287,0.18073454545454545,0.18132160000000003,0.18033515151515153
3506.4,0.18283,True,0.18283,0.17964,0.18283,0.17855571428571426,0.17839090909090913,0.18054880000000004,0.1788878787878788
3507.3,0.17647,True,0.17647,0.17775117647058825,0.17647,0.17694142857142856,0.17654,0.1789428,0.17731151515151514
3508.2,0.17808,True,0.17808,0.17637882352941178,0.17808,0.17543285714285714,0.17499363636363638,0.17763720000000005,0.17579454545454545
3509.1,0.17546,True,0.17546,0.17475294117647058,0.17546,0.17418142857142857,0.1733390909090909,0.17634120000000003,0.1745078787878788
3510.0,0.1751,True,0.1751,0.17375941176470586,0.1751,0.17215,0.17258636363636362,0.17369160000000003,0.1732627272727273
3510.9,0.16829,True,0.16829,0.17156470588235292,0.16829,0.17096857142857144,0.17257272727272724,0.1716436,0.1720269696969697
3511.8,0.16304,True,0.16304,0.16977705882352936,0.16304,0.1698957142857143,0.1710818181818182,0.1697448,0.17086363636363636
3512.7,0.16861,True,0.16861,0.16878235294117647,0.16861,0.1693514285714286,0.17017636363636365,0.1678608,0.16945
3513.6,0.1682,True,0.1682,0.16732294117647056,0.1682,0.16811285714285715,0.16747,0.1663144,0.1672272727272727
3514.4,0.17057,True,0.17057,0.16547882352941173,0.17057,0.1678585714285714,0.16570181818181817,0.16479680000000002,0.1654421212121212
3515.3,0.17165,True,0.17165,0.16377529411764702,0.17165,0.16575428571428572,0.16450545454545454,0.1633512,0.16359212121212122
3516.2,0.16643,True,0.16643,0.16194529411764705,0.16643,0.16395428571428572,0.16256909090909089,0.16210480000000002,0.1619687878787879
3517.1,0.16651,True,0.16651,0.1601382352941176,0.16651,0.16305999999999998,0.1615181818181818,0.16082800000000003,0.1607151515151515
3518.0,0.14831,True,0.14831,0.15852529411764704,0.14831,0.15969142857142854,0.1596,0.1592656,0.15923454545454543
3518.9,0.15601,True,0.15601,0.15746470588235292,0.15601,0.15680999999999998,0.15767,0.157564,0.1576766666666667
3519.8,0.16194,True,0.16194,0.15656176470588234,0.16194,0.15410714285714286,0.1553218181818182,0.15606080000000006,0.15626939393939393
3520.7,0.14699,True,0.14699,0.15487176470588235,0.14699,0.15131571428571428,0.1531427272727273,0.15472360000000002,0.15477242424242424
3521.6,0.15148,True,0.15148,0.15343470588235292,0.15148,0.15080571428571427,0.1516727272727273,0.15319000000000002,0.1535230303030303
3522.5,0.14751,True,0.14751,0.15127941176470588,0.14751,0.1496157142857143,0.1499618181818182,0.151858,0.15232909090909091
3523.4,0.14697,True,0.14697,0.1494470588235294,0.14697,0.14794714285714286,0.14919545454545455,0.1506328,0.15064121212121212
3524.3,0.14474,True,0.14474,0.14801176470588234,0.14474,0.14804714285714285,0.14808272727272728,0.1487844,0.14956606060606062
3525.2,0.14768,True,0.14768,0.14626176470588234,0.14768,0.14639,0.14553636363636366,0.14772040000000003,0.14820787878787878
3526.1,0.15026,True,0.15026,0.14547823529411763,0.15026,0.14585571428571428,0.14494636363636365,0.14638040000000002,0.14703333333333332
3527.0,0.14769,True,0.14769,0.14409,0.14769,0.14399285714285714,0.14408727272727276,0.1444096,0.1460051515151515
3527.9,0.13988,True,0.13988,0.14176411764705885,0.13988,0.14338714285714285,0.14311,0.1433516,0.14444787878787876
3528.8,0.14377,True,0.14377,0.14144705882352943,0.14377,0.14258,0.1420209090909091,0.1419024,0.1431678787878788
3529.7,0.13393,True,0.13393,0.14059941176470586,0.13393,0.14065142857142857,0.1409,0.1411512,0.1415330303030303
3530.6,0.1405,True,0.1405,0.13912117647058822,0.1405,0.13883714285714285,0.1386018181818182,0.14007520000000004,0.13949969696969697
3531.4,0.14203,True,0.14203,0.13871,0.14203,0.13776999999999998,0.13781454545454544,0.13828640000000003,0.1381257575757576
3532.3,0.13676,True,0.13676,0.1378594117647059,0.13676,0.13471714285714284,0.1368490909090909,0.13744520000000002,0.13693878787878788
3533.2,0.13499,True,0.13499,0.13679176470588233,0.13499,0.13581285714285712,0.1352581818181818,0.1360508,0.1358078787878788
3534.1,0.13241,True,0.13241,0.13554764705882355,0.13241,0.13532285714285713,0.13491363636363637,0.1343324,0.1345557575757576
3535.0,0.1224,True,0.1224,0.13375529411764706,0.1224,0.13251571428571426,0.1345818181818182,0.1332972,0.1333221212121212
3535.9,0.1416,True,0.1416,0.13293647058823532,0.1416,0.13297571428571428,0.13358454545454546,0.1326012,0.13256575757575756
3536.8,0.13707,True,0.13707,0.1313394117647059,0.13707,0.13230285714285714,0.13241,0.1311336,0.13121878787878788
3537.7,0.12238,True,0.12238,0.12961117647058826,0.12238,0.13189142857142858,0.13063363636363634,0.1297108,0.1302227272727273
3538.6,0.13998,True,0.13998,0.1284694117647059,0.13998,0.13285,0.12981272727272725,0.1286524,0.12936090909090908
3539.5,0.13028,True,0.13028,0.12760529411764707,0.13028,0.12936714285714285,0.12837727272727273,0.1279384,0.1281351515151515
3540.4,0.12953,True,0.12953,0.1260894117647059,0.12953,0.12777999999999998,0.12675454545454545,0.12646880000000002,0.12663666666666668
3541.3,0.12911,True,0.12911,0.12489529411764708,0.12911,0.12695714285714285,0.12489,0.1256972,0.12546666666666667
3542.2,0.11722,True,0.11722,0.12423764705882355,0.11722,0.12189571428571427,0.12400545454545456,0.12481840000000001,0.12414454545454544
3543.1,0.12596,True,0.12596,0.1242158823529412,0.12596,0.12058285714285713,0.12297000000000001,0.1233088,0.12312606060606061
3544.0,0.11662,True,0.11662,0.12218235294117649,0.11662,0.12026999999999999,0.12067090909090909,0.12176759999999999,0.12211727272727273
3544.9,0.10455,True,0.10455,0.1208629411764706,0.10455,0.11768142857142856,0.11984818181818183,0.12083399999999998,0.12118818181818182
3545.8,0.12109,True,0.12109,0.1206364705882353,0.12109,0.11732000000000001,0.11916636363636364,0.11969999999999997,0.119888
3546.7,0.12734,True,0.12734,0.11853705882352944,0.12734,0.11664428571428571,0.11715909090909092,0.11905479999999997,0.118878
3547.6,0.11099,True,0.11099,0.11665176470588239,0.11099,0.11741714285714286,0.11692454545454546,0.11780999999999997,0.11772796969696969
3548.5,0.11469,True,0.11469,0.11560000000000002,0.11469,0.11777142857142857,0.11624909090909093,0.11645799999999999,0.11658451515151515
3549.4,0.12123,True,0.12123,0.11412647058823532,0.12123,0.11685,0.11512818181818182,0.11546656,0.11555196969696968
3550.3,0.12203,True,0.12203,0.11348235294117648,0.12203,0.11559142857142855,0.11455363636363637,0.11421535999999999,0.1147560303030303
3551.2,0.10703,True,0.10703,0.11257176470588237,0.10703,0.1146342857142857,0.11369545454545456,0.11295652,0.11347381818181818
3552.1,0.11464,True,0.11464,0.11178647058823529,0.11464,0.11228285714285713,0.1115790909090909,0.11166556000000001,0.11217724242424243
3553.0,0.11853,True,0.11853,0.11137729411764707,0.11853,0.11091428571428572,0.11115000000000001,0.11043460000000001,0.11138384848484849
3553.9,0.10429,True,0.10429,0.1106484705882353,0.10429,0.10834714285714285,0.11076727272727274,0.10959116,0.10992557575757575
3554.8,0.09823,True,0.09823,0.10897017647058824,0.09823,0.10823857142857142,0.10913454545454546,0.10852424000000002,0.1089669393939394
3555.7,0.11165,True,0.11165,0.10816229411764705,0.11165,0.10764428571428569,0.10691309090909093,0.10763076000000002,0.10784687878787878
3556.6,0.10406,True,0.10406,0.10720029411764706,0.10406,0.1054642857142857,0.10706490909090911,0.10729668000000002,0.10705263636363636
3557.5,0.10627,True,0.10627,0.10572405882352941,0.10627,0.10450771428571427,0.10562572727272727,0.10612736000000002,0.10615875757575757
3558.4,0.11048,True,0.11048,0.10438623529411765,0.11048,0.10600342857142857,0.10369172727272727,0.10497956,0.10521075757575758
3559.3,0.10327,True,0.10327,0.10363641176470588,0.10327,0.104169,0.10315045454545453,0.10424268,0.104468
3560.2,0.097594,True,0.097594,0.1025515882352941,0.097594,0.10319699999999998,0.10295990909090909,0.10377107999999999,0.10403172727272728
3561.1,0.1087,True,0.1087,0.10098258823529412,0.1087,0.10206357142857142,0.101836,0.10243076000000001,0.10316021212121212
3562.0,0.098809,True,0.098809,0.10065052941176471,0.098809,0.10001414285714286,0.10094718181818182,0.10133660000000001,0.10199130303030303
3562.9,0.097256,True,0.097256,0.10031747058823529,0.097256,0.09944514285714286,0.10003154545454547,0.10073976000000001,0.10126966666666669
3563.8,0.098336,True,0.098336,0.09980276470588235,0.098336,0.09897214285714284,0.09833854545454547,0.09976028000000002,0.10043424242424241
3564.7,0.096134,True,0.096134,0.09884170588235294,0.096134,0.09718614285714285,0.09791809090909091,0.09871228000000001,0.09947660606060606
3565.6,0.099287,True,0.099287,0.09815970588235294,0.099287,0.096193,0.09746118181818181,0.09809132000000001,0.0984099393939394
3566.4,0.094283,True,0.094283,0.0970790588235294,0.094283,0.09639142857142857,0.09693390909090907,0.09764916000000001,0.09766654545454545
3567.3,0.096198,True,0.096198,0.09630747058823529,0.096198,0.09556742857142857,0.095926,0.096668,0.09675048484848485
3568.2,0.091857,True,0.091857,0.09599782352941176,0.091857,0.096534,0.09569145454545455,0.09609071999999999,0.09556136363636364
3569.2,0.098645,True,0.098645,0.09482523529411764,0.098645,0.09488185714285714,0.09512536363636365,0.09531311999999999,0.0950619393939394
3570.1,0.092568,True,0.092568,0.09414094117647057,0.092568,0.09493800000000001,0.09458163636363637,0.09419383999999999,0.09443263636363637
3570.9,0.1029,True,0.1029,0.09354476470588234,0.1029,0.09435385714285713,0.09394918181818182,0.09343943999999997,0.09356927272727274
3571.8,0.087722,True,0.087722,0.0930325294117647,0.087722,0.09411042857142857,0.09344763636363637,0.09270723999999998,0.09296118181818182
3572.8,0.094676,True,0.094676,0.09248523529411766,0.094676,0.0932082857142857,0.09262745454545454,0.0918716,0.0923140303030303
3573.7,0.092109,True,0.092109,0.09149764705882354,0.092109,0.09266514285714285,0.09219690909090908,0.09101776,0.09117293939393939
3574.6,0.090153,True,0.090153,0.0909168823529412,0.090153,0.09041885714285715,0.09137718181818182,0.09045387999999999,0.09047739393939394
3575.5,0.09233,True,0.09233,0.08992223529411765,0.09233,0.09033300000000001,0.09085554545454545,0.08988015999999999,0.08991021212121213
3576.4,0.088766,True,0.088766,0.08968411764705883,0.088766,0.08961185714285713,0.08900081818181818,0.08943136,0.08884054545454546
3577.3,0.087176,True,0.087176,0.08843811764705883,0.087176,0.08885771428571428,0.08869972727272728,0.08837284000000001,0.08811096969696969
3578.2,0.087121,True,0.087121,0.08788464705882353,0.087121,0.08776414285714285,0.0873009090909091,0.08781420000000001,0.0875540303030303
3579.1,0.089628,True,0.089628,0.08677247058823528,0.089628,0.08663271428571429,0.08691000000000002,0.08712136,0.08714406060606061
3580.0,0.08683,True,0.08683,0.08660729411764706,0.08683,0.08527885714285714,0.08575636363636364,0.08638312000000001,0.08664642424242425
3580.9,0.082498,True,0.082498,0.08532188235294116,0.082498,0.0853692857142857,0.08492263636363637,0.08542664000000001,0.08576533333333335
3581.8,0.08441,True,0.08441,0.08462823529411764,0.08441,0.08398957142857141,0.08448872727272727,0.08487900000000002,0.08532760606060606
3582.7,0.079289,True,0.079289,0.08396494117647059,0.079289,0.08306542857142855,0.0842830909090909,0.08415528,0.0849370303030303
3583.6,0.087809,True,0.087809,0.08285147058823529,0.087809,0.08266014285714285,0.08298336363636363,0.08383488,0.08445848484848484
3584.5,0.077463,True,0.077463,0.082026,0.077463,0.08300528571428571,0.08213690909090908,0.08285627999999999,0.08367793939393939
3585.4,0.083159,True,0.083159,0.08153782352941176,0.083159,0.08135014285714286,0.08141390909090909,0.08236544,0.08304900000000001
3586.3,0.083993,True,0.083993,0.08140170588235295,0.083993,0.081497,0.0805869090909091,0.08209168,0.08201566666666667
3587.2,0.084914,True,0.084914,0.08081841176470589,0.084914,0.08022099999999999,0.07970718181818182,0.08144108,0.0815990606060606
3588.1,0.072824,True,0.072824,0.07984082352941177,0.072824,0.07964071428571427,0.07966972727272727,0.08080592,0.08103736363636364
3589.0,0.080317,True,0.080317,0.07968435294117648,0.080317,0.07843699999999999,0.0793968181818182,0.08019140000000001,0.08043551515151516
3589.9,0.078877,True,0.078877,0.07961958823529412,0.078877,0.07770614285714285,0.07960127272727273,0.07945856000000001,0.07979421212121213
3590.8,0.073401,True,0.073401,0.07942994117647058,0.073401,0.07769085714285714,0.07842418181818182,0.07883240000000001,0.07916084848484849
3591.7,0.074733,True,0.074733,0.07855217647058822,0.074733,0.07867485714285714,0.07804645454545456,0.0784048,0.07873084848484849
3592.6,0.078877,True,0.078877,0.07821982352941177,0.078877,0.07723114285714286,0.07790054545454546,0.0779948,0.07859945454545454
3593.5,0.084807,True,0.084807,0.07737517647058825,0.084807,0.07736842857142856,0.07819518181818183,0.07737799999999999,0.07782139393939394
3594.4,0.079712,True,0.079712,0.07678582352941177,0.079712,0.07878385714285713,0.0775197272727273,0.0770636,0.07728024242424243
3595.3,0.070211,True,0.070211,0.07626970588235295,0.070211,0.07897414285714285,0.07687754545454546,0.07653428,0.07681666666666666
3596.2,0.079838,True,0.079838,0.07623582352941177,0.079838,0.07811842857142857,0.07645927272727272,0.07674936,0.07637475757575757
3597.1,0.083309,True,0.083309,0.0755695294117647,0.083309,0.07626214285714285,0.07639027272727272,0.0758808,0.0760618484848485
3598.0,0.076065,True,0.076065,0.07513141176470588,0.076065,0.07470328571428571,0.07614145454545454,0.07539188000000001,0.07572869696969696
3598.9,0.072887,True,0.072887,0.0752005294117647,0.072887,0.07524085714285714,0.07499972727272729,0.0748566,0.07529972727272727
3599.8,0.071813,True,0.071813,0.0756774117647059,0.071813,0.07471257142857143,0.07402500000000001,0.07466023999999999,0.07489312121212123
3600.7,0.0688,True,0.0688,0.07465200000000001,0.0688,0.07313242857142857,0.07413572727272728,0.07441091999999999,0.07435215151515152
3601.6,0.073974,True,0.073974,0.07388511764705882,0.073974,0.07212171428571428,0.07365736363636365,0.07398764,0.07373263636363636
3602.5,0.07614,True,0.07614,0.07340394117647059,0.07614,0.07191342857142857,0.07361472727272728,0.07399771999999999,0.07313033333333332
3603.4,0.072248,True,0.072248,0.07326888235294117,0.072248,0.07230814285714285,0.07228563636363636,0.0735702,0.07275669696969697
3604.3,0.06899,True,0.06899,0.07293041176470587,0.06899,0.07431385714285714,0.0721840909090909,0.07302739999999999,0.07223430303030304
3605.2,0.071429,True,0.071429,0.07204723529411763,0.071429,0.07252399999999999,0.07215854545454545,0.07217707999999999,0.07184775757575758
3606.2,0.074576,True,0.074576,0.07190535294117646,0.074576,0.07189971428571429,0.07207809090909091,0.07159011999999998,0.07154218181818182
3607.1,0.08284,True,0.08284,0.07138523529411765,0.08284,0.07179742857142857,0.07208809090909092,0.07120143999999999,0.07110733333333334
3608.0,0.061445,True,0.061445,0.07100252941176471,0.061445,0.07164385714285713,0.0713749090909091,0.07053104,0.07060309090909091
3608.9,0.07177,True,0.07177,0.07069364705882353,0.07177,0.07202314285714284,0.07150263636363637,0.06984352,0.06997748484848484
3609.8,0.071532,True,0.071532,0.070168,0.071532,0.07112585714285714,0.07105309090909091,0.0693336,0.06963439393939393
3610.7,0.067915,True,0.067915,0.06924764705882352,0.067915,0.06981342857142857,0.07049654545454545,0.06883344,0.0694749393939394
3611.6,0.074084,True,0.074084,0.06870823529411764,0.074084,0.07018485714285713,0.06949409090909091,0.0684504,0.06914533333333334
3612.5,0.068295,True,0.068295,0.0685394705882353,0.068295,0.06926157142857142,0.06787572727272727,0.06826488000000001,0.06860315151515152
3613.4,0.073653,True,0.073653,0.06806229411764707,0.073653,0.06812114285714285,0.06778927272727273,0.06804152000000001,0.06831342424242424
3614.3,0.064045,True,0.064045,0.0672274117647059,0.064045,0.06771014285714286,0.06699909090909091,0.06759388000000001,0.06801436363636365
3615.2,0.065307,True,0.065307,0.0660154705882353,0.065307,0.06576871428571428,0.06650718181818181,0.0674624,0.06767463636363637
3616.1,0.063549,True,0.063549,0.06617529411764707,0.063549,0.06502342857142857,0.06608918181818182,0.06731948,0.06764839393939395
3617.0,0.065038,True,0.065038,0.06597647058823529,0.065038,0.06394742857142857,0.06484363636363637,0.06712248000000001,0.06724596969696969
3617.9,0.060494,True,0.060494,0.06558923529411764,0.060494,0.06384342857142856,0.0642929090909091,0.06666016000000001,0.06699600000000001
3618.8,0.063078,True,0.063078,0.06565076470588235,0.063078,0.06314,0.06343009090909092,0.06577064,0.06677700000000002
3619.7,0.066121,True,0.066121,0.0651409411764706,0.066121,0.06295257142857143,0.06382509090909091,0.06603020000000001,0.06652781818181817
3620.6,0.063317,True,0.063317,0.06503558823529412,0.063317,0.06282742857142856,0.06379254545454546,0.06558716000000002,0.06646836363636363
3621.5,0.060383,True,0.060383,0.06441000000000001,0.060383,0.06395542857142857,0.06428454545454546,0.06544152000000002,0.06612224242424243
3622.4,0.062237,True,0.062237,0.0642074705882353,0.062237,0.06422271428571429,0.064319,0.06532576000000001,0.06571584848484847
3623.3,0.064162,True,0.064162,0.064362,0.064162,0.06462842857142857,0.06486536363636365,0.06479308,0.06605015151515152
3624.3,0.06839,True,0.06839,0.06419405882352942,0.06839,0.06492842857142857,0.0648599090909091,0.06483996,0.06581748484848485
3625.2,0.064949,True,0.064949,0.06436188235294119,0.064949,0.06580285714285714,0.06435818181818181,0.06442,0.06541751515151514
3626.1,0.068961,True,0.068961,0.06462817647058823,0.068961,0.06591442857142857,0.0647779090909091,0.06463536,0.06522033333333332
3627.0,0.065417,True,0.065417,0.06449223529411764,0.065417,0.06540585714285714,0.06480618181818182,0.06492216,0.06501154545454546
3627.9,0.066504,True,0.066504,0.0646890588235294,0.066504,0.06534071428571428,0.06532018181818182,0.06494388,0.06491021212121213
3628.8,0.063018,True,0.063018,0.0646794705882353,0.063018,0.06473285714285713,0.06539827272727274,0.06467568,0.06442339393939393
3629.7,0.060602,True,0.060602,0.06521158823529412,0.060602,0.06458,0.06470527272727272,0.06471223999999999,0.06417012121212122
3630.6,0.067934,True,0.067934,0.06581394117647059,0.067934,0.06452342857142856,0.065116,0.06487687999999998,0.06411224242424242
3631.5,0.060694,True,0.060694,0.06580982352941177,0.060694,0.06370385714285713,0.0645880909090909,0.06483007999999998,0.06395378787878789
3632.4,0.067891,True,0.067891,0.06521823529411765,0.067891,0.06462514285714285,0.06495281818181818,0.06460091999999999,0.06393639393939395
3633.3,0.065021,True,0.065021,0.06500994117647059,0.065021,0.06498971428571429,0.06549581818181818,0.06441308,0.06408060606060606
3634.2,0.060767,True,0.060767,0.064906,0.060767,0.06520328571428571,0.06559345454545455,0.06445947999999999,0.06411754545454545
3635.2,0.069467,True,0.069467,0.06487858823529412,0.069467,0.06688657142857143,0.06538718181818182,0.0642258,0.0639810303030303
3636.1,0.063154,True,0.063154,0.06435411764705881,0.063154,0.06634385714285715,0.0647939090909091,0.06406876,0.06387951515151516
3637.0,0.069429,True,0.069429,0.06392288235294116,0.069429,0.06538842857142857,0.06538481818181818,0.06408092,0.06383754545454545
3637.9,0.072477,True,0.072477,0.06408729411764706,0.072477,0.06548,0.06511754545454546,0.06389436,0.06376778787878788
3638.8,0.064092,True,0.064092,0.06352176470588235,0.064092,0.06515528571428572,0.06444181818181818,0.06374231999999999,0.06375587878787879
3639.7,0.058333,True,0.058333,0.0637435294117647,0.058333,0.065412,0.06398,0.06348084,0.0634360606060606
3640.6,0.061408,True,0.061408,0.06358835294117647,0.061408,0.06372042857142857,0.06342818181818181,0.06332004,0.06321754545454546
3641.5,0.067194,True,0.067194,0.06354576470588234,0.067194,0.061321857142857136,0.06298872727272727,0.06329335999999999,0.06294842424242425
3642.4,0.064951,True,0.064951,0.06359570588235293,0.064951,0.061222571428571425,0.06253736363636364,0.06312676,0.06258333333333334
3643.3,0.057588,True,0.057588,0.06303688235294116,0.057588,0.06122071428571429,0.06188063636363636,0.06301244,0.062367030303030306
3644.2,0.055687,True,0.055687,0.06279241176470586,0.055687,0.06165728571428571,0.06189927272727272,0.06260632,0.06232387878787879
3645.2,0.063397,True,0.063397,0.06223394117647058,0.063397,0.06138,0.06219772727272727,0.06240868000000001,0.062190666666666665
3646.1,0.05832,True,0.05832,0.061721705882352935,0.05832,0.061286571428571426,0.06206672727272727,0.06211276000000001,0.06202951515151515
3647.0,0.064464,True,0.064464,0.061353705882352935,0.064464,0.061862,0.06132163636363636,0.061708719999999995,0.06187924242424242
3647.9,0.065253,True,0.065253,0.06131870588235294,0.065253,0.062473428571428576,0.060865636363636365,0.06164632,0.061409393939393944
3648.8,0.064297,True,0.064297,0.061240588235294116,0.064297,0.061845,0.06142754545454546,0.0611174,0.06102151515151515
3649.7,0.061616,True,0.061616,0.060427352941176474,0.061616,0.06207571428571429,0.061622909090909096,0.060722960000000006,0.060617393939393936
3650.6,0.059967,True,0.059967,0.060098823529411774,0.059967,0.06197642857142857,0.06110845454545455,0.06038868,0.06012145454545455
3651.5,0.058998,True,0.058998,0.0603344705882353,0.058998,0.06091685714285714,0.06126845454545454,0.060150800000000004,0.059699
3652.4,0.059935,True,0.059935,0.060365,0.059935,0.05997985714285714,0.060259818181818185,0.05978332,0.059070030303030305
3653.3,0.063769,True,0.063769,0.06031905882352941,0.063769,0.059760428571428575,0.05972463636363636,0.058992800000000005,0.05836387878787879
3654.2,0.057836,True,0.057836,0.060167000000000005,0.057836,0.058817857142857144,0.05947890909090909,0.05851880000000001,0.057937666666666665
3655.2,0.057738,True,0.057738,0.05945652941176471,0.057738,0.058870428571428574,0.05898709090909091,0.05818380000000001,0.057595969696969694
3656.1,0.06008,True,0.06008,0.05868994117647059,0.06008,0.059107428571428575,0.059227909090909095,0.05790324,0.05733775757575758
3657.0,0.053369,True,0.053369,0.05769782352941177,0.053369,0.058026999999999995,0.05893127272727273,0.05733432,0.05672554545454545
3657.9,0.059366,True,0.059366,0.057196941176470596,0.059366,0.05870985714285715,0.058245,0.0570026,0.05613512121212121
3658.8,0.061594,True,0.061594,0.056564352941176475,0.061594,0.05842371428571429,0.057195181818181805,0.05630632,0.05571687878787879
3659.7,0.056206,True,0.056206,0.05595700000000001,0.056206,0.05732457142857143,0.05624927272727272,0.05581168,0.05533275757575758
3660.6,0.062616,True,0.062616,0.055324000000000005,0.062616,0.05716057142857143,0.055827727272727265,0.055119440000000006,0.05457421212121213
3661.5,0.055735,True,0.055735,0.05451564705882353,0.055735,0.05545557142857144,0.05483981818181818,0.054473480000000005,0.05388448484848485
3662.4,0.052386,True,0.052386,0.05388158823529412,0.052386,0.05424228571428572,0.05441290909090909,0.053826240000000004,0.05323478787878788
3663.3,0.052221,True,0.052221,0.05359623529411765,0.052221,0.053243285714285715,0.05348636363636364,0.05318676,0.05255278787878788
3664.3,0.047431,True,0.047431,0.05282629411764707,0.047431,0.05125142857142857,0.05243481818181818,0.05232396,0.052017424242424254
3665.2,0.053101,True,0.053101,0.0523614705882353,0.053101,0.05031414285714286,0.051603090909090904,0.05119556,0.05138981818181818
3666.1,0.049213,True,0.049213,0.05144500000000001,0.049213,0.04997714285714286,0.050718636363636355,0.05060308000000001,0.05079642424242424
3667.0,0.048673,True,0.048673,0.05035188235294119,0.048673,0.04923942857142857,0.04992372727272727,0.05000344,0.05038333333333333
3667.9,0.049174,True,0.049174,0.04930241176470589,0.049174,0.05001885714285714,0.049294727272727275,0.04946544,0.04955609090909091
3668.8,0.050027,True,0.050027,0.04771082352941177,0.050027,0.049145999999999995,0.048527909090909094,0.04896688,0.0488950606060606
3669.7,0.047057,True,0.047057,0.04696311764705883,0.047057,0.04861085714285714,0.04812609090909091,0.04820763999999999,0.048365848484848484
3670.7,0.052887,True,0.052887,0.046396117647058824,0.052887,0.04791271428571429,0.046786454545454555,0.047558519999999986,0.04770478787878788
3671.6,0.046991,True,0.046991,0.046067235294117645,0.046991,0.047032285714285714,0.04554518181818182,0.046615719999999986,0.046705727272727274
3672.5,0.045467,True,0.045467,0.045683352941176474,0.045467,0.04536628571428571,0.045031636363636364,0.04578927999999999,0.046183606060606064
3673.4,0.043786,True,0.043786,0.044935352941176475,0.043786,0.043723714285714275,0.04444736363636364,0.04517475999999999,0.0453850606060606
3674.3,0.043011,True,0.043011,0.044709058823529414,0.043011,0.04231471428571428,0.04413854545454546,0.04451623999999999,0.044477969696969696
3675.2,0.038365,True,0.038365,0.04376570588235294,0.038365,0.04170842857142857,0.04357927272727272,0.043511839999999996,0.043763727272727274
3676.1,0.035559,True,0.035559,0.04334105882352941,0.035559,0.04187457142857143,0.04244272727272728,0.04306016,0.04290972727272727
3677.0,0.043024,True,0.043024,0.042773117647058816,0.043024,0.041463,0.042295000000000006,0.04225668,0.04216193939393939
3677.9,0.042747,True,0.042747,0.04211817647058823,0.042747,0.04108785714285714,0.04112854545454545,0.04155456,0.04150918181818181
3678.9,0.04663,True,0.04663,0.040601941176470584,0.04663,0.042088,0.040962090909090906,0.04091308,0.04096324242424242
3679.8,0.040905,True,0.040905,0.03996358823529411,0.040905,0.04167042857142857,0.04072218181818181,0.04032348,0.04031512121212121
3680.7,0.040385,True,0.040385,0.039231058823529404,0.040385,0.04151771428571428,0.04050018181818182,0.03956472,0.03969884848484848
3681.6,0.045366,True,0.045366,0.038517764705882356,0.045366,0.04117842857142857,0.03973218181818182,0.03891624,0.03919678787878788
3682.5,0.032636,True,0.032636,0.03790747058823529,0.032636,0.03964885714285713,0.039106272727272726,0.038168959999999995,0.03867351515151515
3683.4,0.041955,True,0.041955,0.03767623529411764,0.041955,0.037678285714285706,0.038221454545454545,0.03733104,0.03806118181818182
3684.3,0.040372,True,0.040372,0.03741147058823529,0.040372,0.037071714285714284,0.03686054545454546,0.03682292000000001,0.03736615151515151
3685.3,0.035923,True,0.035923,0.036695058823529414,0.035923,0.035307142857142856,0.03610881818181818,0.036377280000000005,0.03681821212121212
3686.2,0.027111,True,0.027111,0.036192588235294115,0.027111,0.03516771428571428,0.03556781818181818,0.03591304000000001,0.03602315151515152
3687.1,0.036139,True,0.036139,0.03498158823529411,0.036139,0.033836428571428566,0.03426709090909091,0.035537120000000005,0.03528769696969697
3688.0,0.033014,True,0.033014,0.03450270588235294,0.033014,0.03298814285714285,0.03410427272727272,0.0351984,0.03481490909090909
3688.9,0.03166,True,0.03166,0.03404741176470589,0.03166,0.032293142857142854,0.03339972727272727,0.03463643999999999,0.034241606060606056
3689.8,0.032636,True,0.032636,0.03322617647058824,0.032636,0.03282657142857143,0.03209709090909091,0.03399256,0.03387090909090909
3690.7,0.034434,True,0.034434,0.03301035294117647,0.034434,0.03255028571428571,0.03180990909090909,0.0330362,0.033317151515151515
3691.7,0.031058,True,0.031058,0.032136,0.031058,0.03155442857142857,0.032313,0.032594599999999994,0.032914878787878785
3692.6,0.030845,True,0.030845,0.03146558823529411,0.030845,0.031712142857142855,0.03188263636363637,0.03197388,0.032439
3693.5,0.034205,True,0.034205,0.030920117647058817,0.034205,0.03171342857142857,0.03151472727272727,0.03139036,0.031912060606060604
3694.4,0.026043,True,0.026043,0.03066188235294117,0.026043,0.03128071428571428,0.031099363636363633,0.03088856,0.03125906060606061
3695.3,0.032764,True,0.032764,0.03029282352941176,0.032764,0.030982,0.03076654545454545,0.030101720000000002,0.03078436363636364
3696.2,0.032645,True,0.032645,0.029813588235294116,0.032645,0.030445714285714284,0.030058909090909088,0.029579640000000004,0.030321727272727274
3697.2,0.031405,True,0.031405,0.02976170588235294,0.031405,0.02969857142857143,0.029301,0.029157040000000006,0.029642454545454545
3698.1,0.028967,True,0.028967,0.029023764705882353,0.028967,0.029785285714285712,0.02921190909090909,0.029075840000000006,0.029352393939393942
3699.0,0.027091,True,0.027091,0.028309058823529413,0.027091,0.02835057142857143,0.028363000000000003,0.028639880000000003,0.028830363636363637
3699.9,0.028975,True,0.028975,0.02808917647058824,0.028975,0.02795342857142857,0.028793454545454546,0.028324040000000005,0.028312121212121212
3700.8,0.02665,True,0.02665,0.027766411764705887,0.02665,0.02701942857142857,0.027641363636363634,0.027975640000000003,0.028069272727272724
3701.7,0.022721,True,0.022721,0.027229705882352944,0.022721,0.027278142857142855,0.026699454545454544,0.02759276,0.027981090909090907
3702.7,0.029865,True,0.029865,0.027182470588235294,0.029865,0.026278142857142854,0.02632809090909091,0.02720452,0.027531272727272727
3703.6,0.024867,True,0.024867,0.02673270588235294,0.024867,0.025322285714285714,0.026000000000000002,0.026892999999999997,0.02707439393939394
3704.5,0.030778,True,0.030778,0.026162411764705882,0.030778,0.025418,0.02581727272727273,0.026775559999999997,0.026616969696969698
3705.4,0.020091,True,0.020091,0.025671764705882352,0.020091,0.02579471428571429,0.025477727272727277,0.026375399999999993,0.026247515151515154
3706.3,0.022284,True,0.022284,0.02542241176470588,0.022284,0.025111285714285714,0.02533845454545455,0.026185479999999997,0.02592687878787879
3707.2,0.02732,True,0.02732,0.02519764705882353,0.02732,0.02516457142857143,0.02535927272727273,0.025592399999999994,0.025572333333333336
3708.2,0.025358,True,0.025358,0.02513494117647059,0.025358,0.024356,0.024741000000000003,0.024949199999999998,0.025324060606060607
3709.1,0.025081,True,0.025081,0.02499088235294118,0.025081,0.024764428571428573,0.02472836363636364,0.024510759999999996,0.024957000000000003
3710.0,0.02524,True,0.02524,0.024907,0.02524,0.024875857142857144,0.024045818181818182,0.024306199999999997,0.02480372727272727
3710.9,0.025118,True,0.025118,0.024205352941176473,0.025118,0.02450557142857143,0.024756545454545455,0.023996879999999998,0.024393272727272725
3711.8,0.02295,True,0.02295,0.023717000000000002,0.02295,0.024207285714285716,0.02493081818181818,0.023743959999999998,0.023992878787878785
3712.7,0.023064,True,0.023064,0.023109117647058825,0.023064,0.024611285714285714,0.02438309090909091,0.02356164,0.023505030303030305
3713.7,0.024728,True,0.024728,0.02333041176470588,0.024728,0.024462857142857144,0.023708454545454546,0.0234922,0.023096878787878788
3714.6,0.02327,True,0.02327,0.023158294117647058,0.02327,0.023916714285714288,0.02293427272727273,0.02306636,0.022898606060606064
3715.5,0.027909,True,0.027909,0.022883705882352938,0.027909,0.023200571428571428,0.02249827272727273,0.02284896,0.022705757575757577
3716.4,0.024201,True,0.024201,0.022691588235294116,0.024201,0.02227214285714286,0.02238327272727273,0.02223008,0.022363787878787882
3717.3,0.021295,True,0.021295,0.022450647058823527,0.021295,0.021660142857142857,0.022056727272727273,0.02204636,0.022086484848484852
3718.2,0.017937,True,0.017937,0.022096470588235297,0.017937,0.021743428571428573,0.022019272727272724,0.021976920000000004,0.021909000000000005
3719.2,0.016565,True,0.016565,0.021762000000000004,0.016565,0.020521857142857144,0.021779636363636366,0.021788560000000002,0.02178527272727273
3720.1,0.020444,True,0.020444,0.021312352941176473,0.020444,0.020300571428571425,0.021571909090909093,0.02138884,0.021513969696969698
3721.0,0.023853,True,0.023853,0.02086729411764706,0.023853,0.02041442857142857,0.02078190909090909,0.0209284,0.021463515151515154
3721.9,0.019358,True,0.019358,0.020621411764705885,0.019358,0.020849857142857142,0.020348363636363637,0.02087912,0.021341242424242426
3722.8,0.022652,True,0.022652,0.020582647058823532,0.022652,0.021228999999999998,0.019803909090909094,0.02070576,0.02102124242424242
3723.8,0.022092,True,0.022092,0.019844764705882357,0.022092,0.02108442857142857,0.01958218181818182,0.020660759999999997,0.020647242424242426
3724.7,0.020985,True,0.020985,0.019219411764705888,0.020985,0.01986342857142857,0.01994427272727273,0.020475240000000002,0.020360696969696973
3725.6,0.019219,True,0.019219,0.019379000000000004,0.019219,0.019312000000000003,0.02014127272727273,0.02021608,0.020024060606060608
3726.5,0.019432,True,0.019432,0.019546470588235297,0.019432,0.01901142857142857,0.019369636363636367,0.019955680000000003,0.01995915151515152
3727.4,0.015306,True,0.015306,0.019855882352941178,0.015306,0.01908557142857143,0.018843454545454545,0.019359960000000002,0.01969127272727273
3728.3,0.015498,True,0.015498,0.019737176470588234,0.015498,0.018282714285714284,0.01896672727272727,0.019016920000000003,0.019548272727272727
3729.3,0.020548,True,0.020548,0.019407529411764705,0.020548,0.017475714285714285,0.01884781818181818,0.018730360000000005,0.019221848484848487
3730.2,0.022611,True,0.022611,0.01925470588235294,0.022611,0.01812942857142857,0.018924181818181816,0.018931920000000005,0.019029151515151513
3731.1,0.015365,True,0.015365,0.018687882352941176,0.015365,0.018912,0.01885209090909091,0.01883372,0.01854857575757576
3732.0,0.01357,True,0.01357,0.018307470588235293,0.01357,0.019815857142857145,0.018744545454545455,0.018749759999999997,0.018214848484848483
3732.9,0.024008,True,0.024008,0.017904294117647056,0.024008,0.019512714285714286,0.018876727272727274,0.01835388,0.017974909090909093
3733.9,0.020784,True,0.020784,0.018125294117647055,0.020784,0.01888957142857143,0.01865109090909091,0.018256,0.01797248484848485
3734.8,0.021825,True,0.021825,0.01781223529411765,0.021825,0.019088857142857144,0.018203545454545455,0.01783192,0.018022454545454546
3735.7,0.018426,True,0.018426,0.017991,0.018426,0.019009714285714286,0.017432636363636365,0.01747576,0.01802560606060606
3736.6,0.018249,True,0.018249,0.017900294117647056,0.018249,0.017812142857142856,0.01812454545454546,0.017171439999999996,0.017794363636363636
3737.5,0.01676,True,0.01676,0.017686352941176466,0.01676,0.016861714285714285,0.018173636363636364,0.017116959999999997,0.017674515151515153
3738.5,0.013016,True,0.013016,0.01706511764705882,0.013016,0.017026142857142858,0.017658818181818182,0.01706824,0.01743687878787879
3739.4,0.015625,True,0.015625,0.016937058823529413,0.015625,0.016409571428571426,0.01703809090909091,0.01727792,0.017325272727272727
3740.3,0.014131,True,0.014131,0.01692570588235294,0.014131,0.016423285714285713,0.016591363636363633,0.01730688,0.017285151515151514
3741.2,0.022976,True,0.022976,0.01656388235294118,0.022976,0.016022714285714282,0.01601172727272727,0.01710108,0.017128727272727268
3742.1,0.01411,True,0.01411,0.016412705882352944,0.01411,0.016579142857142855,0.015551636363636363,0.016789039999999998,0.017002060606060607
3743.1,0.018345,True,0.018345,0.01633758823529412,0.018345,0.01606842857142857,0.01524409090909091,0.016910799999999997,0.01695490909090909
3744.0,0.013956,True,0.013956,0.01620794117647059,0.013956,0.015933714285714287,0.01568418181818182,0.017154439999999996,0.016842909090909092
3744.9,0.016911,True,0.016911,0.016040529411764707,0.016911,0.01456242857142857,0.015919545454545457,0.016756399999999998,0.016680666666666667
3745.8,0.01205,True,0.01205,0.015925823529411767,0.01205,0.015097714285714284,0.016502909090909092,0.016535119999999997,0.01629827878787879
3746.8,0.013188,True,0.013188,0.016243058823529413,0.013188,0.015078999999999999,0.015888909090909092,0.016212119999999997,0.016320066666666667
3747.7,0.013377,True,0.013377,0.016480470588235294,0.013377,0.016020714285714284,0.016006454545454546,0.01594716,0.0164504
3748.6,0.017857,True,0.017857,0.016476117647058825,0.017857,0.015922285714285715,0.01568509090909091,0.01582496,0.016046157575757575
3749.5,0.018214,True,0.018214,0.016021764705882353,0.018214,0.016401285714285712,0.016089909090909092,0.015554248000000001,0.01577794545454546
3750.4,0.020548,True,0.020548,0.016000588235294117,0.020548,0.016633,0.016339909090909092,0.015676968,0.015664460606060606
3751.4,0.016222,True,0.016222,0.015615705882352941,0.016222,0.01735185714285714,0.016522363636363637,0.015766808,0.015576248484848485
3752.3,0.015403,True,0.015403,0.015688529411764705,0.015403,0.017609571428571426,0.016710000000000003,0.015628288,0.015348945454545454
3753.2,0.01481,True,0.01481,0.015281541176470587,0.01481,0.017015714285714283,0.016743909090909094,0.015186568000000003,0.015207642424242426
3754.1,0.018409,True,0.018409,0.015518835294117645,0.018409,0.016259142857142857,0.016193454545454546,0.015345368000000002,0.015223400000000002
3755.1,0.019661,True,0.019661,0.01579430588235294,0.019661,0.015906,0.01591890909090909,0.015232168000000003,0.01499809090909091
3756.0,0.014057,True,0.014057,0.01563495294117647,0.014057,0.015391571428571426,0.01495929090909091,0.015103848000000003,0.01494430303030303
3756.9,0.015252,True,0.015252,0.015286482352941175,0.015252,0.01544642857142857,0.014946745454545456,0.014911288000000003,0.014730242424242423
3757.8,0.01375,True,0.01375,0.015278599999999998,0.01375,0.01424402857142857,0.015171109090909095,0.014970728000000004,0.01477439393939394
3758.7,0.011802,True,0.011802,0.014982541176470587,0.011802,0.013733028571428569,0.014794563636363639,0.014770800000000004,0.014720424242424241
3759.7,0.015194,True,0.015194,0.014660541176470589,0.015194,0.014277885714285713,0.014205836363636365,0.014729960000000005,0.01460269696969697
3760.6,0.0099922,True,0.0099922,0.014466070588235295,0.0099922,0.01362302857142857,0.01406210909090909,0.014652160000000003,0.014514151515151516
3761.5,0.016084,True,0.016084,0.014391129411764706,0.016084,0.013363457142857142,0.014194654545454544,0.014546280000000002,0.01441807575757576
3762.4,0.017871,True,0.017871,0.01379,0.017871,0.014260314285714283,0.013785199999999997,0.014386920000000001,0.01448907575757576
3763.3,0.010668,True,0.010668,0.013360294117647059,0.010668,0.014306171428571426,0.013634927272727271,0.014140880000000002,0.014333566666666667
3764.3,0.011933,True,0.011933,0.01346941176470588,0.011933,0.014414142857142855,0.013792563636363634,0.014084320000000003,0.01414329393939394
3765.2,0.01808,True,0.01808,0.013487941176470588,0.01808,0.013844571428571427,0.013155818181818182,0.013847100000000003,0.013926172727272729
3766.1,0.015515,True,0.015515,0.013653470588235295,0.015515,0.013225285714285712,0.01337070909090909,0.013731980000000003,0.013706657575757574
3767.1,0.010748,True,0.010748,0.01355164705882353,0.010748,0.012871257142857142,0.013355072727272727,0.013275348000000001,0.013651960606060606
3768.0,0.012097,True,0.012097,0.013480764705882354,0.012097,0.012931685714285714,0.013145618181818183,0.013176188,0.01356768787878788
3768.9,0.013536,True,0.013536,0.013415311764705883,0.013536,0.012621971428571428,0.013681618181818182,0.013008068,0.013551627272727271
3769.8,0.0081898,True,0.0081898,0.013382782352941177,0.0081898,0.012629399999999999,0.013512345454545455,0.012990227999999998,0.013154254545454545
3770.7,0.012356,True,0.012356,0.012816558823529414,0.012356,0.01346025714285714,0.013140436363636364,0.013094827999999998,0.012766306060606062
3771.7,0.015912,True,0.015912,0.01287008823529412,0.015912,0.01317082857142857,0.012537209090909092,0.012991947999999998,0.012629066666666668
3772.6,0.015567,True,0.015567,0.012818088235294116,0.015567,0.013235542857142856,0.012972027272727272,0.013163459999999997,0.012758006060606062
3773.5,0.016564,True,0.016564,0.012537147058823528,0.016564,0.013334071428571428,0.012621863636363638,0.012731927999999997,0.012826915151515152
3774.4,0.010071,True,0.010071,0.012472558823529411,0.010071,0.013787642857142856,0.012443863636363637,0.012291435999999996,0.012851248484848485
3775.4,0.013989,True,0.013989,0.012582794117647058,0.013989,0.012692385714285713,0.01270379090909091,0.012245839999999996,0.012626339393939394
3776.3,0.0088795,True,0.0088795,0.01271120588235294,0.0088795,0.01212252857142857,0.012789972727272728,0.012548799999999997,0.012811606060606062
3777.2,0.015531,True,0.015531,0.012226482352941177,0.015531,0.011334671428571428,0.012654063636363637,0.012466559999999998,0.012689575757575757
3778.1,0.0082452,True,0.0082452,0.012148182352941177,0.0082452,0.01179652857142857,0.012386336363636362,0.012350159999999997,0.012342096969696969
3779.1,0.011578,True,0.011578,0.011981835294117647,0.011578,0.011857671428571427,0.012178699999999999,0.012231119999999998,0.012381369696969695
3780.0,0.011049,True,0.011049,0.012193305882352942,0.011049,0.012392314285714284,0.011744581818181818,0.01239148,0.01235579393939394
3780.9,0.013304,True,0.013304,0.012220188235294117,0.013304,0.0122136,0.011096372727272728,0.012332319999999999,0.012112672727272728
3781.8,0.014417,True,0.014417,0.011987305882352943,0.014417,0.011792242857142856,0.011155336363636364,0.012260895999999999,0.012276339393939394
3782.8,0.012622,True,0.012622,0.011852070588235295,0.012622,0.011118057142857143,0.011516790909090911,0.012245215999999996,0.012253975757575758
3783.7,0.01428,True,0.01428,0.011976599999999999,0.01428,0.010900785714285715,0.012223954545454547,0.012052295999999999,0.01213840303030303
3784.6,0.0052957,True,0.0052957,0.012163511764705882,0.0052957,0.01178692857142857,0.012317318181818183,0.011831895999999998,0.012199009090909093
3785.6,0.0068587,True,0.0068587,0.011626641176470588,0.0068587,0.0120165,0.012019409090909091,0.012005976,0.012342681818181819
3786.5,0.0095281,True,0.0095281,0.01184539411764706,0.0095281,0.012014071428571428,0.012274136363636364,0.012003535999999999,0.012342075757575758
3787.4,0.019507,True,0.019507,0.011816629411764706,0.019507,0.011084357142857142,0.012059590909090909,0.011775299999999999,0.012154733333333332
3788.3,0.016024,True,0.016024,0.011758276470588235,0.016024,0.012628685714285713,0.011494336363636363,0.012041559999999998,0.012183036363636362
3789.2,0.012605,True,0.012605,0.012206041176470589,0.012605,0.0133713,0.011283790909090909,0.011937559999999998,0.011978348484848484
3790.2,0.007772,True,0.007772,0.01194680588235294,0.007772,0.012925028571428571,0.011810454545454546,0.012101191999999998,0.011915978787878785
3791.1,0.016106,True,0.016106,0.011691576470588234,0.016106,0.011847457142857143,0.012101209090909091,0.01202726,0.011904645454545455
3792.0,0.012057,True,0.012057,0.01176545882352941,0.012057,0.01114245714285714,0.013136472727272728,0.012245339999999999,0.011812830303030304
3793.0,0.0064042,True,0.0064042,0.012214594117647058,0.0064042,0.010778457142857143,0.01227310909090909,0.012105552,0.011735103030303031
3793.9,0.011964,True,0.011964,0.012536788235294116,0.011964,0.012656171428571427,0.011569390909090909,0.011849384000000001,0.011742054545454544
3794.8,0.011089,True,0.011089,0.012548647058823527,0.011089,0.011785314285714285,0.011835845454545454,0.011889104000000001,0.011595496969696969
3795.7,0.010057,True,0.010057,0.012371823529411763,0.010057,0.011246185714285714,0.012304845454545455,0.011551888000000001,0.01161940606060606
3796.7,0.020916,True,0.020916,0.01200625294117647,0.020916,0.012550728571428572,0.011962118181818183,0.011858700000000002,0.011348312121212121
3797.6,0.01001,True,0.01001,0.011736123529411766,0.01001,0.01268887142857143,0.011750545454545454,0.011923336000000001,0.01093804606060606
3798.5,0.0082831,True,0.0082831,0.012079829411764708,0.0082831,0.012867014285714285,0.012668436363636364,0.011811876000000002,0.010691085454545453
3799.4,0.015536,True,0.015536,0.011476511764705884,0.015536,0.012820257142857144,0.012472554545454545,0.011505116000000001,0.010667600606060606
3800.4,0.012931,True,0.012931,0.01152998235294118,0.012931,0.012189542857142858,0.0121929,0.011038472000000002,0.01111503393939394
3801.3,0.012336,True,0.012336,0.011651770588235294,0.012336,0.012160871428571429,0.012516354545454545,0.010569400800000002,0.010992367272727272
3802.2,0.0097297,True,0.0097297,0.011344570588235294,0.0097297,0.012122257142857144,0.011146681818181816,0.010437412800000004,0.010817773333333334
3803.2,0.016501,True,0.016501,0.011388629411764705,0.016501,0.01184782857142857,0.011415409090909089,0.010333372800000002,0.010539530909090909
3804.1,0.0098093,True,0.0098093,0.011053388235294117,0.0098093,0.0108362,0.011432818181818181,0.010653532800000002,0.009969727878787879
3805.0,0.0080128,True,0.0080128,0.009874695294117646,0.0080128,0.010926199999999999,0.010633327272727273,0.0105097928,0.009869909696969697
3805.9,0.013615,True,0.013615,0.009548948235294119,0.013615,0.0107469,0.010533963636363637,0.010181892800000002,0.009634394545454545
3806.9,0.0058496,True,0.0058496,0.009856118823529412,0.0058496,0.0093527,0.009808681818181819,0.0101513328,0.009175773333333333
3807.8,0.012966,True,0.012966,0.010122295294117649,0.012966,0.009642514285714285,0.00900400181818182,0.009637872799999999,0.009045924848484847
3808.7,0.0084746,True,0.0084746,0.009526983529411767,0.0084746,0.009120385714285714,0.007910483636363638,0.0091736728,0.009407979393939395
3809.7,0.0067416,True,0.0067416,0.009022895294117648,0.0067416,0.007300845714285714,0.008246456363636365,0.008773272799999999,0.009344870303030304
3810.6,0.011838,True,0.011838,0.009057912941176471,0.011838,0.007104088571428572,0.009341747272727272,0.008480808799999998,0.009635991515151515
3811.5,0.0043579,True,0.0043579,0.00792376588235294,0.0043579,0.0071810885714285715,0.008359538181818182,0.0081702488,0.009782173333333333
3812.4,0.00087822,True,0.00087822,0.007894454117647057,0.00087822,0.00883628857142857,0.008170165454545455,0.008387088800000001,0.009357821818181818
3813.4,0.0044723,True,0.0044723,0.00742311294117647,0.0044723,0.008274731428571427,0.007930074545454547,0.008288904800000002,0.009266609696969698
3814.3,0.013505,True,0.013505,0.006679377647058823,0.013505,0.007121659999999999,0.006906974545454545,0.008727556800000001,0.009351849090909093
3815.2,0.020061,True,0.020061,0.00679246,0.020061,0.007974102857142857,0.007140556363636363,0.008662756800000001,0.009157100606060606
3816.2,0.0028107,True,0.0028107,0.007109283529411765,0.0028107,0.007451571428571427,0.006064374545454545,0.0085468808,0.009111282424242424
3817.1,0.0037665,True,0.0037665,0.007192036470588236,0.0037665,0.008142814285714284,0.005756519999999999,0.0085063688,0.008801530909090909
3818.0,0.010325,True,0.010325,0.008012883529411765,0.010325,0.0062135285714285705,0.006383227272727272,0.0084056088,0.008799318787878789
3819.0,-0.0027795,True,-0.0027795,0.008191883529411765,-0.0027795,0.0034864571428571424,0.007645018181818181,0.0085359968,0.008429436969696969
3819.9,0.009311,True,0.009311,0.008342148235294118,0.009311,0.004195214285714286,0.007315599999999999,0.0084741168,0.008065043030303028
3820.8,0.0,True,0.0,0.00870225294117647,0.0,0.0062788571428571424,0.007373327272727274,0.0082197008,0.008225079393939395
3821.8,0.0009715,True,0.0009715,0.009091882352941175,0.0009715,0.006215485714285714,0.008470627272727273,0.008336304800000001,0.007949106666666667
3822.7,0.007772,True,0.007772,0.008833311764705882,0.007772,0.00956912857142857,0.008756618181818181,0.0080345808,0.007941452121212122
3823.6,0.018352,True,0.018352,0.008324958823529412,0.018352,0.010364842857142858,0.008454345454545454,0.0077716368000000004,0.008028815757575757
3824.5,0.0098814,True,0.0098814,0.008283988235294117,0.0098814,0.011352328571428571,0.009715754545454544,0.008268267999999999,0.008143767272727273
3825.5,0.020696,True,0.020696,0.008630470588235293,0.020696,0.012213542857142856,0.009697418181818181,0.008269692,0.008260840000000002
3826.4,0.014881,True,0.014881,0.008275758823529412,0.014881,0.012688399999999999,0.01073550909090909,0.007953372,0.008346082424242424
3827.3,0.0069124,True,0.0069124,0.008308923529411764,0.0069124,0.011368014285714287,0.010839390909090908,0.007784892,0.00857023696969697
3828.3,0.007,True,0.007,0.008543217647058824,0.007,0.011587671428571429,0.011010727272727271,0.008163183999999999,0.008719806060606062
3829.2,0.011096,True,0.011096,0.008808388235294118,0.011096,0.008933128571428571,0.009732809090909091,0.008436724,0.008620184848484848
3830.1,0.0091093,True,0.0091093,0.009080476470588236,0.0091093,0.0081868,0.008633072727272728,0.008609763999999999,0.008509984848484848
3831.1,0.011419,True,0.011419,0.009555594117647061,0.011419,0.007812871428571429,0.007960163636363636,0.009191144,0.007939121212121213
3832.0,0.0021142,True,0.0021142,0.009197711764705883,0.0021142,0.006496342857142857,0.0070171545454545455,0.009051264,0.008040851515151515
3832.9,0.0096567,True,0.0096567,0.009240276470588235,0.0096567,0.006810342857142857,0.006897572727272727,0.009098656,0.008227242424242425
3833.9,0.0042949,True,0.0042949,0.008884688235294117,0.0042949,0.0061530000000000005,0.007702027272727272,0.009454532,0.007989681818181818
3834.8,-0.0022157,True,-0.0022157,0.00870080588235294,-0.0022157,0.005321285714285714,0.007808572727272727,0.009192552,0.008567969696969697
3835.7,0.013294,True,0.013294,0.008636194117647059,0.013294,0.0072834,0.007944545454545454,0.008705184,0.008486945454545454
3836.7,0.0045079,True,0.0045079,0.008294123529411765,0.0045079,0.007656442857142856,0.008238363636363636,0.008706624,0.008691142424242427
3837.6,0.005597,True,0.005597,0.008221911764705882,0.005597,0.008557885714285713,0.0091148,0.007978204,0.00882639393939394
3838.5,0.015849,True,0.015849,0.007757982352941176,0.015849,0.010967414285714284,0.008765463636363637,0.008035124,0.008756018181818181
3839.4,0.012268,True,0.012268,0.007449088235294117,0.012268,0.010747557142857142,0.008482727272727274,0.008024116,0.008362233333333333
3840.4,0.010605,True,0.010605,0.0079081,0.010605,0.010934142857142858,0.009581281818181818,0.008013656,0.008269033333333333
3841.3,0.014651,True,0.014651,0.007486264705882354,0.014651,0.010303828571428572,0.008483872727272728,0.007787208,0.007764733333333333
3842.2,0.011755,True,0.011755,0.008192682352941176,0.011755,0.009449457142857142,0.008634772727272727,0.00764082,0.007691884848484849
3843.2,0.005814,True,0.005814,0.008713441176470589,0.005814,0.00787152857142857,0.009027536363636363,0.007398344000000001,0.00781329696969697
3844.1,0.0011848,True,0.0011848,0.008327823529411766,0.0011848,0.0072376428571428566,0.007812672727272728,0.007586008000000001,0.007805742424242425
3845.1,0.0098684,True,0.0098684,0.00838234705882353,0.0098684,0.0065614142857142845,0.008179581818181817,0.007361904000000002,0.00786098484848485
3846.0,0.0012225,True,0.0012225,0.008373676470588235,0.0012225,0.005237199999999999,0.007818872727272727,0.007689188000000001,0.008815733333333334
3846.9,0.0061678,True,0.0061678,0.00775650588235294,0.0061678,0.006735771428571428,0.007099554545454546,0.008214576000000001,0.008950460606060607
3847.8,0.0099174,True,0.0099174,0.0074351999999999994,0.0099174,0.007514685714285714,0.006524990909090909,0.007952844,0.009104296969696972
3848.8,0.0024855,True,0.0024855,0.00704985294117647,0.0024855,0.007067557142857142,0.006491863636363637,0.008289288000000002,0.009207700000000001
3849.7,0.016304,True,0.016304,0.006921970588235294,0.016304,0.0076693142857142856,0.006871163636363637,0.009690048000000001,0.00894950909090909
3850.7,0.0066372,True,0.0066372,0.006872794117647059,0.0066372,0.007566714285714285,0.006592745454545456,0.009690688000000001,0.008717609090909092
3851.6,0.0067385,True,0.0067385,0.006927894117647059,0.0067385,0.006915242857142857,0.006850163636363637,0.0094876,0.008402427272727272
3852.5,0.0054348,True,0.0054348,0.007618141176470589,0.0054348,0.007532428571428571,0.007423727272727274,0.00958616,0.008219157575757575
3853.4,0.0054496,True,0.0054496,0.009426823529411765,0.0054496,0.005782442857142856,0.007514781818181819,0.008831104000000001,0.008549551515151516
3854.4,0.0053571,True,0.0053571,0.01028814705882353,0.0053571,0.0066167,0.007902527272727274,0.007966168000000001,0.008159466666666669
3855.3,0.0068058,True,0.0068058,0.010348323529411766,0.0068058,0.007213914285714285,0.0075948000000000005,0.007849328000000001,0.007696709090909091
3856.2,0.0040541,True,0.0040541,0.010533711764705883,0.0040541,0.0074018999999999995,0.010683781818181819,0.0077403360000000004,0.007518884848484849
3857.2,0.012477,True,0.012477,0.010138952941176472,0.012477,0.008468957142857142,0.011513463636363637,0.0080056,0.006894360606060607
3858.1,0.010919,True,0.010919,0.008599399999999998,0.010919,0.013505942857142857,0.0116731,0.008075747999999999,0.007101633333333334
3859.1,0.0067507,True,0.0067507,0.00837915294117647,0.0067507,0.014800114285714285,0.012365772727272729,0.007708916,0.007117039393939394
3860.0,0.012919,True,0.012919,0.007892182352941174,0.012919,0.015248214285714285,0.011494636363636365,0.007501692,0.006986930303030304
3860.9,0.040616,True,0.040616,0.008543076470588235,0.040616,0.015332785714285715,0.009978800000000003,0.007163940000000001,0.0066399909090909095
3861.9,0.015865,True,0.015865,0.008397582352941177,0.015865,0.013169300000000002,0.009873245454545454,0.007255580000000001,0.006651872727272728
3862.8,0.0071908,True,0.0071908,0.007905811764705882,0.0071908,0.010795142857142857,0.008598972727272728,0.0072429880000000006,0.006367948484848485
3863.7,0.013069,True,0.013069,0.007784105882352941,0.013069,0.009362857142857143,0.009106336363636364,0.006849096,0.005865624242424242
3864.7,-0.0042254,True,-0.0042254,0.007195141176470588,-0.0042254,0.003340571428571429,0.0087632,0.006568480000000001,0.006197063636363636
3865.6,-0.0098684,True,-0.0098684,0.007555023529411765,-0.0098684,0.0034312857142857144,0.007315745454545455,0.006415080000000001,0.0063030636363636365
3866.5,0.002893,True,0.002893,0.007284635294117648,0.002893,0.0028292000000000005,0.004054,0.006072728000000001,0.006682209090909092
3867.5,-0.00154,True,-0.00154,0.006704664705882354,-0.00154,0.0005332000000000003,0.002070063636363637,0.0055341240000000005,0.006835527272727272
3868.4,0.0165,True,0.0165,0.00585174705882353,0.0165,0.0018135142857142862,0.0031068090909090913,0.005908880000000001,0.0070922
3869.3,0.0029762,True,0.0029762,0.0035575470588235297,0.0029762,0.0023721,0.0024934818181818184,0.00620188,0.007239090909090909
3870.3,-0.003003,True,-0.003003,0.0024359764705882353,-0.003003,0.004615242857142857,0.0025949909090909095,0.00653108,0.007274812121212121
3871.2,0.0047368,True,0.0047368,0.001621264705882353,0.0047368,0.0057384428571428565,0.0033484272727272732,0.0067329719999999985,0.007268157575757576
3872.2,-0.0059583,True,-0.0059583,0.0016420882352941178,-0.0059583,0.002937185714285714,0.0032322090909090912,0.0067724119999999985,0.007248848484848485
3873.1,0.018595,True,0.018595,0.003055464705882353,0.018595,0.0022862142857142855,0.0030811454545454546,0.005559652,0.007291151515151515
3874.0,0.0063224,True,0.0063224,0.004762370588235294,0.0063224,0.0029458714285714284,0.0009757545454545455,0.0051864879999999995,0.006907542424242424
3875.0,-0.0031088,True,-0.0031088,0.005286194117647059,-0.0031088,0.0018118000000000001,0.0019254636363636364,0.005162304,0.006756075757575758
3875.9,-0.0015806,True,-0.0015806,0.006194723529411765,-0.0015806,0.0017116571428571427,0.0039986454545454546,0.004776220000000001,0.0063102848484848486
3876.8,0.0016146,True,0.0016146,0.005829841176470588,0.0016146,0.0009727999999999998,0.005308845454545455,0.005500156000000001,0.005188109090909091
3877.8,-0.0032017,True,-0.0032017,0.0060392352941176465,-0.0032017,0.0028984571428571425,0.006923054545454546,0.0058252880000000005,0.0050375333333333334
3878.7,-0.0066593,True,-0.0066593,0.006603305882352941,-0.0066593,0.006078142857142857,0.006496690909090909,0.00577966,0.00515020606060606
3879.7,0.013423,True,0.013423,0.006525664705882353,0.013423,0.007989371428571429,0.0068580181818181825,0.005769576,0.004754175757575758
3880.6,0.019802,True,0.019802,0.007692211764705883,0.019802,0.009745142857142857,0.007734809090909091,0.005252944000000001,0.004994312121212121
3881.5,0.019149,True,0.019149,0.006496029411764707,0.019149,0.01167352857142857,0.008477245454545455,0.005569736,0.005924657575757577
3882.5,0.011798,True,0.011798,0.006227200000000001,0.011798,0.013558557142857142,0.008641090909090909,0.006126216,0.006060906060606061
3883.4,0.013905,True,0.013905,0.006304652941176472,0.013905,0.012581871428571428,0.010193336363636361,0.005936744,0.005873572727272728
3884.3,0.010297,True,0.010297,0.006608464705882355,0.010297,0.010241142857142857,0.010640536363636361,0.006323040000000001,0.005027027272727274
3885.3,0.0065359,True,0.0065359,0.007154429411764708,0.0065359,0.00948742857142857,0.009579563636363635,0.00641256,0.005111439393939394
3886.2,0.0065862,True,0.0065862,0.007984470588235296,0.0065862,0.007553414285714286,0.007616463636363637,0.006455232000000001,0.004966312121212122
3887.2,0.0034169,True,0.0034169,0.00837619411764706,0.0034169,0.005817314285714286,0.006201481818181819,0.006270704000000001,0.005054978787878788
3888.1,0.013873,True,0.013873,0.007804200000000001,0.013873,0.004090300000000001,0.006119481818181819,0.005876488000000001,0.005539381818181819
3889.0,-0.0017401,True,-0.0017401,0.00786484705882353,-0.0017401,0.0036686285714285713,0.005847118181818182,0.006042376,0.005038163636363636
3890.0,0.0017523,True,0.0017523,0.0071730941176470575,0.0017523,0.004284314285714285,0.004911027272727272,0.0058587560000000006,0.004608281818181819
3890.9,-0.0017921,True,-0.0017921,0.0060248588235294115,-0.0017921,0.005354614285714285,0.004653136363636364,0.006431640000000001,0.004956424242424243
3891.8,0.0035842,True,0.0035842,0.004534211764705882,0.0035842,0.0033727571428571424,0.0059483,0.006295800000000001,0.005004321212121213
3892.8,0.010896,True,0.010896,0.004267435294117647,0.010896,0.0041497857142857135,0.006309418181818182,0.005585912000000001,0.00495539393939394
3893.7,0.010909,True,0.010909,0.0034246058823529414,0.010909,0.0068756,0.004346236363636363,0.004505404000000001,0.005170633333333334
3894.7,0.0,True,0.0,0.0034879352941176475,0.0,0.008187214285714286,0.0034647909090909086,0.0043686800000000015,0.005190854545454545
3895.6,0.0036991,True,0.0036991,0.003876764705882353,0.0036991,0.006572042857142857,0.0038292909090909084,0.00381248,0.0052247939393939395
3896.6,0.020833,True,0.020833,0.0031815764705882352,0.020833,0.003381757142857143,0.003283827272727273,0.0034005999999999997,0.004624733333333334
3897.5,0.0073892,True,0.0073892,0.0028213647058823533,0.0073892,0.0026464428571428573,0.0036546090909090907,0.003295212,0.00528000606060606
3898.4,-0.007722,True,-0.007722,0.0032112235294117645,-0.007722,0.0015332714285714287,0.0035756090909090914,0.002792084,0.004857648484848485
3899.4,-0.011436,True,-0.011436,0.003316641176470588,-0.011436,0.002099514285714286,0.0027706818181818184,0.0032371279999999997,0.004565784848484849
3900.3,0.0057618,True,0.0057618,0.0031058058823529413,0.0057618,0.0005557999999999998,0.0020558000000000004,0.002682208,0.004576572727272728
3901.2,-0.0077922,True,-0.0077922,0.002694347058823529,-0.0077922,-0.00020625714285714235,0.002481327272727273,0.004382732,0.004240981818181819
3902.2,0.0076628,True,0.0076628,0.001700170588235294,0.0076628,-0.00022650000000000008,0.0005874181818181819,0.004227048000000001,0.00384659393939394
3903.1,0.010027,True,0.010027,0.002555641176470588,0.010027,0.0026043428571428566,-8.432727272727273e-05,0.004469672,0.0033304454545454547
3904.1,0.0020548,True,0.0020548,0.0023380470588235296,0.0020548,0.001781228571428571,0.0009723272727272728,0.004752424000000001,0.0027092212121212125
3905.0,-0.0078637,True,-0.0078637,0.0035109882352941176,-0.0078637,0.0028943999999999997,0.0014672363636363634,0.004135040000000001,0.0029009575757575757
3905.9,0.0083799,True,0.0083799,0.0029504588235294118,0.0083799,0.002357028571428571,0.002265527272727273,0.0034415360000000002,0.002574857575757576
3906.9,0.0,True,0.0,0.003656076470588235,0.0,6.859999999999999e-05,0.002973909090909091,0.0028968960000000004,0.0026990939393939394
3907.8,0.0,True,0.0,0.0049554294117647064,0.0,0.0018526285714285714,0.005983927272727273,0.0024838360000000006,0.0029433909090909095
3908.8,0.0039012,True,0.0039012,0.0043495235294117645,0.0039012,0.0029760142857142855,0.004877854545454545,0.0018340039999999998,0.002757051515151515
3909.7,-0.005992,True,-0.005992,0.0044297352941176475,-0.005992,0.007603599999999999,0.005079554545454545,0.001178076,0.001791233333333333
3910.7,0.014543,True,0.014543,0.003178041176470588,0.014543,0.0072979142857142855,0.006762890909090909,0.001579264,0.002631687878787879
3911.6,0.0,True,0.0,0.0021983705882352936,0.0,0.007908414285714286,0.0055884818181818185,0.002502544,0.002663666666666666
3912.5,0.040773,True,0.040773,0.0023473352941176463,0.040773,0.008872957142857142,0.005004063636363637,0.002461944,0.0011133636363636359
3913.5,-0.0021398,True,-0.0021398,0.0022799647058823528,-0.0021398,0.009080585714285714,0.0037662454545454548,0.001935112,0.0008894484848484848
3914.4,0.0042735,True,0.0042735,0.0019227764705882352,0.0042735,0.006084642857142856,0.0028091,0.0027380000000000004,0.001557721212121212
3915.4,0.010653,True,0.010653,0.002607835294117647,0.010653,0.004139499999999999,0.0037708454545454543,0.0025270959999999995,0.001614284848484848
3916.3,-0.0045386,True,-0.0045386,0.002887058823529412,-0.0045386,-0.0026319857142857142,0.0016297545454545452,0.0012318239999999994,0.0005887454545454541
3917.2,-0.0064286,True,-0.0064286,0.001424458823529412,-0.0064286,-0.0016709857142857142,0.0018395454545454544,0.0015463719999999999,0.0005301909090909086
3918.2,-0.013616,True,-0.013616,0.0034084,-0.013616,-0.003568485714285714,-0.0008083636363636364,0.0017844159999999996,0.0002235909090909088
3919.1,-0.0066274,True,-0.0066274,0.0028325999999999994,-0.0066274,-0.004760671428571428,-0.0001823090909090909,0.0014016399999999996,-0.0005251666666666669
3920.1,0.0045872,True,0.0045872,0.0010486588235294112,0.0045872,-0.0024485857142857136,-0.0024765363636363637,0.0002783999999999996,-0.0008173878787878791
3921.0,-0.009009,True,-0.009009,-0.0013497529411764706,-0.009009,-0.0008521000000000002,-0.0009236272727272723,-0.00026662800000000107,-0.0009498515151515152
3921.9,0.0023077,True,0.0023077,-0.0003808823529411764,0.0023077,-0.0019016714285714285,-7.880909090909054e-05,-0.00012514800000000027,-0.0019054848484848486
3922.9,0.011646,True,0.011646,-0.0011951705882352942,0.011646,0.003007242857142857,-0.0022513909090909087,-0.0012941480000000006,-0.0023511212121212124
3923.8,0.0047468,True,0.0047468,-0.003473641176470588,0.0047468,0.0030311285714285712,-0.001013572727272727,-0.0015976880000000005,-0.002664606060606061
3924.8,-0.020963,True,-0.020963,-0.0037786941176470587,-0.020963,-1.429999999999996e-05,0.0008917363636363636,-0.003718008,-0.00286399393939394
3925.7,0.027735,True,0.027735,-0.0035449529411764706,0.027735,-0.00034397142857142844,-0.00039522727272727246,-0.004558656,-0.0021954181818181827
3926.7,0.0047544,True,0.0047544,-0.003607658823529412,0.0047544,3.959999999999989e-05,-0.002129045454545454,-0.005317836,-0.0018496909090909093
3927.6,-0.030327,True,-0.030327,-0.003664194117647059,-0.030327,-0.0020055714285714286,-0.003222881818181818,-0.006157756,-0.002174933333333333
3928.6,0.0,True,0.0,-0.004653735294117647,0.0,-0.0030224285714285717,-0.004504790909090909,-0.006083356000000001,-0.003661609090909091
3929.5,0.014331,True,0.014331,-0.005485911764705882,0.014331,-0.008373785714285714,-0.006271045454545455,-0.005183372,-0.004076069696969697
3930.4,-0.0095694,True,-0.0095694,-0.0064867176470588235,-0.0095694,-0.0094037,-0.005055181818181818,-0.0036006520000000006,-0.00475320606060606
3931.4,-0.028081,True,-0.028081,-0.00778030588235294,-0.028081,-0.007168699999999999,-0.008688818181818181,-0.003764876000000001,-0.005670751515151515
3932.3,-0.0097245,True,-0.0097245,-0.00821709411764706,-0.0097245,-0.008252771428571427,-0.011226127272727274,-0.004279856000000001,-0.005946430303030303
3933.3,-0.002455,True,-0.002455,-0.006038623529411765,-0.002455,-0.012047914285714285,-0.009806036363636365,-0.004552176000000001,-0.005912524242424243
3934.2,-0.014682,True,-0.014682,-0.006143505882352942,-0.014682,-0.013988857142857143,-0.01074649090909091,-0.005367364000000001,-0.005662545454545454
3935.2,-0.0075885,True,-0.0075885,-0.007054529411764708,-0.0075885,-0.012078142857142857,-0.012292818181818183,-0.0066182440000000006,-0.006136351515151515
3936.1,-0.012235,True,-0.012235,-0.005758076470588237,-0.012235,-0.012166785714285713,-0.009961872727272727,-0.0073535560000000015,-0.006709903030303031
3937.1,-0.023156,True,-0.023156,-0.0066884882352941195,-0.023156,-0.01219872857142857,-0.005049781818181818,-0.006727424000000002,-0.007297781818181818
3938.0,-0.014706,True,-0.014706,-0.00859454705882353,-0.014706,-0.007805442857142858,-0.005141463636363638,-0.008051492000000002,-0.008404712121212122
3938.9,-0.010345,True,-0.010345,-0.009186111764705886,-0.010345,-0.0030139428571428575,-0.005671672727272728,-0.009132188000000001,-0.009298742424242425
3939.9,-0.0026786,True,-0.0026786,-0.008336405882352942,-0.0026786,-0.0027993714285714276,-0.005774854545454546,-0.008492708000000002,-0.009442584848484849
3940.8,0.016071,True,0.016071,-0.008076711764705882,0.016071,-0.0006752714285714286,-0.0067279,-0.009629068000000001,-0.009409948484848486
3941.8,0.025952,True,0.025952,-0.008247988235294117,0.025952,-0.0008339857142857142,-0.007399809090909091,-0.011571148000000002,-0.010336327272727274
3942.7,-0.010733,True,-0.010733,-0.008693929411764707,-0.010733,-0.0019378428571428577,-0.006534354545454546,-0.011902652000000001,-0.01158679393939394
3943.7,-0.0082873,True,-0.0082873,-0.009091076470588235,-0.0082873,-0.004358900000000001,-0.005680145454545455,-0.010779411999999999,-0.012171157575757575
3944.6,-0.015817,True,-0.015817,-0.010042488235294118,-0.015817,-0.008602757142857144,-0.005227572727272727,-0.011185872,-0.01298770303030303
3945.6,-0.018072,True,-0.018072,-0.010693370588235294,-0.018072,-0.013068714285714286,-0.007007972727272728,-0.011201092,-0.01414349090909091
3946.5,-0.019626,True,-0.019626,-0.010878723529411766,-0.019626,-0.0123021,-0.009772609090909093,-0.012074252,-0.013758812121212122
3947.4,-0.013636,True,-0.013636,-0.01027019411764706,-0.013636,-0.014298628571428572,-0.014714518181818185,-0.013755152,-0.013675024242424245
3948.4,-0.0053097,True,-0.0053097,-0.01128239411764706,-0.0053097,-0.014087628571428572,-0.01684979090909091,-0.014343592,-0.013561436363636365
3949.3,-0.0053667,True,-0.0053667,-0.012394541176470588,-0.0053667,-0.015564342857142857,-0.01771976363636364,-0.014369752000000001,-0.013487042424242425
3950.3,-0.022263,True,-0.022263,-0.016068835294117647,-0.022263,-0.017649342857142855,-0.016281854545454548,-0.013656512000000003,-0.0136068
3951.2,-0.01434,True,-0.01434,-0.018355776470588236,-0.01434,-0.018252342857142858,-0.01644676363636364,-0.014255352000000002,-0.013103572727272727
3952.2,-0.028409,True,-0.028409,-0.01945334705882353,-0.028409,-0.017493814285714285,-0.014920354545454546,-0.014387252000000003,-0.012922603030303032
3953.1,-0.034221,True,-0.034221,-0.019923523529411766,-0.034221,-0.019568,-0.016999900000000002,-0.015030092000000004,-0.012615300000000001
3954.1,-0.017857,True,-0.017857,-0.01867664117647059,-0.017857,-0.016792642857142857,-0.02102729090909091,-0.016813532,-0.012757451515151516
3955.0,0.0,True,0.0,-0.019011347058823534,0.0,-0.01995992857142857,-0.022989045454545453,-0.016023492000000004,-0.012347663636363637
3956.0,-0.019886,True,-0.019886,-0.018560764705882353,-0.019886,-0.02298878571428571,-0.023129681818181817,-0.015942520000000005,-0.013732766666666668
3956.9,-0.0028355,True,-0.0028355,-0.018248429411764706,-0.0028355,-0.0219495,-0.021541954545454545,-0.015830440000000005,-0.014015475757575759
3957.8,-0.036511,True,-0.036511,-0.019028858823529414,-0.036511,-0.022799928571428575,-0.02126077272727273,-0.015883440000000006,-0.015101600000000001
3958.8,-0.049611,True,-0.049611,-0.017188799999999997,-0.049611,-0.022353500000000005,-0.018693054545454547,-0.014971280000000003,-0.01456640606060606
3959.7,-0.026946,True,-0.026946,-0.016713682352941173,-0.026946,-0.023129214285714288,-0.01706969090909091,-0.016361320000000006,-0.014726639393939395
3960.7,-0.02381,True,-0.02381,-0.015808152941176472,-0.02381,-0.023577871428571432,-0.01876369090909091,-0.015879268000000005,-0.014450257575757576
3961.6,0.003125,True,0.003125,-0.014936152941176471,0.003125,-0.018362014285714285,-0.016136054545454546,-0.016060204000000005,-0.013794654545454546
3962.6,-0.025316,True,-0.025316,-0.0136988,-0.025316,-0.01393672857142857,-0.016447645454545457,-0.014892548000000004,-0.013643381818181819
3963.5,-0.0059761,True,-0.0059761,-0.01654509411764706,-0.0059761,-0.008799014285714286,-0.014311645454545456,-0.014861948000000005,-0.013666169696969698
3964.5,0.0,True,0.0,-0.014978764705882353,0.0,-0.006292300000000001,-0.01156491818181818,-0.013993444000000004,-0.012971754545454546
3965.4,-0.018634,True,-0.018634,-0.015393741176470589,-0.018634,-0.008598014285714287,-0.008826372727272727,-0.012482088000000002,-0.013460036363636364
3966.4,0.009018,True,0.009018,-0.012838482352941176,0.009018,-0.007752442857142857,-0.011060645454545456,-0.012353168000000001,-0.013237672727272727
3967.3,-0.006263,True,-0.006263,-0.010718717647058824,-0.006263,-0.006444714285714286,-0.010731863636363638,-0.012928688,-0.012457915151515151
3968.3,-0.013015,True,-0.013015,-0.009527564705882353,-0.013015,-0.013357142857142857,-0.009329509090909092,-0.011429008000000001,-0.012176824242424243
3969.2,-0.019397,True,-0.019397,-0.007917394117647058,-0.019397,-0.009732057142857142,-0.008156372727272728,-0.012174788,-0.01149218787878788
3970.2,0.003178,True,0.003178,-0.008962041176470589,0.003178,-0.012433214285714284,-0.009390463636363637,-0.011311348,-0.010293884848484848
3971.1,-0.048387,True,-0.048387,-0.008319217647058823,-0.048387,-0.01054872857142857,-0.008305227272727273,-0.008871227999999998,-0.010404748484848484
3972.1,0.0067416,True,0.0067416,-0.006932035294117647,0.0067416,-0.01062872857142857,-0.008801145454545455,-0.008558708000000002,-0.01015268787878788
3973.0,-0.0098901,True,-0.0098901,-0.008195564705882353,-0.0098901,-0.008814357142857143,-0.009562145454545454,-0.008071428000000002,-0.01042467272727273
3974.0,0.0069284,True,0.0069284,-0.00797738823529412,0.0069284,-0.008759371428571429,-0.009686963636363635,-0.007328948000000002,-0.009199909090909092
3974.9,-0.013575,True,-0.013575,-0.00783774117647059,-0.013575,-0.003937514285714285,-0.006323054545454545,-0.006462648000000001,-0.007577554545454546
3975.9,-0.0066964,True,-0.0066964,-0.008594800000000001,-0.0066964,-0.006956028571428571,-0.00856469090909091,-0.0066863240000000004,-0.006995915151515152
3976.8,0.0035629,True,0.0035629,-0.008513211764705885,0.0035629,-0.003028014285714285,-0.0055226909090909096,-0.007158764000000001,-0.005656824242424243
3977.8,-0.014634,True,-0.014634,-0.006096505882352941,-0.014634,-0.007086357142857142,-0.005099927272727273,-0.006257156,-0.0051372787878787895
3978.7,-0.014388,True,-0.014388,-0.006498652941176471,-0.014388,-0.007279214285714285,-0.005940190909090909,-0.006460808,-0.003873369696969698
3979.7,0.017606,True,0.017606,-0.004332829411764705,0.017606,-0.004695157142857142,-0.007627136363636364,-0.006520364,-0.0038174939393939393
3980.6,-0.02148,True,-0.02148,-0.0054241588235294114,-0.02148,-0.007937428571428571,-0.0044215,-0.005184564,-0.0033247666666666666
3981.6,-0.014925,True,-0.014925,-0.004612611764705882,-0.014925,-0.007507999999999999,-0.004145327272727272,-0.0035978839999999995,-0.0023802515151515155
3982.5,0.011392,True,0.011392,-0.004789182352941176,0.011392,-0.002354428571428571,-0.005520863636363636,-0.003069283999999999,-0.003161403030303031
3983.4,-0.019133,True,-0.019133,-0.004446647058823529,-0.019133,-0.005392214285714284,-0.005264227272727274,-0.0012990920000000006,-0.0025874939393939395
3984.4,-0.011628,True,-0.011628,-0.0028539176470588237,-0.011628,-0.003976214285714285,-0.003601118181818182,-0.0009183560000000004,-0.0030996151515151516
3985.3,0.021687,True,0.021687,-0.0018711470588235293,0.021687,-0.0035313571428571425,-0.00484469090909091,-2.135200000000048e-05,-0.0037370090909090914
3986.3,-0.0036585,True,-0.0036585,-4.6029411764706224e-05,-0.0036585,-0.004600757142857142,-0.003596681818181818,-0.0009688880000000004,-0.004345463636363637
3987.2,-0.011568,True,-0.011568,0.0005572529411764703,-0.011568,-0.001306514285714285,-0.00038713636363636354,8.115199999999975e-05,-0.0028791909090909095
3988.2,-0.011811,True,-0.011811,0.0004780764705882354,-0.011811,-0.000752785714285714,0.00041995454545454557,-0.0008475920000000004,-0.0039797545454545455
3989.2,0.0039062,True,0.0039062,0.0024789588235294116,0.0039062,-0.0009395,0.0036495909090909096,-0.0026073480000000007,-0.003964145454545455
3990.1,0.0039267,True,0.0039267,0.002371017647058824,0.0039267,0.0024788571428571425,0.0043310272727272725,-0.0026980280000000008,-0.003758339393939395
3991.1,-0.0077519,True,-0.0077519,0.0024465470588235293,-0.0077519,0.0064732857142857135,0.003837663636363637,-0.0021225080000000004,-0.003770460606060606
3992.0,0.02038,True,0.02038,0.0018123117647058826,0.02038,0.007570257142857143,0.005309800000000001,-0.004009828000000001,-0.003997721212121212
3993.0,0.02027,True,0.02027,0.00011801764705882412,0.02027,0.009335085714285714,0.0048378,-0.0035256280000000003,-0.003676869696969698
3993.9,0.016393,True,0.016393,-0.002151864705882353,0.016393,0.010564842857142856,0.007063890909090909,-0.002379828,-0.0033741424242424247
3994.9,-0.0041322,True,-0.0041322,-0.0019366588235294115,-0.0041322,0.009277971428571428,0.003989236363636363,-0.003394508,-0.003552384848484849
3995.8,0.01626,True,0.01626,-0.0029960117647058818,0.01626,0.0081774,-4.328181818181837e-05,-0.003197028,-0.004240506060606061
3996.8,0.012535,True,0.012535,-0.0028527176470588235,0.012535,0.001008114285714285,-0.0008750181818181826,-0.0021658680000000005,-0.0037307606060606063
3997.7,-0.01676,True,-0.01676,-0.002275435294117646,-0.01676,-0.007109600000000001,-0.002727745454545455,-0.0032191080000000005,-0.004349821212121212
3998.7,0.012676,True,0.012676,-0.0033284764705882345,0.012676,-0.008933714285714286,-0.007259290909090909,-0.0038835680000000004,-0.006054124242424242
3999.6,-0.029915,True,-0.029915,-0.003707541176470588,-0.029915,-0.011256571428571428,-0.009601836363636365,-0.0036249280000000012,-0.00576759090909091
4000.6,-0.040431,True,-0.040431,-0.004073952941176471,-0.040431,-0.01727257142857143,-0.007978909090909092,-0.0033388240000000007,-0.004023772727272727
4001.5,-0.016901,True,-0.016901,-0.005539482352941176,-0.016901,-0.01621757142857143,-0.010727545454545455,-0.004909232000000001,-0.005293136363636364
4002.5,0.0,True,0.0,-0.007696129411764706,0.0,-0.01606842857142857,-0.013157636363636363,-0.0068603000000000015,-0.005647666666666666
4003.4,-0.029577,True,-0.029577,-0.007753176470588235,-0.029577,-0.013791285714285714,-0.010347545454545455,-0.006937320000000001,-0.005944151515151514
4004.4,-0.009375,True,-0.009375,-0.008983670588235293,-0.009375,-0.010043428571428571,-0.011922090909090908,-0.005915800000000001,-0.004925090909090909
4005.3,0.01372,True,0.01372,-0.011800670588235295,0.01372,-0.0056074285714285705,-0.011045272727272726,-0.007534680000000001,-0.005552278787878787
4006.3,-0.013975,True,-0.013975,-0.013453023529411766,-0.013975,-0.006270857142857142,-0.007833545454545456,-0.008804719999999999,-0.006858512121212121
4007.2,-0.014196,True,-0.014196,-0.014767929411764705,-0.014196,-0.004941285714285714,-0.006720581818181818,-0.009493511999999999,-0.006090939393939394
4008.2,0.014151,True,0.014151,-0.010307164705882351,0.014151,-0.004330857142857142,-0.009934581818181817,-0.009271192,-0.007379424242424242
4009.1,-0.004644,True,-0.004644,-0.009117223529411762,-0.004644,-0.006956342857142857,-0.011323036363636364,-0.010444231999999998,-0.007993666666666666
4010.1,-0.02027,True,-0.02027,-0.00902645882352941,-0.02027,-0.010010485714285713,-0.011350527272727272,-0.011340991999999998,-0.007695757575757575
4011.1,-0.005102,True,-0.005102,-0.01028245882352941,-0.005102,-0.014389628571428571,-0.008423436363636363,-0.011144911999999998,-0.008465327272727273
4012.0,-0.0046584,True,-0.0046584,-0.007259223529411764,-0.0046584,-0.01779368571428571,-0.008989527272727272,-0.010833911999999998,-0.010205812121212122
4012.9,-0.035354,True,-0.035354,-0.007695458823529411,-0.035354,-0.010570542857142854,-0.009095163636363637,-0.009216672000000002,-0.011276993939393938
4013.9,-0.04485,True,-0.04485,-0.010807164705882352,-0.04485,-0.010560828571428572,-0.012322709090909092,-0.007491672000000001,-0.011915024242424242
4014.9,-0.0096774,True,-0.0096774,-0.008951105882352938,-0.0096774,-0.012025971428571428,-0.009917072727272729,-0.008672792000000002,-0.012299145454545454
4015.8,0.045918,True,0.045918,-0.009418399999999999,0.045918,-0.014410771428571428,-0.009600800000000001,-0.009136752,-0.011579684848484848
4016.8,-0.020202,True,-0.020202,-0.010250811764705879,-0.020202,-0.0062433428571428565,-0.01269870909090909,-0.009674312000000001,-0.009267927272727272
4017.7,-0.015358,True,-0.015358,-0.008435047058823527,-0.015358,-0.0022349142857142857,-0.01067721818181818,-0.011735711999999999,-0.007988624242424242
4018.7,-0.021352,True,-0.021352,-0.008979635294117645,-0.021352,-0.006449428571428571,-0.009475945454545453,-0.011176712,-0.007400836363636365
4019.6,0.021818,True,0.021818,-0.011101635294117644,0.021818,-0.010497999999999999,-0.0053986727272727275,-0.010855784,-0.005372927272727273
4020.6,-0.016791,True,-0.016791,-0.012169611764705879,-0.016791,-0.010774857142857142,-0.0021349090909090905,-0.009987544000000001,-0.006603987878787879
4021.5,-0.039179,True,-0.039179,-0.012314376470588233,-0.039179,-0.008580857142857144,-0.008993636363636363,-0.008789144,-0.008534896969696969
4022.5,0.017578,True,0.017578,-0.009676141176470589,0.017578,-0.001784285714285714,-0.010900363636363637,-0.0072024640000000004,-0.009626563636363637
4023.4,-0.02214,True,-0.02214,-0.009469988235294118,-0.02214,-0.009119428571428572,-0.011578181818181817,-0.005504624,-0.010711533333333332
4024.4,0.0,True,0.0,-0.01006181176470588,0.0,-0.012602999999999998,-0.013074818181818182,-0.007318287999999999,-0.01265550303030303
4025.4,0.026224,True,0.026224,-0.007384282352941175,0.026224,-0.010265142857142855,-0.015058272727272726,-0.007904128,-0.014029927272727274
4026.3,-0.029528,True,-0.029528,-0.005339870588235294,-0.029528,-0.018178428571428568,-0.014092981818181818,-0.008110128,-0.014930836363636365
4027.3,-0.041176,True,-0.041176,-0.0018871647058823532,-0.041176,-0.015015571428571427,-0.007271527272727274,-0.009723032,-0.016291381818181818
4028.2,-0.022814,True,-0.022814,-0.006111752941176472,-0.022814,-0.0158974,-0.006568072727272728,-0.013559752,-0.017665369696969697
4029.2,-0.037815,True,-0.037815,-0.008065223529411766,-0.037815,-0.01452125714285714,-0.002791981818181818,-0.014751671999999999,-0.01810918787878788
4030.1,0.0,True,0.0,-0.008701752941176472,0.0,-0.006686399999999998,0.0006029272727272731,-0.016137352,-0.018265248484848486
4031.1,-0.0061728,True,-0.0061728,-0.012676929411764707,-0.0061728,0.001966885714285716,-0.006326527272727272,-0.017283272000000002,-0.019487145454545454
4032.0,0.035857,True,0.035857,-0.014315752941176471,0.035857,0.010560885714285713,-0.008187618181818183,-0.020155992000000005,-0.022393751515151515
4033.0,0.025316,True,0.025316,-0.017256929411764706,0.025316,0.008820171428571425,-0.008989800000000001,-0.021484352000000005,-0.023296721212121212
4033.9,0.019397,True,0.019397,-0.02174069411764706,0.019397,0.001677314285714282,-0.011461254545454547,-0.02191719200000001,-0.02434647878787879
4034.9,0.037344,True,0.037344,-0.02294492941176471,0.037344,-0.004583714285714289,-0.012568981818181819,-0.02462031200000001,-0.0252146
4035.9,-0.05,True,-0.05,-0.02346398823529412,-0.05,-0.016849,-0.017114436363636364,-0.02573471200000001,-0.027390903030303032
