species,wavenumber_cm-1,fingerprint
I,2899.7150997150998,0.010661823468361059
I,2900.474833808167,0.010661823468361059
I,2901.994301994302,0.010661823468361059
I,2902.7540360873695,0.010661823468361059
I,2903.513770180437,0.010661823468361059
I,2905.033238366572,0.010661823468361059
I,2905.7929724596393,0.010661823468361059
I,2906.5527065527067,0.010661823468361059
I,2908.0721747388416,0.010661823468361059
I,2908.831908831909,0.010661823468361059
I,2909.5916429249764,0.010661823468361059
I,2910.351377018044,0.010661823468361059
I,2911.8708452041787,0.010661823468361059
I,2912.630579297246,0.010661823468361059
I,2913.390313390313,0.010661823468361059
I,2914.909781576448,0.007107882312240707
I,2915.6695156695155,0.007107882312240707
I,2916.429249762583,0.007107882312240707
I,2917.948717948718,0.007107882312240707
I,2918.708452041785,0.007107882312240707
I,2919.4681861348527,0.007107882312240707
I,2920.9876543209875,0.007107882312240707
I,2921.747388414055,0.007107882312240707
I,2922.5071225071224,0.007107882312240707
I,2924.0265906932573,0.007107882312240707
I,2924.7863247863247,0.007107882312240707
I,2925.546058879392,0.007107882312240707
I,2927.065527065527,0.007107882312240707
I,2927.8252611585945,0.007107882312240707
I,2928.584995251662,0.007107882312240707
I,2930.1044634377968,0.007107882312240707
I,2930.864197530864,0.007107882312240707
I,2931.6239316239316,0.007107882312240707
I,2932.383665716999,0.007107882312240707
I,2933.903133903134,0.0035539411561203533
I,2934.6628679962014,0.0035539411561203533
I,2935.422602089269,0.0035539411561203533
I,2936.9420702754037,0.0035539411561203533
I,2937.701804368471,0.0035539411561203533
I,2938.4615384615386,0.0035539411561203533
I,2939.9810066476734,0.0035539411561203533
I,2940.740740740741,0.0035539411561203533
I,2941.5004748338083,0.0035539411561203533
I,2943.019943019943,0.0035539411561203533
I,2943.7796771130106,0.0035539411561203533
I,2944.539411206078,0.0035539411561203533
I,2946.058879392213,0.0035539411561203533
I,2946.8186134852804,0.0035539411561203533
I,2947.5783475783473,0.0035539411561203533
I,2949.097815764482,0.0035539411561203533
I,2949.8575498575497,0.0
I,2950.617283950617,0.0
I,2951.3770180436845,0.0
I,2952.8964862298194,0.0
I,2953.656220322887,0.0
I,2954.4159544159543,0.0
I,2955.935422602089,0.0
I,2956.6951566951566,0.0
I,2957.454890788224,0.0
I,2958.974358974359,0.0
I,2959.7340930674263,0.0
I,2960.4938271604938,0.0
I,2962.0132953466286,0.0
I,2962.773029439696,0.0
I,2963.5327635327635,0.0
I,2965.0522317188984,0.0
I,2965.811965811966,0.0
I,2966.5716999050333,0.0
I,2968.091168091168,0.0
I,2968.8509021842356,0.0
I,2969.610636277303,0.0
I,2971.130104463438,-0.0035539411561203533
I,2971.8898385565053,-0.0035539411561203533
I,2972.6495726495727,-0.0035539411561203533
I,2973.40930674264,-0.0035539411561203533
I,2974.928774928775,-0.0035539411561203533
I,2975.6885090218425,-0.0035539411561203533
I,2976.44824311491,-0.0035539411561203533
I,2977.967711301045,-0.0035539411561203533
I,2978.7274453941122,-0.0035539411561203533
I,2979.4871794871797,-0.0035539411561203533
I,2981.0066476733145,-0.0035539411561203533
I,2981.766381766382,-0.0035539411561203533
I,2982.5261158594494,-0.0035539411561203533
I,2984.045584045584,-0.0035539411561203533
I,2984.8053181386513,-0.0035539411561203533
I,2985.5650522317187,-0.0035539411561203533
I,2987.0845204178536,-0.0035539411561203533
I,2987.844254510921,-0.0035539411561203533
I,2988.6039886039885,-0.0035539411561203533
I,2990.1234567901233,-0.0035539411561203533
I,2990.8831908831908,-0.0035539411561203533
I,2991.642924976258,-0.0035539411561203533
I,2992.4026590693256,-0.0035539411561203533
I,2993.9221272554605,-0.0035539411561203533
I,2994.681861348528,-0.0035539411561203533
I,2995.4415954415954,-0.0035539411561203533
I,2996.9610636277303,-0.0035539411561203533
I,2997.7207977207977,-0.0035539411561203533
I,2998.480531813865,-0.007107882312240707
I,3000.0,-0.007107882312240707
I,3000.7597340930674,-0.007107882312240707
I,3001.519468186135,-0.007107882312240707
I,3003.0389363722697,-0.007107882312240707
I,3003.798670465337,-0.007107882312240707
I,3004.5584045584046,-0.007107882312240707
I,3006.0778727445395,-0.007107882312240707
I,3006.837606837607,-0.007107882312240707
I,3007.5973409306744,-0.007107882312240707
I,3009.1168091168092,-0.007107882312240707
I,3009.8765432098767,-0.007107882312240707
I,3010.636277302944,-0.007107882312240707
I,3012.155745489079,-0.007107882312240707
I,3012.9154795821464,-0.007107882312240707
I,3013.675213675214,-0.007107882312240707
I,3014.4349477682813,-0.007107882312240707
I,3015.954415954416,-0.007107882312240707
I,3016.7141500474836,-0.007107882312240707
I,3017.4738841405506,-0.007107882312240707
I,3018.9933523266855,-0.010661823468361059
I,3019.753086419753,-0.010661823468361059
I,3020.5128205128203,-0.010661823468361059
I,3022.032288698955,-0.010661823468361059
I,3022.7920227920226,-0.010661823468361059
I,3023.55175688509,-0.010661823468361059
I,3025.071225071225,-0.010661823468361059
I,3025.8309591642924,-0.010661823468361059
I,3026.59069325736,-0.010661823468361059
I,3028.1101614434947,-0.010661823468361059
I,3028.869895536562,-0.014215764624481413
I,3029.6296296296296,-0.014215764624481413
I,3031.1490978157644,-0.014215764624481413
I,3031.908831908832,-0.014215764624481413
I,3032.6685660018993,-0.014215764624481413
I,3033.4283000949667,-0.014215764624481413
I,3034.9477682811016,-0.014215764624481413
I,3035.707502374169,-0.014215764624481413
I,3036.4672364672365,-0.017769705780601767
I,3037.9867046533714,-0.017769705780601767
I,3038.746438746439,-0.017769705780601767
I,3039.5061728395062,-0.017769705780601767
I,3041.025641025641,-0.017769705780601767
I,3041.7853751187085,-0.017769705780601767
I,3042.545109211776,-0.021323646936722118
I,3044.064577397911,-0.021323646936722118
I,3044.8243114909783,-0.021323646936722118
I,3045.5840455840457,-0.021323646936722118
I,3047.1035137701806,-0.021323646936722118
I,3047.863247863248,-0.024877588092842472
I,3048.6229819563155,-0.024877588092842472
I,3050.1424501424503,-0.024877588092842472
I,3050.902184235518,-0.024877588092842472
I,3051.661918328585,-0.028431529248962827
I,3053.1813865147196,-0.028431529248962827
I,3053.941120607787,-0.028431529248962827
I,3054.7008547008545,-0.028431529248962827
I,3055.460588793922,-0.03198547040508318
I,3056.980056980057,-0.03198547040508318
I,3057.7397910731243,-0.03198547040508318
I,3058.4995251661917,-0.03198547040508318
I,3060.0189933523266,-0.035539411561203535
I,3060.778727445394,-0.035539411561203535
I,3061.5384615384614,-0.035539411561203535
I,3063.0579297245963,-0.035539411561203535
I,3063.8176638176637,-0.039093352717323886
I,3064.577397910731,-0.039093352717323886
I,3066.096866096866,-0.039093352717323886
I,3066.8566001899335,-0.042647293873444236
I,3067.616334283001,-0.042647293873444236
I,3069.135802469136,-0.042647293873444236
I,3069.8955365622032,-0.046201235029564594
I,3070.6552706552707,-0.046201235029564594
I,3072.1747388414055,-0.046201235029564594
I,3072.934472934473,-0.046201235029564594
I,3073.6942070275404,-0.049755176185684945
I,3074.453941120608,-0.049755176185684945
I,3075.9734093067427,-0.049755176185684945
I,3076.73314339981,-0.0533091173418053
I,3077.4928774928776,-0.0533091173418053
I,3079.0123456790125,-0.0533091173418053
I,3079.77207977208,-0.05686305849792565
I,3080.5318138651473,-0.05686305849792565
I,3082.051282051282,-0.05686305849792565
I,3082.8110161443497,-0.060416999654046004
I,3083.570750237417,-0.060416999654046004
I,3085.090218423552,-0.060416999654046004
I,3085.8499525166194,-0.06397094081016635
I,3086.609686609687,-0.06397094081016635
I,3088.1291547958213,-0.06397094081016635
I,3088.8888888888887,-0.06752488196628671
I,3089.648622981956,-0.06752488196628671
I,3091.168091168091,-0.07107882312240707
I,3091.9278252611584,-0.07107882312240707
I,3092.687559354226,-0.07107882312240707
I,3093.4472934472933,-0.07463276427852741
I,3094.966761633428,-0.07463276427852741
I,3095.7264957264956,-0.07463276427852741
I,3096.486229819563,-0.07818670543464777
I,3098.005698005698,-0.07818670543464777
I,3098.7654320987654,-0.08174064659076813
I,3099.525166191833,-0.08174064659076813
I,3101.0446343779677,-0.08529458774688847
I,3101.804368471035,-0.08529458774688847
I,3102.5641025641025,-0.08884852890300883
I,3104.0835707502374,-0.08884852890300883
I,3104.843304843305,-0.09240247005912919
I,3105.6030389363723,-0.09240247005912919
I,3107.122507122507,-0.09595641121524953
I,3107.8822412155746,-0.09595641121524953
I,3108.641975308642,-0.09951035237136989
I,3110.161443494777,-0.09951035237136989
I,3110.9211775878443,-0.10306429352749025
I,3111.680911680912,-0.10306429352749025
I,3113.2003798670466,-0.1066182346836106
I,3113.960113960114,-0.11017217583973095
I,3114.7198480531815,-0.11017217583973095
I,3115.479582146249,-0.1137261169958513
I,3116.999050332384,-0.11728005815197166
I,3117.7587844254513,-0.11728005815197166
I,3118.5185185185187,-0.12083399930809201
I,3120.0379867046536,-0.12438794046421237
I,3120.797720797721,-0.12438794046421237
I,3121.557454890788,-0.1279418816203327
I,3123.076923076923,-0.13149582277645308
I,3123.8366571699903,-0.13504976393257342
I,3124.5963912630577,-0.13860370508869377
I,3126.1158594491926,-0.13860370508869377
I,3126.87559354226,-0.14215764624481414
I,3127.6353276353275,-0.14571158740093448
I,3129.1547958214624,-0.14926552855705483
I,3129.91452991453,-0.1528194697131752
I,3130.6742640075972,-0.15637341086929554
I,3132.193732193732,-0.1599273520254159
I,3132.9534662867995,-0.16348129318153626
I,3133.713200379867,-0.1670352343376566
I,3134.4729344729344,-0.17058917549377695
I,3135.9924026590693,-0.17414311664989732
I,3136.7521367521367,-0.17769705780601766
I,3137.511870845204,-0.181250998962138
I,3139.031339031339,-0.18480494011825838
I,3139.7910731244065,-0.18835888127437872
I,3140.550807217474,-0.19191282243049906
I,3142.070275403609,-0.19546676358661944
I,3142.830009496676,-0.19902070474273978
I,3143.5897435897436,-0.20257464589886015
I,3145.1092117758785,-0.2061285870549805
I,3145.868945868946,-0.20968252821110084
I,3146.6286799620134,-0.2132364693672212
I,3148.1481481481483,-0.2203443516794619
I,3148.9078822412157,-0.22389829283558227
I,3149.667616334283,-0.2274522339917026
I,3151.187084520418,-0.23100617514782296
I,3151.9468186134854,-0.23456011630394333
I,3152.706552706553,-0.23811405746006367
I,3154.2260208926878,-0.24166799861618402
I,3154.985754985755,-0.2452219397723044
I,3155.745489078822,-0.2523298220845451
I,3156.50522317189,-0.2558837632406654
I,3158.0246913580245,-0.25943770439678576
I,3158.784425451092,-0.26299164555290616
I,3159.5441595441594,-0.2665455867090265
I,3161.0636277302942,-0.27009952786514685
I,3161.8233618233617,-0.2736534690212672
I,3162.583095916429,-0.27720741017738754
I,3164.102564102564,-0.28076135133350794
I,3164.8622981956314,-0.2843152924896283
I,3165.622032288699,-0.2878692336457486
I,3167.1415004748337,-0.29142317480186897
I,3167.901234567901,-0.2949771159579893
I,3168.6609686609686,-0.29853105711410965
I,3170.1804368471035,-0.30208499827023005
I,3170.940170940171,-0.3056389394263504
I,3171.6999050332383,-0.30919288058247074
I,3173.219373219373,-0.3127468217385911
I,3173.9791073124406,-0.31630076289471143
I,3174.738841405508,-0.3198547040508318
I,3175.4985754985755,-0.32340864520695217
I,3177.0180436847104,-0.3269625863630725
I,3177.777777777778,-0.3269625863630725
I,3178.5375118708453,-0.33051652751919286
I,3180.05698005698,-0.3340704686753132
I,3180.8167141500476,-0.33762440983143355
I,3181.576448243115,-0.33762440983143355
I,3183.09591642925,-0.3411783509875539
I,3183.8556505223173,-0.3447322921436743
I,3184.6153846153848,-0.34828623329979463
I,3186.1348528015196,-0.34828623329979463
I,3186.894586894587,-0.351840174455915
I,3187.6543209876545,-0.351840174455915
I,3189.1737891737894,-0.3553941156120353
I,3189.933523266857,-0.35894805676815567
I,3190.6932573599242,-0.35894805676815567
I,3192.212725546059,-0.362501997924276
I,3192.972459639126,-0.362501997924276
I,3193.7321937321935,-0.3660559390803964
I,3195.2516619183284,-0.3660559390803964
I,3196.011396011396,-0.36960988023651675
I,3196.7711301044633,-0.36960988023651675
I,3197.5308641975307,-0.3731638213926371
I,3199.0503323836656,-0.3731638213926371
I,3199.810066476733,-0.37671776254875744
I,3200.5698005698005,-0.37671776254875744
I,3202.0892687559353,-0.3802717037048778
I,3202.8490028490028,-0.3802717037048778
I,3203.60873694207,-0.3802717037048778
I,3205.128205128205,-0.3838256448609981
I,3205.8879392212725,-0.3838256448609981
I,3206.64767331434,-0.3873795860171185
I,3208.167141500475,-0.3873795860171185
I,3208.9268755935423,-0.3873795860171185
I,3209.6866096866097,-0.39093352717323887
I,3211.2060778727446,-0.39093352717323887
I,3211.965811965812,-0.3944874683293592
I,3212.7255460588794,-0.3944874683293592
I,3214.2450142450143,-0.39804140948547956
I,3215.0047483380818,-0.39804140948547956
I,3215.764482431149,-0.39804140948547956
I,3216.5242165242166,-0.4015953506415999
I,3218.0436847103515,-0.4015953506415999
I,3218.803418803419,-0.4051492917977203
I,3219.5631528964864,-0.4051492917977203
I,3221.0826210826212,-0.40870323295384064
I,3221.8423551756887,-0.40870323295384064
I,3222.602089268756,-0.412257174109961
I,3224.121557454891,-0.412257174109961
I,3224.8812915479584,-0.41581111526608133
I,3225.6410256410254,-0.41581111526608133
I,3227.1604938271603,-0.4193650564222017
I,3227.9202279202277,-0.4193650564222017
I,3228.679962013295,-0.422918997578322
I,3230.19943019943,-0.4264729387344424
I,3230.9591642924975,-0.4264729387344424
I,3231.718898385565,-0.43002687989056276
I,3233.2383665716998,-0.43002687989056276
I,3233.998100664767,-0.4335808210466831
I,3234.7578347578346,-0.43713476220280345
I,3236.2773029439695,-0.4406887033589238
I,3237.037037037037,-0.4406887033589238
I,3237.7967711301044,-0.44424264451504414
I,3238.556505223172,-0.44779658567116454
I,3240.0759734093067,-0.4513505268272849
I,3240.835707502374,-0.4549044679834052
I,3241.5954415954416,-0.45845840913952557
I,3243.1149097815764,-0.45845840913952557
I,3243.874643874644,-0.4620123502956459
I,3244.6343779677113,-0.46556629145176626
I,3246.153846153846,-0.46912023260788666
I,3246.9135802469136,-0.472674173764007
I,3247.673314339981,-0.47622811492012734
I,3249.192782526116,-0.4797820560762477
I,3249.9525166191834,-0.48333599723236803
I,3250.712250712251,-0.4868899383884884
I,3252.2317188983857,-0.4939978207007291
I,3252.991452991453,-0.49755176185684946
I,3253.7511870845206,-0.5011057030129699
I,3255.2706552706554,-0.5046596441690901
I,3256.030389363723,-0.5082135853252105
I,3256.7901234567903,-0.5153214676374512
I,3257.5498575498577,-0.5188754087935715
I,3259.0693257359926,-0.5224293499496919
I,3259.8290598290596,-0.5259832911058123
I,3260.5887939221275,-0.533091173418053
I,3262.1082621082624,-0.5366451145741733
I,3262.8679962013293,-0.5401990557302937
I,3263.6277302943968,-0.5473069380425344
I,3265.1471984805316,-0.5508608791986548
I,3265.906932573599,-0.5579687615108955
I,3266.6666666666665,-0.5615227026670159
I,3268.1861348528014,-0.5650766438231362
I,3268.945868945869,-0.5721845261353768
I,3269.7056030389363,-0.5757384672914972
I,3271.225071225071,-0.5828463496037379
I,3271.9848053181386,-0.5864002907598583
I,3272.744539411206,-0.593508173072099
I,3274.264007597341,-0.6006160553843397
I,3275.0237416904083,-0.6041699965404601
I,3275.7834757834758,-0.6112778788527008
I,3277.3029439696106,-0.6148318200088211
I,3278.062678062678,-0.6219397023210618
I,3278.8224121557455,-0.6254936434771822
I,3279.582146248813,-0.6326015257894229
I,3281.101614434948,-0.6397094081016635
I,3281.8613485280152,-0.643263349257784
I,3282.6210826210827,-0.6503712315700246
I,3284.1405508072176,-0.653925172726145
I,3284.900284900285,-0.6610330550383857
I,3285.6600189933524,-0.6681409373506264
I,3287.1794871794873,-0.6716948785067468
I,3287.9392212725547,-0.6788027608189875
I,3288.698955365622,-0.6859106431312282
I,3290.218423551757,-0.6894645842873486
I,3290.9781576448245,-0.6965724665995893
I,3291.737891737892,-0.7001264077557096
I,3293.257359924027,-0.7072342900679504
I,3294.0170940170938,-0.714342172380191
I,3294.7768281101617,-0.7178961135363113
I,3296.2962962962965,-0.725003995848552
I,3297.0560303893635,-0.7285579370046724
I,3297.8157644824314,-0.7356658193169131
I,3298.5754985754984,-0.7392197604730335
I,3300.0949667616333,-0.7463276427852742
I,3300.8547008547007,-0.7498815839413946
I,3301.614434947768,-0.7569894662536353
I,3303.133903133903,-0.7605434074097556
I,3303.8936372269704,-0.7676512897219963
I,3304.653371320038,-0.7712052308781167
I,3306.1728395061727,-0.7783131131903573
I,3306.93257359924,-0.7818670543464777
I,3307.6923076923076,-0.785420995502598
I,3309.2117758784425,-0.7925288778148388
I,3309.97150997151,-0.7960828189709591
I,3310.7312440645774,-0.7996367601270795
I,3312.2507122507122,-0.8067446424393202
I,3313.0104463437797,-0.8102985835954406
I,3313.770180436847,-0.8138525247515609
I,3315.289648622982,-0.8174064659076813
I,3316.0493827160494,-0.8209604070638016
I,3316.809116809117,-0.8280682893760423
I,3318.3285849952517,-0.8316222305321627
I,3319.088319088319,-0.8351761716882831
I,3319.8480531813866,-0.8387301128444034
I,3320.607787274454,-0.8422840540005238
I,3322.127255460589,-0.845837995156644
I,3322.8869895536563,-0.8493919363127644
I,3323.646723646724,-0.8529458774688848
I,3325.1661918328587,-0.8564998186250051
I,3325.925925925926,-0.8564998186250051
I,3326.6856600189935,-0.8600537597811255
I,3328.2051282051284,-0.8636077009372458
I,3328.964862298196,-0.8671616420933662
I,3329.724596391263,-0.8707155832494865
I,3331.2440645773977,-0.8707155832494865
I,3332.0037986704656,-0.8742695244056069
I,3332.7635327635326,-0.8778234655617273
I,3334.2830009496674,-0.8778234655617273
I,3335.042735042735,-0.8813774067178476
I,3335.8024691358023,-0.8813774067178476
I,3337.321937321937,-0.884931347873968
I,3338.0816714150046,-0.884931347873968
I,3338.841405508072,-0.8884852890300883
I,3339.6011396011395,-0.8884852890300883
I,3341.1206077872744,-0.8920392301862087
I,3341.880341880342,-0.8920392301862087
I,3342.6400759734092,-0.8920392301862087
I,3344.159544159544,-0.8955931713423291
I,3344.9192782526115,-0.8955931713423291
I,3345.679012345679,-0.8955931713423291
I,3347.198480531814,-0.8991471124984494
I,3347.9582146248813,-0.8991471124984494
I,3348.7179487179487,-0.8991471124984494
I,3350.2374169040836,-0.8991471124984494
I,3350.997150997151,-0.9027010536545698
I,3351.7568850902185,-0.9027010536545698
I,3353.2763532763533,-0.9027010536545698
I,3354.036087369421,-0.9027010536545698
I,3354.795821462488,-0.9027010536545698
I,3356.315289648623,-0.9027010536545698
I,3357.0750237416905,-0.9027010536545698
I,3357.834757834758,-0.9027010536545698
I,3359.354226020893,-0.9027010536545698
I,3360.1139601139603,-0.9027010536545698
I,3360.8736942070277,-0.9027010536545698
I,3361.633428300095,-0.9027010536545698
I,3363.15289648623,-0.9027010536545698
I,3363.912630579297,-0.9027010536545698
I,3364.672364672365,-0.9027010536545698
I,3366.1918328584998,-0.9027010536545698
I,3366.9515669515667,-0.9027010536545698
I,3367.711301044634,-0.8991471124984494
I,3369.230769230769,-0.8991471124984494
I,3369.9905033238365,-0.8991471124984494
I,3370.750237416904,-0.8991471124984494
I,3372.269705603039,-0.8991471124984494
I,3373.0294396961062,-0.8955931713423291
I,3373.7891737891737,-0.8955931713423291
I,3375.3086419753085,-0.8955931713423291
I,3376.068376068376,-0.8955931713423291
I,3376.8281101614434,-0.8920392301862087
I,3378.3475783475783,-0.8920392301862087
I,3379.1073124406457,-0.8920392301862087
I,3379.867046533713,-0.8884852890300883
I,3380.6267806267806,-0.8884852890300883
I,3382.1462488129155,-0.8884852890300883
I,3382.905982905983,-0.884931347873968
I,3383.6657169990503,-0.884931347873968
I,3385.185185185185,-0.884931347873968
I,3385.9449192782527,-0.8813774067178476
I,3386.70465337132,-0.8813774067178476
I,3388.224121557455,-0.8778234655617273
I,3388.9838556505224,-0.8778234655617273
I,3389.74358974359,-0.8742695244056069
I,3391.2630579297247,-0.8742695244056069
I,3392.022792022792,-0.8707155832494865
I,3392.7825261158596,-0.8707155832494865
I,3394.3019943019945,-0.8671616420933662
I,3395.061728395062,-0.8636077009372458
I,3395.8214624881293,-0.8636077009372458
I,3397.340930674264,-0.8600537597811255
I,3398.100664767331,-0.8564998186250051
I,3398.860398860399,-0.8564998186250051
I,3400.379867046534,-0.8529458774688848
I,3401.139601139601,-0.8493919363127644
I,3401.899335232669,-0.8493919363127644
I,3402.659069325736,-0.845837995156644
I,3404.1785375118707,-0.8422840540005238
I,3404.938271604938,-0.8387301128444034
I,3405.6980056980055,-0.8387301128444034
I,3407.2174738841404,-0.8351761716882831
I,3407.977207977208,-0.8316222305321627
I,3408.7369420702753,-0.8280682893760423
I,3410.25641025641,-0.824514348219922
I,3411.0161443494776,-0.8209604070638016
I,3411.775878442545,-0.8209604070638016
I,3413.29534662868,-0.8174064659076813
I,3414.0550807217473,-0.8138525247515609
I,3414.814814814815,-0.8102985835954406
I,3416.3342830009497,-0.8067446424393202
I,3417.094017094017,-0.8031907012831998
I,3417.8537511870845,-0.7996367601270795
I,3419.3732193732194,-0.7960828189709591
I,3420.132953466287,-0.7925288778148388
I,3420.8926875593543,-0.7889749366587184
I,3421.6524216524217,-0.785420995502598
I,3423.1718898385566,-0.7818670543464777
I,3423.931623931624,-0.7783131131903573
I,3424.6913580246915,-0.774759172034237
I,3426.2108262108263,-0.7712052308781167
I,3426.9705603038938,-0.7676512897219963
I,3427.730294396961,-0.764097348565876
I,3429.249762583096,-0.7605434074097556
I,3430.0094966761635,-0.7569894662536353
I,3430.769230769231,-0.7498815839413946
I,3432.288698955366,-0.7463276427852742
I,3433.0484330484333,-0.7427737016291538
I,3433.8081671415002,-0.7392197604730335
I,3435.327635327635,-0.7356658193169131
I,3436.087369420703,-0.7321118781607928
I,3436.84710351377,-0.7285579370046724
I,3438.366571699905,-0.725003995848552
I,3439.1263057929723,-0.7214500546924317
I,3439.8860398860397,-0.714342172380191
I,3440.645773979107,-0.7107882312240706
I,3442.165242165242,-0.7072342900679504
I,3442.9249762583095,-0.70368034891183
I,3443.684710351377,-0.7001264077557096
I,3445.204178537512,-0.6965724665995893
I,3445.963912630579,-0.6894645842873486
I,3446.7236467236467,-0.6859106431312282
I,3448.2431149097815,-0.6823567019751078
I,3449.002849002849,-0.6788027608189875
I,3449.7625830959164,-0.6752488196628671
I,3451.2820512820513,-0.6716948785067468
I,3452.0417853751187,-0.6645869961945061
I,3452.801519468186,-0.6610330550383857
I,3454.320987654321,-0.6574791138822653
I,3455.0807217473885,-0.653925172726145
I,3455.840455840456,-0.6468172904139043
I,3457.3599240265908,-0.643263349257784
I,3458.119658119658,-0.6397094081016635
I,3458.8793922127256,-0.6326015257894229
I,3460.3988603988605,-0.6290475846333026
I,3461.158594491928,-0.6254936434771822
I,3461.9183285849954,-0.6219397023210618
I,3462.678062678063,-0.6148318200088211
I,3464.1975308641977,-0.6112778788527008
I,3464.957264957265,-0.6041699965404601
I,3465.7169990503326,-0.6006160553843397
I,3467.2364672364674,-0.5970621142282193
I,3467.9962013295344,-0.5899542319159786
I,3468.7559354226023,-0.5864002907598583
I,3470.275403608737,-0.5792924084476175
I,3471.035137701804,-0.5721845261353768
I,3471.7948717948716,-0.5686305849792566
I,3473.3143399810065,-0.5615227026670159
I,3474.074074074074,-0.5579687615108955
I,3474.8338081671413,-0.5508608791986548
I,3476.353276353276,-0.5437529968864141
I,3477.1130104463437,-0.5401990557302937
I,3477.872744539411,-0.533091173418053
I,3479.392212725546,-0.5259832911058123
I,3480.1519468186134,-0.5188754087935715
I,3480.911680911681,-0.5117675264813308
I,3481.6714150047483,-0.5082135853252105
I,3483.190883190883,-0.5011057030129699
I,3483.9506172839506,-0.4939978207007291
I,3484.710351377018,-0.4868899383884884
I,3486.229819563153,-0.4797820560762477
I,3486.9895536562203,-0.46912023260788666
I,3487.7492877492878,-0.4620123502956459
I,3489.2687559354226,-0.4549044679834052
I,3490.02849002849,-0.44779658567116454
I,3490.7882241215575,-0.4406887033589238
I,3492.3076923076924,-0.43002687989056276
I,3493.06742640076,-0.422918997578322
I,3493.8271604938273,-0.41581111526608133
I,3495.346628679962,-0.4051492917977203
I,3496.1063627730296,-0.39804140948547956
I,3496.866096866097,-0.3873795860171185
I,3498.385565052232,-0.3802717037048778
I,3499.1452991452993,-0.36960988023651675
I,3499.9050332383667,-0.35894805676815567
I,3501.4245014245016,-0.351840174455915
I,3502.1842355175686,-0.3411783509875539
I,3502.9439696106365,-0.33051652751919286
I,3503.7037037037035,-0.3198547040508318
I,3505.2231718898383,-0.30919288058247074
I,3505.9829059829062,-0.29853105711410965
I,3506.742640075973,-0.2878692336457486
I,3508.262108262108,-0.27720741017738754
I,3509.0218423551755,-0.2665455867090265
I,3509.781576448243,-0.2558837632406654
I,3511.301044634378,-0.2452219397723044
I,3512.0607787274453,-0.23456011630394333
I,3512.8205128205127,-0.2203443516794619
I,3514.3399810066476,-0.20968252821110084
I,3515.099715099715,-0.19902070474273978
I,3515.8594491927824,-0.18480494011825838
I,3517.3789173789173,-0.17414311664989732
I,3518.1386514719848,-0.1599273520254159
I,3518.898385565052,-0.14926552855705483
I,3520.417853751187,-0.13504976393257342
I,3521.1775878442545,-0.12438794046421237
I,3521.937321937322,-0.11017217583973095
I,3522.6970560303894,-0.09595641121524953
I,3524.2165242165242,-0.08529458774688847
I,3524.9762583095917,-0.07107882312240707
I,3525.735992402659,-0.05686305849792565
I,3527.255460588794,-0.042647293873444236
I,3528.0151946818614,-0.028431529248962827
I,3528.774928774929,-0.014215764624481413
I,3530.2943969610637,0.0
I,3531.054131054131,0.014215764624481413
I,3531.8138651471986,0.028431529248962827
I,3533.3333333333335,0.042647293873444236
I,3534.093067426401,0.05686305849792565
I,3534.852801519468,0.07107882312240707
I,3536.372269705603,0.08884852890300883
I,3537.1320037986707,0.10306429352749025
I,3537.8917378917376,0.11728005815197166
I,3539.4112060778725,0.13504976393257342
I,3540.1709401709404,0.14926552855705483
I,3540.9306742640074,0.1670352343376566
I,3542.4501424501423,0.181250998962138
I,3543.20987654321,0.19902070474273978
I,3543.969610636277,0.21679041052334155
I,3544.7293447293446,0.23456011630394333
I,3546.2488129154794,0.24877588092842473
I,3547.008547008547,0.2665455867090265
I,3547.7682811016143,0.2843152924896283
I,3549.287749287749,0.30208499827023005
I,3550.0474833808166,0.3198547040508318
I,3550.807217473884,0.33762440983143355
I,3552.326685660019,0.35894805676815567
I,3553.0864197530864,0.37671776254875744
I,3553.846153846154,0.3944874683293592
I,3555.3656220322887,0.41581111526608133
I,3556.125356125356,0.4335808210466831
I,3556.8850902184236,0.4549044679834052
I,3558.4045584045584,0.472674173764007
I,3559.164292497626,0.4939978207007291
I,3559.9240265906933,0.5153214676374512
I,3561.443494776828,0.5366451145741733
I,3562.2032288698956,0.5544148203547751
I,3562.962962962963,0.5792924084476175
I,3563.7226970560305,0.6006160553843397
I,3565.2421652421654,0.6219397023210618
I,3566.001899335233,0.643263349257784
I,3566.7616334283002,0.6645869961945061
I,3568.281101614435,0.6894645842873486
I,3569.0408357075025,0.7107882312240706
I,3569.80056980057,0.7356658193169131
I,3571.320037986705,0.7605434074097556
I,3572.079772079772,0.785420995502598
I,3572.8395061728397,0.8102985835954406
I,3574.3589743589746,0.8351761716882831
I,3575.1187084520416,0.8600537597811255
I,3575.8784425451095,0.884931347873968
I,3577.3979107312443,0.9098089359668105
I,3578.1576448243113,0.9346865240596529
I,3578.9173789173788,0.9631180533086158
I,3580.4368471035136,0.9879956414014582
I,3581.196581196581,1.016427170650421
I,3581.9563152896485,1.0448586998993838
I,3583.4757834757834,1.0732902291483466
I,3584.235517568851,1.098167817241189
I,3584.9952516619182,1.126599346490152
I,3585.7549857549857,1.1550308757391148
I,3587.2744539411206,1.187016346144198
I,3588.034188034188,1.2154478753931608
I,3588.7939221272554,1.2438794046421235
I,3590.3133903133903,1.2723109338910865
I,3591.0731244064577,1.3042964042961696
I,3591.832858499525,1.3327279335451325
I,3593.35232668566,1.3647134039502156
I,3594.1120607787275,1.3931449331991785
I,3594.871794871795,1.4251304036042616
I,3596.39126305793,1.4571158740093448
I,3597.1509971509972,1.489101344414428
I,3597.9107312440647,1.5175328736633908
I,3599.4301994301995,1.549518344068474
I,3600.189933523267,1.5815038144735571
I,3600.9496676163344,1.6134892848786404
I,3602.4691358024693,1.6454747552837237
I,3603.2288698955367,1.6774602256888067
I,3603.988603988604,1.70944569609389
I,3604.748338081671,1.741431166498973
I,3606.267806267806,1.7734166369040563
I,3607.027540360874,1.8054021073091395
I,3607.787274453941,1.8373875777142226
I,3609.3067426400758,1.8693730481193058
I,3610.0664767331436,1.901358518524389
I,3610.8262108262106,1.9297900477733518
I,3612.3456790123455,1.961775518178435
I,3613.105413105413,1.9937609885835181
I,3613.8651471984804,2.025746458988601
I,3615.3846153846152,2.0577319293936847
I,3616.1443494776827,2.0861634586426474
I,3616.90408357075,2.1181489290477304
I,3618.423551756885,2.146580458296693
I,3619.1832858499524,2.1785659287017767
I,3619.94301994302,2.2069974579507394
I,3621.4624881291547,2.235428987199702
I,3622.222222222222,2.267414457604785
I,3622.9819563152896,2.2958459868537484
I,3624.5014245014245,2.320723574946591
I,3625.261158594492,2.3491551041955536
I,3626.0208926875594,2.3775866334445164
I,3626.780626780627,2.402464221537359
I,3628.3000949667617,2.4308957507863216
I,3629.059829059829,2.455773338879164
I,3629.8195631528965,2.4806509269720065
I,3631.3390313390314,2.505528515064849
I,3632.098765432099,2.5304061031576914
I,3632.8584995251663,2.5517297500944136
I,3634.377967711301,2.576607338187256
I,3635.1377018043686,2.5979309851239782
I,3635.897435897436,2.6192546320607004
I,3637.416904083571,2.6405782789974226
I,3638.1766381766383,2.6583479847780245
I,3638.9363722697058,2.679671631714746
I,3640.45584045584,2.697441337495348
I,3641.215574548908,2.71521104327595
I,3641.975308641975,2.732980749056552
I,3643.49477682811,2.747196513681033
I,3644.254510921178,2.7614122783055146
I,3645.014245014245,2.779181984086116
I,3645.7739791073127,2.7898438075544774
I,3647.2934472934476,2.804059572178959
I,3648.0531813865146,2.81472139564732
I,3648.812915479582,2.8253832191156807
I,3650.332383665717,2.836045042584042
I,3651.0921177587843,2.846706866052403
I,3651.8518518518517,2.853814748364644
I,3653.3713200379866,2.8609226306768845
I,3654.131054131054,2.868030512989125
I,3654.8907882241215,2.8715844541452453
I,3656.4102564102564,2.8751383953013656
I,3657.169990503324,2.8786923364574863
I,3657.929724596391,2.8822462776136066
I,3659.449192782526,2.8822462776136066
I,3660.2089268755935,2.885800218769727
I,3660.968660968661,2.885800218769727
I,3662.488129154796,2.8822462776136066
I,3663.2478632478633,2.8822462776136066
I,3664.0075973409307,2.8786923364574863
I,3665.5270655270656,2.8751383953013656
I,3666.286799620133,2.868030512989125
I,3667.0465337132005,2.8644765718330047
I,3667.806267806268,2.857368689520764
I,3669.3257359924028,2.846706866052403
I,3670.08547008547,2.8395989837401623
I,3670.8452041785376,2.8289371602718014
I,3672.3646723646725,2.8218292779595604
I,3673.12440645774,2.8076135133350792
I,3673.8841405508074,2.796951689866718
I,3675.4036087369423,2.786289866398357
I,3676.1633428300092,2.7720741017738755
I,3676.923076923077,2.7578583371493943
I,3678.442545109212,2.7400886313687924
I,3679.202279202279,2.725872866744311
I,3679.962013295347,2.7081031609637094
I,3681.4814814814818,2.693887396339228
I,3682.2412155745487,2.6725637494025056
I,3683.000949667616,2.6547940436219037
I,3684.520417853751,2.6370243378413023
I,3685.2801519468185,2.61570069090458
I,3686.039886039886,2.594377043967858
I,3686.7996201329534,2.576607338187256
I,3688.319088319088,2.5517297500944136
I,3689.0788224121557,2.5304061031576914
I,3689.838556505223,2.5090824562209693
I,3691.358024691358,2.484204868128127
I,3692.1177587844254,2.4628812211914046
I,3692.877492877493,2.438003633098562
I,3694.3969610636277,2.4131260450057197
I,3695.156695156695,2.3882484569128772
I,3695.9164292497626,2.3633708688200348
I,3697.4358974358975,2.3384932807271923
I,3698.195631528965,2.3100617514782296
I,3698.9553656220323,2.285184163385387
I,3700.474833808167,2.2567526341364244
I,3701.2345679012346,2.231875046043582
I,3701.994301994302,2.203443516794619
I,3703.513770180437,2.1785659287017767
I,3704.2735042735044,2.150134399452814
I,3705.033238366572,2.1217028702038507
I,3706.5527065527067,2.093271340954888
I,3707.312440645774,2.0683937528620455
I,3708.0721747388416,2.0399622236130828
I,3708.8319088319085,2.01153069436412
I,3710.3513770180434,1.983099165115157
I,3711.1111111111113,1.9546676358661943
I,3711.8708452041783,1.9262361066172315
I,3713.390313390313,1.8978045773682686
I,3714.150047483381,1.8693730481193058
I,3714.909781576448,1.840941518870343
I,3716.429249762583,1.81250998962138
I,3717.188983855651,1.7840784603724174
I,3717.948717948718,1.759200872279575
I,3719.4681861348527,1.7307693430306121
I,3720.22792022792,1.7023378137816492
I,3720.9876543209875,1.6739062845326864
I,3722.5071225071224,1.649028696439844
I,3723.26685660019,1.6205971671908812
I,3724.0265906932573,1.5921656379419182
I,3725.546058879392,1.5672880498490758
I,3726.3057929724596,1.538856520600113
I,3727.065527065527,1.5139789325072706
I,3727.8252611585945,1.489101344414428
I,3729.3447293447293,1.4606698151654651
I,3730.1044634377968,1.4357922270726227
I,3730.864197530864,1.4109146389797802
I,3732.383665716999,1.3860370508869377
I,3733.1433998100665,1.3611594627940953
I,3733.903133903134,1.3362818747012528
I,3735.422602089269,1.3114042866084104
I,3736.1823361823363,1.2900806396716882
I,3736.9420702754037,1.2652030515788457
I,3738.4615384615386,1.2403254634860033
I,3739.221272554606,1.219001816549281
I,3739.9810066476734,1.1976781696125591
I,3741.5004748338083,1.1728005815197167
I,3742.2602089268757,1.1514769345829945
I,3743.019943019943,1.1301532876462723
I,3744.5394112060776,1.1088296407095501
I,3745.2991452991455,1.0875059937728282
I,3746.0588793922125,1.066182346836106
I,3746.8186134852804,1.0484126410555041
I,3748.3380816714152,1.0270889941187822
I,3749.097815764482,1.00576534718206
I,3749.85754985755,0.9879956414014582
I,3751.377018043685,0.9702259356208565
I,3752.136752136752,0.9489022886841343
I,3752.8964862298194,0.9311325829035325
I,3754.4159544159543,0.9133628771229307
I,3755.1756885090217,0.8955931713423291
I,3755.935422602089,0.8778234655617273
I,3757.454890788224,0.8636077009372458
I,3758.2146248812915,0.845837995156644
I,3758.974358974359,0.8280682893760423
I,3760.4938271604938,0.8138525247515609
I,3761.253561253561,0.7960828189709591
I,3762.0132953466286,0.7818670543464777
I,3763.5327635327635,0.7676512897219963
I,3764.292497625831,0.7534355250975149
I,3765.0522317188984,0.7392197604730335
I,3766.5716999050333,0.725003995848552
I,3767.3314339981007,0.7107882312240706
I,3768.091168091168,0.6965724665995893
I,3768.8509021842356,0.6823567019751078
I,3770.3703703703704,0.6681409373506264
I,3771.130104463438,0.6574791138822653
I,3771.8898385565053,0.643263349257784
I,3773.40930674264,0.6326015257894229
I,3774.1690408357076,0.6183857611649415
I,3774.928774928775,0.6077239376965804
I,3776.44824311491,0.5970621142282193
I,3777.2079772079774,0.5864002907598583
I,3777.967711301045,0.5757384672914972
I,3779.4871794871797,0.5650766438231362
I,3780.2469135802467,0.5544148203547751
I,3781.0066476733145,0.5437529968864141
I,3782.5261158594494,0.533091173418053
I,3783.2858499525164,0.5224293499496919
I,3784.0455840455843,0.5117675264813308
I,3785.565052231719,0.5046596441690901
I,3786.324786324786,0.4939978207007291
I,3787.0845204178536,0.4868899383884884
I,3787.844254510921,0.47622811492012734
I,3789.363722697056,0.46912023260788666
I,3790.1234567901233,0.45845840913952557
I,3790.8831908831908,0.4513505268272849
I,3792.4026590693256,0.44424264451504414
I,3793.162393162393,0.4335808210466831
I,3793.9221272554605,0.4264729387344424
I,3795.4415954415954,0.4193650564222017
I,3796.201329534663,0.412257174109961
I,3796.9610636277303,0.4051492917977203
I,3798.480531813865,0.39804140948547956
I,3799.2402659069326,0.39093352717323887
I,3800.0,0.3838256448609981
I,3801.519468186135,0.37671776254875744
I,3802.2792022792023,0.36960988023651675
I,3803.0389363722697,0.362501997924276
I,3804.5584045584046,0.35894805676815567
I,3805.318138651472,0.351840174455915
I,3806.0778727445395,0.3447322921436743
I,3807.5973409306744,0.33762440983143355
I,3808.357075023742,0.3340704686753132
I,3809.1168091168092,0.3269625863630725
I,3809.8765432098767,0.32340864520695217
I,3811.3960113960115,0.31630076289471143
I,3812.155745489079,0.3127468217385911
I,3812.9154795821464,0.3056389394263504
I,3814.434947768281,0.30208499827023005
I,3815.1946818613487,0.2949771159579893
I,3815.9544159544157,0.29142317480186897
I,3817.4738841405506,0.2843152924896283
I,3818.2336182336185,0.28076135133350794
I,3818.9933523266855,0.27720741017738754
I,3820.5128205128203,0.2736534690212672
I,3821.272554605888,0.2665455867090265
I,3822.032288698955,0.26299164555290616
I,3823.55175688509,0.25943770439678576
I,3824.3114909781575,0.2558837632406654
I,3825.071225071225,0.2523298220845451
I,3826.59069325736,0.2452219397723044
I,3827.3504273504273,0.24166799861618402
I,3828.1101614434947,0.23811405746006367
I,3828.869895536562,0.23456011630394333
I,3830.389363722697,0.23100617514782296
I,3831.1490978157644,0.2274522339917026
I,3831.908831908832,0.22389829283558227
I,3833.4283000949667,0.2203443516794619
I,3834.188034188034,0.21679041052334155
I,3834.9477682811016,0.2132364693672212
I,3836.4672364672365,0.20968252821110084
I,3837.226970560304,0.20968252821110084
I,3837.9867046533714,0.2061285870549805
I,3839.5061728395062,0.20257464589886015
I,3840.2659069325737,0.19902070474273978
I,3841.025641025641,0.19546676358661944
I,3842.545109211776,0.19191282243049906
I,3843.3048433048434,0.18835888127437872
I,3844.064577397911,0.18835888127437872
I,3845.5840455840457,0.18480494011825838
I,3846.343779677113,0.181250998962138
I,3847.1035137701806,0.17769705780601766
I,3848.622981956315,0.17769705780601766
I,3849.382716049383,0.17414311664989732
I,3850.14245014245,0.17058917549377695
I,3850.902184235518,0.17058917549377695
I,3852.4216524216527,0.1670352343376566
I,3853.1813865147196,0.16348129318153626
I,3853.9411206077875,0.16348129318153626
I,3855.4605887939224,0.1599273520254159
I,3856.2203228869894,0.15637341086929554
I,3856.980056980057,0.15637341086929554
I,3858.4995251661917,0.1528194697131752
I,3859.259259259259,0.1528194697131752
I,3860.0189933523266,0.14926552855705483
I,3861.5384615384614,0.14571158740093448
I,3862.298195631529,0.14571158740093448
I,3863.0579297245963,0.14215764624481414
I,3864.577397910731,0.14215764624481414
I,3865.3371320037986,0.13860370508869377
I,3866.096866096866,0.13860370508869377
I,3867.616334283001,0.13504976393257342
I,3868.3760683760684,0.13504976393257342
I,3869.135802469136,0.13149582277645308
I,3869.8955365622032,0.13149582277645308
I,3871.415004748338,0.1279418816203327
I,3872.1747388414055,0.1279418816203327
I,3872.934472934473,0.12438794046421237
I,3874.453941120608,0.12438794046421237
I,3875.2136752136753,0.12438794046421237
I,3875.9734093067427,0.12083399930809201
I,3877.4928774928776,0.12083399930809201
I,3878.252611585945,0.11728005815197166
I,3879.0123456790125,0.11728005815197166
I,3880.5318138651473,0.1137261169958513
I,3881.291547958215,0.1137261169958513
I,3882.051282051282,0.1137261169958513
I,3883.570750237417,0.11017217583973095
I,3884.330484330484,0.11017217583973095
I,3885.090218423552,0.11017217583973095
I,3886.609686609687,0.1066182346836106
I,3887.369420702754,0.1066182346836106
I,3888.1291547958217,0.10306429352749025
I,3889.6486229819566,0.10306429352749025
I,3890.4083570750236,0.10306429352749025
I,3891.1680911680915,0.09951035237136989
I,3891.9278252611584,0.09951035237136989
I,3893.4472934472933,0.09951035237136989
I,3894.2070275403607,0.09951035237136989
I,3894.966761633428,0.09595641121524953
I,3896.486229819563,0.09595641121524953
I,3897.2459639126305,0.09595641121524953
I,3898.005698005698,0.09240247005912919
I,3899.525166191833,0.09240247005912919
I,3900.2849002849002,0.09240247005912919
II,2899.7150997150998,0.0
II,2900.474833808167,0.0
II,2901.994301994302,0.0
II,2902.7540360873695,0.0
II,2903.513770180437,0.0
II,2905.033238366572,0.0
II,2905.7929724596393,0.0
II,2906.5527065527067,0.0
II,2908.0721747388416,0.0
II,2908.831908831909,0.0
II,2909.5916429249764,0.0
II,2910.351377018044,0.0
II,2911.8708452041787,0.0
II,2912.630579297246,0.0
II,2913.390313390313,0.0
II,2914.909781576448,0.0
II,2915.6695156695155,0.0
II,2916.429249762583,0.0
II,2917.948717948718,0.0
II,2918.708452041785,0.0
II,2919.4681861348527,0.0
II,2920.9876543209875,0.0
II,2921.747388414055,-0.004578784861618799
II,2922.5071225071224,-0.004578784861618799
II,2924.0265906932573,-0.004578784861618799
II,2924.7863247863247,-0.004578784861618799
II,2925.546058879392,-0.004578784861618799
II,2927.065527065527,-0.004578784861618799
II,2927.8252611585945,-0.004578784861618799
II,2928.584995251662,-0.004578784861618799
II,2930.1044634377968,-0.004578784861618799
II,2930.864197530864,-0.004578784861618799
II,2931.6239316239316,-0.004578784861618799
II,2932.383665716999,-0.004578784861618799
II,2933.903133903134,-0.004578784861618799
II,2934.6628679962014,-0.004578784861618799
II,2935.422602089269,-0.004578784861618799
II,2936.9420702754037,-0.004578784861618799
II,2937.701804368471,-0.004578784861618799
II,2938.4615384615386,-0.004578784861618799
II,2939.9810066476734,-0.004578784861618799
II,2940.740740740741,-0.004578784861618799
II,2941.5004748338083,-0.004578784861618799
II,2943.019943019943,-0.004578784861618799
II,2943.7796771130106,-0.004578784861618799
II,2944.539411206078,-0.004578784861618799
II,2946.058879392213,-0.004578784861618799
II,2946.8186134852804,-0.004578784861618799
II,2947.5783475783473,-0.004578784861618799
II,2949.097815764482,-0.004578784861618799
II,2949.8575498575497,-0.009157569723237597
II,2950.617283950617,-0.009157569723237597
II,2951.3770180436845,-0.009157569723237597
II,2952.8964862298194,-0.009157569723237597
II,2953.656220322887,-0.009157569723237597
II,2954.4159544159543,-0.009157569723237597
II,2955.935422602089,-0.009157569723237597
II,2956.6951566951566,-0.009157569723237597
II,2957.454890788224,-0.009157569723237597
II,2958.974358974359,-0.009157569723237597
II,2959.7340930674263,-0.009157569723237597
II,2960.4938271604938,-0.009157569723237597
II,2962.0132953466286,-0.009157569723237597
II,2962.773029439696,-0.009157569723237597
II,2963.5327635327635,-0.009157569723237597
II,2965.0522317188984,-0.009157569723237597
II,2965.811965811966,-0.009157569723237597
II,2966.5716999050333,-0.013736354584856397
II,2968.091168091168,-0.013736354584856397
II,2968.8509021842356,-0.013736354584856397
II,2969.610636277303,-0.013736354584856397
II,2971.130104463438,-0.013736354584856397
II,2971.8898385565053,-0.013736354584856397
II,2972.6495726495727,-0.013736354584856397
II,2973.40930674264,-0.013736354584856397
II,2974.928774928775,-0.013736354584856397
II,2975.6885090218425,-0.013736354584856397
II,2976.44824311491,-0.013736354584856397
II,2977.967711301045,-0.013736354584856397
II,2978.7274453941122,-0.018315139446475195
II,2979.4871794871797,-0.018315139446475195
II,2981.0066476733145,-0.018315139446475195
II,2981.766381766382,-0.018315139446475195
II,2982.5261158594494,-0.018315139446475195
II,2984.045584045584,-0.018315139446475195
II,2984.8053181386513,-0.018315139446475195
II,2985.5650522317187,-0.018315139446475195
II,2987.0845204178536,-0.018315139446475195
II,2987.844254510921,-0.022893924308093994
II,2988.6039886039885,-0.022893924308093994
II,2990.1234567901233,-0.022893924308093994
II,2990.8831908831908,-0.022893924308093994
II,2991.642924976258,-0.022893924308093994
II,2992.4026590693256,-0.022893924308093994
II,2993.9221272554605,-0.022893924308093994
II,2994.681861348528,-0.027472709169712794
II,2995.4415954415954,-0.027472709169712794
II,2996.9610636277303,-0.027472709169712794
II,2997.7207977207977,-0.027472709169712794
II,2998.480531813865,-0.027472709169712794
II,3000.0,-0.027472709169712794
II,3000.7597340930674,-0.03205149403133159
II,3001.519468186135,-0.03205149403133159
II,3003.0389363722697,-0.03205149403133159
II,3003.798670465337,-0.03205149403133159
II,3004.5584045584046,-0.03205149403133159
II,3006.0778727445395,-0.03663027889295039
II,3006.837606837607,-0.03663027889295039
II,3007.5973409306744,-0.03663027889295039
II,3009.1168091168092,-0.03663027889295039
II,3009.8765432098767,-0.03663027889295039
II,3010.636277302944,-0.04120906375456919
II,3012.155745489079,-0.04120906375456919
II,3012.9154795821464,-0.04120906375456919
II,3013.675213675214,-0.04120906375456919
II,3014.4349477682813,-0.04578784861618799
II,3015.954415954416,-0.04578784861618799
II,3016.7141500474836,-0.04578784861618799
II,3017.4738841405506,-0.04578784861618799
II,3018.9933523266855,-0.05036663347780679
II,3019.753086419753,-0.05036663347780679
II,3020.5128205128203,-0.05036663347780679
II,3022.032288698955,-0.05036663347780679
II,3022.7920227920226,-0.05494541833942559
II,3023.55175688509,-0.05494541833942559
II,3025.071225071225,-0.05494541833942559
II,3025.8309591642924,-0.05494541833942559
II,3026.59069325736,-0.05952420320104438
II,3028.1101614434947,-0.05952420320104438
II,3028.869895536562,-0.05952420320104438
II,3029.6296296296296,-0.05952420320104438
II,3031.1490978157644,-0.05952420320104438
II,3031.908831908832,-0.06410298806266318
II,3032.6685660018993,-0.06410298806266318
II,3033.4283000949667,-0.06410298806266318
II,3034.9477682811016,-0.06410298806266318
II,3035.707502374169,-0.06868177292428199
II,3036.4672364672365,-0.06868177292428199
II,3037.9867046533714,-0.06868177292428199
II,3038.746438746439,-0.06868177292428199
II,3039.5061728395062,-0.07326055778590078
II,3041.025641025641,-0.07326055778590078
II,3041.7853751187085,-0.07326055778590078
II,3042.545109211776,-0.07326055778590078
II,3044.064577397911,-0.07783934264751959
II,3044.8243114909783,-0.07783934264751959
II,3045.5840455840457,-0.07783934264751959
II,3047.1035137701806,-0.07783934264751959
II,3047.863247863248,-0.08241812750913838
II,3048.6229819563155,-0.08241812750913838
II,3050.1424501424503,-0.08241812750913838
II,3050.902184235518,-0.08241812750913838
II,3051.661918328585,-0.08699691237075717
II,3053.1813865147196,-0.08699691237075717
II,3053.941120607787,-0.08699691237075717
II,3054.7008547008545,-0.09157569723237598
II,3055.460588793922,-0.09157569723237598
II,3056.980056980057,-0.09157569723237598
II,3057.7397910731243,-0.09157569723237598
II,3058.4995251661917,-0.09615448209399477
II,3060.0189933523266,-0.09615448209399477
II,3060.778727445394,-0.09615448209399477
II,3061.5384615384614,-0.10073326695561358
II,3063.0579297245963,-0.10073326695561358
II,3063.8176638176637,-0.10073326695561358
II,3064.577397910731,-0.10531205181723237
II,3066.096866096866,-0.10531205181723237
II,3066.8566001899335,-0.10531205181723237
II,3067.616334283001,-0.10989083667885118
II,3069.135802469136,-0.10989083667885118
II,3069.8955365622032,-0.10989083667885118
II,3070.6552706552707,-0.11446962154046997
II,3072.1747388414055,-0.11446962154046997
II,3072.934472934473,-0.11446962154046997
II,3073.6942070275404,-0.11904840640208876
II,3074.453941120608,-0.11904840640208876
II,3075.9734093067427,-0.12362719126370757
II,3076.73314339981,-0.12362719126370757
II,3077.4928774928776,-0.12820597612532636
II,3079.0123456790125,-0.12820597612532636
II,3079.77207977208,-0.13278476098694517
II,3080.5318138651473,-0.13278476098694517
II,3082.051282051282,-0.13736354584856397
II,3082.8110161443497,-0.13736354584856397
II,3083.570750237417,-0.14194233071018275
II,3085.090218423552,-0.14194233071018275
II,3085.8499525166194,-0.14652111557180156
II,3086.609686609687,-0.14652111557180156
II,3088.1291547958213,-0.15109990043342036
II,3088.8888888888887,-0.15567868529503917
II,3089.648622981956,-0.15567868529503917
II,3091.168091168091,-0.16025747015665795
II,3091.9278252611584,-0.16483625501827676
II,3092.687559354226,-0.16483625501827676
II,3093.4472934472933,-0.16941503987989556
II,3094.966761633428,-0.17399382474151434
II,3095.7264957264956,-0.17399382474151434
II,3096.486229819563,-0.17857260960313315
II,3098.005698005698,-0.18315139446475195
II,3098.7654320987654,-0.18773017932637076
II,3099.525166191833,-0.18773017932637076
II,3101.0446343779677,-0.19230896418798954
II,3101.804368471035,-0.19688774904960835
II,3102.5641025641025,-0.20146653391122715
II,3104.0835707502374,-0.20604531877284593
II,3104.843304843305,-0.20604531877284593
II,3105.6030389363723,-0.21062410363446474
II,3107.122507122507,-0.21520288849608354
II,3107.8822412155746,-0.21978167335770235
II,3108.641975308642,-0.22436045821932113
II,3110.161443494777,-0.22893924308093994
II,3110.9211775878443,-0.23351802794255874
II,3111.680911680912,-0.23809681280417752
II,3113.2003798670466,-0.24267559766579633
II,3113.960113960114,-0.24725438252741513
II,3114.7198480531815,-0.25183316738903394
II,3115.479582146249,-0.2564119522506527
II,3116.999050332384,-0.26099073711227155
II,3117.7587844254513,-0.26556952197389033
II,3118.5185185185187,-0.2701483068355091
II,3120.0379867046536,-0.27472709169712795
II,3120.797720797721,-0.2793058765587467
II,3121.557454890788,-0.28846344628198434
II,3123.076923076923,-0.2930422311436031
II,3123.8366571699903,-0.2976210160052219
II,3124.5963912630577,-0.30219980086684073
II,3126.1158594491926,-0.3067785857284595
II,3126.87559354226,-0.31135737059007834
II,3127.6353276353275,-0.3205149403133159
II,3129.1547958214624,-0.32509372517493473
II,3129.91452991453,-0.3296725100365535
II,3130.6742640075972,-0.3342512948981723
II,3132.193732193732,-0.3434088646214099
II,3132.9534662867995,-0.3479876494830287
II,3133.713200379867,-0.3525664343446475
II,3134.4729344729344,-0.3617240040678851
II,3135.9924026590693,-0.3663027889295039
II,3136.7521367521367,-0.3708815737911227
II,3137.511870845204,-0.3800391435143603
II,3139.031339031339,-0.3846179283759791
II,3139.7910731244065,-0.3937754980992167
II,3140.550807217474,-0.39835428296083547
II,3142.070275403609,-0.4029330678224543
II,3142.830009496676,-0.41209063754569186
II,3143.5897435897436,-0.4166694224073107
II,3145.1092117758785,-0.4258269921305483
II,3145.868945868946,-0.4304057769921671
II,3146.6286799620134,-0.4395633467154047
II,3148.1481481481483,-0.4441421315770235
II,3148.9078822412157,-0.4532997013002611
II,3149.667616334283,-0.45787848616187987
II,3151.187084520418,-0.4670360558851175
II,3151.9468186134854,-0.47161484074673626
II,3152.706552706553,-0.4807724104699739
II,3154.2260208926878,-0.48535119533159266
II,3154.985754985755,-0.49450876505483027
II,3155.745489078822,-0.49908754991644905
II,3156.50522317189,-0.5082451196396867
II,3158.0246913580245,-0.5128239045013054
II,3158.784425451092,-0.5219814742245431
II,3159.5441595441594,-0.5265602590861619
II,3161.0636277302942,-0.5357178288093994
II,3161.8233618233617,-0.5402966136710182
II,3162.583095916429,-0.5494541833942559
II,3164.102564102564,-0.5540329682558747
II,3164.8622981956314,-0.5631905379791122
II,3165.622032288699,-0.567769322840731
II,3167.1415004748337,-0.5769268925639687
II,3167.901234567901,-0.5815056774255875
II,3168.6609686609686,-0.590663247148825
II,3170.1804368471035,-0.5952420320104438
II,3170.940170940171,-0.5998208168720627
II,3171.6999050332383,-0.6089783865953002
II,3173.219373219373,-0.613557171456919
II,3173.9791073124406,-0.6181359563185378
II,3174.738841405508,-0.6272935260417755
II,3175.4985754985755,-0.6318723109033942
II,3177.0180436847104,-0.636451095765013
II,3177.777777777778,-0.6410298806266318
II,3178.5375118708453,-0.6501874503498695
II,3180.05698005698,-0.6547662352114882
II,3180.8167141500476,-0.659345020073107
II,3181.576448243115,-0.6639238049347258
II,3183.09591642925,-0.6685025897963446
II,3183.8556505223173,-0.6730813746579634
II,3184.6153846153848,-0.6776601595195823
II,3186.1348528015196,-0.682238944381201
II,3186.894586894587,-0.682238944381201
II,3187.6543209876545,-0.6868177292428198
II,3189.1737891737894,-0.6913965141044386
II,3189.933523266857,-0.6959752989660574
II,3190.6932573599242,-0.6959752989660574
II,3192.212725546059,-0.7005540838276763
II,3192.972459639126,-0.7005540838276763
II,3193.7321937321935,-0.705132868689295
II,3195.2516619183284,-0.705132868689295
II,3196.011396011396,-0.7097116535509138
II,3196.7711301044633,-0.7097116535509138
II,3197.5308641975307,-0.7097116535509138
II,3199.0503323836656,-0.7097116535509138
II,3199.810066476733,-0.7097116535509138
II,3200.5698005698005,-0.7097116535509138
II,3202.0892687559353,-0.7097116535509138
II,3202.8490028490028,-0.7097116535509138
II,3203.60873694207,-0.7097116535509138
II,3205.128205128205,-0.7097116535509138
II,3205.8879392212725,-0.7097116535509138
II,3206.64767331434,-0.7097116535509138
II,3208.167141500475,-0.705132868689295
II,3208.9268755935423,-0.705132868689295
II,3209.6866096866097,-0.7005540838276763
II,3211.2060778727446,-0.7005540838276763
II,3211.965811965812,-0.6959752989660574
II,3212.7255460588794,-0.6959752989660574
II,3214.2450142450143,-0.6913965141044386
II,3215.0047483380818,-0.6868177292428198
II,3215.764482431149,-0.6868177292428198
II,3216.5242165242166,-0.682238944381201
II,3218.0436847103515,-0.6776601595195823
II,3218.803418803419,-0.6730813746579634
II,3219.5631528964864,-0.6685025897963446
II,3221.0826210826212,-0.6639238049347258
II,3221.8423551756887,-0.659345020073107
II,3222.602089268756,-0.6547662352114882
II,3224.121557454891,-0.6501874503498695
II,3224.8812915479584,-0.6456086654882506
II,3225.6410256410254,-0.6410298806266318
II,3227.1604938271603,-0.636451095765013
II,3227.9202279202277,-0.6318723109033942
II,3228.679962013295,-0.6272935260417755
II,3230.19943019943,-0.6227147411801567
II,3230.9591642924975,-0.6181359563185378
II,3231.718898385565,-0.6089783865953002
II,3233.2383665716998,-0.6043996017336815
II,3233.998100664767,-0.5998208168720627
II,3234.7578347578346,-0.5952420320104438
II,3236.2773029439695,-0.590663247148825
II,3237.037037037037,-0.5815056774255875
II,3237.7967711301044,-0.5769268925639687
II,3238.556505223172,-0.5723481077023499
II,3240.0759734093067,-0.567769322840731
II,3240.835707502374,-0.5586117531174934
II,3241.5954415954416,-0.5540329682558747
II,3243.1149097815764,-0.5494541833942559
II,3243.874643874644,-0.5402966136710182
II,3244.6343779677113,-0.5357178288093994
II,3246.153846153846,-0.5311390439477807
II,3246.9135802469136,-0.5219814742245431
II,3247.673314339981,-0.5174026893629242
II,3249.192782526116,-0.5128239045013054
II,3249.9525166191834,-0.5036663347780679
II,3250.712250712251,-0.49908754991644905
II,3252.2317188983857,-0.4899299801932115
II,3252.991452991453,-0.48535119533159266
II,3253.7511870845206,-0.4807724104699739
II,3255.2706552706554,-0.47161484074673626
II,3256.030389363723,-0.4670360558851175
II,3256.7901234567903,-0.45787848616187987
II,3257.5498575498577,-0.44872091643864226
II,3259.0693257359926,-0.4441421315770235
II,3259.8290598290596,-0.43498456185378587
II,3260.5887939221275,-0.4304057769921671
II,3262.1082621082624,-0.4212482072689295
II,3262.8679962013293,-0.41209063754569186
II,3263.6277302943968,-0.4029330678224543
II,3265.1471984805316,-0.3937754980992167
II,3265.906932573599,-0.3891967132375979
II,3266.6666666666665,-0.3800391435143603
II,3268.1861348528014,-0.3708815737911227
II,3268.945868945869,-0.3617240040678851
II,3269.7056030389363,-0.3525664343446475
II,3271.225071225071,-0.3388300797597911
II,3271.9848053181386,-0.3296725100365535
II,3272.744539411206,-0.3205149403133159
II,3274.264007597341,-0.31135737059007834
II,3275.0237416904083,-0.2976210160052219
II,3275.7834757834758,-0.28846344628198434
II,3277.3029439696106,-0.27472709169712795
II,3278.062678062678,-0.26556952197389033
II,3278.8224121557455,-0.25183316738903394
II,3279.582146248813,-0.23809681280417752
II,3281.101614434948,-0.22893924308093994
II,3281.8613485280152,-0.21520288849608354
II,3282.6210826210827,-0.20146653391122715
II,3284.1405508072176,-0.18773017932637076
II,3284.900284900285,-0.17399382474151434
II,3285.6600189933524,-0.16025747015665795
II,3287.1794871794873,-0.14652111557180156
II,3287.9392212725547,-0.13278476098694517
II,3288.698955365622,-0.11446962154046997
II,3290.218423551757,-0.10073326695561358
II,3290.9781576448245,-0.08699691237075717
II,3291.737891737892,-0.06868177292428199
II,3293.257359924027,-0.05494541833942559
II,3294.0170940170938,-0.04120906375456919
II,3294.7768281101617,-0.022893924308093994
II,3296.2962962962965,-0.009157569723237597
II,3297.0560303893635,0.009157569723237597
II,3297.8157644824314,0.027472709169712794
II,3298.5754985754984,0.04120906375456919
II,3300.0949667616333,0.05952420320104438
II,3300.8547008547007,0.07783934264751959
II,3301.614434947768,0.09615448209399477
II,3303.133903133903,0.10989083667885118
II,3303.8936372269704,0.12820597612532636
II,3304.653371320038,0.14652111557180156
II,3306.1728395061727,0.16483625501827676
II,3306.93257359924,0.18315139446475195
II,3307.6923076923076,0.19688774904960835
II,3309.2117758784425,0.21520288849608354
II,3309.97150997151,0.23351802794255874
II,3310.7312440645774,0.25183316738903394
II,3312.2507122507122,0.2701483068355091
II,3313.0104463437797,0.28846344628198434
II,3313.770180436847,0.3067785857284595
II,3315.289648622982,0.3205149403133159
II,3316.0493827160494,0.3388300797597911
II,3316.809116809117,0.3571452192062663
II,3318.3285849952517,0.3754603586527415
II,3319.088319088319,0.3937754980992167
II,3319.8480531813866,0.41209063754569186
II,3320.607787274454,0.4304057769921671
II,3322.127255460589,0.4441421315770235
II,3322.8869895536563,0.46245727102349865
II,3323.646723646724,0.4807724104699739
II,3325.1661918328587,0.49908754991644905
II,3325.925925925926,0.5174026893629242
II,3326.6856600189935,0.5311390439477807
II,3328.2051282051284,0.5494541833942559
II,3328.964862298196,0.567769322840731
II,3329.724596391263,0.5860844622872062
II,3331.2440645773977,0.5998208168720627
II,3332.0037986704656,0.6181359563185378
II,3332.7635327635326,0.636451095765013
II,3334.2830009496674,0.6547662352114882
II,3335.042735042735,0.6685025897963446
II,3335.8024691358023,0.6868177292428198
II,3337.321937321937,0.705132868689295
II,3338.0816714150046,0.7234480081357701
II,3338.841405508072,0.7371843627206266
II,3339.6011396011395,0.7554995021671018
II,3341.1206077872744,0.7738146416135769
II,3341.880341880342,0.7875509961984334
II,3342.6400759734092,0.8058661356449086
II,3344.159544159544,0.8241812750913837
II,3344.9192782526115,0.8379176296762402
II,3345.679012345679,0.8562327691227154
II,3347.198480531814,0.8745479085691905
II,3347.9582146248813,0.888284263154047
II,3348.7179487179487,0.9065994026005222
II,3350.2374169040836,0.9203357571853785
II,3350.997150997151,0.9386508966318537
II,3351.7568850902185,0.956966036078329
II,3353.2763532763533,0.9707023906631853
II,3354.036087369421,0.9890175301096605
II,3354.795821462488,1.002753884694517
II,3356.315289648623,1.021069024140992
II,3357.0750237416905,1.0393841635874672
II,3357.834757834758,1.0531205181723238
II,3359.354226020893,1.0714356576187989
II,3360.1139601139603,1.0851720122036552
II,3360.8736942070277,1.1034871516501306
II,3361.633428300095,1.117223506234987
II,3363.15289648623,1.135538645681462
II,3363.912630579297,1.1492750002663186
II,3364.672364672365,1.163011354851175
II,3366.1918328584998,1.18132649429765
II,3366.9515669515667,1.1950628488825066
II,3367.711301044634,1.2133779883289817
II,3369.230769230769,1.227114342913838
II,3369.9905033238365,1.2408506974986944
II,3370.750237416904,1.2591658369451697
II,3372.269705603039,1.272902191530026
II,3373.0294396961062,1.2866385461148824
II,3373.7891737891737,1.3049536855613577
II,3375.3086419753085,1.318690040146214
II,3376.068376068376,1.3324263947310704
II,3376.8281101614434,1.3461627493159267
II,3378.3475783475783,1.3598991039007833
II,3379.1073124406457,1.3782142433472584
II,3379.867046533713,1.3919505979321147
II,3380.6267806267806,1.4056869525169713
II,3382.1462488129155,1.4194233071018276
II,3382.905982905983,1.433159661686684
II,3383.6657169990503,1.4468960162715403
II,3385.185185185185,1.4652111557180156
II,3385.9449192782527,1.478947510302872
II,3386.70465337132,1.4926838648877283
II,3388.224121557455,1.5064202194725849
II,3388.9838556505224,1.5201565740574412
II,3389.74358974359,1.5384717135039163
II,3391.2630579297247,1.5522080680887729
II,3392.022792022792,1.5659444226736292
II,3392.7825261158596,1.5796807772584855
II,3394.3019943019945,1.5934171318433419
II,3395.061728395062,1.6117322712898172
II,3395.8214624881293,1.6254686258746736
II,3397.340930674264,1.63920498045953
II,3398.100664767331,1.6575201199060052
II,3398.860398860399,1.6712564744908616
II,3400.379867046534,1.684992829075718
II,3401.139601139601,1.7033079685221932
II,3401.899335232669,1.7170443231070496
II,3402.659069325736,1.7353594625535247
II,3404.1785375118707,1.749095817138381
II,3404.938271604938,1.7674109565848564
II,3405.6980056980055,1.7811473111697127
II,3407.2174738841404,1.7994624506161878
II,3407.977207977208,1.8177775900626632
II,3408.7369420702753,1.8315139446475195
II,3410.25641025641,1.8498290840939946
II,3411.0161443494776,1.86814422354047
II,3411.775878442545,1.886459362986945
II,3413.29534662868,1.9001957175718014
II,3414.0550807217473,1.9185108570182767
II,3414.814814814815,1.9368259964647518
II,3416.3342830009497,1.955141135911227
II,3417.094017094017,1.9734562753577023
II,3417.8537511870845,1.9917714148041774
II,3419.3732193732194,2.0100865542506527
II,3420.132953466287,2.023822908835509
II,3420.8926875593543,2.042138048281984
II,3421.6524216524217,2.0604531877284593
II,3423.1718898385566,2.0787683271749344
II,3423.931623931624,2.09708346662141
II,3424.6913580246915,2.115398606067885
II,3426.2108262108263,2.1291349606527414
II,3426.9705603038938,2.1474501000992166
II,3427.730294396961,2.1657652395456917
II,3429.249762583096,2.184080378992167
II,3430.0094966761635,2.1978167335770236
II,3430.769230769231,2.2161318730234987
II,3432.288698955366,2.229868227608355
II,3433.0484330484333,2.24818336705483
II,3433.8081671415002,2.2619197216396865
II,3435.327635327635,2.275656076224543
II,3436.087369420703,2.2893924308093996
II,3436.84710351377,2.303128785394256
II,3438.366571699905,2.3168651399791123
II,3439.1263057929723,2.3306014945639686
II,3439.8860398860397,2.344337849148825
II,3440.645773979107,2.3534954188720625
II,3442.165242165242,2.367231773456919
II,3442.9249762583095,2.3763893431801564
II,3443.684710351377,2.385546912903394
II,3445.204178537512,2.3992832674882507
II,3445.963912630579,2.4038620523498695
II,3446.7236467236467,2.413019622073107
II,3448.2431149097815,2.4221771917963446
II,3449.002849002849,2.4267559766579634
II,3449.7625830959164,2.435913546381201
II,3451.2820512820513,2.4404923312428197
II,3452.0417853751187,2.4450711161044385
II,3452.801519468186,2.4496499009660573
II,3454.320987654321,2.454228685827676
II,3455.0807217473885,2.454228685827676
II,3455.840455840456,2.458807470689295
II,3457.3599240265908,2.458807470689295
II,3458.119658119658,2.458807470689295
II,3458.8793922127256,2.458807470689295
II,3460.3988603988605,2.458807470689295
II,3461.158594491928,2.458807470689295
II,3461.9183285849954,2.454228685827676
II,3462.678062678063,2.454228685827676
II,3464.1975308641977,2.4496499009660573
II,3464.957264957265,2.4450711161044385
II,3465.7169990503326,2.4404923312428197
II,3467.2364672364674,2.435913546381201
II,3467.9962013295344,2.431334761519582
II,3468.7559354226023,2.4267559766579634
II,3470.275403608737,2.417598406934726
II,3471.035137701804,2.413019622073107
II,3471.7948717948716,2.4038620523498695
II,3473.3143399810065,2.3992832674882507
II,3474.074074074074,2.390125697765013
II,3474.8338081671413,2.380968128041775
II,3476.353276353276,2.3718105583185376
II,3477.1130104463437,2.3626529885953
II,3477.872744539411,2.3534954188720625
II,3479.392212725546,2.344337849148825
II,3480.1519468186134,2.3351802794255874
II,3480.911680911681,2.321443924840731
II,3481.6714150047483,2.3122863551174935
II,3483.190883190883,2.303128785394256
II,3483.9506172839506,2.2893924308093996
II,3484.710351377018,2.2802348610861616
II,3486.229819563153,2.271077291362924
II,3486.9895536562203,2.2573409367780677
II,3487.7492877492878,2.24818336705483
II,3489.2687559354226,2.234447012469974
II,3490.02849002849,2.2252894427467362
II,3490.7882241215575,2.21155308816188
II,3492.3076923076924,2.2023955184386423
II,3493.06742640076,2.188659163853786
II,3493.8271604938273,2.179501594130548
II,3495.346628679962,2.1657652395456917
II,3496.1063627730296,2.156607669822454
II,3496.866096866097,2.1428713152375978
II,3498.385565052232,2.13371374551436
II,3499.1452991452993,2.119977390929504
II,3499.9050332383667,2.1108198212062663
II,3501.4245014245016,2.09708346662141
II,3502.1842355175686,2.0879258968981724
II,3502.9439696106365,2.0741895423133156
II,3503.7037037037035,2.065031972590078
II,3505.2231718898383,2.0512956180052218
II,3505.9829059829062,2.042138048281984
II,3506.742640075973,2.028401693697128
II,3508.262108262108,2.0192441239738903
II,3509.0218423551755,2.0100865542506527
II,3509.781576448243,1.9963501996657962
II,3511.301044634378,1.9871926299425586
II,3512.0607787274453,1.9734562753577023
II,3512.8205128205127,1.9642987056344647
II,3514.3399810066476,1.955141135911227
II,3515.099715099715,1.9414047813263706
II,3515.8594491927824,1.932247211603133
II,3517.3789173789173,1.9185108570182767
II,3518.1386514719848,1.9093532872950392
II,3518.898385565052,1.8956169327101826
II,3520.417853751187,1.886459362986945
II,3521.1775878442545,1.8773017932637075
II,3521.937321937322,1.8635654386788512
II,3522.6970560303894,1.8544078689556134
II,3524.2165242165242,1.840671514370757
II,3524.9762583095917,1.8315139446475195
II,3525.735992402659,1.822356374924282
II,3527.255460588794,1.8086200203394256
II,3528.0151946818614,1.7994624506161878
II,3528.774928774929,1.7857260960313315
II,3530.2943969610637,1.776568526308094
II,3531.054131054131,1.7628321717232376
II,3531.8138651471986,1.753674602
II,3533.3333333333335,1.7445170322767622
II,3534.093067426401,1.730780677691906
II,3534.852801519468,1.7216231079686684
II,3536.372269705603,1.707886753383812
II,3537.1320037986707,1.6987291836605742
II,3537.8917378917376,1.684992829075718
II,3539.4112060778725,1.6758352593524803
II,3540.1709401709404,1.6666776896292428
II,3540.9306742640074,1.6529413350443865
II,3542.4501424501423,1.6437837653211487
II,3543.20987654321,1.6346261955979111
II,3543.969610636277,1.6208898410130548
II,3544.7293447293446,1.6117322712898172
II,3546.2488129154794,1.6025747015665797
II,3547.008547008547,1.588838346981723
II,3547.7682811016143,1.5796807772584855
II,3549.287749287749,1.570523207535248
II,3550.0474833808166,1.5567868529503917
II,3550.807217473884,1.5476292832271539
II,3552.326685660019,1.5384717135039163
II,3553.0864197530864,1.5293141437806788
II,3553.846153846154,1.5201565740574412
II,3555.3656220322887,1.5109990043342036
II,3556.125356125356,1.501841434610966
II,3556.8850902184236,1.4926838648877283
II,3558.4045584045584,1.478947510302872
II,3559.164292497626,1.4697899405796344
II,3559.9240265906933,1.4606323708563969
II,3561.443494776828,1.456053585994778
II,3562.2032288698956,1.4468960162715403
II,3562.962962962963,1.4377384465483027
II,3563.7226970560305,1.4285808768250652
II,3565.2421652421654,1.4194233071018276
II,3566.001899335233,1.41026573737859
II,3566.7616334283002,1.4011081676553525
II,3568.281101614435,1.3965293827937335
II,3569.0408357075025,1.387371813070496
II,3569.80056980057,1.3782142433472584
II,3571.320037986705,1.3736354584856396
II,3572.079772079772,1.364477888762402
II,3572.8395061728397,1.3553203190391645
II,3574.3589743589746,1.3507415341775457
II,3575.1187084520416,1.341583964454308
II,3575.8784425451095,1.3370051795926892
II,3577.3979107312443,1.3278476098694516
II,3578.1576448243113,1.3232688250078328
II,3578.9173789173788,1.3141112552845953
II,3580.4368471035136,1.3095324704229765
II,3581.196581196581,1.300374900699739
II,3581.9563152896485,1.29579611583812
II,3583.4757834757834,1.2866385461148824
II,3584.235517568851,1.2820597612532636
II,3584.9952516619182,1.272902191530026
II,3585.7549857549857,1.2683234066684073
II,3587.2744539411206,1.2591658369451697
II,3588.034188034188,1.254587052083551
II,3588.7939221272554,1.2500082672219321
II,3590.3133903133903,1.2408506974986944
II,3591.0731244064577,1.2362719126370756
II,3591.832858499525,1.227114342913838
II,3593.35232668566,1.2225355580522193
II,3594.1120607787275,1.2179567731906005
II,3594.871794871795,1.208799203467363
II,3596.39126305793,1.2042204186057441
II,3597.1509971509972,1.1950628488825066
II,3597.9107312440647,1.1904840640208876
II,3599.4301994301995,1.1859052791592688
II,3600.189933523267,1.1767477094360312
II,3600.9496676163344,1.1721689245744125
II,3602.4691358024693,1.163011354851175
II,3603.2288698955367,1.1584325699895561
II,3603.988603988604,1.1538537851279373
II,3604.748338081671,1.1446962154046998
II,3606.267806267806,1.1401174305430808
II,3607.027540360874,1.1309598608198432
II,3607.787274453941,1.1263810759582245
II,3609.3067426400758,1.117223506234987
II,3610.0664767331436,1.1126447213733681
II,3610.8262108262106,1.1034871516501306
II,3612.3456790123455,1.0989083667885118
II,3613.105413105413,1.094329581926893
II,3613.8651471984804,1.0851720122036552
II,3615.3846153846152,1.0805932273420364
II,3616.1443494776827,1.0714356576187989
II,3616.90408357075,1.06685687275718
II,3618.423551756885,1.0576993030339426
II,3619.1832858499524,1.0531205181723238
II,3619.94301994302,1.0439629484490862
II,3621.4624881291547,1.0393841635874672
II,3622.222222222222,1.0302265938642297
II,3622.9819563152896,1.0256478090026109
II,3624.5014245014245,1.021069024140992
II,3625.261158594492,1.0119114544177545
II,3626.0208926875594,1.0073326695561358
II,3626.780626780627,0.9981750998328981
II,3628.3000949667617,0.9935963149712793
II,3629.059829059829,0.9844387452480418
II,3629.8195631528965,0.979859960386423
II,3631.3390313390314,0.9752811755248041
II,3632.098765432099,0.9661236058015665
II,3632.8584995251663,0.9615448209399478
II,3634.377967711301,0.9523872512167101
II,3635.1377018043686,0.9478084663550913
II,3635.897435897436,0.9386508966318537
II,3637.416904083571,0.934072111770235
II,3638.1766381766383,0.9294933269086162
II,3638.9363722697058,0.9203357571853785
II,3640.45584045584,0.9157569723237597
II,3641.215574548908,0.911178187462141
II,3641.975308641975,0.9020206177389033
II,3643.49477682811,0.8974418328772845
II,3644.254510921178,0.8928630480156657
II,3645.014245014245,0.8837054782924282
II,3645.7739791073127,0.8791266934308094
II,3647.2934472934476,0.8745479085691905
II,3648.0531813865146,0.865390338845953
II,3648.812915479582,0.8608115539843342
II,3650.332383665717,0.8562327691227154
II,3651.0921177587843,0.8470751993994777
II,3651.8518518518517,0.842496414537859
II,3653.3713200379866,0.8379176296762402
II,3654.131054131054,0.8287600599530026
II,3654.8907882241215,0.8241812750913837
II,3656.4102564102564,0.819602490229765
II,3657.169990503324,0.8104449205065274
II,3657.929724596391,0.8058661356449086
II,3659.449192782526,0.8012873507832898
II,3660.2089268755935,0.7921297810600522
II,3660.968660968661,0.7875509961984334
II,3662.488129154796,0.7829722113368146
II,3663.2478632478633,0.7738146416135769
II,3664.0075973409307,0.7692358567519582
II,3665.5270655270656,0.7646570718903394
II,3666.286799620133,0.7554995021671018
II,3667.0465337132005,0.750920717305483
II,3667.806267806268,0.7463419324438642
II,3669.3257359924028,0.7371843627206266
II,3670.08547008547,0.7326055778590078
II,3670.8452041785376,0.7234480081357701
II,3672.3646723646725,0.7188692232741514
II,3673.12440645774,0.7142904384125326
II,3673.8841405508074,0.705132868689295
II,3675.4036087369423,0.7005540838276763
II,3676.1633428300092,0.6959752989660574
II,3676.923076923077,0.6868177292428198
II,3678.442545109212,0.682238944381201
II,3679.202279202279,0.6730813746579634
II,3679.962013295347,0.6685025897963446
II,3681.4814814814818,0.659345020073107
II,3682.2412155745487,0.6547662352114882
II,3683.000949667616,0.6501874503498695
II,3684.520417853751,0.6410298806266318
II,3685.2801519468185,0.636451095765013
II,3686.039886039886,0.6272935260417755
II,3686.7996201329534,0.6227147411801567
II,3688.319088319088,0.613557171456919
II,3689.0788224121557,0.6089783865953002
II,3689.838556505223,0.5998208168720627
II,3691.358024691358,0.5952420320104438
II,3692.1177587844254,0.590663247148825
II,3692.877492877493,0.5815056774255875
II,3694.3969610636277,0.5769268925639687
II,3695.156695156695,0.567769322840731
II,3695.9164292497626,0.5631905379791122
II,3697.4358974358975,0.5540329682558747
II,3698.195631528965,0.5494541833942559
II,3698.9553656220323,0.5402966136710182
II,3700.474833808167,0.5357178288093994
II,3701.2345679012346,0.5265602590861619
II,3701.994301994302,0.5219814742245431
II,3703.513770180437,0.5128239045013054
II,3704.2735042735044,0.5082451196396867
II,3705.033238366572,0.5036663347780679
II,3706.5527065527067,0.49450876505483027
II,3707.312440645774,0.4899299801932115
II,3708.0721747388416,0.4807724104699739
II,3708.8319088319085,0.47619362560835504
II,3710.3513770180434,0.4670360558851175
II,3711.1111111111113,0.46245727102349865
II,3711.8708452041783,0.45787848616187987
II,3713.390313390313,0.44872091643864226
II,3714.150047483381,0.4441421315770235
II,3714.909781576448,0.43498456185378587
II,3716.429249762583,0.4304057769921671
II,3717.188983855651,0.4258269921305483
II,3717.948717948718,0.4166694224073107
II,3719.4681861348527,0.41209063754569186
II,3720.22792022792,0.4075118526840731
II,3720.9876543209875,0.39835428296083547
II,3722.5071225071224,0.3937754980992167
II,3723.26685660019,0.3891967132375979
II,3724.0265906932573,0.3846179283759791
II,3725.546058879392,0.3754603586527415
II,3726.3057929724596,0.3708815737911227
II,3727.065527065527,0.3663027889295039
II,3727.8252611585945,0.3617240040678851
II,3729.3447293447293,0.3571452192062663
II,3730.1044634377968,0.3479876494830287
II,3730.864197530864,0.3434088646214099
II,3732.383665716999,0.3388300797597911
II,3733.1433998100665,0.3342512948981723
II,3733.903133903134,0.3296725100365535
II,3735.422602089269,0.32509372517493473
II,3736.1823361823363,0.3205149403133159
II,3736.9420702754037,0.3159361554516971
II,3738.4615384615386,0.31135737059007834
II,3739.221272554606,0.3067785857284595
II,3739.9810066476734,0.30219980086684073
II,3741.5004748338083,0.2976210160052219
II,3742.2602089268757,0.2930422311436031
II,3743.019943019943,0.28846344628198434
II,3744.5394112060776,0.2838846614203655
II,3745.2991452991455,0.2793058765587467
II,3746.0588793922125,0.27472709169712795
II,3746.8186134852804,0.27472709169712795
II,3748.3380816714152,0.2701483068355091
II,3749.097815764482,0.26556952197389033
II,3749.85754985755,0.26099073711227155
II,3751.377018043685,0.2564119522506527
II,3752.136752136752,0.2564119522506527
II,3752.8964862298194,0.25183316738903394
II,3754.4159544159543,0.24725438252741513
II,3755.1756885090217,0.24267559766579633
II,3755.935422602089,0.24267559766579633
II,3757.454890788224,0.23809681280417752
II,3758.2146248812915,0.23351802794255874
II,3758.974358974359,0.23351802794255874
II,3760.4938271604938,0.22893924308093994
II,3761.253561253561,0.22436045821932113
II,3762.0132953466286,0.22436045821932113
II,3763.5327635327635,0.21978167335770235
II,3764.292497625831,0.21978167335770235
II,3765.0522317188984,0.21520288849608354
II,3766.5716999050333,0.21520288849608354
II,3767.3314339981007,0.21062410363446474
II,3768.091168091168,0.21062410363446474
II,3768.8509021842356,0.20604531877284593
II,3770.3703703703704,0.20604531877284593
II,3771.130104463438,0.20146653391122715
II,3771.8898385565053,0.20146653391122715
II,3773.40930674264,0.19688774904960835
II,3774.1690408357076,0.19688774904960835
II,3774.928774928775,0.19230896418798954
II,3776.44824311491,0.19230896418798954
II,3777.2079772079774,0.18773017932637076
II,3777.967711301045,0.18773017932637076
II,3779.4871794871797,0.18773017932637076
II,3780.2469135802467,0.18315139446475195
II,3781.0066476733145,0.18315139446475195
II,3782.5261158594494,0.17857260960313315
II,3783.2858499525164,0.17857260960313315
II,3784.0455840455843,0.17857260960313315
II,3785.565052231719,0.17399382474151434
II,3786.324786324786,0.17399382474151434
II,3787.0845204178536,0.17399382474151434
II,3787.844254510921,0.16941503987989556
II,3789.363722697056,0.16941503987989556
II,3790.1234567901233,0.16941503987989556
II,3790.8831908831908,0.16483625501827676
II,3792.4026590693256,0.16483625501827676
II,3793.162393162393,0.16483625501827676
II,3793.9221272554605,0.16483625501827676
II,3795.4415954415954,0.16025747015665795
II,3796.201329534663,0.16025747015665795
II,3796.9610636277303,0.16025747015665795
II,3798.480531813865,0.15567868529503917
II,3799.2402659069326,0.15567868529503917
II,3800.0,0.15567868529503917
II,3801.519468186135,0.15567868529503917
II,3802.2792022792023,0.15109990043342036
II,3803.0389363722697,0.15109990043342036
II,3804.5584045584046,0.15109990043342036
II,3805.318138651472,0.15109990043342036
II,3806.0778727445395,0.14652111557180156
II,3807.5973409306744,0.14652111557180156
II,3808.357075023742,0.14652111557180156
II,3809.1168091168092,0.14652111557180156
II,3809.8765432098767,0.14194233071018275
II,3811.3960113960115,0.14194233071018275
II,3812.155745489079,0.14194233071018275
II,3812.9154795821464,0.14194233071018275
II,3814.434947768281,0.13736354584856397
II,3815.1946818613487,0.13736354584856397
II,3815.9544159544157,0.13736354584856397
II,3817.4738841405506,0.13736354584856397
II,3818.2336182336185,0.13736354584856397
II,3818.9933523266855,0.13278476098694517
II,3820.5128205128203,0.13278476098694517
II,3821.272554605888,0.13278476098694517
II,3822.032288698955,0.13278476098694517
II,3823.55175688509,0.13278476098694517
II,3824.3114909781575,0.12820597612532636
II,3825.071225071225,0.12820597612532636
II,3826.59069325736,0.12820597612532636
II,3827.3504273504273,0.12820597612532636
II,3828.1101614434947,0.12820597612532636
II,3828.869895536562,0.12362719126370757
II,3830.389363722697,0.12362719126370757
II,3831.1490978157644,0.12362719126370757
II,3831.908831908832,0.12362719126370757
II,3833.4283000949667,0.12362719126370757
II,3834.188034188034,0.11904840640208876
II,3834.9477682811016,0.11904840640208876
II,3836.4672364672365,0.11904840640208876
II,3837.226970560304,0.11904840640208876
II,3837.9867046533714,0.11904840640208876
II,3839.5061728395062,0.11904840640208876
II,3840.2659069325737,0.11446962154046997
II,3841.025641025641,0.11446962154046997
II,3842.545109211776,0.11446962154046997
II,3843.3048433048434,0.11446962154046997
II,3844.064577397911,0.11446962154046997
II,3845.5840455840457,0.11446962154046997
II,3846.343779677113,0.10989083667885118
II,3847.1035137701806,0.10989083667885118
II,3848.622981956315,0.10989083667885118
II,3849.382716049383,0.10989083667885118
II,3850.14245014245,0.10989083667885118
II,3850.902184235518,0.10989083667885118
II,3852.4216524216527,0.10989083667885118
II,3853.1813865147196,0.10531205181723237
II,3853.9411206077875,0.10531205181723237
II,3855.4605887939224,0.10531205181723237
II,3856.2203228869894,0.10531205181723237
II,3856.980056980057,0.10531205181723237
II,3858.4995251661917,0.10531205181723237
II,3859.259259259259,0.10073326695561358
II,3860.0189933523266,0.10073326695561358
II,3861.5384615384614,0.10073326695561358
II,3862.298195631529,0.10073326695561358
II,3863.0579297245963,0.10073326695561358
II,3864.577397910731,0.10073326695561358
II,3865.3371320037986,0.10073326695561358
II,3866.096866096866,0.10073326695561358
II,3867.616334283001,0.09615448209399477
II,3868.3760683760684,0.09615448209399477
II,3869.135802469136,0.09615448209399477
II,3869.8955365622032,0.09615448209399477
II,3871.415004748338,0.09615448209399477
II,3872.1747388414055,0.09615448209399477
II,3872.934472934473,0.09615448209399477
II,3874.453941120608,0.09615448209399477
II,3875.2136752136753,0.09157569723237598
II,3875.9734093067427,0.09157569723237598
II,3877.4928774928776,0.09157569723237598
II,3878.252611585945,0.09157569723237598
II,3879.0123456790125,0.09157569723237598
II,3880.5318138651473,0.09157569723237598
II,3881.291547958215,0.09157569723237598
II,3882.051282051282,0.09157569723237598
II,3883.570750237417,0.09157569723237598
II,3884.330484330484,0.09157569723237598
II,3885.090218423552,0.08699691237075717
II,3886.609686609687,0.08699691237075717
II,3887.369420702754,0.08699691237075717
II,3888.1291547958217,0.08699691237075717
II,3889.6486229819566,0.08699691237075717
II,3890.4083570750236,0.08699691237075717
II,3891.1680911680915,0.08699691237075717
II,3891.9278252611584,0.08699691237075717
II,3893.4472934472933,0.08699691237075717
II,3894.2070275403607,0.08699691237075717
II,3894.966761633428,0.08699691237075717
II,3896.486229819563,0.08699691237075717
II,3897.2459639126305,0.08241812750913838
II,3898.005698005698,0.08241812750913838
II,3899.525166191833,0.08241812750913838
II,3900.2849002849002,0.08241812750913838
III,2899.7150997150998,-0.0038254714264283046
III,2900.474833808167,-0.0038254714264283046
III,2901.994301994302,-0.0038254714264283046
III,2902.7540360873695,-0.007650942852856609
III,2903.513770180437,-0.007650942852856609
III,2905.033238366572,-0.007650942852856609
III,2905.7929724596393,-0.007650942852856609
III,2906.5527065527067,-0.007650942852856609
III,2908.0721747388416,-0.007650942852856609
III,2908.831908831909,-0.007650942852856609
III,2909.5916429249764,-0.007650942852856609
III,2910.351377018044,-0.007650942852856609
III,2911.8708452041787,-0.007650942852856609
III,2912.630579297246,-0.007650942852856609
III,2913.390313390313,-0.007650942852856609
III,2914.909781576448,-0.007650942852856609
III,2915.6695156695155,-0.007650942852856609
III,2916.429249762583,-0.007650942852856609
III,2917.948717948718,-0.007650942852856609
III,2918.708452041785,-0.007650942852856609
III,2919.4681861348527,-0.007650942852856609
III,2920.9876543209875,-0.007650942852856609
III,2921.747388414055,-0.007650942852856609
III,2922.5071225071224,-0.011476414279284914
III,2924.0265906932573,-0.011476414279284914
III,2924.7863247863247,-0.011476414279284914
III,2925.546058879392,-0.011476414279284914
III,2927.065527065527,-0.011476414279284914
III,2927.8252611585945,-0.011476414279284914
III,2928.584995251662,-0.011476414279284914
III,2930.1044634377968,-0.011476414279284914
III,2930.864197530864,-0.011476414279284914
III,2931.6239316239316,-0.011476414279284914
III,2932.383665716999,-0.011476414279284914
III,2933.903133903134,-0.011476414279284914
III,2934.6628679962014,-0.011476414279284914
III,2935.422602089269,-0.011476414279284914
III,2936.9420702754037,-0.011476414279284914
III,2937.701804368471,-0.011476414279284914
III,2938.4615384615386,-0.011476414279284914
III,2939.9810066476734,-0.015301885705713218
III,2940.740740740741,-0.015301885705713218
III,2941.5004748338083,-0.015301885705713218
III,2943.019943019943,-0.015301885705713218
III,2943.7796771130106,-0.015301885705713218
III,2944.539411206078,-0.015301885705713218
III,2946.058879392213,-0.015301885705713218
III,2946.8186134852804,-0.015301885705713218
III,2947.5783475783473,-0.015301885705713218
III,2949.097815764482,-0.015301885705713218
III,2949.8575498575497,-0.015301885705713218
III,2950.617283950617,-0.015301885705713218
III,2951.3770180436845,-0.015301885705713218
III,2952.8964862298194,-0.015301885705713218
III,2953.656220322887,-0.01912735713214152
III,2954.4159544159543,-0.01912735713214152
III,2955.935422602089,-0.01912735713214152
III,2956.6951566951566,-0.01912735713214152
III,2957.454890788224,-0.01912735713214152
III,2958.974358974359,-0.01912735713214152
III,2959.7340930674263,-0.01912735713214152
III,2960.4938271604938,-0.01912735713214152
III,2962.0132953466286,-0.01912735713214152
III,2962.773029439696,-0.01912735713214152
III,2963.5327635327635,-0.01912735713214152
III,2965.0522317188984,-0.022952828558569827
III,2965.811965811966,-0.022952828558569827
III,2966.5716999050333,-0.022952828558569827
III,2968.091168091168,-0.022952828558569827
III,2968.8509021842356,-0.022952828558569827
III,2969.610636277303,-0.022952828558569827
III,2971.130104463438,-0.022952828558569827
III,2971.8898385565053,-0.022952828558569827
III,2972.6495726495727,-0.022952828558569827
III,2973.40930674264,-0.02677829998499813
III,2974.928774928775,-0.02677829998499813
III,2975.6885090218425,-0.02677829998499813
III,2976.44824311491,-0.02677829998499813
III,2977.967711301045,-0.02677829998499813
III,2978.7274453941122,-0.02677829998499813
III,2979.4871794871797,-0.02677829998499813
III,2981.0066476733145,-0.030603771411426436
III,2981.766381766382,-0.030603771411426436
III,2982.5261158594494,-0.030603771411426436
III,2984.045584045584,-0.030603771411426436
III,2984.8053181386513,-0.030603771411426436
III,2985.5650522317187,-0.030603771411426436
III,2987.0845204178536,-0.03442924283785474
III,2987.844254510921,-0.03442924283785474
III,2988.6039886039885,-0.03442924283785474
III,2990.1234567901233,-0.03442924283785474
III,2990.8831908831908,-0.03442924283785474
III,2991.642924976258,-0.03442924283785474
III,2992.4026590693256,-0.03825471426428304
III,2993.9221272554605,-0.03825471426428304
III,2994.681861348528,-0.03825471426428304
III,2995.4415954415954,-0.03825471426428304
III,2996.9610636277303,-0.04208018569071135
III,2997.7207977207977,-0.04208018569071135
III,2998.480531813865,-0.04208018569071135
III,3000.0,-0.04208018569071135
III,3000.7597340930674,-0.045905657117139655
III,3001.519468186135,-0.045905657117139655
III,3003.0389363722697,-0.045905657117139655
III,3003.798670465337,-0.045905657117139655
III,3004.5584045584046,-0.04973112854356796
III,3006.0778727445395,-0.04973112854356796
III,3006.837606837607,-0.04973112854356796
III,3007.5973409306744,-0.04973112854356796
III,3009.1168091168092,-0.05355659996999626
III,3009.8765432098767,-0.05355659996999626
III,3010.636277302944,-0.05355659996999626
III,3012.155745489079,-0.05355659996999626
III,3012.9154795821464,-0.05738207139642457
III,3013.675213675214,-0.05738207139642457
III,3014.4349477682813,-0.05738207139642457
III,3015.954415954416,-0.06120754282285287
III,3016.7141500474836,-0.06120754282285287
III,3017.4738841405506,-0.06120754282285287
III,3018.9933523266855,-0.06503301424928118
III,3019.753086419753,-0.06503301424928118
III,3020.5128205128203,-0.06503301424928118
III,3022.032288698955,-0.06885848567570949
III,3022.7920227920226,-0.06885848567570949
III,3023.55175688509,-0.06885848567570949
III,3025.071225071225,-0.06885848567570949
III,3025.8309591642924,-0.07268395710213778
III,3026.59069325736,-0.07268395710213778
III,3028.1101614434947,-0.07268395710213778
III,3028.869895536562,-0.07650942852856608
III,3029.6296296296296,-0.07650942852856608
III,3031.1490978157644,-0.07650942852856608
III,3031.908831908832,-0.08033489995499439
III,3032.6685660018993,-0.08033489995499439
III,3033.4283000949667,-0.08033489995499439
III,3034.9477682811016,-0.0841603713814227
III,3035.707502374169,-0.0841603713814227
III,3036.4672364672365,-0.0841603713814227
III,3037.9867046533714,-0.087985842807851
III,3038.746438746439,-0.087985842807851
III,3039.5061728395062,-0.087985842807851
III,3041.025641025641,-0.09181131423427931
III,3041.7853751187085,-0.09181131423427931
III,3042.545109211776,-0.09563678566070762
III,3044.064577397911,-0.09563678566070762
III,3044.8243114909783,-0.09563678566070762
III,3045.5840455840457,-0.09946225708713592
III,3047.1035137701806,-0.09946225708713592
III,3047.863247863248,-0.09946225708713592
III,3048.6229819563155,-0.10328772851356421
III,3050.1424501424503,-0.10328772851356421
III,3050.902184235518,-0.10328772851356421
III,3051.661918328585,-0.10711319993999252
III,3053.1813865147196,-0.10711319993999252
III,3053.941120607787,-0.11093867136642083
III,3054.7008547008545,-0.11093867136642083
III,3055.460588793922,-0.11093867136642083
III,3056.980056980057,-0.11476414279284913
III,3057.7397910731243,-0.11476414279284913
III,3058.4995251661917,-0.11858961421927744
III,3060.0189933523266,-0.11858961421927744
III,3060.778727445394,-0.12241508564570575
III,3061.5384615384614,-0.12241508564570575
III,3063.0579297245963,-0.12624055707213405
III,3063.8176638176637,-0.12624055707213405
III,3064.577397910731,-0.12624055707213405
III,3066.096866096866,-0.13006602849856236
III,3066.8566001899335,-0.13006602849856236
III,3067.616334283001,-0.13389149992499066
III,3069.135802469136,-0.13771697135141897
III,3069.8955365622032,-0.13771697135141897
III,3070.6552706552707,-0.14154244277784728
III,3072.1747388414055,-0.14154244277784728
III,3072.934472934473,-0.14536791420427556
III,3073.6942070275404,-0.14536791420427556
III,3074.453941120608,-0.14919338563070386
III,3075.9734093067427,-0.15301885705713217
III,3076.73314339981,-0.15301885705713217
III,3077.4928774928776,-0.15684432848356047
III,3079.0123456790125,-0.16066979990998878
III,3079.77207977208,-0.16066979990998878
III,3080.5318138651473,-0.1644952713364171
III,3082.051282051282,-0.1683207427628454
III,3082.8110161443497,-0.1683207427628454
III,3083.570750237417,-0.1721462141892737
III,3085.090218423552,-0.175971685615702
III,3085.8499525166194,-0.1797971570421303
III,3086.609686609687,-0.1797971570421303
III,3088.1291547958213,-0.18362262846855862
III,3088.8888888888887,-0.18744809989498692
III,3089.648622981956,-0.19127357132141523
III,3091.168091168091,-0.19509904274784354
III,3091.9278252611584,-0.19892451417427184
III,3092.687559354226,-0.20274998560070012
III,3093.4472934472933,-0.20657545702712843
III,3094.966761633428,-0.21040092845355673
III,3095.7264957264956,-0.21422639987998504
III,3096.486229819563,-0.21805187130641335
III,3098.005698005698,-0.22187734273284165
III,3098.7654320987654,-0.22570281415926996
III,3099.525166191833,-0.22952828558569827
III,3101.0446343779677,-0.23335375701212657
III,3101.804368471035,-0.23717922843855488
III,3102.5641025641025,-0.24100469986498319
III,3104.0835707502374,-0.2448301712914115
III,3104.843304843305,-0.2486556427178398
III,3105.6030389363723,-0.2524811141442681
III,3107.122507122507,-0.2601320569971247
III,3107.8822412155746,-0.263957528423553
III,3108.641975308642,-0.26778299984998133
III,3110.161443494777,-0.27160847127640964
III,3110.9211775878443,-0.27925941412926625
III,3111.680911680912,-0.28308488555569455
III,3113.2003798670466,-0.28691035698212286
III,3113.960113960114,-0.2945612998349794
III,3114.7198480531815,-0.2983867712614077
III,3115.479582146249,-0.30603771411426434
III,3116.999050332384,-0.30986318554069264
III,3117.7587844254513,-0.31368865696712095
III,3118.5185185185187,-0.32133959981997756
III,3120.0379867046536,-0.32516507124640587
III,3120.797720797721,-0.3328160140992625
III,3121.557454890788,-0.3404669569521191
III,3123.076923076923,-0.3442924283785474
III,3123.8366571699903,-0.351943371231404
III,3124.5963912630577,-0.3557688426578323
III,3126.1158594491926,-0.36341978551068893
III,3126.87559354226,-0.37107072836354554
III,3127.6353276353275,-0.37489619978997385
III,3129.1547958214624,-0.38254714264283046
III,3129.91452991453,-0.3901980854956871
III,3130.6742640075972,-0.3940235569221154
III,3132.193732193732,-0.401674499774972
III,3132.9534662867995,-0.40932544262782855
III,3133.713200379867,-0.41697638548068516
III,3134.4729344729344,-0.4246273283335418
III,3135.9924026590693,-0.4322782711863984
III,3136.7521367521367,-0.4361037426128267
III,3137.511870845204,-0.4437546854656833
III,3139.031339031339,-0.4514056283185399
III,3139.7910731244065,-0.45905657117139653
III,3140.550807217474,-0.46670751402425315
III,3142.070275403609,-0.47435845687710976
III,3142.830009496676,-0.48200939972996637
III,3143.5897435897436,-0.489660342582823
III,3145.1092117758785,-0.4973112854356796
III,3145.868945868946,-0.5049622282885362
III,3146.6286799620134,-0.5126131711413928
III,3148.1481481481483,-0.5202641139942494
III,3148.9078822412157,-0.527915056847106
III,3149.667616334283,-0.539391471126391
III,3151.187084520418,-0.5470424139792476
III,3151.9468186134854,-0.5546933568321042
III,3152.706552706553,-0.5623442996849608
III,3154.2260208926878,-0.5699952425378174
III,3154.985754985755,-0.5776461853906739
III,3155.745489078822,-0.5891225996699588
III,3156.50522317189,-0.5967735425228154
III,3158.0246913580245,-0.6044244853756721
III,3158.784425451092,-0.6120754282285287
III,3159.5441595441594,-0.6197263710813853
III,3161.0636277302942,-0.6273773139342419
III,3161.8233618233617,-0.6388537282135268
III,3162.583095916429,-0.6465046710663834
III,3164.102564102564,-0.65415561391924
III,3164.8622981956314,-0.6618065567720967
III,3165.622032288699,-0.6694574996249533
III,3167.1415004748337,-0.6809339139042382
III,3167.901234567901,-0.6885848567570948
III,3168.6609686609686,-0.6962357996099514
III,3170.1804368471035,-0.703886742462808
III,3170.940170940171,-0.7115376853156646
III,3171.6999050332383,-0.7191886281685212
III,3173.219373219373,-0.7268395710213779
III,3173.9791073124406,-0.7344905138742345
III,3174.738841405508,-0.7421414567270911
III,3175.4985754985755,-0.7497923995799477
III,3177.0180436847104,-0.7574433424328043
III,3177.777777777778,-0.7650942852856609
III,3178.5375118708453,-0.7727452281385175
III,3180.05698005698,-0.7803961709913741
III,3180.8167141500476,-0.7880471138442308
III,3181.576448243115,-0.7956980566970874
III,3183.09591642925,-0.7995235281235157
III,3183.8556505223173,-0.8071744709763722
III,3184.6153846153848,-0.8148254138292288
III,3186.1348528015196,-0.8186508852556571
III,3186.894586894587,-0.8263018281085137
III,3187.6543209876545,-0.830127299534942
III,3189.1737891737894,-0.8377782423877986
III,3189.933523266857,-0.8416037138142269
III,3190.6932573599242,-0.8492546566670836
III,3192.212725546059,-0.8530801280935119
III,3192.972459639126,-0.8569055995199402
III,3193.7321937321935,-0.8607310709463685
III,3195.2516619183284,-0.8645565423727968
III,3196.011396011396,-0.8683820137992251
III,3196.7711301044633,-0.8722074852256534
III,3197.5308641975307,-0.8760329566520817
III,3199.0503323836656,-0.87985842807851
III,3199.810066476733,-0.8836838995049383
III,3200.5698005698005,-0.8836838995049383
III,3202.0892687559353,-0.8875093709313666
III,3202.8490028490028,-0.8913348423577949
III,3203.60873694207,-0.8913348423577949
III,3205.128205128205,-0.8951603137842232
III,3205.8879392212725,-0.8951603137842232
III,3206.64767331434,-0.8951603137842232
III,3208.167141500475,-0.8951603137842232
III,3208.9268755935423,-0.8989857852106515
III,3209.6866096866097,-0.8989857852106515
III,3211.2060778727446,-0.8989857852106515
III,3211.965811965812,-0.8989857852106515
III,3212.7255460588794,-0.8989857852106515
III,3214.2450142450143,-0.8989857852106515
III,3215.0047483380818,-0.8951603137842232
III,3215.764482431149,-0.8951603137842232
III,3216.5242165242166,-0.8951603137842232
III,3218.0436847103515,-0.8951603137842232
III,3218.803418803419,-0.8913348423577949
III,3219.5631528964864,-0.8913348423577949
III,3221.0826210826212,-0.8875093709313666
III,3221.8423551756887,-0.8875093709313666
III,3222.602089268756,-0.8836838995049383
III,3224.121557454891,-0.8836838995049383
III,3224.8812915479584,-0.87985842807851
III,3225.6410256410254,-0.87985842807851
III,3227.1604938271603,-0.8760329566520817
III,3227.9202279202277,-0.8722074852256534
III,3228.679962013295,-0.8722074852256534
III,3230.19943019943,-0.8683820137992251
III,3230.9591642924975,-0.8645565423727968
III,3231.718898385565,-0.8645565423727968
III,3233.2383665716998,-0.8607310709463685
III,3233.998100664767,-0.8569055995199402
III,3234.7578347578346,-0.8530801280935119
III,3236.2773029439695,-0.8492546566670836
III,3237.037037037037,-0.8492546566670836
III,3237.7967711301044,-0.8454291852406552
III,3238.556505223172,-0.8416037138142269
III,3240.0759734093067,-0.8377782423877986
III,3240.835707502374,-0.8339527709613703
III,3241.5954415954416,-0.8339527709613703
III,3243.1149097815764,-0.830127299534942
III,3243.874643874644,-0.8263018281085137
III,3244.6343779677113,-0.8224763566820854
III,3246.153846153846,-0.8186508852556571
III,3246.9135802469136,-0.8186508852556571
III,3247.673314339981,-0.8148254138292288
III,3249.192782526116,-0.8109999424028005
III,3249.9525166191834,-0.8071744709763722
III,3250.712250712251,-0.803348999549944
III,3252.2317188983857,-0.7995235281235157
III,3252.991452991453,-0.7956980566970874
III,3253.7511870845206,-0.7956980566970874
III,3255.2706552706554,-0.7918725852706591
III,3256.030389363723,-0.7880471138442308
III,3256.7901234567903,-0.7842216424178025
III,3257.5498575498577,-0.7803961709913741
III,3259.0693257359926,-0.7765706995649458
III,3259.8290598290596,-0.7727452281385175
III,3260.5887939221275,-0.7689197567120892
III,3262.1082621082624,-0.7650942852856609
III,3262.8679962013293,-0.7612688138592326
III,3263.6277302943968,-0.7574433424328043
III,3265.1471984805316,-0.753617871006376
III,3265.906932573599,-0.7497923995799477
III,3266.6666666666665,-0.7459669281535194
III,3268.1861348528014,-0.7421414567270911
III,3268.945868945869,-0.7383159853006628
III,3269.7056030389363,-0.7344905138742345
III,3271.225071225071,-0.7306650424478062
III,3271.9848053181386,-0.7230140995949496
III,3272.744539411206,-0.7191886281685212
III,3274.264007597341,-0.7153631567420929
III,3275.0237416904083,-0.7077122138892363
III,3275.7834757834758,-0.703886742462808
III,3277.3029439696106,-0.7000612710363797
III,3278.062678062678,-0.6924103281835231
III,3278.8224121557455,-0.6885848567570948
III,3279.582146248813,-0.6809339139042382
III,3281.101614434948,-0.6732829710513816
III,3281.8613485280152,-0.6694574996249533
III,3282.6210826210827,-0.6618065567720967
III,3284.1405508072176,-0.65415561391924
III,3284.900284900285,-0.6503301424928117
III,3285.6600189933524,-0.6426791996399551
III,3287.1794871794873,-0.6350282567870985
III,3287.9392212725547,-0.6273773139342419
III,3288.698955365622,-0.6197263710813853
III,3290.218423551757,-0.6120754282285287
III,3290.9781576448245,-0.6044244853756721
III,3291.737891737892,-0.5967735425228154
III,3293.257359924027,-0.5891225996699588
III,3294.0170940170938,-0.5814716568171022
III,3294.7768281101617,-0.5738207139642457
III,3296.2962962962965,-0.5661697711113891
III,3297.0560303893635,-0.5546933568321042
III,3297.8157644824314,-0.5470424139792476
III,3298.5754985754984,-0.539391471126391
III,3300.0949667616333,-0.5317405282735344
III,3300.8547008547007,-0.5202641139942494
III,3301.614434947768,-0.5126131711413928
III,3303.133903133903,-0.5049622282885362
III,3303.8936372269704,-0.4934858140092513
III,3304.653371320038,-0.4858348711563947
III,3306.1728395061727,-0.47818392830353806
III,3306.93257359924,-0.46670751402425315
III,3307.6923076923076,-0.45905657117139653
III,3309.2117758784425,-0.4514056283185399
III,3309.97150997151,-0.439929214039255
III,3310.7312440645774,-0.4322782711863984
III,3312.2507122507122,-0.42080185690711347
III,3313.0104463437797,-0.41315091405425686
III,3313.770180436847,-0.401674499774972
III,3315.289648622982,-0.3940235569221154
III,3316.0493827160494,-0.38637261406925877
III,3316.809116809117,-0.37489619978997385
III,3318.3285849952517,-0.36724525693711724
III,3319.088319088319,-0.3557688426578323
III,3319.8480531813866,-0.3481178998049757
III,3320.607787274454,-0.3366414855256908
III,3322.127255460589,-0.3289905426728342
III,3322.8869895536563,-0.31751412839354926
III,3323.646723646724,-0.30986318554069264
III,3325.1661918328587,-0.30221224268783603
III,3325.925925925926,-0.2907358284085511
III,3326.6856600189935,-0.28308488555569455
III,3328.2051282051284,-0.27160847127640964
III,3328.964862298196,-0.263957528423553
III,3329.724596391263,-0.2524811141442681
III,3331.2440645773977,-0.2448301712914115
III,3332.0037986704656,-0.23335375701212657
III,3332.7635327635326,-0.22570281415926996
III,3334.2830009496674,-0.21422639987998504
III,3335.042735042735,-0.20657545702712843
III,3335.8024691358023,-0.19509904274784354
III,3337.321937321937,-0.18744809989498692
III,3338.0816714150046,-0.175971685615702
III,3338.841405508072,-0.1683207427628454
III,3339.6011396011395,-0.15684432848356047
III,3341.1206077872744,-0.14536791420427556
III,3341.880341880342,-0.13771697135141897
III,3342.6400759734092,-0.12624055707213405
III,3344.159544159544,-0.11858961421927744
III,3344.9192782526115,-0.10711319993999252
III,3345.679012345679,-0.09563678566070762
III,3347.198480531814,-0.087985842807851
III,3347.9582146248813,-0.07650942852856608
III,3348.7179487179487,-0.06885848567570949
III,3350.2374169040836,-0.05738207139642457
III,3350.997150997151,-0.045905657117139655
III,3351.7568850902185,-0.03825471426428304
III,3353.2763532763533,-0.02677829998499813
III,3354.036087369421,-0.015301885705713218
III,3354.795821462488,-0.0038254714264283046
III,3356.315289648623,0.0038254714264283046
III,3357.0750237416905,0.015301885705713218
III,3357.834757834758,0.02677829998499813
III,3359.354226020893,0.03442924283785474
III,3360.1139601139603,0.045905657117139655
III,3360.8736942070277,0.05738207139642457
III,3361.633428300095,0.06885848567570949
III,3363.15289648623,0.07650942852856608
III,3363.912630579297,0.087985842807851
III,3364.672364672365,0.09946225708713592
III,3366.1918328584998,0.10711319993999252
III,3366.9515669515667,0.11858961421927744
III,3367.711301044634,0.13006602849856236
III,3369.230769230769,0.14154244277784728
III,3369.9905033238365,0.14919338563070386
III,3370.750237416904,0.16066979990998878
III,3372.269705603039,0.1721462141892737
III,3373.0294396961062,0.18362262846855862
III,3373.7891737891737,0.19127357132141523
III,3375.3086419753085,0.20274998560070012
III,3376.068376068376,0.21422639987998504
III,3376.8281101614434,0.22570281415926996
III,3378.3475783475783,0.23335375701212657
III,3379.1073124406457,0.2448301712914115
III,3379.867046533713,0.2563065855706964
III,3380.6267806267806,0.26778299984998133
III,3382.1462488129155,0.27543394270283794
III,3382.905982905983,0.28691035698212286
III,3383.6657169990503,0.2983867712614077
III,3385.185185185185,0.30986318554069264
III,3385.9449192782527,0.32133959981997756
III,3386.70465337132,0.3289905426728342
III,3388.224121557455,0.3404669569521191
III,3388.9838556505224,0.351943371231404
III,3389.74358974359,0.36341978551068893
III,3391.2630579297247,0.37489619978997385
III,3392.022792022792,0.38637261406925877
III,3392.7825261158596,0.3978490283485437
III,3394.3019943019945,0.40932544262782855
III,3395.061728395062,0.42080185690711347
III,3395.8214624881293,0.4322782711863984
III,3397.340930674264,0.4437546854656833
III,3398.100664767331,0.4552310997449682
III,3398.860398860399,0.47053298545068145
III,3400.379867046534,0.48200939972996637
III,3401.139601139601,0.4934858140092513
III,3401.899335232669,0.5087876997149645
III,3402.659069325736,0.5202641139942494
III,3404.1785375118707,0.5355659996999627
III,3404.938271604938,0.5470424139792476
III,3405.6980056980055,0.5623442996849608
III,3407.2174738841404,0.5738207139642457
III,3407.977207977208,0.5891225996699588
III,3408.7369420702753,0.6044244853756721
III,3410.25641025641,0.6197263710813853
III,3411.0161443494776,0.6312027853606702
III,3411.775878442545,0.6465046710663834
III,3413.29534662868,0.6618065567720967
III,3414.0550807217473,0.6771084424778099
III,3414.814814814815,0.6924103281835231
III,3416.3342830009497,0.7077122138892363
III,3417.094017094017,0.7230140995949496
III,3417.8537511870845,0.7421414567270911
III,3419.3732193732194,0.7574433424328043
III,3420.132953466287,0.7727452281385175
III,3420.8926875593543,0.7880471138442308
III,3421.6524216524217,0.803348999549944
III,3423.1718898385566,0.8224763566820854
III,3423.931623931624,0.8377782423877986
III,3424.6913580246915,0.8530801280935119
III,3426.2108262108263,0.8683820137992251
III,3426.9705603038938,0.8875093709313666
III,3427.730294396961,0.9028112566370798
III,3429.249762583096,0.9181131423427931
III,3430.0094966761635,0.9334150280485063
III,3430.769230769231,0.9487169137542195
III,3432.288698955366,0.967844270886361
III,3433.0484330484333,0.9831461565920743
III,3433.8081671415002,0.9984480422977875
III,3435.327635327635,1.0137499280035007
III,3436.087369420703,1.029051813709214
III,3436.84710351377,1.0443536994149272
III,3438.366571699905,1.055830113694212
III,3439.1263057929723,1.0711319993999253
III,3439.8860398860397,1.0864338851056385
III,3440.645773979107,1.0979102993849235
III,3442.165242165242,1.1132121850906367
III,3442.9249762583095,1.1246885993699216
III,3443.684710351377,1.1399904850756348
III,3445.204178537512,1.1514668993549195
III,3445.963912630579,1.1629433136342044
III,3446.7236467236467,1.1744197279134894
III,3448.2431149097815,1.1858961421927743
III,3449.002849002849,1.1973725564720592
III,3449.7625830959164,1.2088489707513441
III,3451.2820512820513,1.2164999136042007
III,3452.0417853751187,1.2279763278834857
III,3452.801519468186,1.2356272707363423
III,3454.320987654321,1.2432782135891989
III,3455.0807217473885,1.2547546278684838
III,3455.840455840456,1.2624055707213404
III,3457.3599240265908,1.270056513574197
III,3458.119658119658,1.2738819850006253
III,3458.8793922127256,1.281532927853482
III,3460.3988603988605,1.2891838707063386
III,3461.158594491928,1.2930093421327669
III,3461.9183285849954,1.3006602849856235
III,3462.678062678063,1.3044857564120518
III,3464.1975308641977,1.30831122783848
III,3464.957264957265,1.3121366992649084
III,3465.7169990503326,1.3159621706913367
III,3467.2364672364674,1.319787642117765
III,3467.9962013295344,1.3236131135441933
III,3468.7559354226023,1.3274385849706216
III,3470.275403608737,1.3274385849706216
III,3471.035137701804,1.33126405639705
III,3471.7948717948716,1.3350895278234782
III,3473.3143399810065,1.3350895278234782
III,3474.074074074074,1.3350895278234782
III,3474.8338081671413,1.3389149992499065
III,3476.353276353276,1.3389149992499065
III,3477.1130104463437,1.3389149992499065
III,3477.872744539411,1.3427404706763348
III,3479.392212725546,1.3427404706763348
III,3480.1519468186134,1.3427404706763348
III,3480.911680911681,1.3427404706763348
III,3481.6714150047483,1.3427404706763348
III,3483.190883190883,1.3427404706763348
III,3483.9506172839506,1.3427404706763348
III,3484.710351377018,1.3427404706763348
III,3486.229819563153,1.3427404706763348
III,3486.9895536562203,1.3427404706763348
III,3487.7492877492878,1.3427404706763348
III,3489.2687559354226,1.3427404706763348
III,3490.02849002849,1.3427404706763348
III,3490.7882241215575,1.3427404706763348
III,3492.3076923076924,1.3427404706763348
III,3493.06742640076,1.3427404706763348
III,3493.8271604938273,1.3427404706763348
III,3495.346628679962,1.3427404706763348
III,3496.1063627730296,1.3427404706763348
III,3496.866096866097,1.3427404706763348
III,3498.385565052232,1.3427404706763348
III,3499.1452991452993,1.3427404706763348
III,3499.9050332383667,1.3427404706763348
III,3501.4245014245016,1.3427404706763348
III,3502.1842355175686,1.3427404706763348
III,3502.9439696106365,1.3427404706763348
III,3503.7037037037035,1.3427404706763348
III,3505.2231718898383,1.3465659421027631
III,3505.9829059829062,1.3465659421027631
III,3506.742640075973,1.3465659421027631
III,3508.262108262108,1.3465659421027631
III,3509.0218423551755,1.3465659421027631
III,3509.781576448243,1.3465659421027631
III,3511.301044634378,1.3503914135291915
III,3512.0607787274453,1.3503914135291915
III,3512.8205128205127,1.3503914135291915
III,3514.3399810066476,1.3503914135291915
III,3515.099715099715,1.3542168849556198
III,3515.8594491927824,1.3542168849556198
III,3517.3789173789173,1.3542168849556198
III,3518.1386514719848,1.358042356382048
III,3518.898385565052,1.358042356382048
III,3520.417853751187,1.358042356382048
III,3521.1775878442545,1.358042356382048
III,3521.937321937322,1.3618678278084764
III,3522.6970560303894,1.3618678278084764
III,3524.2165242165242,1.3618678278084764
III,3524.9762583095917,1.3656932992349047
III,3525.735992402659,1.3656932992349047
III,3527.255460588794,1.369518770661333
III,3528.0151946818614,1.369518770661333
III,3528.774928774929,1.369518770661333
III,3530.2943969610637,1.3733442420877613
III,3531.054131054131,1.3733442420877613
III,3531.8138651471986,1.3771697135141896
III,3533.3333333333335,1.3771697135141896
III,3534.093067426401,1.380995184940618
III,3534.852801519468,1.380995184940618
III,3536.372269705603,1.3848206563670462
III,3537.1320037986707,1.3848206563670462
III,3537.8917378917376,1.3886461277934745
III,3539.4112060778725,1.3886461277934745
III,3540.1709401709404,1.3924715992199028
III,3540.9306742640074,1.3962970706463311
III,3542.4501424501423,1.3962970706463311
III,3543.20987654321,1.4001225420727594
III,3543.969610636277,1.4039480134991877
III,3544.7293447293446,1.407773484925616
III,3546.2488129154794,1.4115989563520444
III,3547.008547008547,1.4154244277784727
III,3547.7682811016143,1.4154244277784727
III,3549.287749287749,1.419249899204901
III,3550.0474833808166,1.4269008420577576
III,3550.807217473884,1.4307263134841859
III,3552.326685660019,1.4345517849106142
III,3553.0864197530864,1.4383772563370425
III,3553.846153846154,1.4422027277634708
III,3555.3656220322887,1.4498536706163274
III,3556.125356125356,1.4536791420427557
III,3556.8850902184236,1.457504613469184
III,3558.4045584045584,1.4651555563220406
III,3559.164292497626,1.4728064991748973
III,3559.9240265906933,1.4766319706013256
III,3561.443494776828,1.4842829134541822
III,3562.2032288698956,1.4919338563070388
III,3562.962962962963,1.495759327733467
III,3563.7226970560305,1.5034102705863237
III,3565.2421652421654,1.5110612134391803
III,3566.001899335233,1.518712156292037
III,3566.7616334283002,1.5301885705713218
III,3568.281101614435,1.5378395134241785
III,3569.0408357075025,1.545490456277035
III,3569.80056980057,1.5531413991298917
III,3571.320037986705,1.5646178134091766
III,3572.079772079772,1.5722687562620332
III,3572.8395061728397,1.5837451705413181
III,3574.3589743589746,1.5913961133941747
III,3575.1187084520416,1.6028725276734597
III,3575.8784425451095,1.6105234705263163
III,3577.3979107312443,1.621999884805601
III,3578.1576448243113,1.633476299084886
III,3578.9173789173788,1.6449527133641708
III,3580.4368471035136,1.6564291276434557
III,3581.196581196581,1.6679055419227407
III,3581.9563152896485,1.6793819562020256
III,3583.4757834757834,1.6908583704813105
III,3584.235517568851,1.7023347847605954
III,3584.9952516619182,1.7138111990398803
III,3585.7549857549857,1.7252876133191652
III,3587.2744539411206,1.7367640275984502
III,3588.034188034188,1.748240441877735
III,3588.7939221272554,1.7635423275834483
III,3590.3133903133903,1.7750187418627332
III,3591.0731244064577,1.7864951561420181
III,3591.832858499525,1.8017970418477314
III,3593.35232668566,1.8132734561270163
III,3594.1120607787275,1.8247498704063012
III,3594.871794871795,1.8400517561120144
III,3596.39126305793,1.8515281703912994
III,3597.1509971509972,1.8668300560970126
III,3597.9107312440647,1.8783064703762975
III,3599.4301994301995,1.8936083560820107
III,3600.189933523267,1.9050847703612956
III,3600.9496676163344,1.9203866560670089
III,3602.4691358024693,1.9318630703462938
III,3603.2288698955367,1.947164956052007
III,3603.988603988604,1.958641370331292
III,3604.748338081671,1.9739432560370052
III,3606.267806267806,1.98541967031629
III,3607.027540360874,2.000721556022003
III,3607.787274453941,2.012197970301288
III,3609.3067426400758,2.023674384580573
III,3610.0664767331436,2.038976270286286
III,3610.8262108262106,2.0504526845655713
III,3612.3456790123455,2.061929098844856
III,3613.105413105413,2.077230984550569
III,3613.8651471984804,2.0887073988298543
III,3615.3846153846152,2.100183813109139
III,3616.1443494776827,2.111660227388424
III,3616.90408357075,2.123136641667709
III,3618.423551756885,2.138438527373422
III,3619.1832858499524,2.1499149416527072
III,3619.94301994302,2.161391355931992
III,3621.4624881291547,2.172867770211277
III,3622.222222222222,2.1805187130641337
III,3622.9819563152896,2.1919951273434184
III,3624.5014245014245,2.2034715416227035
III,3625.261158594492,2.2149479559019882
III,3626.0208926875594,2.222598898754845
III,3626.780626780627,2.23407531303413
III,3628.3000949667617,2.2417262558869866
III,3629.059829059829,2.249377198739843
III,3629.8195631528965,2.260853613019128
III,3631.3390313390314,2.2685045558719845
III,3632.098765432099,2.276155498724841
III,3632.8584995251663,2.2838064415776977
III,3634.377967711301,2.2914573844305544
III,3635.1377018043686,2.299108327283411
III,3635.897435897436,2.302933798709839
III,3637.416904083571,2.3105847415626957
III,3638.1766381766383,2.314410212989124
III,3638.9363722697058,2.3182356844155523
III,3640.45584045584,2.325886627268409
III,3641.215574548908,2.3297120986948374
III,3641.975308641975,2.3335375701212655
III,3643.49477682811,2.3335375701212655
III,3644.254510921178,2.337363041547694
III,3645.014245014245,2.341188512974122
III,3645.7739791073127,2.341188512974122
III,3647.2934472934476,2.341188512974122
III,3648.0531813865146,2.341188512974122
III,3648.812915479582,2.341188512974122
III,3650.332383665717,2.341188512974122
III,3651.0921177587843,2.341188512974122
III,3651.8518518518517,2.337363041547694
III,3653.3713200379866,2.337363041547694
III,3654.131054131054,2.3335375701212655
III,3654.8907882241215,2.3297120986948374
III,3656.4102564102564,2.325886627268409
III,3657.169990503324,2.3182356844155523
III,3657.929724596391,2.314410212989124
III,3659.449192782526,2.3067592701362676
III,3660.2089268755935,2.302933798709839
III,3660.968660968661,2.295282855856983
III,3662.488129154796,2.2876319130041263
III,3663.2478632478633,2.276155498724841
III,3664.0075973409307,2.2685045558719845
III,3665.5270655270656,2.260853613019128
III,3666.286799620133,2.249377198739843
III,3667.0465337132005,2.237900784460558
III,3667.806267806268,2.2264243701812734
III,3669.3257359924028,2.2149479559019882
III,3670.08547008547,2.2034715416227035
III,3670.8452041785376,2.1881696559169903
III,3672.3646723646725,2.176693241637705
III,3673.12440645774,2.161391355931992
III,3673.8841405508074,2.1460894702262787
III,3675.4036087369423,2.1307875845205655
III,3676.1633428300092,2.1154856988148523
III,3676.923076923077,2.100183813109139
III,3678.442545109212,2.0810564559769977
III,3679.202279202279,2.0657545702712845
III,3679.962013295347,2.0466272131391428
III,3681.4814814814818,2.0313253274334295
III,3682.2412155745487,2.012197970301288
III,3683.000949667616,1.9930706131691467
III,3684.520417853751,1.9739432560370052
III,3685.2801519468185,1.9548158989048636
III,3686.039886039886,1.935688541772722
III,3686.7996201329534,1.9127357132141523
III,3688.319088319088,1.8936083560820107
III,3689.0788224121557,1.8744809989498692
III,3689.838556505223,1.8515281703912994
III,3691.358024691358,1.8324008132591578
III,3692.1177587844254,1.809447984700588
III,3692.877492877493,1.7864951561420181
III,3694.3969610636277,1.7673677990098766
III,3695.156695156695,1.7444149704513068
III,3695.9164292497626,1.721462141892737
III,3697.4358974358975,1.698509313334167
III,3698.195631528965,1.6793819562020256
III,3698.9553656220323,1.6564291276434557
III,3700.474833808167,1.633476299084886
III,3701.2345679012346,1.6105234705263163
III,3701.994301994302,1.5875706419677464
III,3703.513770180437,1.5646178134091766
III,3704.2735042735044,1.5416649848506068
III,3705.033238366572,1.518712156292037
III,3706.5527065527067,1.495759327733467
III,3707.312440645774,1.4766319706013256
III,3708.0721747388416,1.4536791420427557
III,3708.8319088319085,1.4307263134841859
III,3710.3513770180434,1.407773484925616
III,3711.1111111111113,1.3848206563670462
III,3711.8708452041783,1.3656932992349047
III,3713.390313390313,1.3427404706763348
III,3714.150047483381,1.319787642117765
III,3714.909781576448,1.3006602849856235
III,3716.429249762583,1.2777074564270536
III,3717.188983855651,1.258580099294912
III,3717.948717948718,1.2356272707363423
III,3719.4681861348527,1.2164999136042007
III,3720.22792022792,1.193547085045631
III,3720.9876543209875,1.1744197279134894
III,3722.5071225071224,1.1552923707813478
III,3723.26685660019,1.1361650136492065
III,3724.0265906932573,1.1132121850906367
III,3725.546058879392,1.0940848279584952
III,3726.3057929724596,1.0749574708263536
III,3727.065527065527,1.0596555851206404
III,3727.8252611585945,1.0405282279884989
III,3729.3447293447293,1.0214008708563573
III,3730.1044634377968,1.0022735137242158
III,3730.864197530864,0.9869716280185026
III,3732.383665716999,0.967844270886361
III,3733.1433998100665,0.9525423851806478
III,3733.903133903134,0.9334150280485063
III,3735.422602089269,0.9181131423427931
III,3736.1823361823363,0.9028112566370798
III,3736.9420702754037,0.8836838995049383
III,3738.4615384615386,0.8683820137992251
III,3739.221272554606,0.8530801280935119
III,3739.9810066476734,0.8377782423877986
III,3741.5004748338083,0.8224763566820854
III,3742.2602089268757,0.8109999424028005
III,3743.019943019943,0.7956980566970874
III,3744.5394112060776,0.7803961709913741
III,3745.2991452991455,0.7689197567120892
III,3746.0588793922125,0.753617871006376
III,3746.8186134852804,0.7421414567270911
III,3748.3380816714152,0.7268395710213779
III,3749.097815764482,0.7153631567420929
III,3749.85754985755,0.703886742462808
III,3751.377018043685,0.6924103281835231
III,3752.136752136752,0.6771084424778099
III,3752.8964862298194,0.665632028198525
III,3754.4159544159543,0.65415561391924
III,3755.1756885090217,0.6465046710663834
III,3755.935422602089,0.6350282567870985
III,3757.454890788224,0.6235518425078136
III,3758.2146248812915,0.6120754282285287
III,3758.974358974359,0.6044244853756721
III,3760.4938271604938,0.5929480710963871
III,3761.253561253561,0.5814716568171022
III,3762.0132953466286,0.5738207139642457
III,3763.5327635327635,0.5623442996849608
III,3764.292497625831,0.5546933568321042
III,3765.0522317188984,0.5470424139792476
III,3766.5716999050333,0.5355659996999627
III,3767.3314339981007,0.527915056847106
III,3768.091168091168,0.5202641139942494
III,3768.8509021842356,0.5126131711413928
III,3770.3703703703704,0.5049622282885362
III,3771.130104463438,0.4973112854356796
III,3771.8898385565053,0.489660342582823
III,3773.40930674264,0.48200939972996637
III,3774.1690408357076,0.47435845687710976
III,3774.928774928775,0.46670751402425315
III,3776.44824311491,0.45905657117139653
III,3777.2079772079774,0.4514056283185399
III,3777.967711301045,0.4475801568921116
III,3779.4871794871797,0.439929214039255
III,3780.2469135802467,0.4322782711863984
III,3781.0066476733145,0.4284527997599701
III,3782.5261158594494,0.42080185690711347
III,3783.2858499525164,0.41697638548068516
III,3784.0455840455843,0.40932544262782855
III,3785.565052231719,0.40549997120140024
III,3786.324786324786,0.3978490283485437
III,3787.0845204178536,0.3940235569221154
III,3787.844254510921,0.38637261406925877
III,3789.363722697056,0.38254714264283046
III,3790.1234567901233,0.37489619978997385
III,3790.8831908831908,0.37107072836354554
III,3792.4026590693256,0.36724525693711724
III,3793.162393162393,0.36341978551068893
III,3793.9221272554605,0.3557688426578323
III,3795.4415954415954,0.351943371231404
III,3796.201329534663,0.3481178998049757
III,3796.9610636277303,0.3442924283785474
III,3798.480531813865,0.3404669569521191
III,3799.2402659069326,0.3366414855256908
III,3800.0,0.3289905426728342
III,3801.519468186135,0.32516507124640587
III,3802.2792022792023,0.32133959981997756
III,3803.0389363722697,0.31751412839354926
III,3804.5584045584046,0.31368865696712095
III,3805.318138651472,0.30986318554069264
III,3806.0778727445395,0.30603771411426434
III,3807.5973409306744,0.30221224268783603
III,3808.357075023742,0.2983867712614077
III,3809.1168091168092,0.2945612998349794
III,3809.8765432098767,0.2907358284085511
III,3811.3960113960115,0.2907358284085511
III,3812.155745489079,0.28691035698212286
III,3812.9154795821464,0.28308488555569455
III,3814.434947768281,0.27925941412926625
III,3815.1946818613487,0.27543394270283794
III,3815.9544159544157,0.27160847127640964
III,3817.4738841405506,0.27160847127640964
III,3818.2336182336185,0.26778299984998133
III,3818.9933523266855,0.263957528423553
III,3820.5128205128203,0.2601320569971247
III,3821.272554605888,0.2563065855706964
III,3822.032288698955,0.2563065855706964
III,3823.55175688509,0.2524811141442681
III,3824.3114909781575,0.2486556427178398
III,3825.071225071225,0.2486556427178398
III,3826.59069325736,0.2448301712914115
III,3827.3504273504273,0.24100469986498319
III,3828.1101614434947,0.24100469986498319
III,3828.869895536562,0.23717922843855488
III,3830.389363722697,0.23335375701212657
III,3831.1490978157644,0.23335375701212657
III,3831.908831908832,0.22952828558569827
III,3833.4283000949667,0.22570281415926996
III,3834.188034188034,0.22570281415926996
III,3834.9477682811016,0.22187734273284165
III,3836.4672364672365,0.22187734273284165
III,3837.226970560304,0.21805187130641335
III,3837.9867046533714,0.21805187130641335
III,3839.5061728395062,0.21422639987998504
III,3840.2659069325737,0.21040092845355673
III,3841.025641025641,0.21040092845355673
III,3842.545109211776,0.20657545702712843
III,3843.3048433048434,0.20657545702712843
III,3844.064577397911,0.20274998560070012
III,3845.5840455840457,0.20274998560070012
III,3846.343779677113,0.19892451417427184
III,3847.1035137701806,0.19892451417427184
III,3848.622981956315,0.19509904274784354
III,3849.382716049383,0.19509904274784354
III,3850.14245014245,0.19127357132141523
III,3850.902184235518,0.19127357132141523
III,3852.4216524216527,0.19127357132141523
III,3853.1813865147196,0.18744809989498692
III,3853.9411206077875,0.18744809989498692
III,3855.4605887939224,0.18362262846855862
III,3856.2203228869894,0.18362262846855862
III,3856.980056980057,0.1797971570421303
III,3858.4995251661917,0.1797971570421303
III,3859.259259259259,0.1797971570421303
III,3860.0189933523266,0.175971685615702
III,3861.5384615384614,0.175971685615702
III,3862.298195631529,0.1721462141892737
III,3863.0579297245963,0.1721462141892737
III,3864.577397910731,0.1721462141892737
III,3865.3371320037986,0.1683207427628454
III,3866.096866096866,0.1683207427628454
III,3867.616334283001,0.1683207427628454
III,3868.3760683760684,0.1644952713364171
III,3869.135802469136,0.1644952713364171
III,3869.8955365622032,0.1644952713364171
III,3871.415004748338,0.16066979990998878
III,3872.1747388414055,0.16066979990998878
III,3872.934472934473,0.16066979990998878
III,3874.453941120608,0.15684432848356047
III,3875.2136752136753,0.15684432848356047
III,3875.9734093067427,0.15684432848356047
III,3877.4928774928776,0.15301885705713217
III,3878.252611585945,0.15301885705713217
III,3879.0123456790125,0.15301885705713217
III,3880.5318138651473,0.15301885705713217
III,3881.291547958215,0.14919338563070386
III,3882.051282051282,0.14919338563070386
III,3883.570750237417,0.14919338563070386
III,3884.330484330484,0.14536791420427556
III,3885.090218423552,0.14536791420427556
III,3886.609686609687,0.14536791420427556
III,3887.369420702754,0.14536791420427556
III,3888.1291547958217,0.14154244277784728
III,3889.6486229819566,0.14154244277784728
III,3890.4083570750236,0.14154244277784728
III,3891.1680911680915,0.14154244277784728
III,3891.9278252611584,0.13771697135141897
III,3893.4472934472933,0.13771697135141897
III,3894.2070275403607,0.13771697135141897
III,3894.966761633428,0.13771697135141897
III,3896.486229819563,0.13771697135141897
III,3897.2459639126305,0.13389149992499066
III,3898.005698005698,0.13389149992499066
III,3899.525166191833,0.13389149992499066
III,3900.2849002849002,0.13389149992499066
IV,2899.7150997150998,-0.0521735310370298
IV,2900.474833808167,-0.0521735310370298
IV,2901.994301994302,-0.0521735310370298
IV,2902.7540360873695,-0.0521735310370298
IV,2903.513770180437,-0.0521735310370298
IV,2905.033238366572,-0.0521735310370298
IV,2905.7929724596393,-0.0521735310370298
IV,2906.5527065527067,-0.0521735310370298
IV,2908.0721747388416,-0.0521735310370298
IV,2908.831908831909,-0.0521735310370298
IV,2909.5916429249764,-0.0521735310370298
IV,2910.351377018044,-0.0521735310370298
IV,2911.8708452041787,-0.0521735310370298
IV,2912.630579297246,-0.0521735310370298
IV,2913.390313390313,-0.0521735310370298
IV,2914.909781576448,-0.05962689261374834
IV,2915.6695156695155,-0.05962689261374834
IV,2916.429249762583,-0.05962689261374834
IV,2917.948717948718,-0.05962689261374834
IV,2918.708452041785,-0.05962689261374834
IV,2919.4681861348527,-0.05962689261374834
IV,2920.9876543209875,-0.05962689261374834
IV,2921.747388414055,-0.05962689261374834
IV,2922.5071225071224,-0.05962689261374834
IV,2924.0265906932573,-0.05962689261374834
IV,2924.7863247863247,-0.05962689261374834
IV,2925.546058879392,-0.05962689261374834
IV,2927.065527065527,-0.05962689261374834
IV,2927.8252611585945,-0.05962689261374834
IV,2928.584995251662,-0.05962689261374834
IV,2930.1044634377968,-0.05962689261374834
IV,2930.864197530864,-0.05962689261374834
IV,2931.6239316239316,-0.05962689261374834
IV,2932.383665716999,-0.06708025419046688
IV,2933.903133903134,-0.06708025419046688
IV,2934.6628679962014,-0.06708025419046688
IV,2935.422602089269,-0.06708025419046688
IV,2936.9420702754037,-0.06708025419046688
IV,2937.701804368471,-0.06708025419046688
IV,2938.4615384615386,-0.06708025419046688
IV,2939.9810066476734,-0.06708025419046688
IV,2940.740740740741,-0.06708025419046688
IV,2941.5004748338083,-0.06708025419046688
IV,2943.019943019943,-0.06708025419046688
IV,2943.7796771130106,-0.06708025419046688
IV,2944.539411206078,-0.06708025419046688
IV,2946.058879392213,-0.06708025419046688
IV,2946.8186134852804,-0.06708025419046688
IV,2947.5783475783473,-0.07453361576718542
IV,2949.097815764482,-0.07453361576718542
IV,2949.8575498575497,-0.07453361576718542
IV,2950.617283950617,-0.07453361576718542
IV,2951.3770180436845,-0.07453361576718542
IV,2952.8964862298194,-0.07453361576718542
IV,2953.656220322887,-0.07453361576718542
IV,2954.4159544159543,-0.07453361576718542
IV,2955.935422602089,-0.07453361576718542
IV,2956.6951566951566,-0.07453361576718542
IV,2957.454890788224,-0.07453361576718542
IV,2958.974358974359,-0.08198697734390396
IV,2959.7340930674263,-0.08198697734390396
IV,2960.4938271604938,-0.08198697734390396
IV,2962.0132953466286,-0.08198697734390396
IV,2962.773029439696,-0.08198697734390396
IV,2963.5327635327635,-0.08198697734390396
IV,2965.0522317188984,-0.08198697734390396
IV,2965.811965811966,-0.08198697734390396
IV,2966.5716999050333,-0.08198697734390396
IV,2968.091168091168,-0.08198697734390396
IV,2968.8509021842356,-0.0894403389206225
IV,2969.610636277303,-0.0894403389206225
IV,2971.130104463438,-0.0894403389206225
IV,2971.8898385565053,-0.0894403389206225
IV,2972.6495726495727,-0.0894403389206225
IV,2973.40930674264,-0.0894403389206225
IV,2974.928774928775,-0.0894403389206225
IV,2975.6885090218425,-0.0894403389206225
IV,2976.44824311491,-0.09689370049734104
IV,2977.967711301045,-0.09689370049734104
IV,2978.7274453941122,-0.09689370049734104
IV,2979.4871794871797,-0.09689370049734104
IV,2981.0066476733145,-0.09689370049734104
IV,2981.766381766382,-0.09689370049734104
IV,2982.5261158594494,-0.09689370049734104
IV,2984.045584045584,-0.1043470620740596
IV,2984.8053181386513,-0.1043470620740596
IV,2985.5650522317187,-0.1043470620740596
IV,2987.0845204178536,-0.1043470620740596
IV,2987.844254510921,-0.1043470620740596
IV,2988.6039886039885,-0.1043470620740596
IV,2990.1234567901233,-0.11180042365077814
IV,2990.8831908831908,-0.11180042365077814
IV,2991.642924976258,-0.11180042365077814
IV,2992.4026590693256,-0.11180042365077814
IV,2993.9221272554605,-0.11180042365077814
IV,2994.681861348528,-0.11925378522749668
IV,2995.4415954415954,-0.11925378522749668
IV,2996.9610636277303,-0.11925378522749668
IV,2997.7207977207977,-0.11925378522749668
IV,2998.480531813865,-0.12670714680421521
IV,3000.0,-0.12670714680421521
IV,3000.7597340930674,-0.12670714680421521
IV,3001.519468186135,-0.12670714680421521
IV,3003.0389363722697,-0.13416050838093377
IV,3003.798670465337,-0.13416050838093377
IV,3004.5584045584046,-0.13416050838093377
IV,3006.0778727445395,-0.13416050838093377
IV,3006.837606837607,-0.1416138699576523
IV,3007.5973409306744,-0.1416138699576523
IV,3009.1168091168092,-0.1416138699576523
IV,3009.8765432098767,-0.1416138699576523
IV,3010.636277302944,-0.14906723153437085
IV,3012.155745489079,-0.14906723153437085
IV,3012.9154795821464,-0.14906723153437085
IV,3013.675213675214,-0.15652059311108937
IV,3014.4349477682813,-0.15652059311108937
IV,3015.954415954416,-0.15652059311108937
IV,3016.7141500474836,-0.16397395468780793
IV,3017.4738841405506,-0.16397395468780793
IV,3018.9933523266855,-0.16397395468780793
IV,3019.753086419753,-0.17142731626452648
IV,3020.5128205128203,-0.17142731626452648
IV,3022.032288698955,-0.17142731626452648
IV,3022.7920227920226,-0.17142731626452648
IV,3023.55175688509,-0.178880677841245
IV,3025.071225071225,-0.178880677841245
IV,3025.8309591642924,-0.178880677841245
IV,3026.59069325736,-0.18633403941796356
IV,3028.1101614434947,-0.18633403941796356
IV,3028.869895536562,-0.18633403941796356
IV,3029.6296296296296,-0.19378740099468209
IV,3031.1490978157644,-0.19378740099468209
IV,3031.908831908832,-0.19378740099468209
IV,3032.6685660018993,-0.20124076257140064
IV,3033.4283000949667,-0.20124076257140064
IV,3034.9477682811016,-0.20124076257140064
IV,3035.707502374169,-0.2086941241481192
IV,3036.4672364672365,-0.2086941241481192
IV,3037.9867046533714,-0.2086941241481192
IV,3038.746438746439,-0.21614748572483772
IV,3039.5061728395062,-0.21614748572483772
IV,3041.025641025641,-0.21614748572483772
IV,3041.7853751187085,-0.22360084730155627
IV,3042.545109211776,-0.22360084730155627
IV,3044.064577397911,-0.22360084730155627
IV,3044.8243114909783,-0.2310542088782748
IV,3045.5840455840457,-0.2310542088782748
IV,3047.1035137701806,-0.23850757045499335
IV,3047.863247863248,-0.23850757045499335
IV,3048.6229819563155,-0.23850757045499335
IV,3050.1424501424503,-0.2459609320317119
IV,3050.902184235518,-0.2459609320317119
IV,3051.661918328585,-0.2459609320317119
IV,3053.1813865147196,-0.25341429360843043
IV,3053.941120607787,-0.25341429360843043
IV,3054.7008547008545,-0.260867655185149
IV,3055.460588793922,-0.260867655185149
IV,3056.980056980057,-0.260867655185149
IV,3057.7397910731243,-0.26832101676186754
IV,3058.4995251661917,-0.26832101676186754
IV,3060.0189933523266,-0.27577437833858603
IV,3060.778727445394,-0.27577437833858603
IV,3061.5384615384614,-0.2832277399153046
IV,3063.0579297245963,-0.2832277399153046
IV,3063.8176638176637,-0.29068110149202314
IV,3064.577397910731,-0.29068110149202314
IV,3066.096866096866,-0.29068110149202314
IV,3066.8566001899335,-0.2981344630687417
IV,3067.616334283001,-0.30558782464546025
IV,3069.135802469136,-0.30558782464546025
IV,3069.8955365622032,-0.31304118622217875
IV,3070.6552706552707,-0.31304118622217875
IV,3072.1747388414055,-0.3204945477988973
IV,3072.934472934473,-0.3204945477988973
IV,3073.6942070275404,-0.32794790937561585
IV,3074.453941120608,-0.3354012709523344
IV,3075.9734093067427,-0.3354012709523344
IV,3076.73314339981,-0.34285463252905296
IV,3077.4928774928776,-0.34285463252905296
IV,3079.0123456790125,-0.35030799410577146
IV,3079.77207977208,-0.35776135568249
IV,3080.5318138651473,-0.36521471725920857
IV,3082.051282051282,-0.36521471725920857
IV,3082.8110161443497,-0.3726680788359271
IV,3083.570750237417,-0.3801214404126457
IV,3085.090218423552,-0.38757480198936417
IV,3085.8499525166194,-0.38757480198936417
IV,3086.609686609687,-0.3950281635660827
IV,3088.1291547958213,-0.4024815251428013
IV,3088.8888888888887,-0.40993488671951983
IV,3089.648622981956,-0.4173882482962384
IV,3091.168091168091,-0.4248416098729569
IV,3091.9278252611584,-0.43229497144967544
IV,3092.687559354226,-0.43229497144967544
IV,3093.4472934472933,-0.439748333026394
IV,3094.966761633428,-0.44720169460311254
IV,3095.7264957264956,-0.4546550561798311
IV,3096.486229819563,-0.4621084177565496
IV,3098.005698005698,-0.46956177933326815
IV,3098.7654320987654,-0.4770151409099867
IV,3099.525166191833,-0.4919218640634238
IV,3101.0446343779677,-0.4993752256401423
IV,3101.804368471035,-0.5068285872168609
IV,3102.5641025641025,-0.5142819487935794
IV,3104.0835707502374,-0.521735310370298
IV,3104.843304843305,-0.5291886719470165
IV,3105.6030389363723,-0.5366420335237351
IV,3107.122507122507,-0.5515487566771721
IV,3107.8822412155746,-0.5590021182538907
IV,3108.641975308642,-0.5664554798306092
IV,3110.161443494777,-0.5739088414073278
IV,3110.9211775878443,-0.5888155645607648
IV,3111.680911680912,-0.5962689261374834
IV,3113.2003798670466,-0.6037222877142019
IV,3113.960113960114,-0.618629010867639
IV,3114.7198480531815,-0.6260823724443575
IV,3115.479582146249,-0.6409890955977946
IV,3116.999050332384,-0.6484424571745132
IV,3117.7587844254513,-0.6633491803279502
IV,3118.5185185185187,-0.6708025419046688
IV,3120.0379867046536,-0.6857092650581059
IV,3120.797720797721,-0.6931626266348244
IV,3121.557454890788,-0.7080693497882615
IV,3123.076923076923,-0.71552271136498
IV,3123.8366571699903,-0.7304294345184171
IV,3124.5963912630577,-0.7453361576718542
IV,3126.1158594491926,-0.7527895192485727
IV,3126.87559354226,-0.7676962424020098
IV,3127.6353276353275,-0.782602965555447
IV,3129.1547958214624,-0.7900563271321654
IV,3129.91452991453,-0.8049630502856026
IV,3130.6742640075972,-0.8198697734390397
IV,3132.193732193732,-0.8347764965924768
IV,3132.9534662867995,-0.8496832197459138
IV,3133.713200379867,-0.8571365813226324
IV,3134.4729344729344,-0.8720433044760695
IV,3135.9924026590693,-0.8869500276295065
IV,3136.7521367521367,-0.9018567507829436
IV,3137.511870845204,-0.9167634739363807
IV,3139.031339031339,-0.9316701970898178
IV,3139.7910731244065,-0.9465769202432549
IV,3140.550807217474,-0.9614836433966919
IV,3142.070275403609,-0.976390366550129
IV,3142.830009496676,-0.9912970897035661
IV,3143.5897435897436,-1.0062038128570032
IV,3145.1092117758785,-1.0211105360104402
IV,3145.868945868946,-1.0360172591638774
IV,3146.6286799620134,-1.058377343894033
IV,3148.1481481481483,-1.0732840670474701
IV,3148.9078822412157,-1.0881907902009071
IV,3149.667616334283,-1.1030975133543441
IV,3151.187084520418,-1.1180042365077814
IV,3151.9468186134854,-1.1329109596612184
IV,3152.706552706553,-1.155271044391374
IV,3154.2260208926878,-1.170177767544811
IV,3154.985754985755,-1.1850844906982483
IV,3155.745489078822,-1.1999912138516853
IV,3156.50522317189,-1.222351298581841
IV,3158.0246913580245,-1.237258021735278
IV,3158.784425451092,-1.252164744888715
IV,3159.5441595441594,-1.2745248296188707
IV,3161.0636277302942,-1.2894315527723077
IV,3161.8233618233617,-1.304338275925745
IV,3162.583095916429,-1.319244999079182
IV,3164.102564102564,-1.3416050838093376
IV,3164.8622981956314,-1.3565118069627746
IV,3165.622032288699,-1.3714185301162118
IV,3167.1415004748337,-1.3863252532696488
IV,3167.901234567901,-1.4086853379998046
IV,3168.6609686609686,-1.4235920611532416
IV,3170.1804368471035,-1.4384987843066785
IV,3170.940170940171,-1.4608588690368343
IV,3171.6999050332383,-1.4757655921902713
IV,3173.219373219373,-1.4906723153437085
IV,3173.9791073124406,-1.5055790384971455
IV,3174.738841405508,-1.5204857616505827
IV,3175.4985754985755,-1.5353924848040197
IV,3177.0180436847104,-1.5577525695341754
IV,3177.777777777778,-1.5726592926876124
IV,3178.5375118708453,-1.5875660158410494
IV,3180.05698005698,-1.6024727389944866
IV,3180.8167141500476,-1.6173794621479236
IV,3181.576448243115,-1.6322861853013608
IV,3183.09591642925,-1.6471929084547978
IV,3183.8556505223173,-1.6546462700315163
IV,3184.6153846153848,-1.6695529931849535
IV,3186.1348528015196,-1.6844597163383905
IV,3186.894586894587,-1.6993664394918275
IV,3187.6543209876545,-1.7068198010685462
IV,3189.1737891737894,-1.7217265242219832
IV,3189.933523266857,-1.7366332473754202
IV,3190.6932573599242,-1.744086608952139
IV,3192.212725546059,-1.758993332105576
IV,3192.972459639126,-1.7664466936822945
IV,3193.7321937321935,-1.7813534168357317
IV,3195.2516619183284,-1.7888067784124502
IV,3196.011396011396,-1.7962601399891687
IV,3196.7711301044633,-1.8037135015658872
IV,3197.5308641975307,-1.8186202247193244
IV,3199.0503323836656,-1.8260735862960429
IV,3199.810066476733,-1.8335269478727614
IV,3200.5698005698005,-1.8409803094494799
IV,3202.0892687559353,-1.8484336710261984
IV,3202.8490028490028,-1.8484336710261984
IV,3203.60873694207,-1.855887032602917
IV,3205.128205128205,-1.8633403941796356
IV,3205.8879392212725,-1.870793755756354
IV,3206.64767331434,-1.870793755756354
IV,3208.167141500475,-1.8782471173330726
IV,3208.9268755935423,-1.8782471173330726
IV,3209.6866096866097,-1.885700478909791
IV,3211.2060778727446,-1.885700478909791
IV,3211.965811965812,-1.8931538404865098
IV,3212.7255460588794,-1.8931538404865098
IV,3214.2450142450143,-1.8931538404865098
IV,3215.0047483380818,-1.8931538404865098
IV,3215.764482431149,-1.9006072020632283
IV,3216.5242165242166,-1.9006072020632283
IV,3218.0436847103515,-1.9006072020632283
IV,3218.803418803419,-1.9006072020632283
IV,3219.5631528964864,-1.9006072020632283
IV,3221.0826210826212,-1.9006072020632283
IV,3221.8423551756887,-1.9006072020632283
IV,3222.602089268756,-1.8931538404865098
IV,3224.121557454891,-1.8931538404865098
IV,3224.8812915479584,-1.8931538404865098
IV,3225.6410256410254,-1.8931538404865098
IV,3227.1604938271603,-1.8931538404865098
IV,3227.9202279202277,-1.885700478909791
IV,3228.679962013295,-1.885700478909791
IV,3230.19943019943,-1.885700478909791
IV,3230.9591642924975,-1.8782471173330726
IV,3231.718898385565,-1.8782471173330726
IV,3233.2383665716998,-1.8782471173330726
IV,3233.998100664767,-1.870793755756354
IV,3234.7578347578346,-1.870793755756354
IV,3236.2773029439695,-1.870793755756354
IV,3237.037037037037,-1.8633403941796356
IV,3237.7967711301044,-1.8633403941796356
IV,3238.556505223172,-1.855887032602917
IV,3240.0759734093067,-1.855887032602917
IV,3240.835707502374,-1.8484336710261984
IV,3241.5954415954416,-1.8484336710261984
IV,3243.1149097815764,-1.8484336710261984
IV,3243.874643874644,-1.8409803094494799
IV,3244.6343779677113,-1.8409803094494799
IV,3246.153846153846,-1.8335269478727614
IV,3246.9135802469136,-1.8335269478727614
IV,3247.673314339981,-1.8260735862960429
IV,3249.192782526116,-1.8260735862960429
IV,3249.9525166191834,-1.8186202247193244
IV,3250.712250712251,-1.8186202247193244
IV,3252.2317188983857,-1.8111668631426057
IV,3252.991452991453,-1.8037135015658872
IV,3253.7511870845206,-1.8037135015658872
IV,3255.2706552706554,-1.7962601399891687
IV,3256.030389363723,-1.7962601399891687
IV,3256.7901234567903,-1.7888067784124502
IV,3257.5498575498577,-1.7813534168357317
IV,3259.0693257359926,-1.773900055259013
IV,3259.8290598290596,-1.773900055259013
IV,3260.5887939221275,-1.7664466936822945
IV,3262.1082621082624,-1.758993332105576
IV,3262.8679962013293,-1.7515399705288575
IV,3263.6277302943968,-1.744086608952139
IV,3265.1471984805316,-1.7366332473754202
IV,3265.906932573599,-1.7291798857987017
IV,3266.6666666666665,-1.7217265242219832
IV,3268.1861348528014,-1.7142731626452647
IV,3268.945868945869,-1.7068198010685462
IV,3269.7056030389363,-1.6993664394918275
IV,3271.225071225071,-1.691913077915109
IV,3271.9848053181386,-1.6844597163383905
IV,3272.744539411206,-1.6695529931849535
IV,3274.264007597341,-1.6620996316082348
IV,3275.0237416904083,-1.6471929084547978
IV,3275.7834757834758,-1.6397395468780793
IV,3277.3029439696106,-1.624832823724642
IV,3278.062678062678,-1.6173794621479236
IV,3278.8224121557455,-1.6024727389944866
IV,3279.582146248813,-1.5875660158410494
IV,3281.101614434948,-1.580112654264331
IV,3281.8613485280152,-1.565205931110894
IV,3282.6210826210827,-1.5502992079574567
IV,3284.1405508072176,-1.5353924848040197
IV,3284.900284900285,-1.5204857616505827
IV,3285.6600189933524,-1.5055790384971455
IV,3287.1794871794873,-1.4906723153437085
IV,3287.9392212725547,-1.4757655921902713
IV,3288.698955365622,-1.4534055074601158
IV,3290.218423551757,-1.4384987843066785
IV,3290.9781576448245,-1.4235920611532416
IV,3291.737891737892,-1.4012319764230858
IV,3293.257359924027,-1.3863252532696488
IV,3294.0170940170938,-1.3714185301162118
IV,3294.7768281101617,-1.3490584453860561
IV,3296.2962962962965,-1.3341517222326191
IV,3297.0560303893635,-1.3117916375024634
IV,3297.8157644824314,-1.2894315527723077
IV,3298.5754985754984,-1.2745248296188707
IV,3300.0949667616333,-1.252164744888715
IV,3300.8547008547007,-1.2298046601585595
IV,3301.614434947768,-1.2148979370051223
IV,3303.133903133903,-1.1925378522749668
IV,3303.8936372269704,-1.170177767544811
IV,3304.653371320038,-1.155271044391374
IV,3306.1728395061727,-1.1329109596612184
IV,3306.93257359924,-1.1105508749310629
IV,3307.6923076923076,-1.0881907902009071
IV,3309.2117758784425,-1.0658307054707514
IV,3309.97150997151,-1.0509239823173144
IV,3310.7312440645774,-1.0285638975871587
IV,3312.2507122507122,-1.0062038128570032
IV,3313.0104463437797,-0.9838437281268476
IV,3313.770180436847,-0.9614836433966919
IV,3315.289648622982,-0.9391235586665363
IV,3316.0493827160494,-0.9242168355130992
IV,3316.809116809117,-0.9018567507829436
IV,3318.3285849952517,-0.879496666052788
IV,3319.088319088319,-0.8571365813226324
IV,3319.8480531813866,-0.8347764965924768
IV,3320.607787274454,-0.812416411862321
IV,3322.127255460589,-0.7975096887088841
IV,3322.8869895536563,-0.7751496039787283
IV,3323.646723646724,-0.7527895192485727
IV,3325.1661918328587,-0.7304294345184171
IV,3325.925925925926,-0.71552271136498
IV,3326.6856600189935,-0.6931626266348244
IV,3328.2051282051284,-0.6708025419046688
IV,3328.964862298196,-0.6484424571745132
IV,3329.724596391263,-0.6260823724443575
IV,3331.2440645773977,-0.6111756492909205
IV,3332.0037986704656,-0.5888155645607648
IV,3332.7635327635326,-0.5664554798306092
IV,3334.2830009496674,-0.5440953951004536
IV,3335.042735042735,-0.5291886719470165
IV,3335.8024691358023,-0.5068285872168609
IV,3337.321937321937,-0.48446850248670525
IV,3338.0816714150046,-0.4621084177565496
IV,3338.841405508072,-0.44720169460311254
IV,3339.6011396011395,-0.4248416098729569
IV,3341.1206077872744,-0.4024815251428013
IV,3341.880341880342,-0.38757480198936417
IV,3342.6400759734092,-0.36521471725920857
IV,3344.159544159544,-0.34285463252905296
IV,3344.9192782526115,-0.3204945477988973
IV,3345.679012345679,-0.30558782464546025
IV,3347.198480531814,-0.2832277399153046
IV,3347.9582146248813,-0.260867655185149
IV,3348.7179487179487,-0.23850757045499335
IV,3350.2374169040836,-0.22360084730155627
IV,3350.997150997151,-0.20124076257140064
IV,3351.7568850902185,-0.178880677841245
IV,3353.2763532763533,-0.15652059311108937
IV,3354.036087369421,-0.1416138699576523
IV,3354.795821462488,-0.11925378522749668
IV,3356.315289648623,-0.09689370049734104
IV,3357.0750237416905,-0.08198697734390396
IV,3357.834757834758,-0.05962689261374834
IV,3359.354226020893,-0.03726680788359271
IV,3360.1139601139603,-0.022360084730155626
IV,3360.8736942070277,0.0
IV,3361.633428300095,0.022360084730155626
IV,3363.15289648623,0.03726680788359271
IV,3363.912630579297,0.05962689261374834
IV,3364.672364672365,0.08198697734390396
IV,3366.1918328584998,0.09689370049734104
IV,3366.9515669515667,0.11925378522749668
IV,3367.711301044634,0.1416138699576523
IV,3369.230769230769,0.15652059311108937
IV,3369.9905033238365,0.178880677841245
IV,3370.750237416904,0.20124076257140064
IV,3372.269705603039,0.21614748572483772
IV,3373.0294396961062,0.23850757045499335
IV,3373.7891737891737,0.25341429360843043
IV,3375.3086419753085,0.27577437833858603
IV,3376.068376068376,0.2981344630687417
IV,3376.8281101614434,0.31304118622217875
IV,3378.3475783475783,0.3354012709523344
IV,3379.1073124406457,0.35030799410577146
IV,3379.867046533713,0.3726680788359271
IV,3380.6267806267806,0.38757480198936417
IV,3382.1462488129155,0.40993488671951983
IV,3382.905982905983,0.43229497144967544
IV,3383.6657169990503,0.44720169460311254
IV,3385.185185185185,0.46956177933326815
IV,3385.9449192782527,0.48446850248670525
IV,3386.70465337132,0.5068285872168609
IV,3388.224121557455,0.5291886719470165
IV,3388.9838556505224,0.5440953951004536
IV,3389.74358974359,0.5664554798306092
IV,3391.2630579297247,0.5888155645607648
IV,3392.022792022792,0.6111756492909205
IV,3392.7825261158596,0.6260823724443575
IV,3394.3019943019945,0.6484424571745132
IV,3395.061728395062,0.6708025419046688
IV,3395.8214624881293,0.6931626266348244
IV,3397.340930674264,0.71552271136498
IV,3398.100664767331,0.7378827960951356
IV,3398.860398860399,0.7602428808252913
IV,3400.379867046534,0.782602965555447
IV,3401.139601139601,0.8049630502856026
IV,3401.899335232669,0.8273231350157582
IV,3402.659069325736,0.8571365813226324
IV,3404.1785375118707,0.879496666052788
IV,3404.938271604938,0.9018567507829436
IV,3405.6980056980055,0.9242168355130992
IV,3407.2174738841404,0.9540302818199734
IV,3407.977207977208,0.976390366550129
IV,3408.7369420702753,1.0062038128570032
IV,3410.25641025641,1.0285638975871587
IV,3411.0161443494776,1.058377343894033
IV,3411.775878442545,1.0807374286241886
IV,3413.29534662868,1.1105508749310629
IV,3414.0550807217473,1.1403643212379369
IV,3414.814814814815,1.170177767544811
IV,3416.3342830009497,1.1925378522749668
IV,3417.094017094017,1.222351298581841
IV,3417.8537511870845,1.252164744888715
IV,3419.3732193732194,1.2819781911955892
IV,3420.132953466287,1.3117916375024634
IV,3420.8926875593543,1.3416050838093376
IV,3421.6524216524217,1.3639651685394931
IV,3423.1718898385566,1.3937786148463673
IV,3423.931623931624,1.4235920611532416
IV,3424.6913580246915,1.4534055074601158
IV,3426.2108262108263,1.48321895376699
IV,3426.9705603038938,1.513032400073864
IV,3427.730294396961,1.5428458463807382
IV,3429.249762583096,1.565205931110894
IV,3430.0094966761635,1.5950193774177681
IV,3430.769230769231,1.624832823724642
IV,3432.288698955366,1.6546462700315163
IV,3433.0484330484333,1.677006354761672
IV,3433.8081671415002,1.7068198010685462
IV,3435.327635327635,1.7291798857987017
IV,3436.087369420703,1.758993332105576
IV,3436.84710351377,1.7813534168357317
IV,3438.366571699905,1.8037135015658872
IV,3439.1263057929723,1.8335269478727614
IV,3439.8860398860397,1.855887032602917
IV,3440.645773979107,1.8782471173330726
IV,3442.165242165242,1.8931538404865098
IV,3442.9249762583095,1.9155139252166653
IV,3443.684710351377,1.937874009946821
IV,3445.204178537512,1.952780733100258
IV,3445.963912630579,1.9751408178304137
IV,3446.7236467236467,1.9900475409838507
IV,3448.2431149097815,2.0049542641372877
IV,3449.002849002849,2.0198609872907247
IV,3449.7625830959164,2.034767710444162
IV,3451.2820512820513,2.049674433597599
IV,3452.0417853751187,2.064581156751036
IV,3452.801519468186,2.072034518327755
IV,3454.320987654321,2.086941241481192
IV,3455.0807217473885,2.09439460305791
IV,3455.840455840456,2.101847964634629
IV,3457.3599240265908,2.1093013262113476
IV,3458.119658119658,2.116754687788066
IV,3458.8793922127256,2.1242080493647846
IV,3460.3988603988605,2.1242080493647846
IV,3461.158594491928,2.131661410941503
IV,3461.9183285849954,2.131661410941503
IV,3462.678062678063,2.131661410941503
IV,3464.1975308641977,2.1391147725182216
IV,3464.957264957265,2.1391147725182216
IV,3465.7169990503326,2.1391147725182216
IV,3467.2364672364674,2.131661410941503
IV,3467.9962013295344,2.131661410941503
IV,3468.7559354226023,2.131661410941503
IV,3470.275403608737,2.1242080493647846
IV,3471.035137701804,2.1242080493647846
IV,3471.7948717948716,2.116754687788066
IV,3473.3143399810065,2.1093013262113476
IV,3474.074074074074,2.101847964634629
IV,3474.8338081671413,2.101847964634629
IV,3476.353276353276,2.09439460305791
IV,3477.1130104463437,2.086941241481192
IV,3477.872744539411,2.079487879904473
IV,3479.392212725546,2.064581156751036
IV,3480.1519468186134,2.0571277951743174
IV,3480.911680911681,2.049674433597599
IV,3481.6714150047483,2.0422210720208804
IV,3483.190883190883,2.034767710444162
IV,3483.9506172839506,2.0198609872907247
IV,3484.710351377018,2.0124076257140064
IV,3486.229819563153,2.0049542641372877
IV,3486.9895536562203,1.9900475409838507
IV,3487.7492877492878,1.9825941794071322
IV,3489.2687559354226,1.9676874562536952
IV,3490.02849002849,1.9602340946769765
IV,3490.7882241215575,1.952780733100258
IV,3492.3076923076924,1.937874009946821
IV,3493.06742640076,1.9304206483701025
IV,3493.8271604938273,1.9155139252166653
IV,3495.346628679962,1.9080605636399468
IV,3496.1063627730296,1.8931538404865098
IV,3496.866096866097,1.885700478909791
IV,3498.385565052232,1.870793755756354
IV,3499.1452991452993,1.8633403941796356
IV,3499.9050332383667,1.8484336710261984
IV,3501.4245014245016,1.8409803094494799
IV,3502.1842355175686,1.8335269478727614
IV,3502.9439696106365,1.8186202247193244
IV,3503.7037037037035,1.8111668631426057
IV,3505.2231718898383,1.7962601399891687
IV,3505.9829059829062,1.7888067784124502
IV,3506.742640075973,1.773900055259013
IV,3508.262108262108,1.7664466936822945
IV,3509.0218423551755,1.7515399705288575
IV,3509.781576448243,1.744086608952139
IV,3511.301044634378,1.7291798857987017
IV,3512.0607787274453,1.7217265242219832
IV,3512.8205128205127,1.7068198010685462
IV,3514.3399810066476,1.6993664394918275
IV,3515.099715099715,1.6844597163383905
IV,3515.8594491927824,1.677006354761672
IV,3517.3789173789173,1.6620996316082348
IV,3518.1386514719848,1.6546462700315163
IV,3518.898385565052,1.6397395468780793
IV,3520.417853751187,1.6322861853013608
IV,3521.1775878442545,1.6173794621479236
IV,3521.937321937322,1.609926100571205
IV,3522.6970560303894,1.5950193774177681
IV,3524.2165242165242,1.580112654264331
IV,3524.9762583095917,1.5726592926876124
IV,3525.735992402659,1.5577525695341754
IV,3527.255460588794,1.5428458463807382
IV,3528.0151946818614,1.5353924848040197
IV,3528.774928774929,1.5204857616505827
IV,3530.2943969610637,1.5055790384971455
IV,3531.054131054131,1.4906723153437085
IV,3531.8138651471986,1.48321895376699
IV,3533.3333333333335,1.4683122306135528
IV,3534.093067426401,1.4534055074601158
IV,3534.852801519468,1.4384987843066785
IV,3536.372269705603,1.4235920611532416
IV,3537.1320037986707,1.416138699576523
IV,3537.8917378917376,1.4012319764230858
IV,3539.4112060778725,1.3863252532696488
IV,3540.1709401709404,1.3714185301162118
IV,3540.9306742640074,1.3565118069627746
IV,3542.4501424501423,1.3416050838093376
IV,3543.20987654321,1.3266983606559004
IV,3543.969610636277,1.319244999079182
IV,3544.7293447293446,1.304338275925745
IV,3546.2488129154794,1.2894315527723077
IV,3547.008547008547,1.2745248296188707
IV,3547.7682811016143,1.2596181064654337
IV,3549.287749287749,1.2447113833119965
IV,3550.0474833808166,1.2298046601585595
IV,3550.807217473884,1.2148979370051223
IV,3552.326685660019,1.2074445754284038
IV,3553.0864197530864,1.1925378522749668
IV,3553.846153846154,1.1776311291215296
IV,3555.3656220322887,1.1627244059680926
IV,3556.125356125356,1.1478176828146556
IV,3556.8850902184236,1.1329109596612184
IV,3558.4045584045584,1.1254575980844999
IV,3559.164292497626,1.1105508749310629
IV,3559.9240265906933,1.0956441517776256
IV,3561.443494776828,1.0807374286241886
IV,3562.2032288698956,1.0732840670474701
IV,3562.962962962963,1.058377343894033
IV,3563.7226970560305,1.043470620740596
IV,3565.2421652421654,1.0360172591638774
IV,3566.001899335233,1.0211105360104402
IV,3566.7616334283002,1.0062038128570032
IV,3568.281101614435,0.9987504512802846
IV,3569.0408357075025,0.9838437281268476
IV,3569.80056980057,0.9689370049734105
IV,3571.320037986705,0.9614836433966919
IV,3572.079772079772,0.9465769202432549
IV,3572.8395061728397,0.9391235586665363
IV,3574.3589743589746,0.9242168355130992
IV,3575.1187084520416,0.9093101123596622
IV,3575.8784425451095,0.9018567507829436
IV,3577.3979107312443,0.8869500276295065
IV,3578.1576448243113,0.879496666052788
IV,3578.9173789173788,0.8645899428993509
IV,3580.4368471035136,0.8571365813226324
IV,3581.196581196581,0.8422298581691953
IV,3581.9563152896485,0.8347764965924768
IV,3583.4757834757834,0.8198697734390397
IV,3584.235517568851,0.812416411862321
IV,3584.9952516619182,0.7975096887088841
IV,3585.7549857549857,0.7900563271321654
IV,3587.2744539411206,0.7751496039787283
IV,3588.034188034188,0.7676962424020098
IV,3588.7939221272554,0.7527895192485727
IV,3590.3133903133903,0.7453361576718542
IV,3591.0731244064577,0.7304294345184171
IV,3591.832858499525,0.7229760729416986
IV,3593.35232668566,0.7080693497882615
IV,3594.1120607787275,0.7006159882115429
IV,3594.871794871795,0.6857092650581059
IV,3596.39126305793,0.6782559034813873
IV,3597.1509971509972,0.6708025419046688
IV,3597.9107312440647,0.6558958187512317
IV,3599.4301994301995,0.6484424571745132
IV,3600.189933523267,0.6335357340210761
IV,3600.9496676163344,0.6260823724443575
IV,3602.4691358024693,0.6111756492909205
IV,3603.2288698955367,0.6037222877142019
IV,3603.988603988604,0.5888155645607648
IV,3604.748338081671,0.5813622029840463
IV,3606.267806267806,0.5664554798306092
IV,3607.027540360874,0.5590021182538907
IV,3607.787274453941,0.5440953951004536
IV,3609.3067426400758,0.5366420335237351
IV,3610.0664767331436,0.521735310370298
IV,3610.8262108262106,0.5142819487935794
IV,3612.3456790123455,0.4993752256401423
IV,3613.105413105413,0.4919218640634238
IV,3613.8651471984804,0.48446850248670525
IV,3615.3846153846152,0.46956177933326815
IV,3616.1443494776827,0.4621084177565496
IV,3616.90408357075,0.44720169460311254
IV,3618.423551756885,0.439748333026394
IV,3619.1832858499524,0.43229497144967544
IV,3619.94301994302,0.4173882482962384
IV,3621.4624881291547,0.40993488671951983
IV,3622.222222222222,0.4024815251428013
IV,3622.9819563152896,0.3950281635660827
IV,3624.5014245014245,0.3801214404126457
IV,3625.261158594492,0.3726680788359271
IV,3626.0208926875594,0.36521471725920857
IV,3626.780626780627,0.35776135568249
IV,3628.3000949667617,0.35030799410577146
IV,3629.059829059829,0.34285463252905296
IV,3629.8195631528965,0.32794790937561585
IV,3631.3390313390314,0.3204945477988973
IV,3632.098765432099,0.31304118622217875
IV,3632.8584995251663,0.30558782464546025
IV,3634.377967711301,0.30558782464546025
IV,3635.1377018043686,0.2981344630687417
IV,3635.897435897436,0.29068110149202314
IV,3637.416904083571,0.2832277399153046
IV,3638.1766381766383,0.27577437833858603
IV,3638.9363722697058,0.26832101676186754
IV,3640.45584045584,0.26832101676186754
IV,3641.215574548908,0.260867655185149
IV,3641.975308641975,0.25341429360843043
IV,3643.49477682811,0.25341429360843043
IV,3644.254510921178,0.2459609320317119
IV,3645.014245014245,0.2459609320317119
IV,3645.7739791073127,0.23850757045499335
IV,3647.2934472934476,0.23850757045499335
IV,3648.0531813865146,0.2310542088782748
IV,3648.812915479582,0.2310542088782748
IV,3650.332383665717,0.22360084730155627
IV,3651.0921177587843,0.22360084730155627
IV,3651.8518518518517,0.22360084730155627
IV,3653.3713200379866,0.21614748572483772
IV,3654.131054131054,0.21614748572483772
IV,3654.8907882241215,0.21614748572483772
IV,3656.4102564102564,0.21614748572483772
IV,3657.169990503324,0.2086941241481192
IV,3657.929724596391,0.2086941241481192
IV,3659.449192782526,0.2086941241481192
IV,3660.2089268755935,0.2086941241481192
IV,3660.968660968661,0.2086941241481192
IV,3662.488129154796,0.2086941241481192
IV,3663.2478632478633,0.2086941241481192
IV,3664.0075973409307,0.2086941241481192
IV,3665.5270655270656,0.2086941241481192
IV,3666.286799620133,0.2086941241481192
IV,3667.0465337132005,0.2086941241481192
IV,3667.806267806268,0.2086941241481192
IV,3669.3257359924028,0.2086941241481192
IV,3670.08547008547,0.2086941241481192
IV,3670.8452041785376,0.2086941241481192
IV,3672.3646723646725,0.2086941241481192
IV,3673.12440645774,0.2086941241481192
IV,3673.8841405508074,0.2086941241481192
IV,3675.4036087369423,0.2086941241481192
IV,3676.1633428300092,0.2086941241481192
IV,3676.923076923077,0.2086941241481192
IV,3678.442545109212,0.2086941241481192
IV,3679.202279202279,0.2086941241481192
IV,3679.962013295347,0.2086941241481192
IV,3681.4814814814818,0.2086941241481192
IV,3682.2412155745487,0.2086941241481192
IV,3683.000949667616,0.2086941241481192
IV,3684.520417853751,0.2086941241481192
IV,3685.2801519468185,0.2086941241481192
IV,3686.039886039886,0.2086941241481192
IV,3686.7996201329534,0.2086941241481192
IV,3688.319088319088,0.2086941241481192
IV,3689.0788224121557,0.2086941241481192
IV,3689.838556505223,0.2086941241481192
IV,3691.358024691358,0.2086941241481192
IV,3692.1177587844254,0.2086941241481192
IV,3692.877492877493,0.2086941241481192
IV,3694.3969610636277,0.2086941241481192
IV,3695.156695156695,0.2086941241481192
IV,3695.9164292497626,0.2086941241481192
IV,3697.4358974358975,0.2086941241481192
IV,3698.195631528965,0.2086941241481192
IV,3698.9553656220323,0.2086941241481192
IV,3700.474833808167,0.2086941241481192
IV,3701.2345679012346,0.2086941241481192
IV,3701.994301994302,0.20124076257140064
IV,3703.513770180437,0.20124076257140064
IV,3704.2735042735044,0.20124076257140064
IV,3705.033238366572,0.20124076257140064
IV,3706.5527065527067,0.20124076257140064
IV,3707.312440645774,0.20124076257140064
IV,3708.0721747388416,0.19378740099468209
IV,3708.8319088319085,0.19378740099468209
IV,3710.3513770180434,0.19378740099468209
IV,3711.1111111111113,0.19378740099468209
IV,3711.8708452041783,0.19378740099468209
IV,3713.390313390313,0.18633403941796356
IV,3714.150047483381,0.18633403941796356
IV,3714.909781576448,0.18633403941796356
IV,3716.429249762583,0.18633403941796356
IV,3717.188983855651,0.18633403941796356
IV,3717.948717948718,0.178880677841245
IV,3719.4681861348527,0.178880677841245
IV,3720.22792022792,0.178880677841245
IV,3720.9876543209875,0.17142731626452648
IV,3722.5071225071224,0.17142731626452648
IV,3723.26685660019,0.17142731626452648
IV,3724.0265906932573,0.17142731626452648
IV,3725.546058879392,0.16397395468780793
IV,3726.3057929724596,0.16397395468780793
IV,3727.065527065527,0.16397395468780793
IV,3727.8252611585945,0.16397395468780793
IV,3729.3447293447293,0.15652059311108937
IV,3730.1044634377968,0.15652059311108937
IV,3730.864197530864,0.15652059311108937
IV,3732.383665716999,0.14906723153437085
IV,3733.1433998100665,0.14906723153437085
IV,3733.903133903134,0.14906723153437085
IV,3735.422602089269,0.14906723153437085
IV,3736.1823361823363,0.1416138699576523
IV,3736.9420702754037,0.1416138699576523
IV,3738.4615384615386,0.1416138699576523
IV,3739.221272554606,0.1416138699576523
IV,3739.9810066476734,0.13416050838093377
IV,3741.5004748338083,0.13416050838093377
IV,3742.2602089268757,0.13416050838093377
IV,3743.019943019943,0.13416050838093377
IV,3744.5394112060776,0.12670714680421521
IV,3745.2991452991455,0.12670714680421521
IV,3746.0588793922125,0.12670714680421521
IV,3746.8186134852804,0.12670714680421521
IV,3748.3380816714152,0.11925378522749668
IV,3749.097815764482,0.11925378522749668
IV,3749.85754985755,0.11925378522749668
IV,3751.377018043685,0.11925378522749668
IV,3752.136752136752,0.11925378522749668
IV,3752.8964862298194,0.11180042365077814
IV,3754.4159544159543,0.11180042365077814
IV,3755.1756885090217,0.11180042365077814
IV,3755.935422602089,0.11180042365077814
IV,3757.454890788224,0.11180042365077814
IV,3758.2146248812915,0.11180042365077814
IV,3758.974358974359,0.1043470620740596
IV,3760.4938271604938,0.1043470620740596
IV,3761.253561253561,0.1043470620740596
IV,3762.0132953466286,0.1043470620740596
IV,3763.5327635327635,0.1043470620740596
IV,3764.292497625831,0.1043470620740596
IV,3765.0522317188984,0.1043470620740596
IV,3766.5716999050333,0.09689370049734104
IV,3767.3314339981007,0.09689370049734104
IV,3768.091168091168,0.09689370049734104
IV,3768.8509021842356,0.09689370049734104
IV,3770.3703703703704,0.09689370049734104
IV,3771.130104463438,0.09689370049734104
IV,3771.8898385565053,0.09689370049734104
IV,3773.40930674264,0.09689370049734104
IV,3774.1690408357076,0.09689370049734104
IV,3774.928774928775,0.0894403389206225
IV,3776.44824311491,0.0894403389206225
IV,3777.2079772079774,0.0894403389206225
IV,3777.967711301045,0.0894403389206225
IV,3779.4871794871797,0.0894403389206225
IV,3780.2469135802467,0.0894403389206225
IV,3781.0066476733145,0.0894403389206225
IV,3782.5261158594494,0.0894403389206225
IV,3783.2858499525164,0.0894403389206225
IV,3784.0455840455843,0.0894403389206225
IV,3785.565052231719,0.0894403389206225
IV,3786.324786324786,0.0894403389206225
IV,3787.0845204178536,0.08198697734390396
IV,3787.844254510921,0.08198697734390396
IV,3789.363722697056,0.08198697734390396
IV,3790.1234567901233,0.08198697734390396
IV,3790.8831908831908,0.08198697734390396
IV,3792.4026590693256,0.08198697734390396
IV,3793.162393162393,0.08198697734390396
IV,3793.9221272554605,0.08198697734390396
IV,3795.4415954415954,0.08198697734390396
IV,3796.201329534663,0.08198697734390396
IV,3796.9610636277303,0.08198697734390396
IV,3798.480531813865,0.08198697734390396
IV,3799.2402659069326,0.08198697734390396
IV,3800.0,0.08198697734390396
IV,3801.519468186135,0.08198697734390396
IV,3802.2792022792023,0.07453361576718542
IV,3803.0389363722697,0.07453361576718542
IV,3804.5584045584046,0.07453361576718542
IV,3805.318138651472,0.07453361576718542
IV,3806.0778727445395,0.07453361576718542
IV,3807.5973409306744,0.07453361576718542
IV,3808.357075023742,0.07453361576718542
IV,3809.1168091168092,0.07453361576718542
IV,3809.8765432098767,0.07453361576718542
IV,3811.3960113960115,0.07453361576718542
IV,3812.155745489079,0.07453361576718542
IV,3812.9154795821464,0.07453361576718542
IV,3814.434947768281,0.07453361576718542
IV,3815.1946818613487,0.07453361576718542
IV,3815.9544159544157,0.07453361576718542
IV,3817.4738841405506,0.07453361576718542
IV,3818.2336182336185,0.07453361576718542
IV,3818.9933523266855,0.06708025419046688
IV,3820.5128205128203,0.06708025419046688
IV,3821.272554605888,0.06708025419046688
IV,3822.032288698955,0.06708025419046688
IV,3823.55175688509,0.06708025419046688
IV,3824.3114909781575,0.06708025419046688
IV,3825.071225071225,0.06708025419046688
IV,3826.59069325736,0.06708025419046688
IV,3827.3504273504273,0.06708025419046688
IV,3828.1101614434947,0.06708025419046688
IV,3828.869895536562,0.06708025419046688
IV,3830.389363722697,0.06708025419046688
IV,3831.1490978157644,0.06708025419046688
IV,3831.908831908832,0.06708025419046688
IV,3833.4283000949667,0.06708025419046688
IV,3834.188034188034,0.06708025419046688
IV,3834.9477682811016,0.06708025419046688
IV,3836.4672364672365,0.05962689261374834
IV,3837.226970560304,0.05962689261374834
IV,3837.9867046533714,0.05962689261374834
IV,3839.5061728395062,0.05962689261374834
IV,3840.2659069325737,0.05962689261374834
IV,3841.025641025641,0.05962689261374834
IV,3842.545109211776,0.05962689261374834
IV,3843.3048433048434,0.05962689261374834
IV,3844.064577397911,0.05962689261374834
IV,3845.5840455840457,0.05962689261374834
IV,3846.343779677113,0.05962689261374834
IV,3847.1035137701806,0.05962689261374834
IV,3848.622981956315,0.05962689261374834
IV,3849.382716049383,0.05962689261374834
IV,3850.14245014245,0.05962689261374834
IV,3850.902184235518,0.05962689261374834
IV,3852.4216524216527,0.05962689261374834
IV,3853.1813865147196,0.0521735310370298
IV,3853.9411206077875,0.0521735310370298
IV,3855.4605887939224,0.0521735310370298
IV,3856.2203228869894,0.0521735310370298
IV,3856.980056980057,0.0521735310370298
IV,3858.4995251661917,0.0521735310370298
IV,3859.259259259259,0.0521735310370298
IV,3860.0189933523266,0.0521735310370298
IV,3861.5384615384614,0.0521735310370298
IV,3862.298195631529,0.0521735310370298
IV,3863.0579297245963,0.0521735310370298
IV,3864.577397910731,0.0521735310370298
IV,3865.3371320037986,0.0521735310370298
IV,3866.096866096866,0.0521735310370298
IV,3867.616334283001,0.0521735310370298
IV,3868.3760683760684,0.0521735310370298
IV,3869.135802469136,0.0521735310370298
IV,3869.8955365622032,0.0521735310370298
IV,3871.415004748338,0.0521735310370298
IV,3872.1747388414055,0.0521735310370298
IV,3872.934472934473,0.04472016946031125
IV,3874.453941120608,0.04472016946031125
IV,3875.2136752136753,0.04472016946031125
IV,3875.9734093067427,0.04472016946031125
IV,3877.4928774928776,0.04472016946031125
IV,3878.252611585945,0.04472016946031125
IV,3879.0123456790125,0.04472016946031125
IV,3880.5318138651473,0.04472016946031125
IV,3881.291547958215,0.04472016946031125
IV,3882.051282051282,0.04472016946031125
IV,3883.570750237417,0.04472016946031125
IV,3884.330484330484,0.04472016946031125
IV,3885.090218423552,0.04472016946031125
IV,3886.609686609687,0.04472016946031125
IV,3887.369420702754,0.04472016946031125
IV,3888.1291547958217,0.04472016946031125
IV,3889.6486229819566,0.04472016946031125
IV,3890.4083570750236,0.04472016946031125
IV,3891.1680911680915,0.04472016946031125
IV,3891.9278252611584,0.04472016946031125
IV,3893.4472934472933,0.04472016946031125
IV,3894.2070275403607,0.04472016946031125
IV,3894.966761633428,0.04472016946031125
IV,3896.486229819563,0.04472016946031125
IV,3897.2459639126305,0.04472016946031125
IV,3898.005698005698,0.04472016946031125
IV,3899.525166191833,0.04472016946031125
IV,3900.2849002849002,0.04472016946031125
V,2899.7150997150998,-0.07525445059524746
V,2900.474833808167,-0.07525445059524746
V,2901.994301994302,-0.07525445059524746
V,2902.7540360873695,-0.07525445059524746
V,2903.513770180437,-0.07525445059524746
V,2905.033238366572,-0.07525445059524746
V,2905.7929724596393,-0.08027141396826395
V,2906.5527065527067,-0.08027141396826395
V,2908.0721747388416,-0.08027141396826395
V,2908.831908831909,-0.08027141396826395
V,2909.5916429249764,-0.08027141396826395
V,2910.351377018044,-0.08027141396826395
V,2911.8708452041787,-0.08027141396826395
V,2912.630579297246,-0.08027141396826395
V,2913.390313390313,-0.08027141396826395
V,2914.909781576448,-0.08027141396826395
V,2915.6695156695155,-0.08027141396826395
V,2916.429249762583,-0.08027141396826395
V,2917.948717948718,-0.08027141396826395
V,2918.708452041785,-0.08528837734128045
V,2919.4681861348527,-0.08528837734128045
V,2920.9876543209875,-0.08528837734128045
V,2921.747388414055,-0.08528837734128045
V,2922.5071225071224,-0.08528837734128045
V,2924.0265906932573,-0.08528837734128045
V,2924.7863247863247,-0.08528837734128045
V,2925.546058879392,-0.08528837734128045
V,2927.065527065527,-0.08528837734128045
V,2927.8252611585945,-0.08528837734128045
V,2928.584995251662,-0.08528837734128045
V,2930.1044634377968,-0.09030534071429695
V,2930.864197530864,-0.09030534071429695
V,2931.6239316239316,-0.09030534071429695
V,2932.383665716999,-0.09030534071429695
V,2933.903133903134,-0.09030534071429695
V,2934.6628679962014,-0.09030534071429695
V,2935.422602089269,-0.09030534071429695
V,2936.9420702754037,-0.09030534071429695
V,2937.701804368471,-0.09030534071429695
V,2938.4615384615386,-0.09030534071429695
V,2939.9810066476734,-0.09532230408731344
V,2940.740740740741,-0.09532230408731344
V,2941.5004748338083,-0.09532230408731344
V,2943.019943019943,-0.09532230408731344
V,2943.7796771130106,-0.09532230408731344
V,2944.539411206078,-0.09532230408731344
V,2946.058879392213,-0.09532230408731344
V,2946.8186134852804,-0.09532230408731344
V,2947.5783475783473,-0.09532230408731344
V,2949.097815764482,-0.10033926746032995
V,2949.8575498575497,-0.10033926746032995
V,2950.617283950617,-0.10033926746032995
V,2951.3770180436845,-0.10033926746032995
V,2952.8964862298194,-0.10033926746032995
V,2953.656220322887,-0.10033926746032995
V,2954.4159544159543,-0.10033926746032995
V,2955.935422602089,-0.10535623083334644
V,2956.6951566951566,-0.10535623083334644
V,2957.454890788224,-0.10535623083334644
V,2958.974358974359,-0.10535623083334644
V,2959.7340930674263,-0.10535623083334644
V,2960.4938271604938,-0.10535623083334644
V,2962.0132953466286,-0.10535623083334644
V,2962.773029439696,-0.11037319420636293
V,2963.5327635327635,-0.11037319420636293
V,2965.0522317188984,-0.11037319420636293
V,2965.811965811966,-0.11037319420636293
V,2966.5716999050333,-0.11037319420636293
V,2968.091168091168,-0.11037319420636293
V,2968.8509021842356,-0.11539015757937944
V,2969.610636277303,-0.11539015757937944
V,2971.130104463438,-0.11539015757937944
V,2971.8898385565053,-0.11539015757937944
V,2972.6495726495727,-0.11539015757937944
V,2973.40930674264,-0.11539015757937944
V,2974.928774928775,-0.12040712095239593
V,2975.6885090218425,-0.12040712095239593
V,2976.44824311491,-0.12040712095239593
V,2977.967711301045,-0.12040712095239593
V,2978.7274453941122,-0.12040712095239593
V,2979.4871794871797,-0.12542408432541244
V,2981.0066476733145,-0.12542408432541244
V,2981.766381766382,-0.12542408432541244
V,2982.5261158594494,-0.12542408432541244
V,2984.045584045584,-0.13044104769842893
V,2984.8053181386513,-0.13044104769842893
V,2985.5650522317187,-0.13044104769842893
V,2987.0845204178536,-0.13044104769842893
V,2987.844254510921,-0.13545801107144542
V,2988.6039886039885,-0.13545801107144542
V,2990.1234567901233,-0.13545801107144542
V,2990.8831908831908,-0.13545801107144542
V,2991.642924976258,-0.14047497444446191
V,2992.4026590693256,-0.14047497444446191
V,2993.9221272554605,-0.14047497444446191
V,2994.681861348528,-0.14047497444446191
V,2995.4415954415954,-0.14549193781747843
V,2996.9610636277303,-0.14549193781747843
V,2997.7207977207977,-0.14549193781747843
V,2998.480531813865,-0.15050890119049493
V,3000.0,-0.15050890119049493
V,3000.7597340930674,-0.15050890119049493
V,3001.519468186135,-0.15552586456351142
V,3003.0389363722697,-0.15552586456351142
V,3003.798670465337,-0.15552586456351142
V,3004.5584045584046,-0.1605428279365279
V,3006.0778727445395,-0.1605428279365279
V,3006.837606837607,-0.1605428279365279
V,3007.5973409306744,-0.1655597913095444
V,3009.1168091168092,-0.1655597913095444
V,3009.8765432098767,-0.1655597913095444
V,3010.636277302944,-0.1705767546825609
V,3012.155745489079,-0.1705767546825609
V,3012.9154795821464,-0.1755937180555774
V,3013.675213675214,-0.1755937180555774
V,3014.4349477682813,-0.1755937180555774
V,3015.954415954416,-0.1806106814285939
V,3016.7141500474836,-0.1806106814285939
V,3017.4738841405506,-0.1856276448016104
V,3018.9933523266855,-0.1856276448016104
V,3019.753086419753,-0.1856276448016104
V,3020.5128205128203,-0.1906446081746269
V,3022.032288698955,-0.1906446081746269
V,3022.7920227920226,-0.19566157154764338
V,3023.55175688509,-0.19566157154764338
V,3025.071225071225,-0.2006785349206599
V,3025.8309591642924,-0.2006785349206599
V,3026.59069325736,-0.2006785349206599
V,3028.1101614434947,-0.2056954982936764
V,3028.869895536562,-0.2056954982936764
V,3029.6296296296296,-0.21071246166669289
V,3031.1490978157644,-0.21071246166669289
V,3031.908831908832,-0.21572942503970938
V,3032.6685660018993,-0.21572942503970938
V,3033.4283000949667,-0.22074638841272587
V,3034.9477682811016,-0.22074638841272587
V,3035.707502374169,-0.22074638841272587
V,3036.4672364672365,-0.2257633517857424
V,3037.9867046533714,-0.2257633517857424
V,3038.746438746439,-0.23078031515875888
V,3039.5061728395062,-0.23078031515875888
V,3041.025641025641,-0.23579727853177537
V,3041.7853751187085,-0.23579727853177537
V,3042.545109211776,-0.24081424190479186
V,3044.064577397911,-0.24081424190479186
V,3044.8243114909783,-0.24583120527780836
V,3045.5840455840457,-0.24583120527780836
V,3047.1035137701806,-0.2508481686508249
V,3047.863247863248,-0.2508481686508249
V,3048.6229819563155,-0.25586513202384137
V,3050.1424501424503,-0.25586513202384137
V,3050.902184235518,-0.26088209539685786
V,3051.661918328585,-0.26088209539685786
V,3053.1813865147196,-0.26589905876987435
V,3053.941120607787,-0.27091602214289084
V,3054.7008547008545,-0.27091602214289084
V,3055.460588793922,-0.27593298551590734
V,3056.980056980057,-0.27593298551590734
V,3057.7397910731243,-0.28094994888892383
V,3058.4995251661917,-0.2859669122619403
V,3060.0189933523266,-0.2859669122619403
V,3060.778727445394,-0.29098387563495687
V,3061.5384615384614,-0.29098387563495687
V,3063.0579297245963,-0.29600083900797336
V,3063.8176638176637,-0.30101780238098985
V,3064.577397910731,-0.30101780238098985
V,3066.096866096866,-0.30603476575400634
V,3066.8566001899335,-0.31105172912702284
V,3067.616334283001,-0.3160686925000393
V,3069.135802469136,-0.3160686925000393
V,3069.8955365622032,-0.3210856558730558
V,3070.6552706552707,-0.3261026192460723
V,3072.1747388414055,-0.3311195826190888
V,3072.934472934473,-0.3311195826190888
V,3073.6942070275404,-0.3361365459921053
V,3074.453941120608,-0.3411535093651218
V,3075.9734093067427,-0.34617047273813834
V,3076.73314339981,-0.3511874361111548
V,3077.4928774928776,-0.3562043994841713
V,3079.0123456790125,-0.3612213628571878
V,3079.77207977208,-0.3662383262302043
V,3080.5318138651473,-0.3712552896032208
V,3082.051282051282,-0.3762722529762373
V,3082.8110161443497,-0.3812892163492538
V,3083.570750237417,-0.38630617972227027
V,3085.090218423552,-0.39132314309528676
V,3085.8499525166194,-0.3963401064683033
V,3086.609686609687,-0.4013570698413198
V,3088.1291547958213,-0.4063740332143363
V,3088.8888888888887,-0.4113909965873528
V,3089.648622981956,-0.42142492333338577
V,3091.168091168091,-0.42644188670640226
V,3091.9278252611584,-0.43145885007941875
V,3092.687559354226,-0.43647581345243525
V,3093.4472934472933,-0.4465097401984683
V,3094.966761633428,-0.4515267035714848
V,3095.7264957264956,-0.45654366694450127
V,3096.486229819563,-0.46657759369053425
V,3098.005698005698,-0.47159455706355075
V,3098.7654320987654,-0.47661152043656724
V,3099.525166191833,-0.4866454471826002
V,3101.0446343779677,-0.4916624105556167
V,3101.804368471035,-0.5016963373016498
V,3102.5641025641025,-0.5067133006746662
V,3104.0835707502374,-0.5167472274206992
V,3104.843304843305,-0.5267811541667322
V,3105.6030389363723,-0.5317981175397487
V,3107.122507122507,-0.5418320442857817
V,3107.8822412155746,-0.5468490076587982
V,3108.641975308642,-0.5568829344048312
V,3110.161443494777,-0.5669168611508641
V,3110.9211775878443,-0.5769507878968971
V,3111.680911680912,-0.5869847146429302
V,3113.2003798670466,-0.5920016780159467
V,3113.960113960114,-0.6020356047619797
V,3114.7198480531815,-0.6120695315080127
V,3115.479582146249,-0.6221034582540457
V,3116.999050332384,-0.6321373850000787
V,3117.7587844254513,-0.6421713117461116
V,3118.5185185185187,-0.6522052384921446
V,3120.0379867046536,-0.6622391652381776
V,3120.797720797721,-0.6722730919842106
V,3121.557454890788,-0.6873239821032602
V,3123.076923076923,-0.6973579088492932
V,3123.8366571699903,-0.7073918355953261
V,3124.5963912630577,-0.7174257623413591
V,3126.1158594491926,-0.7274596890873921
V,3126.87559354226,-0.7425105792064416
V,3127.6353276353275,-0.7525445059524746
V,3129.1547958214624,-0.767595396071524
V,3129.91452991453,-0.777629322817557
V,3130.6742640075972,-0.7876632495635901
V,3132.193732193732,-0.8027141396826396
V,3132.9534662867995,-0.8127480664286726
V,3133.713200379867,-0.8277989565477221
V,3134.4729344729344,-0.8428498466667715
V,3135.9924026590693,-0.8528837734128045
V,3136.7521367521367,-0.867934663531854
V,3137.511870845204,-0.8829855536509035
V,3139.031339031339,-0.8930194803969366
V,3139.7910731244065,-0.908070370515986
V,3140.550807217474,-0.9231212606350355
V,3142.070275403609,-0.938172150754085
V,3142.830009496676,-0.9532230408731345
V,3143.5897435897436,-0.968273930992184
V,3145.1092117758785,-0.9833248211112334
V,3145.868945868946,-0.9933587478572664
V,3146.6286799620134,-1.0084096379763159
V,3148.1481481481483,-1.0284774914683819
V,3148.9078822412157,-1.0435283815874314
V,3149.667616334283,-1.058579271706481
V,3151.187084520418,-1.0736301618255304
V,3151.9468186134854,-1.08868105194458
V,3152.706552706553,-1.1037319420636293
V,3154.2260208926878,-1.118782832182679
V,3154.985754985755,-1.1338337223017283
V,3155.745489078822,-1.1539015757937943
V,3156.50522317189,-1.1689524659128439
V,3158.0246913580245,-1.1840033560318934
V,3158.784425451092,-1.2040712095239594
V,3159.5441595441594,-1.2191220996430088
V,3161.0636277302942,-1.2341729897620584
V,3161.8233618233617,-1.2492238798811077
V,3162.583095916429,-1.269291733373174
V,3164.102564102564,-1.2843426234922233
V,3164.8622981956314,-1.3044104769842892
V,3165.622032288699,-1.3194613671033388
V,3167.1415004748337,-1.3345122572223882
V,3167.901234567901,-1.3545801107144542
V,3168.6609686609686,-1.3696310008335038
V,3170.1804368471035,-1.3846818909525533
V,3170.940170940171,-1.4047497444446193
V,3171.6999050332383,-1.4198006345636687
V,3173.219373219373,-1.4348515246827183
V,3173.9791073124406,-1.4549193781747842
V,3174.738841405508,-1.4699702682938338
V,3175.4985754985755,-1.4850211584128832
V,3177.0180436847104,-1.5050890119049491
V,3177.777777777778,-1.5201399020239987
V,3178.5375118708453,-1.535190792143048
V,3180.05698005698,-1.5502416822620977
V,3180.8167141500476,-1.5703095357541637
V,3181.576448243115,-1.5853604258732132
V,3183.09591642925,-1.6004113159922626
V,3183.8556505223173,-1.6154622061113122
V,3184.6153846153848,-1.6305130962303616
V,3186.1348528015196,-1.6455639863494111
V,3186.894586894587,-1.6606148764684605
V,3187.6543209876545,-1.67566576658751
V,3189.1737891737894,-1.6907166567065597
V,3189.933523266857,-1.7007505834525927
V,3190.6932573599242,-1.715801473571642
V,3192.212725546059,-1.7308523636906916
V,3192.972459639126,-1.745903253809741
V,3193.7321937321935,-1.755937180555774
V,3195.2516619183284,-1.7709880706748236
V,3196.011396011396,-1.7810219974208565
V,3196.7711301044633,-1.7960728875399061
V,3197.5308641975307,-1.806106814285939
V,3199.0503323836656,-1.816140741031972
V,3199.810066476733,-1.826174667778005
V,3200.5698005698005,-1.8412255578970544
V,3202.0892687559353,-1.8512594846430874
V,3202.8490028490028,-1.8612934113891204
V,3203.60873694207,-1.8713273381351534
V,3205.128205128205,-1.8813612648811864
V,3205.8879392212725,-1.8913951916272196
V,3206.64767331434,-1.896412155000236
V,3208.167141500475,-1.906446081746269
V,3208.9268755935423,-1.916480008492302
V,3209.6866096866097,-1.926513935238335
V,3211.2060778727446,-1.9315308986113515
V,3211.965811965812,-1.9415648253573845
V,3212.7255460588794,-1.9465817887304009
V,3214.2450142450143,-1.9566157154764339
V,3215.0047483380818,-1.9616326788494505
V,3215.764482431149,-1.9666496422224669
V,3216.5242165242166,-1.9716666055954835
V,3218.0436847103515,-1.9817005323415164
V,3218.803418803419,-1.9867174957145328
V,3219.5631528964864,-1.9917344590875494
V,3221.0826210826212,-1.996751422460566
V,3221.8423551756887,-2.0017683858335826
V,3222.602089268756,-2.006785349206599
V,3224.121557454891,-2.0118023125796154
V,3224.8812915479584,-2.0168192759526318
V,3225.6410256410254,-2.0218362393256486
V,3227.1604938271603,-2.026853202698665
V,3227.9202279202277,-2.0318701660716814
V,3228.679962013295,-2.0368871294446977
V,3230.19943019943,-2.0419040928177146
V,3230.9591642924975,-2.0419040928177146
V,3231.718898385565,-2.046921056190731
V,3233.2383665716998,-2.0519380195637473
V,3233.998100664767,-2.0569549829367637
V,3234.7578347578346,-2.0569549829367637
V,3236.2773029439695,-2.0619719463097805
V,3237.037037037037,-2.066988909682797
V,3237.7967711301044,-2.0720058730558133
V,3238.556505223172,-2.0720058730558133
V,3240.0759734093067,-2.0770228364288297
V,3240.835707502374,-2.0820397998018465
V,3241.5954415954416,-2.087056763174863
V,3243.1149097815764,-2.087056763174863
V,3243.874643874644,-2.0920737265478793
V,3244.6343779677113,-2.0970906899208956
V,3246.153846153846,-2.0970906899208956
V,3246.9135802469136,-2.1021076532939125
V,3247.673314339981,-2.107124616666929
V,3249.192782526116,-2.107124616666929
V,3249.9525166191834,-2.1121415800399452
V,3250.712250712251,-2.117158543412962
V,3252.2317188983857,-2.117158543412962
V,3252.991452991453,-2.1221755067859784
V,3253.7511870845206,-2.1221755067859784
V,3255.2706552706554,-2.127192470158995
V,3256.030389363723,-2.132209433532011
V,3256.7901234567903,-2.132209433532011
V,3257.5498575498577,-2.137226396905028
V,3259.0693257359926,-2.137226396905028
V,3259.8290598290596,-2.1422433602780444
V,3260.5887939221275,-2.1422433602780444
V,3262.1082621082624,-2.147260323651061
V,3262.8679962013293,-2.147260323651061
V,3263.6277302943968,-2.152277287024077
V,3265.1471984805316,-2.152277287024077
V,3265.906932573599,-2.152277287024077
V,3266.6666666666665,-2.157294250397094
V,3268.1861348528014,-2.157294250397094
V,3268.945868945869,-2.157294250397094
V,3269.7056030389363,-2.157294250397094
V,3271.225071225071,-2.157294250397094
V,3271.9848053181386,-2.157294250397094
V,3272.744539411206,-2.157294250397094
V,3274.264007597341,-2.157294250397094
V,3275.0237416904083,-2.157294250397094
V,3275.7834757834758,-2.157294250397094
V,3277.3029439696106,-2.157294250397094
V,3278.062678062678,-2.157294250397094
V,3278.8224121557455,-2.157294250397094
V,3279.582146248813,-2.152277287024077
V,3281.101614434948,-2.152277287024077
V,3281.8613485280152,-2.152277287024077
V,3282.6210826210827,-2.147260323651061
V,3284.1405508072176,-2.147260323651061
V,3284.900284900285,-2.1422433602780444
V,3285.6600189933524,-2.1422433602780444
V,3287.1794871794873,-2.137226396905028
V,3287.9392212725547,-2.132209433532011
V,3288.698955365622,-2.132209433532011
V,3290.218423551757,-2.127192470158995
V,3290.9781576448245,-2.1221755067859784
V,3291.737891737892,-2.1221755067859784
V,3293.257359924027,-2.117158543412962
V,3294.0170940170938,-2.1121415800399452
V,3294.7768281101617,-2.107124616666929
V,3296.2962962962965,-2.1021076532939125
V,3297.0560303893635,-2.0970906899208956
V,3297.8157644824314,-2.0920737265478793
V,3298.5754985754984,-2.087056763174863
V,3300.0949667616333,-2.0820397998018465
V,3300.8547008547007,-2.0770228364288297
V,3301.614434947768,-2.0720058730558133
V,3303.133903133903,-2.066988909682797
V,3303.8936372269704,-2.0619719463097805
V,3304.653371320038,-2.0569549829367637
V,3306.1728395061727,-2.0519380195637473
V,3306.93257359924,-2.046921056190731
V,3307.6923076923076,-2.0419040928177146
V,3309.2117758784425,-2.0368871294446977
V,3309.97150997151,-2.0318701660716814
V,3310.7312440645774,-2.026853202698665
V,3312.2507122507122,-2.0218362393256486
V,3313.0104463437797,-2.0168192759526318
V,3313.770180436847,-2.0118023125796154
V,3315.289648622982,-2.006785349206599
V,3316.0493827160494,-2.0017683858335826
V,3316.809116809117,-1.996751422460566
V,3318.3285849952517,-1.9917344590875494
V,3319.088319088319,-1.9867174957145328
V,3319.8480531813866,-1.9817005323415164
V,3320.607787274454,-1.9766835689684998
V,3322.127255460589,-1.9716666055954835
V,3322.8869895536563,-1.9666496422224669
V,3323.646723646724,-1.9616326788494505
V,3325.1661918328587,-1.9566157154764339
V,3325.925925925926,-1.9515987521034175
V,3326.6856600189935,-1.9465817887304009
V,3328.2051282051284,-1.9465817887304009
V,3328.964862298196,-1.9415648253573845
V,3329.724596391263,-1.936547861984368
V,3331.2440645773977,-1.9315308986113515
V,3332.0037986704656,-1.926513935238335
V,3332.7635327635326,-1.9214969718653185
V,3334.2830009496674,-1.9214969718653185
V,3335.042735042735,-1.916480008492302
V,3335.8024691358023,-1.9114630451192856
V,3337.321937321937,-1.906446081746269
V,3338.0816714150046,-1.9014291183732526
V,3338.841405508072,-1.896412155000236
V,3339.6011396011395,-1.896412155000236
V,3341.1206077872744,-1.8913951916272196
V,3341.880341880342,-1.886378228254203
V,3342.6400759734092,-1.8813612648811864
V,3344.159544159544,-1.87634430150817
V,3344.9192782526115,-1.8713273381351534
V,3345.679012345679,-1.8713273381351534
V,3347.198480531814,-1.866310374762137
V,3347.9582146248813,-1.8612934113891204
V,3348.7179487179487,-1.856276448016104
V,3350.2374169040836,-1.8512594846430874
V,3350.997150997151,-1.846242521270071
V,3351.7568850902185,-1.8412255578970544
V,3353.2763532763533,-1.836208594524038
V,3354.036087369421,-1.8311916311510215
V,3354.795821462488,-1.8311916311510215
V,3356.315289648623,-1.826174667778005
V,3357.0750237416905,-1.8211577044049885
V,3357.834757834758,-1.816140741031972
V,3359.354226020893,-1.8111237776589555
V,3360.1139601139603,-1.806106814285939
V,3360.8736942070277,-1.8010898509129225
V,3361.633428300095,-1.7960728875399061
V,3363.15289648623,-1.7910559241668895
V,3363.912630579297,-1.7860389607938731
V,3364.672364672365,-1.7810219974208565
V,3366.1918328584998,-1.77600503404784
V,3366.9515669515667,-1.7709880706748236
V,3367.711301044634,-1.765971107301807
V,3369.230769230769,-1.7609541439287906
V,3369.9905033238365,-1.755937180555774
V,3370.750237416904,-1.7509202171827576
V,3372.269705603039,-1.745903253809741
V,3373.0294396961062,-1.7408862904367246
V,3373.7891737891737,-1.735869327063708
V,3375.3086419753085,-1.725835400317675
V,3376.068376068376,-1.7208184369446586
V,3376.8281101614434,-1.715801473571642
V,3378.3475783475783,-1.7107845101986257
V,3379.1073124406457,-1.705767546825609
V,3379.867046533713,-1.7007505834525927
V,3380.6267806267806,-1.695733620079576
V,3382.1462488129155,-1.6907166567065597
V,3382.905982905983,-1.6806827299605267
V,3383.6657169990503,-1.67566576658751
V,3385.185185185185,-1.6706488032144935
V,3385.9449192782527,-1.6606148764684605
V,3386.70465337132,-1.6555979130954441
V,3388.224121557455,-1.6505809497224275
V,3388.9838556505224,-1.6405470229763945
V,3389.74358974359,-1.6355300596033782
V,3391.2630579297247,-1.6254961328573452
V,3392.022792022792,-1.6204791694843286
V,3392.7825261158596,-1.6104452427382956
V,3394.3019943019945,-1.6054282793652792
V,3395.061728395062,-1.5953943526192462
V,3395.8214624881293,-1.5853604258732132
V,3397.340930674264,-1.5753264991271803
V,3398.100664767331,-1.565292572381147
V,3398.860398860399,-1.555258645635114
V,3400.379867046534,-1.545224718889081
V,3401.139601139601,-1.535190792143048
V,3401.899335232669,-1.5251568653970151
V,3402.659069325736,-1.5151229386509821
V,3404.1785375118707,-1.5050890119049491
V,3404.938271604938,-1.4900381217858998
V,3405.6980056980055,-1.4800041950398668
V,3407.2174738841404,-1.4649533049208172
V,3407.977207977208,-1.4499024148017676
V,3408.7369420702753,-1.4398684880557346
V,3410.25641025641,-1.4248175979366853
V,3411.0161443494776,-1.4097667078176357
V,3411.775878442545,-1.3947158176985863
V,3413.29534662868,-1.3796649275795367
V,3414.0550807217473,-1.3646140374604872
V,3414.814814814815,-1.3495631473414378
V,3416.3342830009497,-1.3294952938493718
V,3417.094017094017,-1.3144444037303222
V,3417.8537511870845,-1.2943765502382563
V,3419.3732193732194,-1.279325660119207
V,3420.132953466287,-1.2592578066271407
V,3420.8926875593543,-1.2442069165080913
V,3421.6524216524217,-1.2241390630160254
V,3423.1718898385566,-1.2040712095239594
V,3423.931623931624,-1.1840033560318934
V,3424.6913580246915,-1.1689524659128439
V,3426.2108262108263,-1.1488846124207779
V,3426.9705603038938,-1.128816758928712
V,3427.730294396961,-1.108748905436646
V,3429.249762583096,-1.08868105194458
V,3430.0094966761635,-1.068613198452514
V,3430.769230769231,-1.0485453449604478
V,3432.288698955366,-1.0284774914683819
V,3433.0484330484333,-1.0084096379763159
V,3433.8081671415002,-0.9883417844842499
V,3435.327635327635,-0.9632569676191675
V,3436.087369420703,-0.9431891141271015
V,3436.84710351377,-0.9231212606350355
V,3438.366571699905,-0.9030534071429696
V,3439.1263057929723,-0.8829855536509035
V,3439.8860398860397,-0.8629177001588375
V,3440.645773979107,-0.8428498466667715
V,3442.165242165242,-0.8227819931747056
V,3442.9249762583095,-0.8077311030556561
V,3443.684710351377,-0.7876632495635901
V,3445.204178537512,-0.767595396071524
V,3445.963912630579,-0.7475275425794581
V,3446.7236467236467,-0.7324766524604086
V,3448.2431149097815,-0.7124087989683426
V,3449.002849002849,-0.6973579088492932
V,3449.7625830959164,-0.6772900553572271
V,3451.2820512820513,-0.6622391652381776
V,3452.0417853751187,-0.6421713117461116
V,3452.801519468186,-0.6271204216270622
V,3454.320987654321,-0.6120695315080127
V,3455.0807217473885,-0.5970186413889632
V,3455.840455840456,-0.5819677512699137
V,3457.3599240265908,-0.5669168611508641
V,3458.119658119658,-0.5518659710318147
V,3458.8793922127256,-0.5368150809127652
V,3460.3988603988605,-0.5217641907937157
V,3461.158594491928,-0.5117302640476827
V,3461.9183285849954,-0.4966793739286332
V,3462.678062678063,-0.4866454471826002
V,3464.1975308641977,-0.47159455706355075
V,3464.957264957265,-0.46156063031751776
V,3465.7169990503326,-0.4515267035714848
V,3467.2364672364674,-0.43647581345243525
V,3467.9962013295344,-0.42644188670640226
V,3468.7559354226023,-0.4164079599603693
V,3470.275403608737,-0.4063740332143363
V,3471.035137701804,-0.3963401064683033
V,3471.7948717948716,-0.38630617972227027
V,3473.3143399810065,-0.3762722529762373
V,3474.074074074074,-0.3662383262302043
V,3474.8338081671413,-0.3612213628571878
V,3476.353276353276,-0.3511874361111548
V,3477.1130104463437,-0.3411535093651218
V,3477.872744539411,-0.3311195826190888
V,3479.392212725546,-0.3261026192460723
V,3480.1519468186134,-0.3160686925000393
V,3480.911680911681,-0.30603476575400634
V,3481.6714150047483,-0.30101780238098985
V,3483.190883190883,-0.29098387563495687
V,3483.9506172839506,-0.2859669122619403
V,3484.710351377018,-0.27593298551590734
V,3486.229819563153,-0.27091602214289084
V,3486.9895536562203,-0.26088209539685786
V,3487.7492877492878,-0.25586513202384137
V,3489.2687559354226,-0.24583120527780836
V,3490.02849002849,-0.24081424190479186
V,3490.7882241215575,-0.23078031515875888
V,3492.3076923076924,-0.2257633517857424
V,3493.06742640076,-0.21572942503970938
V,3493.8271604938273,-0.21071246166669289
V,3495.346628679962,-0.2006785349206599
V,3496.1063627730296,-0.19566157154764338
V,3496.866096866097,-0.1856276448016104
V,3498.385565052232,-0.1806106814285939
V,3499.1452991452993,-0.1755937180555774
V,3499.9050332383667,-0.1655597913095444
V,3501.4245014245016,-0.1605428279365279
V,3502.1842355175686,-0.15050890119049493
V,3502.9439696106365,-0.14549193781747843
V,3503.7037037037035,-0.14047497444446191
V,3505.2231718898383,-0.13044104769842893
V,3505.9829059829062,-0.12542408432541244
V,3506.742640075973,-0.12040712095239593
V,3508.262108262108,-0.11037319420636293
V,3509.0218423551755,-0.10535623083334644
V,3509.781576448243,-0.10033926746032995
V,3511.301044634378,-0.09030534071429695
V,3512.0607787274453,-0.08528837734128045
V,3512.8205128205127,-0.08027141396826395
V,3514.3399810066476,-0.07525445059524746
V,3515.099715099715,-0.07023748722223096
V,3515.8594491927824,-0.060203560476197966
V,3517.3789173789173,-0.05518659710318147
V,3518.1386514719848,-0.050169633730164975
V,3518.898385565052,-0.045152670357148476
V,3520.417853751187,-0.04013570698413198
V,3521.1775878442545,-0.03511874361111548
V,3521.937321937322,-0.030101780238098983
V,3522.6970560303894,-0.025084816865082488
V,3524.2165242165242,-0.02006785349206599
V,3524.9762583095917,-0.02006785349206599
V,3525.735992402659,-0.015050890119049492
V,3527.255460588794,-0.010033926746032994
V,3528.0151946818614,-0.005016963373016497
V,3528.774928774929,-0.005016963373016497
V,3530.2943969610637,0.0
V,3531.054131054131,0.005016963373016497
V,3531.8138651471986,0.005016963373016497
V,3533.3333333333335,0.010033926746032994
V,3534.093067426401,0.015050890119049492
V,3534.852801519468,0.015050890119049492
V,3536.372269705603,0.02006785349206599
V,3537.1320037986707,0.02006785349206599
V,3537.8917378917376,0.02006785349206599
V,3539.4112060778725,0.025084816865082488
V,3540.1709401709404,0.025084816865082488
V,3540.9306742640074,0.030101780238098983
V,3542.4501424501423,0.030101780238098983
V,3543.20987654321,0.030101780238098983
V,3543.969610636277,0.03511874361111548
V,3544.7293447293446,0.03511874361111548
V,3546.2488129154794,0.03511874361111548
V,3547.008547008547,0.04013570698413198
V,3547.7682811016143,0.04013570698413198
V,3549.287749287749,0.04013570698413198
V,3550.0474833808166,0.04013570698413198
V,3550.807217473884,0.045152670357148476
V,3552.326685660019,0.045152670357148476
V,3553.0864197530864,0.045152670357148476
V,3553.846153846154,0.045152670357148476
V,3555.3656220322887,0.050169633730164975
V,3556.125356125356,0.050169633730164975
V,3556.8850902184236,0.050169633730164975
V,3558.4045584045584,0.050169633730164975
V,3559.164292497626,0.05518659710318147
V,3559.9240265906933,0.05518659710318147
V,3561.443494776828,0.05518659710318147
V,3562.2032288698956,0.05518659710318147
V,3562.962962962963,0.060203560476197966
V,3563.7226970560305,0.060203560476197966
V,3565.2421652421654,0.060203560476197966
V,3566.001899335233,0.06522052384921447
V,3566.7616334283002,0.06522052384921447
V,3568.281101614435,0.06522052384921447
V,3569.0408357075025,0.07023748722223096
V,3569.80056980057,0.07023748722223096
V,3571.320037986705,0.07023748722223096
V,3572.079772079772,0.07525445059524746
V,3572.8395061728397,0.07525445059524746
V,3574.3589743589746,0.07525445059524746
V,3575.1187084520416,0.08027141396826395
V,3575.8784425451095,0.08027141396826395
V,3577.3979107312443,0.08528837734128045
V,3578.1576448243113,0.08528837734128045
V,3578.9173789173788,0.08528837734128045
V,3580.4368471035136,0.09030534071429695
V,3581.196581196581,0.09030534071429695
V,3581.9563152896485,0.09030534071429695
V,3583.4757834757834,0.09532230408731344
V,3584.235517568851,0.09532230408731344
V,3584.9952516619182,0.10033926746032995
V,3585.7549857549857,0.10033926746032995
V,3587.2744539411206,0.10033926746032995
V,3588.034188034188,0.10535623083334644
V,3588.7939221272554,0.10535623083334644
V,3590.3133903133903,0.10535623083334644
V,3591.0731244064577,0.11037319420636293
V,3591.832858499525,0.11037319420636293
V,3593.35232668566,0.11037319420636293
V,3594.1120607787275,0.11539015757937944
V,3594.871794871795,0.11539015757937944
V,3596.39126305793,0.11539015757937944
V,3597.1509971509972,0.12040712095239593
V,3597.9107312440647,0.12040712095239593
V,3599.4301994301995,0.12040712095239593
V,3600.189933523267,0.12040712095239593
V,3600.9496676163344,0.12542408432541244
V,3602.4691358024693,0.12542408432541244
V,3603.2288698955367,0.12542408432541244
V,3603.988603988604,0.12542408432541244
V,3604.748338081671,0.12542408432541244
V,3606.267806267806,0.13044104769842893
V,3607.027540360874,0.13044104769842893
V,3607.787274453941,0.13044104769842893
V,3609.3067426400758,0.13044104769842893
V,3610.0664767331436,0.13044104769842893
V,3610.8262108262106,0.13545801107144542
V,3612.3456790123455,0.13545801107144542
V,3613.105413105413,0.13545801107144542
V,3613.8651471984804,0.13545801107144542
V,3615.3846153846152,0.13545801107144542
V,3616.1443494776827,0.14047497444446191
V,3616.90408357075,0.14047497444446191
V,3618.423551756885,0.14047497444446191
V,3619.1832858499524,0.14047497444446191
V,3619.94301994302,0.14047497444446191
V,3621.4624881291547,0.14549193781747843
V,3622.222222222222,0.14549193781747843
V,3622.9819563152896,0.14549193781747843
V,3624.5014245014245,0.14549193781747843
V,3625.261158594492,0.15050890119049493
V,3626.0208926875594,0.15050890119049493
V,3626.780626780627,0.15050890119049493
V,3628.3000949667617,0.15050890119049493
V,3629.059829059829,0.15552586456351142
V,3629.8195631528965,0.15552586456351142
V,3631.3390313390314,0.15552586456351142
V,3632.098765432099,0.1605428279365279
V,3632.8584995251663,0.1605428279365279
V,3634.377967711301,0.1605428279365279
V,3635.1377018043686,0.1655597913095444
V,3635.897435897436,0.1655597913095444
V,3637.416904083571,0.1655597913095444
V,3638.1766381766383,0.1705767546825609
V,3638.9363722697058,0.1705767546825609
V,3640.45584045584,0.1705767546825609
V,3641.215574548908,0.1755937180555774
V,3641.975308641975,0.1755937180555774
V,3643.49477682811,0.1806106814285939
V,3644.254510921178,0.1806106814285939
V,3645.014245014245,0.1856276448016104
V,3645.7739791073127,0.1856276448016104
V,3647.2934472934476,0.1856276448016104
V,3648.0531813865146,0.1906446081746269
V,3648.812915479582,0.1906446081746269
V,3650.332383665717,0.19566157154764338
V,3651.0921177587843,0.19566157154764338
V,3651.8518518518517,0.2006785349206599
V,3653.3713200379866,0.2006785349206599
V,3654.131054131054,0.2056954982936764
V,3654.8907882241215,0.2056954982936764
V,3656.4102564102564,0.21071246166669289
V,3657.169990503324,0.21071246166669289
V,3657.929724596391,0.21572942503970938
V,3659.449192782526,0.21572942503970938
V,3660.2089268755935,0.21572942503970938
V,3660.968660968661,0.22074638841272587
V,3662.488129154796,0.22074638841272587
V,3663.2478632478633,0.2257633517857424
V,3664.0075973409307,0.2257633517857424
V,3665.5270655270656,0.23078031515875888
V,3666.286799620133,0.23078031515875888
V,3667.0465337132005,0.23078031515875888
V,3667.806267806268,0.23579727853177537
V,3669.3257359924028,0.23579727853177537
V,3670.08547008547,0.23579727853177537
V,3670.8452041785376,0.23579727853177537
V,3672.3646723646725,0.24081424190479186
V,3673.12440645774,0.24081424190479186
V,3673.8841405508074,0.24081424190479186
V,3675.4036087369423,0.24081424190479186
V,3676.1633428300092,0.24583120527780836
V,3676.923076923077,0.24583120527780836
V,3678.442545109212,0.24583120527780836
V,3679.202279202279,0.24583120527780836
V,3679.962013295347,0.24583120527780836
V,3681.4814814814818,0.24583120527780836
V,3682.2412155745487,0.24583120527780836
V,3683.000949667616,0.24583120527780836
V,3684.520417853751,0.24583120527780836
V,3685.2801519468185,0.24583120527780836
V,3686.039886039886,0.24583120527780836
V,3686.7996201329534,0.24583120527780836
V,3688.319088319088,0.24583120527780836
V,3689.0788224121557,0.24583120527780836
V,3689.838556505223,0.24081424190479186
V,3691.358024691358,0.24081424190479186
V,3692.1177587844254,0.24081424190479186
V,3692.877492877493,0.24081424190479186
V,3694.3969610636277,0.24081424190479186
V,3695.156695156695,0.23579727853177537
V,3695.9164292497626,0.23579727853177537
V,3697.4358974358975,0.23579727853177537
V,3698.195631528965,0.23078031515875888
V,3698.9553656220323,0.23078031515875888
V,3700.474833808167,0.23078031515875888
V,3701.2345679012346,0.2257633517857424
V,3701.994301994302,0.2257633517857424
V,3703.513770180437,0.22074638841272587
V,3704.2735042735044,0.22074638841272587
V,3705.033238366572,0.21572942503970938
V,3706.5527065527067,0.21572942503970938
V,3707.312440645774,0.21071246166669289
V,3708.0721747388416,0.21071246166669289
V,3708.8319088319085,0.2056954982936764
V,3710.3513770180434,0.2056954982936764
V,3711.1111111111113,0.2006785349206599
V,3711.8708452041783,0.2006785349206599
V,3713.390313390313,0.19566157154764338
V,3714.150047483381,0.19566157154764338
V,3714.909781576448,0.1906446081746269
V,3716.429249762583,0.1856276448016104
V,3717.188983855651,0.1856276448016104
V,3717.948717948718,0.1806106814285939
V,3719.4681861348527,0.1806106814285939
V,3720.22792022792,0.1755937180555774
V,3720.9876543209875,0.1705767546825609
V,3722.5071225071224,0.1705767546825609
V,3723.26685660019,0.1655597913095444
V,3724.0265906932573,0.1655597913095444
V,3725.546058879392,0.1605428279365279
V,3726.3057929724596,0.15552586456351142
V,3727.065527065527,0.15552586456351142
V,3727.8252611585945,0.15050890119049493
V,3729.3447293447293,0.14549193781747843
V,3730.1044634377968,0.14549193781747843
V,3730.864197530864,0.14047497444446191
V,3732.383665716999,0.14047497444446191
V,3733.1433998100665,0.13545801107144542
V,3733.903133903134,0.13044104769842893
V,3735.422602089269,0.13044104769842893
V,3736.1823361823363,0.12542408432541244
V,3736.9420702754037,0.12542408432541244
V,3738.4615384615386,0.12040712095239593
V,3739.221272554606,0.11539015757937944
V,3739.9810066476734,0.11539015757937944
V,3741.5004748338083,0.11037319420636293
V,3742.2602089268757,0.11037319420636293
V,3743.019943019943,0.10535623083334644
V,3744.5394112060776,0.10535623083334644
V,3745.2991452991455,0.10033926746032995
V,3746.0588793922125,0.10033926746032995
V,3746.8186134852804,0.09532230408731344
V,3748.3380816714152,0.09532230408731344
V,3749.097815764482,0.09030534071429695
V,3749.85754985755,0.09030534071429695
V,3751.377018043685,0.08528837734128045
V,3752.136752136752,0.08528837734128045
V,3752.8964862298194,0.08027141396826395
V,3754.4159544159543,0.08027141396826395
V,3755.1756885090217,0.08027141396826395
V,3755.935422602089,0.07525445059524746
V,3757.454890788224,0.07525445059524746
V,3758.2146248812915,0.07023748722223096
V,3758.974358974359,0.07023748722223096
V,3760.4938271604938,0.07023748722223096
V,3761.253561253561,0.06522052384921447
V,3762.0132953466286,0.06522052384921447
V,3763.5327635327635,0.06522052384921447
V,3764.292497625831,0.060203560476197966
V,3765.0522317188984,0.060203560476197966
V,3766.5716999050333,0.060203560476197966
V,3767.3314339981007,0.05518659710318147
V,3768.091168091168,0.05518659710318147
V,3768.8509021842356,0.05518659710318147
V,3770.3703703703704,0.050169633730164975
V,3771.130104463438,0.050169633730164975
V,3771.8898385565053,0.050169633730164975
V,3773.40930674264,0.050169633730164975
V,3774.1690408357076,0.045152670357148476
V,3774.928774928775,0.045152670357148476
V,3776.44824311491,0.045152670357148476
V,3777.2079772079774,0.045152670357148476
V,3777.967711301045,0.04013570698413198
V,3779.4871794871797,0.04013570698413198
V,3780.2469135802467,0.04013570698413198
V,3781.0066476733145,0.04013570698413198
V,3782.5261158594494,0.03511874361111548
V,3783.2858499525164,0.03511874361111548
V,3784.0455840455843,0.03511874361111548
V,3785.565052231719,0.03511874361111548
V,3786.324786324786,0.03511874361111548
V,3787.0845204178536,0.03511874361111548
V,3787.844254510921,0.030101780238098983
V,3789.363722697056,0.030101780238098983
V,3790.1234567901233,0.030101780238098983
V,3790.8831908831908,0.030101780238098983
V,3792.4026590693256,0.030101780238098983
V,3793.162393162393,0.030101780238098983
V,3793.9221272554605,0.025084816865082488
V,3795.4415954415954,0.025084816865082488
V,3796.201329534663,0.025084816865082488
V,3796.9610636277303,0.025084816865082488
V,3798.480531813865,0.025084816865082488
V,3799.2402659069326,0.025084816865082488
V,3800.0,0.025084816865082488
V,3801.519468186135,0.02006785349206599
V,3802.2792022792023,0.02006785349206599
V,3803.0389363722697,0.02006785349206599
V,3804.5584045584046,0.02006785349206599
V,3805.318138651472,0.02006785349206599
V,3806.0778727445395,0.02006785349206599
V,3807.5973409306744,0.02006785349206599
V,3808.357075023742,0.02006785349206599
V,3809.1168091168092,0.02006785349206599
V,3809.8765432098767,0.015050890119049492
V,3811.3960113960115,0.015050890119049492
V,3812.155745489079,0.015050890119049492
V,3812.9154795821464,0.015050890119049492
V,3814.434947768281,0.015050890119049492
V,3815.1946818613487,0.015050890119049492
V,3815.9544159544157,0.015050890119049492
V,3817.4738841405506,0.015050890119049492
V,3818.2336182336185,0.015050890119049492
V,3818.9933523266855,0.015050890119049492
V,3820.5128205128203,0.015050890119049492
V,3821.272554605888,0.010033926746032994
V,3822.032288698955,0.010033926746032994
V,3823.55175688509,0.010033926746032994
V,3824.3114909781575,0.010033926746032994
V,3825.071225071225,0.010033926746032994
V,3826.59069325736,0.010033926746032994
V,3827.3504273504273,0.010033926746032994
V,3828.1101614434947,0.010033926746032994
V,3828.869895536562,0.010033926746032994
V,3830.389363722697,0.010033926746032994
V,3831.1490978157644,0.010033926746032994
V,3831.908831908832,0.010033926746032994
V,3833.4283000949667,0.010033926746032994
V,3834.188034188034,0.010033926746032994
V,3834.9477682811016,0.010033926746032994
V,3836.4672364672365,0.010033926746032994
V,3837.226970560304,0.005016963373016497
V,3837.9867046533714,0.005016963373016497
V,3839.5061728395062,0.005016963373016497
V,3840.2659069325737,0.005016963373016497
V,3841.025641025641,0.005016963373016497
V,3842.545109211776,0.005016963373016497
V,3843.3048433048434,0.005016963373016497
V,3844.064577397911,0.005016963373016497
V,3845.5840455840457,0.005016963373016497
V,3846.343779677113,0.005016963373016497
V,3847.1035137701806,0.005016963373016497
V,3848.622981956315,0.005016963373016497
V,3849.382716049383,0.005016963373016497
V,3850.14245014245,0.005016963373016497
V,3850.902184235518,0.005016963373016497
V,3852.4216524216527,0.005016963373016497
V,3853.1813865147196,0.005016963373016497
V,3853.9411206077875,0.005016963373016497
V,3855.4605887939224,0.005016963373016497
V,3856.2203228869894,0.0
V,3856.980056980057,0.0
V,3858.4995251661917,0.0
V,3859.259259259259,0.0
V,3860.0189933523266,0.0
V,3861.5384615384614,0.0
V,3862.298195631529,0.0
V,3863.0579297245963,0.0
V,3864.577397910731,0.0
V,3865.3371320037986,0.0
V,3866.096866096866,0.0
V,3867.616334283001,0.0
V,3868.3760683760684,0.0
V,3869.135802469136,0.0
V,3869.8955365622032,0.0
V,3871.415004748338,0.0
V,3872.1747388414055,0.0
V,3872.934472934473,0.0
V,3874.453941120608,0.0
V,3875.2136752136753,0.0
V,3875.9734093067427,0.0
V,3877.4928774928776,-0.005016963373016497
V,3878.252611585945,-0.005016963373016497
V,3879.0123456790125,-0.005016963373016497
V,3880.5318138651473,-0.005016963373016497
V,3881.291547958215,-0.005016963373016497
V,3882.051282051282,-0.005016963373016497
V,3883.570750237417,-0.005016963373016497
V,3884.330484330484,-0.005016963373016497
V,3885.090218423552,-0.005016963373016497
V,3886.609686609687,-0.005016963373016497
V,3887.369420702754,-0.005016963373016497
V,3888.1291547958217,-0.005016963373016497
V,3889.6486229819566,-0.005016963373016497
V,3890.4083570750236,-0.005016963373016497
V,3891.1680911680915,-0.005016963373016497
V,3891.9278252611584,-0.005016963373016497
V,3893.4472934472933,-0.005016963373016497
V,3894.2070275403607,-0.005016963373016497
V,3894.966761633428,-0.005016963373016497
V,3896.486229819563,-0.005016963373016497
V,3897.2459639126305,-0.005016963373016497
V,3898.005698005698,-0.005016963373016497
V,3899.525166191833,-0.005016963373016497
V,3900.2849002849002,-0.005016963373016497
VI,2899.7150997150998,-0.08292060824573295
VI,2900.474833808167,-0.08292060824573295
VI,2901.994301994302,-0.08292060824573295
VI,2902.7540360873695,-0.08292060824573295
VI,2903.513770180437,-0.08728485078498206
VI,2905.033238366572,-0.08728485078498206
VI,2905.7929724596393,-0.08728485078498206
VI,2906.5527065527067,-0.08728485078498206
VI,2908.0721747388416,-0.08728485078498206
VI,2908.831908831909,-0.08728485078498206
VI,2909.5916429249764,-0.08728485078498206
VI,2910.351377018044,-0.08728485078498206
VI,2911.8708452041787,-0.08728485078498206
VI,2912.630579297246,-0.08728485078498206
VI,2913.390313390313,-0.08728485078498206
VI,2914.909781576448,-0.08728485078498206
VI,2915.6695156695155,-0.09164909332423117
VI,2916.429249762583,-0.09164909332423117
VI,2917.948717948718,-0.09164909332423117
VI,2918.708452041785,-0.09164909332423117
VI,2919.4681861348527,-0.09164909332423117
VI,2920.9876543209875,-0.09164909332423117
VI,2921.747388414055,-0.09164909332423117
VI,2922.5071225071224,-0.09164909332423117
VI,2924.0265906932573,-0.09164909332423117
VI,2924.7863247863247,-0.09164909332423117
VI,2925.546058879392,-0.09164909332423117
VI,2927.065527065527,-0.09601333586348026
VI,2927.8252611585945,-0.09601333586348026
VI,2928.584995251662,-0.09601333586348026
VI,2930.1044634377968,-0.09601333586348026
VI,2930.864197530864,-0.09601333586348026
VI,2931.6239316239316,-0.09601333586348026
VI,2932.383665716999,-0.09601333586348026
VI,2933.903133903134,-0.09601333586348026
VI,2934.6628679962014,-0.09601333586348026
VI,2935.422602089269,-0.09601333586348026
VI,2936.9420702754037,-0.10037757840272937
VI,2937.701804368471,-0.10037757840272937
VI,2938.4615384615386,-0.10037757840272937
VI,2939.9810066476734,-0.10037757840272937
VI,2940.740740740741,-0.10037757840272937
VI,2941.5004748338083,-0.10037757840272937
VI,2943.019943019943,-0.10037757840272937
VI,2943.7796771130106,-0.10037757840272937
VI,2944.539411206078,-0.10474182094197848
VI,2946.058879392213,-0.10474182094197848
VI,2946.8186134852804,-0.10474182094197848
VI,2947.5783475783473,-0.10474182094197848
VI,2949.097815764482,-0.10474182094197848
VI,2949.8575498575497,-0.10474182094197848
VI,2950.617283950617,-0.10474182094197848
VI,2951.3770180436845,-0.10474182094197848
VI,2952.8964862298194,-0.10910606348122757
VI,2953.656220322887,-0.10910606348122757
VI,2954.4159544159543,-0.10910606348122757
VI,2955.935422602089,-0.10910606348122757
VI,2956.6951566951566,-0.10910606348122757
VI,2957.454890788224,-0.10910606348122757
VI,2958.974358974359,-0.10910606348122757
VI,2959.7340930674263,-0.11347030602047668
VI,2960.4938271604938,-0.11347030602047668
VI,2962.0132953466286,-0.11347030602047668
VI,2962.773029439696,-0.11347030602047668
VI,2963.5327635327635,-0.11347030602047668
VI,2965.0522317188984,-0.11347030602047668
VI,2965.811965811966,-0.11347030602047668
VI,2966.5716999050333,-0.11783454855972579
VI,2968.091168091168,-0.11783454855972579
VI,2968.8509021842356,-0.11783454855972579
VI,2969.610636277303,-0.11783454855972579
VI,2971.130104463438,-0.11783454855972579
VI,2971.8898385565053,-0.12219879109897488
VI,2972.6495726495727,-0.12219879109897488
VI,2973.40930674264,-0.12219879109897488
VI,2974.928774928775,-0.12219879109897488
VI,2975.6885090218425,-0.12219879109897488
VI,2976.44824311491,-0.126563033638224
VI,2977.967711301045,-0.126563033638224
VI,2978.7274453941122,-0.126563033638224
VI,2979.4871794871797,-0.126563033638224
VI,2981.0066476733145,-0.126563033638224
VI,2981.766381766382,-0.1309272761774731
VI,2982.5261158594494,-0.1309272761774731
VI,2984.045584045584,-0.1309272761774731
VI,2984.8053181386513,-0.1309272761774731
VI,2985.5650522317187,-0.1352915187167222
VI,2987.0845204178536,-0.1352915187167222
VI,2987.844254510921,-0.1352915187167222
VI,2988.6039886039885,-0.1352915187167222
VI,2990.1234567901233,-0.1396557612559713
VI,2990.8831908831908,-0.1396557612559713
VI,2991.642924976258,-0.1396557612559713
VI,2992.4026590693256,-0.1440200037952204
VI,2993.9221272554605,-0.1440200037952204
VI,2994.681861348528,-0.1440200037952204
VI,2995.4415954415954,-0.1440200037952204
VI,2996.9610636277303,-0.1483842463344695
VI,2997.7207977207977,-0.1483842463344695
VI,2998.480531813865,-0.1483842463344695
VI,3000.0,-0.1527484888737186
VI,3000.7597340930674,-0.1527484888737186
VI,3001.519468186135,-0.1527484888737186
VI,3003.0389363722697,-0.15711273141296772
VI,3003.798670465337,-0.15711273141296772
VI,3004.5584045584046,-0.16147697395221683
VI,3006.0778727445395,-0.16147697395221683
VI,3006.837606837607,-0.16147697395221683
VI,3007.5973409306744,-0.1658412164914659
VI,3009.1168091168092,-0.1658412164914659
VI,3009.8765432098767,-0.17020545903071502
VI,3010.636277302944,-0.17020545903071502
VI,3012.155745489079,-0.17020545903071502
VI,3012.9154795821464,-0.17456970156996413
VI,3013.675213675214,-0.17456970156996413
VI,3014.4349477682813,-0.17893394410921323
VI,3015.954415954416,-0.17893394410921323
VI,3016.7141500474836,-0.17893394410921323
VI,3017.4738841405506,-0.18329818664846234
VI,3018.9933523266855,-0.18329818664846234
VI,3019.753086419753,-0.18766242918771142
VI,3020.5128205128203,-0.18766242918771142
VI,3022.032288698955,-0.19202667172696053
VI,3022.7920227920226,-0.19202667172696053
VI,3023.55175688509,-0.19639091426620964
VI,3025.071225071225,-0.19639091426620964
VI,3025.8309591642924,-0.19639091426620964
VI,3026.59069325736,-0.20075515680545875
VI,3028.1101614434947,-0.20075515680545875
VI,3028.869895536562,-0.20511939934470785
VI,3029.6296296296296,-0.20511939934470785
VI,3031.1490978157644,-0.20948364188395696
VI,3031.908831908832,-0.20948364188395696
VI,3032.6685660018993,-0.21384788442320604
VI,3033.4283000949667,-0.21384788442320604
VI,3034.9477682811016,-0.21821212696245515
VI,3035.707502374169,-0.21821212696245515
VI,3036.4672364672365,-0.22257636950170426
VI,3037.9867046533714,-0.22257636950170426
VI,3038.746438746439,-0.22694061204095337
VI,3039.5061728395062,-0.22694061204095337
VI,3041.025641025641,-0.23130485458020247
VI,3041.7853751187085,-0.23130485458020247
VI,3042.545109211776,-0.23566909711945158
VI,3044.064577397911,-0.23566909711945158
VI,3044.8243114909783,-0.24003333965870066
VI,3045.5840455840457,-0.24003333965870066
VI,3047.1035137701806,-0.24439758219794977
VI,3047.863247863248,-0.24439758219794977
VI,3048.6229819563155,-0.24876182473719888
VI,3050.1424501424503,-0.24876182473719888
VI,3050.902184235518,-0.253126067276448
VI,3051.661918328585,-0.2574903098156971
VI,3053.1813865147196,-0.2574903098156971
VI,3053.941120607787,-0.2618545523549462
VI,3054.7008547008545,-0.2618545523549462
VI,3055.460588793922,-0.2662187948941953
VI,3056.980056980057,-0.2705830374334444
VI,3057.7397910731243,-0.2705830374334444
VI,3058.4995251661917,-0.27494727997269347
VI,3060.0189933523266,-0.27494727997269347
VI,3060.778727445394,-0.2793115225119426
VI,3061.5384615384614,-0.2836757650511917
VI,3063.0579297245963,-0.2836757650511917
VI,3063.8176638176637,-0.2880400075904408
VI,3064.577397910731,-0.2924042501296899
VI,3066.096866096866,-0.296768492668939
VI,3066.8566001899335,-0.296768492668939
VI,3067.616334283001,-0.3011327352081881
VI,3069.135802469136,-0.3054969777474372
VI,3069.8955365622032,-0.30986122028668633
VI,3070.6552706552707,-0.31422546282593544
VI,3072.1747388414055,-0.31422546282593544
VI,3072.934472934473,-0.31858970536518455
VI,3073.6942070275404,-0.32295394790443366
VI,3074.453941120608,-0.3273181904436827
VI,3075.9734093067427,-0.3316824329829318
VI,3076.73314339981,-0.3360466755221809
VI,3077.4928774928776,-0.34041091806143003
VI,3079.0123456790125,-0.34477516060067914
VI,3079.77207977208,-0.34913940313992825
VI,3080.5318138651473,-0.35350364567917736
VI,3082.051282051282,-0.35786788821842647
VI,3082.8110161443497,-0.3622321307576756
VI,3083.570750237417,-0.3665963732969247
VI,3085.090218423552,-0.3709606158361738
VI,3085.8499525166194,-0.37532485837542284
VI,3086.609686609687,-0.37968910091467195
VI,3088.1291547958213,-0.38841758599317017
VI,3088.8888888888887,-0.3927818285324193
VI,3089.648622981956,-0.3971460710716684
VI,3091.168091168091,-0.4015103136109175
VI,3091.9278252611584,-0.4102387986894157
VI,3092.687559354226,-0.4146030412286648
VI,3093.4472934472933,-0.4189672837679139
VI,3094.966761633428,-0.4276957688464121
VI,3095.7264957264956,-0.4320600113856612
VI,3096.486229819563,-0.4364242539249103
VI,3098.005698005698,-0.4451527390034085
VI,3098.7654320987654,-0.4495169815426576
VI,3099.525166191833,-0.45824546662115584
VI,3101.0446343779677,-0.46697395169965406
VI,3101.804368471035,-0.47133819423890316
VI,3102.5641025641025,-0.4800666793174013
VI,3104.0835707502374,-0.48443092185665043
VI,3104.843304843305,-0.49315940693514865
VI,3105.6030389363723,-0.5018878920136468
VI,3107.122507122507,-0.506252134552896
VI,3107.8822412155746,-0.5149806196313942
VI,3108.641975308642,-0.5237091047098924
VI,3110.161443494777,-0.5324375897883906
VI,3110.9211775878443,-0.5411660748668888
VI,3111.680911680912,-0.5498945599453869
VI,3113.2003798670466,-0.5586230450238852
VI,3113.960113960114,-0.5673515301023834
VI,3114.7198480531815,-0.5717157726416325
VI,3115.479582146249,-0.5848085002593798
VI,3116.999050332384,-0.593536985337878
VI,3117.7587844254513,-0.6022654704163762
VI,3118.5185185185187,-0.6109939554948745
VI,3120.0379867046536,-0.6197224405733727
VI,3120.797720797721,-0.6284509256518709
VI,3121.557454890788,-0.6371794107303691
VI,3123.076923076923,-0.6502721383481164
VI,3123.8366571699903,-0.6590006234266146
VI,3124.5963912630577,-0.6677291085051128
VI,3126.1158594491926,-0.6808218361228601
VI,3126.87559354226,-0.6895503212013583
VI,3127.6353276353275,-0.7026430488191056
VI,3129.1547958214624,-0.7113715338976038
VI,3129.91452991453,-0.7244642615153511
VI,3130.6742640075972,-0.7331927465938494
VI,3132.193732193732,-0.7462854742115966
VI,3132.9534662867995,-0.7550139592900948
VI,3133.713200379867,-0.7681066869078421
VI,3134.4729344729344,-0.7811994145255895
VI,3135.9924026590693,-0.7899278996040877
VI,3136.7521367521367,-0.803020627221835
VI,3137.511870845204,-0.8161133548395823
VI,3139.031339031339,-0.8292060824573296
VI,3139.7910731244065,-0.8422988100750769
VI,3140.550807217474,-0.8510272951535751
VI,3142.070275403609,-0.8641200227713224
VI,3142.830009496676,-0.8772127503890698
VI,3143.5897435897436,-0.890305478006817
VI,3145.1092117758785,-0.9033982056245643
VI,3145.868945868946,-0.9164909332423117
VI,3146.6286799620134,-0.929583660860059
VI,3148.1481481481483,-0.9470406310170554
VI,3148.9078822412157,-0.9601333586348026
VI,3149.667616334283,-0.97322608625255
VI,3151.187084520418,-0.9863188138702973
VI,3151.9468186134854,-0.9994115414880446
VI,3152.706552706553,-1.012504269105792
VI,3154.2260208926878,-1.0299612392627884
VI,3154.985754985755,-1.0430539668805356
VI,3155.745489078822,-1.056146694498283
VI,3156.50522317189,-1.0736036646552793
VI,3158.0246913580245,-1.0866963922730266
VI,3158.784425451092,-1.0997891198907739
VI,3159.5441595441594,-1.1172460900477703
VI,3161.0636277302942,-1.1303388176655178
VI,3161.8233618233617,-1.147795787822514
VI,3162.583095916429,-1.1608885154402615
VI,3164.102564102564,-1.178345485597258
VI,3164.8622981956314,-1.1914382132150052
VI,3165.622032288699,-1.2045309408327525
VI,3167.1415004748337,-1.221987910989749
VI,3167.901234567901,-1.2350806386074962
VI,3168.6609686609686,-1.2525376087644926
VI,3170.1804368471035,-1.2656303363822399
VI,3170.940170940171,-1.2830873065392363
VI,3171.6999050332383,-1.2961800341569836
VI,3173.219373219373,-1.31363700431398
VI,3173.9791073124406,-1.3267297319317273
VI,3174.738841405508,-1.3398224595494748
VI,3175.4985754985755,-1.357279429706471
VI,3177.0180436847104,-1.3703721573242185
VI,3177.777777777778,-1.387829127481215
VI,3178.5375118708453,-1.4009218550989622
VI,3180.05698005698,-1.4140145827167094
VI,3180.8167141500476,-1.4314715528737059
VI,3181.576448243115,-1.4445642804914531
VI,3183.09591642925,-1.4576570081092004
VI,3183.8556505223173,-1.4707497357269477
VI,3184.6153846153848,-1.488206705883944
VI,3186.1348528015196,-1.5012994335016914
VI,3186.894586894587,-1.5143921611194389
VI,3187.6543209876545,-1.5274848887371861
VI,3189.1737891737894,-1.5405776163549334
VI,3189.933523266857,-1.5536703439726807
VI,3190.6932573599242,-1.566763071590428
VI,3192.212725546059,-1.5798557992081754
VI,3192.972459639126,-1.5885842842866735
VI,3193.7321937321935,-1.6016770119044208
VI,3195.2516619183284,-1.614769739522168
VI,3196.011396011396,-1.6278624671399156
VI,3196.7711301044633,-1.6365909522184137
VI,3197.5308641975307,-1.649683679836161
VI,3199.0503323836656,-1.6584121649146593
VI,3199.810066476733,-1.6715048925324065
VI,3200.5698005698005,-1.6802333776109046
VI,3202.0892687559353,-1.688961862689403
VI,3202.8490028490028,-1.7020545903071502
VI,3203.60873694207,-1.7107830753856483
VI,3205.128205128205,-1.7195115604641467
VI,3205.8879392212725,-1.7282400455426448
VI,3206.64767331434,-1.736968530621143
VI,3208.167141500475,-1.7456970156996412
VI,3208.9268755935423,-1.7544255007781395
VI,3209.6866096866097,-1.7631539858566376
VI,3211.2060778727446,-1.7675182283958868
VI,3211.965811965812,-1.776246713474385
VI,3212.7255460588794,-1.7849751985528832
VI,3214.2450142450143,-1.7893394410921324
VI,3215.0047483380818,-1.7980679261706305
VI,3215.764482431149,-1.8024321687098797
VI,3216.5242165242166,-1.8111606537883778
VI,3218.0436847103515,-1.815524896327627
VI,3218.803418803419,-1.824253381406125
VI,3219.5631528964864,-1.8286176239453742
VI,3221.0826210826212,-1.8329818664846234
VI,3221.8423551756887,-1.8417103515631215
VI,3222.602089268756,-1.8460745941023706
VI,3224.121557454891,-1.8504388366416198
VI,3224.8812915479584,-1.8548030791808687
VI,3225.6410256410254,-1.859167321720118
VI,3227.1604938271603,-1.863531564259367
VI,3227.9202279202277,-1.8678958067986162
VI,3228.679962013295,-1.8722600493378652
VI,3230.19943019943,-1.8766242918771143
VI,3230.9591642924975,-1.8809885344163635
VI,3231.718898385565,-1.8853527769556127
VI,3233.2383665716998,-1.8897170194948616
VI,3233.998100664767,-1.8940812620341108
VI,3234.7578347578346,-1.89844550457336
VI,3236.2773029439695,-1.9028097471126089
VI,3237.037037037037,-1.907173989651858
VI,3237.7967711301044,-1.9115382321911072
VI,3238.556505223172,-1.9159024747303564
VI,3240.0759734093067,-1.9202667172696053
VI,3240.835707502374,-1.9246309598088545
VI,3241.5954415954416,-1.9289952023481036
VI,3243.1149097815764,-1.9289952023481036
VI,3243.874643874644,-1.9333594448873528
VI,3244.6343779677113,-1.9377236874266017
VI,3246.153846153846,-1.942087929965851
VI,3246.9135802469136,-1.9464521725051
VI,3247.673314339981,-1.950816415044349
VI,3249.192782526116,-1.950816415044349
VI,3249.9525166191834,-1.9551806575835982
VI,3250.712250712251,-1.9595449001228473
VI,3252.2317188983857,-1.9639091426620965
VI,3252.991452991453,-1.9639091426620965
VI,3253.7511870845206,-1.9682733852013454
VI,3255.2706552706554,-1.9726376277405946
VI,3256.030389363723,-1.9770018702798438
VI,3256.7901234567903,-1.9770018702798438
VI,3257.5498575498577,-1.981366112819093
VI,3259.0693257359926,-1.981366112819093
VI,3259.8290598290596,-1.9857303553583419
VI,3260.5887939221275,-1.990094597897591
VI,3262.1082621082624,-1.990094597897591
VI,3262.8679962013293,-1.9944588404368402
VI,3263.6277302943968,-1.9944588404368402
VI,3265.1471984805316,-1.9944588404368402
VI,3265.906932573599,-1.9988230829760891
VI,3266.6666666666665,-1.9988230829760891
VI,3268.1861348528014,-1.9988230829760891
VI,3268.945868945869,-1.9988230829760891
VI,3269.7056030389363,-2.0031873255153383
VI,3271.225071225071,-2.0031873255153383
VI,3271.9848053181386,-2.0031873255153383
VI,3272.744539411206,-2.0031873255153383
VI,3274.264007597341,-2.0031873255153383
VI,3275.0237416904083,-2.0031873255153383
VI,3275.7834757834758,-2.0031873255153383
VI,3277.3029439696106,-1.9988230829760891
VI,3278.062678062678,-1.9988230829760891
VI,3278.8224121557455,-1.9988230829760891
VI,3279.582146248813,-1.9944588404368402
VI,3281.101614434948,-1.9944588404368402
VI,3281.8613485280152,-1.9944588404368402
VI,3282.6210826210827,-1.990094597897591
VI,3284.1405508072176,-1.9857303553583419
VI,3284.900284900285,-1.9857303553583419
VI,3285.6600189933524,-1.981366112819093
VI,3287.1794871794873,-1.9770018702798438
VI,3287.9392212725547,-1.9770018702798438
VI,3288.698955365622,-1.9726376277405946
VI,3290.218423551757,-1.9682733852013454
VI,3290.9781576448245,-1.9639091426620965
VI,3291.737891737892,-1.9595449001228473
VI,3293.257359924027,-1.9551806575835982
VI,3294.0170940170938,-1.950816415044349
VI,3294.7768281101617,-1.9464521725051
VI,3296.2962962962965,-1.942087929965851
VI,3297.0560303893635,-1.9333594448873528
VI,3297.8157644824314,-1.9289952023481036
VI,3298.5754985754984,-1.9246309598088545
VI,3300.0949667616333,-1.9202667172696053
VI,3300.8547008547007,-1.9159024747303564
VI,3301.614434947768,-1.907173989651858
VI,3303.133903133903,-1.9028097471126089
VI,3303.8936372269704,-1.89844550457336
VI,3304.653371320038,-1.8940812620341108
VI,3306.1728395061727,-1.8853527769556127
VI,3306.93257359924,-1.8809885344163635
VI,3307.6923076923076,-1.8766242918771143
VI,3309.2117758784425,-1.8678958067986162
VI,3309.97150997151,-1.863531564259367
VI,3310.7312440645774,-1.859167321720118
VI,3312.2507122507122,-1.8504388366416198
VI,3313.0104463437797,-1.8460745941023706
VI,3313.770180436847,-1.8417103515631215
VI,3315.289648622982,-1.8373461090238725
VI,3316.0493827160494,-1.8286176239453742
VI,3316.809116809117,-1.824253381406125
VI,3318.3285849952517,-1.819889138866876
VI,3319.088319088319,-1.815524896327627
VI,3319.8480531813866,-1.8111606537883778
VI,3320.607787274454,-1.8024321687098797
VI,3322.127255460589,-1.7980679261706305
VI,3322.8869895536563,-1.7937036836313813
VI,3323.646723646724,-1.7893394410921324
VI,3325.1661918328587,-1.7849751985528832
VI,3325.925925925926,-1.780610956013634
VI,3326.6856600189935,-1.776246713474385
VI,3328.2051282051284,-1.771882470935136
VI,3328.964862298196,-1.7675182283958868
VI,3329.724596391263,-1.7631539858566376
VI,3331.2440645773977,-1.7587897433173885
VI,3332.0037986704656,-1.7544255007781395
VI,3332.7635327635326,-1.7500612582388904
VI,3334.2830009496674,-1.7456970156996412
VI,3335.042735042735,-1.741332773160392
VI,3335.8024691358023,-1.741332773160392
VI,3337.321937321937,-1.736968530621143
VI,3338.0816714150046,-1.732604288081894
VI,3338.841405508072,-1.7282400455426448
VI,3339.6011396011395,-1.7238758030033958
VI,3341.1206077872744,-1.7238758030033958
VI,3341.880341880342,-1.7195115604641467
VI,3342.6400759734092,-1.7151473179248975
VI,3344.159544159544,-1.7107830753856483
VI,3344.9192782526115,-1.7107830753856483
VI,3345.679012345679,-1.7064188328463994
VI,3347.198480531814,-1.7020545903071502
VI,3347.9582146248813,-1.697690347767901
VI,3348.7179487179487,-1.697690347767901
VI,3350.2374169040836,-1.693326105228652
VI,3350.997150997151,-1.693326105228652
VI,3351.7568850902185,-1.688961862689403
VI,3353.2763532763533,-1.6845976201501538
VI,3354.036087369421,-1.6845976201501538
VI,3354.795821462488,-1.6802333776109046
VI,3356.315289648623,-1.6758691350716557
VI,3357.0750237416905,-1.6758691350716557
VI,3357.834757834758,-1.6715048925324065
VI,3359.354226020893,-1.6715048925324065
VI,3360.1139601139603,-1.6671406499931574
VI,3360.8736942070277,-1.6671406499931574
VI,3361.633428300095,-1.6627764074539082
VI,3363.15289648623,-1.6627764074539082
VI,3363.912630579297,-1.6584121649146593
VI,3364.672364672365,-1.6584121649146593
VI,3366.1918328584998,-1.65404792237541
VI,3366.9515669515667,-1.65404792237541
VI,3367.711301044634,-1.649683679836161
VI,3369.230769230769,-1.649683679836161
VI,3369.9905033238365,-1.6453194372969118
VI,3370.750237416904,-1.6453194372969118
VI,3372.269705603039,-1.6409551947576628
VI,3373.0294396961062,-1.6409551947576628
VI,3373.7891737891737,-1.6365909522184137
VI,3375.3086419753085,-1.6365909522184137
VI,3376.068376068376,-1.6365909522184137
VI,3376.8281101614434,-1.6322267096791645
VI,3378.3475783475783,-1.6322267096791645
VI,3379.1073124406457,-1.6278624671399156
VI,3379.867046533713,-1.6278624671399156
VI,3380.6267806267806,-1.6234982246006664
VI,3382.1462488129155,-1.6234982246006664
VI,3382.905982905983,-1.6191339820614172
VI,3383.6657169990503,-1.614769739522168
VI,3385.185185185185,-1.614769739522168
VI,3385.9449192782527,-1.6104054969829191
VI,3386.70465337132,-1.6104054969829191
VI,3388.224121557455,-1.60604125444367
VI,3388.9838556505224,-1.6016770119044208
VI,3389.74358974359,-1.5973127693651716
VI,3391.2630579297247,-1.5929485268259227
VI,3392.022792022792,-1.5929485268259227
VI,3392.7825261158596,-1.5885842842866735
VI,3394.3019943019945,-1.5842200417474244
VI,3395.061728395062,-1.5754915566689263
VI,3395.8214624881293,-1.571127314129677
VI,3397.340930674264,-1.566763071590428
VI,3398.100664767331,-1.562398829051179
VI,3398.860398860399,-1.5536703439726807
VI,3400.379867046534,-1.5493061014334315
VI,3401.139601139601,-1.5449418588941826
VI,3401.899335232669,-1.5362133738156842
VI,3402.659069325736,-1.5274848887371861
VI,3404.1785375118707,-1.523120646197937
VI,3404.938271604938,-1.5143921611194389
VI,3405.6980056980055,-1.5056636760409405
VI,3407.2174738841404,-1.4969351909624424
VI,3407.977207977208,-1.488206705883944
VI,3408.7369420702753,-1.479478220805446
VI,3410.25641025641,-1.4663854931876987
VI,3411.0161443494776,-1.4576570081092004
VI,3411.775878442545,-1.4489285230307023
VI,3413.29534662868,-1.435835795412955
VI,3414.0550807217473,-1.4271073103344567
VI,3414.814814814815,-1.4140145827167094
VI,3416.3342830009497,-1.4009218550989622
VI,3417.094017094017,-1.387829127481215
VI,3417.8537511870845,-1.3747363998634674
VI,3419.3732193732194,-1.3660079147849693
VI,3420.132953466287,-1.352915187167222
VI,3420.8926875593543,-1.3354582170102256
VI,3421.6524216524217,-1.3223654893924783
VI,3423.1718898385566,-1.3092727617747308
VI,3423.931623931624,-1.2961800341569836
VI,3424.6913580246915,-1.2830873065392363
VI,3426.2108262108263,-1.269994578921489
VI,3426.9705603038938,-1.2525376087644926
VI,3427.730294396961,-1.2394448811467453
VI,3429.249762583096,-1.226352153528998
VI,3430.0094966761635,-1.2088951833720016
VI,3430.769230769231,-1.1958024557542541
VI,3432.288698955366,-1.178345485597258
VI,3433.0484330484333,-1.1652527579795104
VI,3433.8081671415002,-1.1521600303617632
VI,3435.327635327635,-1.139067302744016
VI,3436.087369420703,-1.1216103325870195
VI,3436.84710351377,-1.1085176049692722
VI,3438.366571699905,-1.095424877351525
VI,3439.1263057929723,-1.0823321497337777
VI,3439.8860398860397,-1.0648751795767812
VI,3440.645773979107,-1.0517824519590337
VI,3442.165242165242,-1.0386897243412865
VI,3442.9249762583095,-1.0255969967235392
VI,3443.684710351377,-1.012504269105792
VI,3445.204178537512,-1.0037757840272936
VI,3445.963912630579,-0.9906830564095465
VI,3446.7236467236467,-0.9775903287917991
VI,3448.2431149097815,-0.9644976011740518
VI,3449.002849002849,-0.9557691160955536
VI,3449.7625830959164,-0.9426763884778063
VI,3451.2820512820513,-0.9339479033993081
VI,3452.0417853751187,-0.9252194183208099
VI,3452.801519468186,-0.9121266907030625
VI,3454.320987654321,-0.9033982056245643
VI,3455.0807217473885,-0.8946697205460662
VI,3455.840455840456,-0.885941235467568
VI,3457.3599240265908,-0.8772127503890698
VI,3458.119658119658,-0.8728485078498206
VI,3458.8793922127256,-0.8641200227713224
VI,3460.3988603988605,-0.8553915376928242
VI,3461.158594491928,-0.8510272951535751
VI,3461.9183285849954,-0.8422988100750769
VI,3462.678062678063,-0.8379345675358278
VI,3464.1975308641977,-0.8335703249965787
VI,3464.957264957265,-0.8248418399180805
VI,3465.7169990503326,-0.8204775973788314
VI,3467.2364672364674,-0.8161133548395823
VI,3467.9962013295344,-0.8117491123003332
VI,3468.7559354226023,-0.807384869761084
VI,3470.275403608737,-0.803020627221835
VI,3471.035137701804,-0.7986563846825858
VI,3471.7948717948716,-0.7942921421433368
VI,3473.3143399810065,-0.7899278996040877
VI,3474.074074074074,-0.7899278996040877
VI,3474.8338081671413,-0.7855636570648385
VI,3476.353276353276,-0.7811994145255895
VI,3477.1130104463437,-0.7768351719863403
VI,3477.872744539411,-0.7768351719863403
VI,3479.392212725546,-0.7724709294470913
VI,3480.1519468186134,-0.7681066869078421
VI,3480.911680911681,-0.7681066869078421
VI,3481.6714150047483,-0.7637424443685931
VI,3483.190883190883,-0.7637424443685931
VI,3483.9506172839506,-0.7593782018293439
VI,3484.710351377018,-0.7550139592900948
VI,3486.229819563153,-0.7550139592900948
VI,3486.9895536562203,-0.7506497167508457
VI,3487.7492877492878,-0.7506497167508457
VI,3489.2687559354226,-0.7462854742115966
VI,3490.02849002849,-0.7419212316723476
VI,3490.7882241215575,-0.7419212316723476
VI,3492.3076923076924,-0.7375569891330984
VI,3493.06742640076,-0.7375569891330984
VI,3493.8271604938273,-0.7331927465938494
VI,3495.346628679962,-0.7288285040546002
VI,3496.1063627730296,-0.7288285040546002
VI,3496.866096866097,-0.7244642615153511
VI,3498.385565052232,-0.720100018976102
VI,3499.1452991452993,-0.720100018976102
VI,3499.9050332383667,-0.7157357764368529
VI,3501.4245014245016,-0.7113715338976038
VI,3502.1842355175686,-0.7070072913583547
VI,3502.9439696106365,-0.7070072913583547
VI,3503.7037037037035,-0.7026430488191056
VI,3505.2231718898383,-0.6982788062798565
VI,3505.9829059829062,-0.6982788062798565
VI,3506.742640075973,-0.6939145637406074
VI,3508.262108262108,-0.6895503212013583
VI,3509.0218423551755,-0.6851860786621092
VI,3509.781576448243,-0.6851860786621092
VI,3511.301044634378,-0.6808218361228601
VI,3512.0607787274453,-0.676457593583611
VI,3512.8205128205127,-0.676457593583611
VI,3514.3399810066476,-0.6720933510443619
VI,3515.099715099715,-0.6677291085051128
VI,3515.8594491927824,-0.6677291085051128
VI,3517.3789173789173,-0.6633648659658636
VI,3518.1386514719848,-0.6633648659658636
VI,3518.898385565052,-0.6590006234266146
VI,3520.417853751187,-0.6590006234266146
VI,3521.1775878442545,-0.6546363808873654
VI,3521.937321937322,-0.6546363808873654
VI,3522.6970560303894,-0.6502721383481164
VI,3524.2165242165242,-0.6502721383481164
VI,3524.9762583095917,-0.6502721383481164
VI,3525.735992402659,-0.6459078958088673
VI,3527.255460588794,-0.6459078958088673
VI,3528.0151946818614,-0.6459078958088673
VI,3528.774928774929,-0.6459078958088673
VI,3530.2943969610637,-0.6415436532696182
VI,3531.054131054131,-0.6415436532696182
VI,3531.8138651471986,-0.6415436532696182
VI,3533.3333333333335,-0.6415436532696182
VI,3534.093067426401,-0.6415436532696182
VI,3534.852801519468,-0.6415436532696182
VI,3536.372269705603,-0.6415436532696182
VI,3537.1320037986707,-0.6415436532696182
VI,3537.8917378917376,-0.6415436532696182
VI,3539.4112060778725,-0.6415436532696182
VI,3540.1709401709404,-0.6415436532696182
VI,3540.9306742640074,-0.6415436532696182
VI,3542.4501424501423,-0.6415436532696182
VI,3543.20987654321,-0.6459078958088673
VI,3543.969610636277,-0.6459078958088673
VI,3544.7293447293446,-0.6459078958088673
VI,3546.2488129154794,-0.6459078958088673
VI,3547.008547008547,-0.6459078958088673
VI,3547.7682811016143,-0.6502721383481164
VI,3549.287749287749,-0.6502721383481164
VI,3550.0474833808166,-0.6502721383481164
VI,3550.807217473884,-0.6546363808873654
VI,3552.326685660019,-0.6546363808873654
VI,3553.0864197530864,-0.6546363808873654
VI,3553.846153846154,-0.6590006234266146
VI,3555.3656220322887,-0.6590006234266146
VI,3556.125356125356,-0.6590006234266146
VI,3556.8850902184236,-0.6633648659658636
VI,3558.4045584045584,-0.6633648659658636
VI,3559.164292497626,-0.6633648659658636
VI,3559.9240265906933,-0.6677291085051128
VI,3561.443494776828,-0.6677291085051128
VI,3562.2032288698956,-0.6677291085051128
VI,3562.962962962963,-0.6720933510443619
VI,3563.7226970560305,-0.6720933510443619
VI,3565.2421652421654,-0.6720933510443619
VI,3566.001899335233,-0.676457593583611
VI,3566.7616334283002,-0.676457593583611
VI,3568.281101614435,-0.6808218361228601
VI,3569.0408357075025,-0.6808218361228601
VI,3569.80056980057,-0.6808218361228601
VI,3571.320037986705,-0.6851860786621092
VI,3572.079772079772,-0.6851860786621092
VI,3572.8395061728397,-0.6851860786621092
VI,3574.3589743589746,-0.6895503212013583
VI,3575.1187084520416,-0.6895503212013583
VI,3575.8784425451095,-0.6939145637406074
VI,3577.3979107312443,-0.6939145637406074
VI,3578.1576448243113,-0.6939145637406074
VI,3578.9173789173788,-0.6982788062798565
VI,3580.4368471035136,-0.6982788062798565
VI,3581.196581196581,-0.7026430488191056
VI,3581.9563152896485,-0.7026430488191056
VI,3583.4757834757834,-0.7070072913583547
VI,3584.235517568851,-0.7070072913583547
VI,3584.9952516619182,-0.7113715338976038
VI,3585.7549857549857,-0.7113715338976038
VI,3587.2744539411206,-0.7157357764368529
VI,3588.034188034188,-0.7157357764368529
VI,3588.7939221272554,-0.720100018976102
VI,3590.3133903133903,-0.720100018976102
VI,3591.0731244064577,-0.7244642615153511
VI,3591.832858499525,-0.7244642615153511
VI,3593.35232668566,-0.7288285040546002
VI,3594.1120607787275,-0.7288285040546002
VI,3594.871794871795,-0.7331927465938494
VI,3596.39126305793,-0.7375569891330984
VI,3597.1509971509972,-0.7375569891330984
VI,3597.9107312440647,-0.7419212316723476
VI,3599.4301994301995,-0.7462854742115966
VI,3600.189933523267,-0.7462854742115966
VI,3600.9496676163344,-0.7506497167508457
VI,3602.4691358024693,-0.7506497167508457
VI,3603.2288698955367,-0.7550139592900948
VI,3603.988603988604,-0.7593782018293439
VI,3604.748338081671,-0.7593782018293439
VI,3606.267806267806,-0.7637424443685931
VI,3607.027540360874,-0.7681066869078421
VI,3607.787274453941,-0.7681066869078421
VI,3609.3067426400758,-0.7724709294470913
VI,3610.0664767331436,-0.7768351719863403
VI,3610.8262108262106,-0.7768351719863403
VI,3612.3456790123455,-0.7811994145255895
VI,3613.105413105413,-0.7811994145255895
VI,3613.8651471984804,-0.7855636570648385
VI,3615.3846153846152,-0.7899278996040877
VI,3616.1443494776827,-0.7899278996040877
VI,3616.90408357075,-0.7942921421433368
VI,3618.423551756885,-0.7942921421433368
VI,3619.1832858499524,-0.7986563846825858
VI,3619.94301994302,-0.7986563846825858
VI,3621.4624881291547,-0.7986563846825858
VI,3622.222222222222,-0.803020627221835
VI,3622.9819563152896,-0.803020627221835
VI,3624.5014245014245,-0.807384869761084
VI,3625.261158594492,-0.807384869761084
VI,3626.0208926875594,-0.807384869761084
VI,3626.780626780627,-0.807384869761084
VI,3628.3000949667617,-0.807384869761084
VI,3629.059829059829,-0.8117491123003332
VI,3629.8195631528965,-0.8117491123003332
VI,3631.3390313390314,-0.8117491123003332
VI,3632.098765432099,-0.8117491123003332
VI,3632.8584995251663,-0.807384869761084
VI,3634.377967711301,-0.807384869761084
VI,3635.1377018043686,-0.807384869761084
VI,3635.897435897436,-0.807384869761084
VI,3637.416904083571,-0.807384869761084
VI,3638.1766381766383,-0.803020627221835
VI,3638.9363722697058,-0.803020627221835
VI,3640.45584045584,-0.7986563846825858
VI,3641.215574548908,-0.7986563846825858
VI,3641.975308641975,-0.7942921421433368
VI,3643.49477682811,-0.7942921421433368
VI,3644.254510921178,-0.7899278996040877
VI,3645.014245014245,-0.7855636570648385
VI,3645.7739791073127,-0.7855636570648385
VI,3647.2934472934476,-0.7811994145255895
VI,3648.0531813865146,-0.7768351719863403
VI,3648.812915479582,-0.7724709294470913
VI,3650.332383665717,-0.7681066869078421
VI,3651.0921177587843,-0.7637424443685931
VI,3651.8518518518517,-0.7593782018293439
VI,3653.3713200379866,-0.7550139592900948
VI,3654.131054131054,-0.7462854742115966
VI,3654.8907882241215,-0.7419212316723476
VI,3656.4102564102564,-0.7375569891330984
VI,3657.169990503324,-0.7331927465938494
VI,3657.929724596391,-0.7244642615153511
VI,3659.449192782526,-0.720100018976102
VI,3660.2089268755935,-0.7113715338976038
VI,3660.968660968661,-0.7070072913583547
VI,3662.488129154796,-0.6982788062798565
VI,3663.2478632478633,-0.6939145637406074
VI,3664.0075973409307,-0.6851860786621092
VI,3665.5270655270656,-0.6808218361228601
VI,3666.286799620133,-0.6720933510443619
VI,3667.0465337132005,-0.6633648659658636
VI,3667.806267806268,-0.6590006234266146
VI,3669.3257359924028,-0.6502721383481164
VI,3670.08547008547,-0.6415436532696182
VI,3670.8452041785376,-0.6371794107303691
VI,3672.3646723646725,-0.6284509256518709
VI,3673.12440645774,-0.6197224405733727
VI,3673.8841405508074,-0.6109939554948745
VI,3675.4036087369423,-0.6022654704163762
VI,3676.1633428300092,-0.5979012278771271
VI,3676.923076923077,-0.589172742798629
VI,3678.442545109212,-0.5804442577201308
VI,3679.202279202279,-0.5717157726416325
VI,3679.962013295347,-0.5629872875631343
VI,3681.4814814814818,-0.5542588024846361
VI,3682.2412155745487,-0.5498945599453869
VI,3683.000949667616,-0.5411660748668888
VI,3684.520417853751,-0.5324375897883906
VI,3685.2801519468185,-0.5237091047098924
VI,3686.039886039886,-0.5149806196313942
VI,3686.7996201329534,-0.506252134552896
VI,3688.319088319088,-0.5018878920136468
VI,3689.0788224121557,-0.49315940693514865
VI,3689.838556505223,-0.48443092185665043
VI,3691.358024691358,-0.4757024367781522
VI,3692.1177587844254,-0.47133819423890316
VI,3692.877492877493,-0.46260970916040495
VI,3694.3969610636277,-0.45388122408190673
VI,3695.156695156695,-0.4451527390034085
VI,3695.9164292497626,-0.4407884964641594
VI,3697.4358974358975,-0.4320600113856612
VI,3698.195631528965,-0.4276957688464121
VI,3698.9553656220323,-0.4189672837679139
VI,3700.474833808167,-0.4102387986894157
VI,3701.2345679012346,-0.4058745561501666
VI,3701.994301994302,-0.3971460710716684
VI,3703.513770180437,-0.3927818285324193
VI,3704.2735042735044,-0.38405334345392106
VI,3705.033238366572,-0.37968910091467195
VI,3706.5527065527067,-0.3709606158361738
VI,3707.312440645774,-0.3665963732969247
VI,3708.0721747388416,-0.3622321307576756
VI,3708.8319088319085,-0.35350364567917736
VI,3710.3513770180434,-0.34913940313992825
VI,3711.1111111111113,-0.34477516060067914
VI,3711.8708452041783,-0.3360466755221809
VI,3713.390313390313,-0.3316824329829318
VI,3714.150047483381,-0.3273181904436827
VI,3714.909781576448,-0.32295394790443366
VI,3716.429249762583,-0.31422546282593544
VI,3717.188983855651,-0.30986122028668633
VI,3717.948717948718,-0.3054969777474372
VI,3719.4681861348527,-0.3011327352081881
VI,3720.22792022792,-0.296768492668939
VI,3720.9876543209875,-0.2924042501296899
VI,3722.5071225071224,-0.2880400075904408
VI,3723.26685660019,-0.2836757650511917
VI,3724.0265906932573,-0.2793115225119426
VI,3725.546058879392,-0.27494727997269347
VI,3726.3057929724596,-0.2705830374334444
VI,3727.065527065527,-0.2662187948941953
VI,3727.8252611585945,-0.2618545523549462
VI,3729.3447293447293,-0.2574903098156971
VI,3730.1044634377968,-0.253126067276448
VI,3730.864197530864,-0.24876182473719888
VI,3732.383665716999,-0.24439758219794977
VI,3733.1433998100665,-0.24439758219794977
VI,3733.903133903134,-0.24003333965870066
VI,3735.422602089269,-0.23566909711945158
VI,3736.1823361823363,-0.23130485458020247
VI,3736.9420702754037,-0.23130485458020247
VI,3738.4615384615386,-0.22694061204095337
VI,3739.221272554606,-0.22257636950170426
VI,3739.9810066476734,-0.21821212696245515
VI,3741.5004748338083,-0.21821212696245515
VI,3742.2602089268757,-0.21384788442320604
VI,3743.019943019943,-0.20948364188395696
VI,3744.5394112060776,-0.20948364188395696
VI,3745.2991452991455,-0.20511939934470785
VI,3746.0588793922125,-0.20075515680545875
VI,3746.8186134852804,-0.20075515680545875
VI,3748.3380816714152,-0.19639091426620964
VI,3749.097815764482,-0.19639091426620964
VI,3749.85754985755,-0.19202667172696053
VI,3751.377018043685,-0.18766242918771142
VI,3752.136752136752,-0.18766242918771142
VI,3752.8964862298194,-0.18329818664846234
VI,3754.4159544159543,-0.18329818664846234
VI,3755.1756885090217,-0.17893394410921323
VI,3755.935422602089,-0.17893394410921323
VI,3757.454890788224,-0.17456970156996413
VI,3758.2146248812915,-0.17456970156996413
VI,3758.974358974359,-0.17020545903071502
VI,3760.4938271604938,-0.17020545903071502
VI,3761.253561253561,-0.1658412164914659
VI,3762.0132953466286,-0.1658412164914659
VI,3763.5327635327635,-0.16147697395221683
VI,3764.292497625831,-0.16147697395221683
VI,3765.0522317188984,-0.15711273141296772
VI,3766.5716999050333,-0.15711273141296772
VI,3767.3314339981007,-0.1527484888737186
VI,3768.091168091168,-0.1527484888737186
VI,3768.8509021842356,-0.1483842463344695
VI,3770.3703703703704,-0.1483842463344695
VI,3771.130104463438,-0.1483842463344695
VI,3771.8898385565053,-0.1440200037952204
VI,3773.40930674264,-0.1440200037952204
VI,3774.1690408357076,-0.1396557612559713
VI,3774.928774928775,-0.1396557612559713
VI,3776.44824311491,-0.1352915187167222
VI,3777.2079772079774,-0.1352915187167222
VI,3777.967711301045,-0.1352915187167222
VI,3779.4871794871797,-0.1309272761774731
VI,3780.2469135802467,-0.1309272761774731
VI,3781.0066476733145,-0.1309272761774731
VI,3782.5261158594494,-0.126563033638224
VI,3783.2858499525164,-0.126563033638224
VI,3784.0455840455843,-0.126563033638224
VI,3785.565052231719,-0.12219879109897488
VI,3786.324786324786,-0.12219879109897488
VI,3787.0845204178536,-0.12219879109897488
VI,3787.844254510921,-0.11783454855972579
VI,3789.363722697056,-0.11783454855972579
VI,3790.1234567901233,-0.11783454855972579
VI,3790.8831908831908,-0.11347030602047668
VI,3792.4026590693256,-0.11347030602047668
VI,3793.162393162393,-0.11347030602047668
VI,3793.9221272554605,-0.11347030602047668
VI,3795.4415954415954,-0.10910606348122757
VI,3796.201329534663,-0.10910606348122757
VI,3796.9610636277303,-0.10910606348122757
VI,3798.480531813865,-0.10474182094197848
VI,3799.2402659069326,-0.10474182094197848
VI,3800.0,-0.10474182094197848
VI,3801.519468186135,-0.10474182094197848
VI,3802.2792022792023,-0.10037757840272937
VI,3803.0389363722697,-0.10037757840272937
VI,3804.5584045584046,-0.10037757840272937
VI,3805.318138651472,-0.10037757840272937
VI,3806.0778727445395,-0.10037757840272937
VI,3807.5973409306744,-0.09601333586348026
VI,3808.357075023742,-0.09601333586348026
VI,3809.1168091168092,-0.09601333586348026
VI,3809.8765432098767,-0.09601333586348026
VI,3811.3960113960115,-0.09164909332423117
VI,3812.155745489079,-0.09164909332423117
VI,3812.9154795821464,-0.09164909332423117
VI,3814.434947768281,-0.09164909332423117
VI,3815.1946818613487,-0.09164909332423117
VI,3815.9544159544157,-0.09164909332423117
VI,3817.4738841405506,-0.08728485078498206
VI,3818.2336182336185,-0.08728485078498206
VI,3818.9933523266855,-0.08728485078498206
VI,3820.5128205128203,-0.08728485078498206
VI,3821.272554605888,-0.08728485078498206
VI,3822.032288698955,-0.08728485078498206
VI,3823.55175688509,-0.08292060824573295
VI,3824.3114909781575,-0.08292060824573295
VI,3825.071225071225,-0.08292060824573295
VI,3826.59069325736,-0.08292060824573295
VI,3827.3504273504273,-0.08292060824573295
VI,3828.1101614434947,-0.08292060824573295
VI,3828.869895536562,-0.08292060824573295
VI,3830.389363722697,-0.08292060824573295
VI,3831.1490978157644,-0.07855636570648386
VI,3831.908831908832,-0.07855636570648386
VI,3833.4283000949667,-0.07855636570648386
VI,3834.188034188034,-0.07855636570648386
VI,3834.9477682811016,-0.07855636570648386
VI,3836.4672364672365,-0.07855636570648386
VI,3837.226970560304,-0.07855636570648386
VI,3837.9867046533714,-0.07855636570648386
VI,3839.5061728395062,-0.07855636570648386
VI,3840.2659069325737,-0.07855636570648386
VI,3841.025641025641,-0.07419212316723475
VI,3842.545109211776,-0.07419212316723475
VI,3843.3048433048434,-0.07419212316723475
VI,3844.064577397911,-0.07419212316723475
VI,3845.5840455840457,-0.07419212316723475
VI,3846.343779677113,-0.07419212316723475
VI,3847.1035137701806,-0.07419212316723475
VI,3848.622981956315,-0.07419212316723475
VI,3849.382716049383,-0.07419212316723475
VI,3850.14245014245,-0.07419212316723475
VI,3850.902184235518,-0.07419212316723475
VI,3852.4216524216527,-0.07419212316723475
VI,3853.1813865147196,-0.07419212316723475
VI,3853.9411206077875,-0.06982788062798564
VI,3855.4605887939224,-0.06982788062798564
VI,3856.2203228869894,-0.06982788062798564
VI,3856.980056980057,-0.06982788062798564
VI,3858.4995251661917,-0.06982788062798564
VI,3859.259259259259,-0.06982788062798564
VI,3860.0189933523266,-0.06982788062798564
VI,3861.5384615384614,-0.06982788062798564
VI,3862.298195631529,-0.06982788062798564
VI,3863.0579297245963,-0.06982788062798564
VI,3864.577397910731,-0.06982788062798564
VI,3865.3371320037986,-0.06982788062798564
VI,3866.096866096866,-0.06982788062798564
VI,3867.616334283001,-0.06982788062798564
VI,3868.3760683760684,-0.06982788062798564
VI,3869.135802469136,-0.06982788062798564
VI,3869.8955365622032,-0.06982788062798564
VI,3871.415004748338,-0.06982788062798564
VI,3872.1747388414055,-0.06546363808873655
VI,3872.934472934473,-0.06546363808873655
VI,3874.453941120608,-0.06546363808873655
VI,3875.2136752136753,-0.06546363808873655
VI,3875.9734093067427,-0.06546363808873655
VI,3877.4928774928776,-0.06546363808873655
VI,3878.252611585945,-0.06546363808873655
VI,3879.0123456790125,-0.06546363808873655
VI,3880.5318138651473,-0.06546363808873655
VI,3881.291547958215,-0.06546363808873655
VI,3882.051282051282,-0.06546363808873655
VI,3883.570750237417,-0.06546363808873655
VI,3884.330484330484,-0.06546363808873655
VI,3885.090218423552,-0.06546363808873655
VI,3886.609686609687,-0.06546363808873655
VI,3887.369420702754,-0.06546363808873655
VI,3888.1291547958217,-0.06546363808873655
VI,3889.6486229819566,-0.06546363808873655
VI,3890.4083570750236,-0.06546363808873655
VI,3891.1680911680915,-0.06109939554948744
VI,3891.9278252611584,-0.06109939554948744
VI,3893.4472934472933,-0.06109939554948744
VI,3894.2070275403607,-0.06109939554948744
VI,3894.966761633428,-0.06109939554948744
VI,3896.486229819563,-0.06109939554948744
VI,3897.2459639126305,-0.06109939554948744
VI,3898.005698005698,-0.06109939554948744
VI,3899.525166191833,-0.06109939554948744
VI,3900.2849002849002,-0.06109939554948744
VII,2899.7150997150998,-0.059704703227100635
VII,2900.474833808167,-0.059704703227100635
VII,2901.994301994302,-0.059704703227100635
VII,2902.7540360873695,-0.059704703227100635
VII,2903.513770180437,-0.059704703227100635
VII,2905.033238366572,-0.059704703227100635
VII,2905.7929724596393,-0.059704703227100635
VII,2906.5527065527067,-0.059704703227100635
VII,2908.0721747388416,-0.059704703227100635
VII,2908.831908831909,-0.06429737270610837
VII,2909.5916429249764,-0.06429737270610837
VII,2910.351377018044,-0.06429737270610837
VII,2911.8708452041787,-0.06429737270610837
VII,2912.630579297246,-0.06429737270610837
VII,2913.390313390313,-0.06429737270610837
VII,2914.909781576448,-0.06429737270610837
VII,2915.6695156695155,-0.06429737270610837
VII,2916.429249762583,-0.06429737270610837
VII,2917.948717948718,-0.06429737270610837
VII,2918.708452041785,-0.06429737270610837
VII,2919.4681861348527,-0.06429737270610837
VII,2920.9876543209875,-0.06429737270610837
VII,2921.747388414055,-0.06429737270610837
VII,2922.5071225071224,-0.06429737270610837
VII,2924.0265906932573,-0.06889004218511612
VII,2924.7863247863247,-0.06889004218511612
VII,2925.546058879392,-0.06889004218511612
VII,2927.065527065527,-0.06889004218511612
VII,2927.8252611585945,-0.06889004218511612
VII,2928.584995251662,-0.06889004218511612
VII,2930.1044634377968,-0.06889004218511612
VII,2930.864197530864,-0.06889004218511612
VII,2931.6239316239316,-0.06889004218511612
VII,2932.383665716999,-0.06889004218511612
VII,2933.903133903134,-0.06889004218511612
VII,2934.6628679962014,-0.06889004218511612
VII,2935.422602089269,-0.06889004218511612
VII,2936.9420702754037,-0.06889004218511612
VII,2937.701804368471,-0.06889004218511612
VII,2938.4615384615386,-0.06889004218511612
VII,2939.9810066476734,-0.06889004218511612
VII,2940.740740740741,-0.06889004218511612
VII,2941.5004748338083,-0.06889004218511612
VII,2943.019943019943,-0.06889004218511612
VII,2943.7796771130106,-0.06889004218511612
VII,2944.539411206078,-0.06889004218511612
VII,2946.058879392213,-0.06889004218511612
VII,2946.8186134852804,-0.06889004218511612
VII,2947.5783475783473,-0.06889004218511612
VII,2949.097815764482,-0.07348271166412386
VII,2949.8575498575497,-0.07348271166412386
VII,2950.617283950617,-0.07348271166412386
VII,2951.3770180436845,-0.07348271166412386
VII,2952.8964862298194,-0.07348271166412386
VII,2953.656220322887,-0.07348271166412386
VII,2954.4159544159543,-0.07348271166412386
VII,2955.935422602089,-0.07348271166412386
VII,2956.6951566951566,-0.07348271166412386
VII,2957.454890788224,-0.07348271166412386
VII,2958.974358974359,-0.07348271166412386
VII,2959.7340930674263,-0.07348271166412386
VII,2960.4938271604938,-0.07348271166412386
VII,2962.0132953466286,-0.07348271166412386
VII,2962.773029439696,-0.07348271166412386
VII,2963.5327635327635,-0.07348271166412386
VII,2965.0522317188984,-0.07348271166412386
VII,2965.811965811966,-0.07348271166412386
VII,2966.5716999050333,-0.07348271166412386
VII,2968.091168091168,-0.07348271166412386
VII,2968.8509021842356,-0.07348271166412386
VII,2969.610636277303,-0.07348271166412386
VII,2971.130104463438,-0.07348271166412386
VII,2971.8898385565053,-0.07348271166412386
VII,2972.6495726495727,-0.07348271166412386
VII,2973.40930674264,-0.07348271166412386
VII,2974.928774928775,-0.07348271166412386
VII,2975.6885090218425,-0.07348271166412386
VII,2976.44824311491,-0.07348271166412386
VII,2977.967711301045,-0.07807538114313159
VII,2978.7274453941122,-0.07807538114313159
VII,2979.4871794871797,-0.07807538114313159
VII,2981.0066476733145,-0.07807538114313159
VII,2981.766381766382,-0.07807538114313159
VII,2982.5261158594494,-0.07807538114313159
VII,2984.045584045584,-0.07807538114313159
VII,2984.8053181386513,-0.07807538114313159
VII,2985.5650522317187,-0.07807538114313159
VII,2987.0845204178536,-0.07807538114313159
VII,2987.844254510921,-0.08266805062213933
VII,2988.6039886039885,-0.08266805062213933
VII,2990.1234567901233,-0.08266805062213933
VII,2990.8831908831908,-0.08266805062213933
VII,2991.642924976258,-0.08266805062213933
VII,2992.4026590693256,-0.08266805062213933
VII,2993.9221272554605,-0.08266805062213933
VII,2994.681861348528,-0.08266805062213933
VII,2995.4415954415954,-0.08266805062213933
VII,2996.9610636277303,-0.08726072010114708
VII,2997.7207977207977,-0.08726072010114708
VII,2998.480531813865,-0.08726072010114708
VII,3000.0,-0.08726072010114708
VII,3000.7597340930674,-0.08726072010114708
VII,3001.519468186135,-0.08726072010114708
VII,3003.0389363722697,-0.08726072010114708
VII,3003.798670465337,-0.09185338958015482
VII,3004.5584045584046,-0.09185338958015482
VII,3006.0778727445395,-0.09185338958015482
VII,3006.837606837607,-0.09185338958015482
VII,3007.5973409306744,-0.09185338958015482
VII,3009.1168091168092,-0.09185338958015482
VII,3009.8765432098767,-0.09185338958015482
VII,3010.636277302944,-0.09185338958015482
VII,3012.155745489079,-0.09644605905916256
VII,3012.9154795821464,-0.09644605905916256
VII,3013.675213675214,-0.09644605905916256
VII,3014.4349477682813,-0.09644605905916256
VII,3015.954415954416,-0.09644605905916256
VII,3016.7141500474836,-0.09644605905916256
VII,3017.4738841405506,-0.09644605905916256
VII,3018.9933523266855,-0.09644605905916256
VII,3019.753086419753,-0.09644605905916256
VII,3020.5128205128203,-0.1010387285381703
VII,3022.032288698955,-0.1010387285381703
VII,3022.7920227920226,-0.1010387285381703
VII,3023.55175688509,-0.1010387285381703
VII,3025.071225071225,-0.1010387285381703
VII,3025.8309591642924,-0.1010387285381703
VII,3026.59069325736,-0.1010387285381703
VII,3028.1101614434947,-0.1010387285381703
VII,3028.869895536562,-0.1010387285381703
VII,3029.6296296296296,-0.1010387285381703
VII,3031.1490978157644,-0.1010387285381703
VII,3031.908831908832,-0.1010387285381703
VII,3032.6685660018993,-0.1010387285381703
VII,3033.4283000949667,-0.10563139801717804
VII,3034.9477682811016,-0.10563139801717804
VII,3035.707502374169,-0.10563139801717804
VII,3036.4672364672365,-0.10563139801717804
VII,3037.9867046533714,-0.10563139801717804
VII,3038.746438746439,-0.10563139801717804
VII,3039.5061728395062,-0.10563139801717804
VII,3041.025641025641,-0.10563139801717804
VII,3041.7853751187085,-0.10563139801717804
VII,3042.545109211776,-0.10563139801717804
VII,3044.064577397911,-0.10563139801717804
VII,3044.8243114909783,-0.10563139801717804
VII,3045.5840455840457,-0.10563139801717804
VII,3047.1035137701806,-0.10563139801717804
VII,3047.863247863248,-0.10563139801717804
VII,3048.6229819563155,-0.10563139801717804
VII,3050.1424501424503,-0.10563139801717804
VII,3050.902184235518,-0.11022406749618578
VII,3051.661918328585,-0.11022406749618578
VII,3053.1813865147196,-0.11022406749618578
VII,3053.941120607787,-0.11022406749618578
VII,3054.7008547008545,-0.11022406749618578
VII,3055.460588793922,-0.11022406749618578
VII,3056.980056980057,-0.11022406749618578
VII,3057.7397910731243,-0.11022406749618578
VII,3058.4995251661917,-0.11022406749618578
VII,3060.0189933523266,-0.11022406749618578
VII,3060.778727445394,-0.11022406749618578
VII,3061.5384615384614,-0.11022406749618578
VII,3063.0579297245963,-0.11022406749618578
VII,3063.8176638176637,-0.11481673697519353
VII,3064.577397910731,-0.11481673697519353
VII,3066.096866096866,-0.11481673697519353
VII,3066.8566001899335,-0.11481673697519353
VII,3067.616334283001,-0.11481673697519353
VII,3069.135802469136,-0.11481673697519353
VII,3069.8955365622032,-0.11481673697519353
VII,3070.6552706552707,-0.11481673697519353
VII,3072.1747388414055,-0.11481673697519353
VII,3072.934472934473,-0.11481673697519353
VII,3073.6942070275404,-0.11481673697519353
VII,3074.453941120608,-0.11940940645420127
VII,3075.9734093067427,-0.11940940645420127
VII,3076.73314339981,-0.11940940645420127
VII,3077.4928774928776,-0.11940940645420127
VII,3079.0123456790125,-0.11940940645420127
VII,3079.77207977208,-0.11940940645420127
VII,3080.5318138651473,-0.11940940645420127
VII,3082.051282051282,-0.11940940645420127
VII,3082.8110161443497,-0.11940940645420127
VII,3083.570750237417,-0.11940940645420127
VII,3085.090218423552,-0.11940940645420127
VII,3085.8499525166194,-0.11940940645420127
VII,3086.609686609687,-0.124002075933209
VII,3088.1291547958213,-0.124002075933209
VII,3088.8888888888887,-0.124002075933209
VII,3089.648622981956,-0.124002075933209
VII,3091.168091168091,-0.124002075933209
VII,3091.9278252611584,-0.124002075933209
VII,3092.687559354226,-0.124002075933209
VII,3093.4472934472933,-0.124002075933209
VII,3094.966761633428,-0.124002075933209
VII,3095.7264957264956,-0.124002075933209
VII,3096.486229819563,-0.12859474541221674
VII,3098.005698005698,-0.12859474541221674
VII,3098.7654320987654,-0.12859474541221674
VII,3099.525166191833,-0.12859474541221674
VII,3101.0446343779677,-0.12859474541221674
VII,3101.804368471035,-0.12859474541221674
VII,3102.5641025641025,-0.12859474541221674
VII,3104.0835707502374,-0.12859474541221674
VII,3104.843304843305,-0.1331874148912245
VII,3105.6030389363723,-0.1331874148912245
VII,3107.122507122507,-0.1331874148912245
VII,3107.8822412155746,-0.1331874148912245
VII,3108.641975308642,-0.1331874148912245
VII,3110.161443494777,-0.1331874148912245
VII,3110.9211775878443,-0.1331874148912245
VII,3111.680911680912,-0.13778008437023223
VII,3113.2003798670466,-0.13778008437023223
VII,3113.960113960114,-0.13778008437023223
VII,3114.7198480531815,-0.13778008437023223
VII,3115.479582146249,-0.13778008437023223
VII,3116.999050332384,-0.13778008437023223
VII,3117.7587844254513,-0.13778008437023223
VII,3118.5185185185187,-0.13778008437023223
VII,3120.0379867046536,-0.13778008437023223
VII,3120.797720797721,-0.13778008437023223
VII,3121.557454890788,-0.13778008437023223
VII,3123.076923076923,-0.13778008437023223
VII,3123.8366571699903,-0.13778008437023223
VII,3124.5963912630577,-0.13778008437023223
VII,3126.1158594491926,-0.13778008437023223
VII,3126.87559354226,-0.13778008437023223
VII,3127.6353276353275,-0.13778008437023223
VII,3129.1547958214624,-0.13778008437023223
VII,3129.91452991453,-0.13778008437023223
VII,3130.6742640075972,-0.13778008437023223
VII,3132.193732193732,-0.13778008437023223
VII,3132.9534662867995,-0.13778008437023223
VII,3133.713200379867,-0.1331874148912245
VII,3134.4729344729344,-0.1331874148912245
VII,3135.9924026590693,-0.1331874148912245
VII,3136.7521367521367,-0.12859474541221674
VII,3137.511870845204,-0.12859474541221674
VII,3139.031339031339,-0.12859474541221674
VII,3139.7910731244065,-0.124002075933209
VII,3140.550807217474,-0.124002075933209
VII,3142.070275403609,-0.11940940645420127
VII,3142.830009496676,-0.11940940645420127
VII,3143.5897435897436,-0.11481673697519353
VII,3145.1092117758785,-0.11022406749618578
VII,3145.868945868946,-0.11022406749618578
VII,3146.6286799620134,-0.10563139801717804
VII,3148.1481481481483,-0.10563139801717804
VII,3148.9078822412157,-0.1010387285381703
VII,3149.667616334283,-0.09644605905916256
VII,3151.187084520418,-0.09185338958015482
VII,3151.9468186134854,-0.09185338958015482
VII,3152.706552706553,-0.08726072010114708
VII,3154.2260208926878,-0.08266805062213933
VII,3154.985754985755,-0.07807538114313159
VII,3155.745489078822,-0.07807538114313159
VII,3156.50522317189,-0.07348271166412386
VII,3158.0246913580245,-0.06889004218511612
VII,3158.784425451092,-0.06429737270610837
VII,3159.5441595441594,-0.06429737270610837
VII,3161.0636277302942,-0.059704703227100635
VII,3161.8233618233617,-0.05511203374809289
VII,3162.583095916429,-0.05051936426908515
VII,3164.102564102564,-0.05051936426908515
VII,3164.8622981956314,-0.04592669479007741
VII,3165.622032288699,-0.04592669479007741
VII,3167.1415004748337,-0.041334025311069666
VII,3167.901234567901,-0.03674135583206193
VII,3168.6609686609686,-0.03674135583206193
VII,3170.1804368471035,-0.03674135583206193
VII,3170.940170940171,-0.032148686353054186
VII,3171.6999050332383,-0.032148686353054186
VII,3173.219373219373,-0.032148686353054186
VII,3173.9791073124406,-0.032148686353054186
VII,3174.738841405508,-0.032148686353054186
VII,3175.4985754985755,-0.032148686353054186
VII,3177.0180436847104,-0.032148686353054186
VII,3177.777777777778,-0.032148686353054186
VII,3178.5375118708453,-0.03674135583206193
VII,3180.05698005698,-0.03674135583206193
VII,3180.8167141500476,-0.041334025311069666
VII,3181.576448243115,-0.041334025311069666
VII,3183.09591642925,-0.04592669479007741
VII,3183.8556505223173,-0.05051936426908515
VII,3184.6153846153848,-0.05511203374809289
VII,3186.1348528015196,-0.059704703227100635
VII,3186.894586894587,-0.06429737270610837
VII,3187.6543209876545,-0.06889004218511612
VII,3189.1737891737894,-0.07807538114313159
VII,3189.933523266857,-0.08266805062213933
VII,3190.6932573599242,-0.09185338958015482
VII,3192.212725546059,-0.1010387285381703
VII,3192.972459639126,-0.10563139801717804
VII,3193.7321937321935,-0.11481673697519353
VII,3195.2516619183284,-0.124002075933209
VII,3196.011396011396,-0.13778008437023223
VII,3196.7711301044633,-0.14696542332824772
VII,3197.5308641975307,-0.15615076228626318
VII,3199.0503323836656,-0.1699287707232864
VII,3199.810066476733,-0.1791141096813019
VII,3200.5698005698005,-0.19289211811832513
VII,3202.0892687559353,-0.20667012655534833
VII,3202.8490028490028,-0.22044813499237156
VII,3203.60873694207,-0.22963347395038705
VII,3205.128205128205,-0.24341148238741028
VII,3205.8879392212725,-0.26178216030344126
VII,3206.64767331434,-0.27556016874046446
VII,3208.167141500475,-0.28933817717748767
VII,3208.9268755935423,-0.3031161856145109
VII,3209.6866096866097,-0.32148686353054184
VII,3211.2060778727446,-0.3352648719675651
VII,3211.965811965812,-0.3536355498835961
VII,3212.7255460588794,-0.3674135583206193
VII,3214.2450142450143,-0.38578423623665026
VII,3215.0047483380818,-0.39956224467367346
VII,3215.764482431149,-0.41793292258970444
VII,3216.5242165242166,-0.4363036005057354
VII,3218.0436847103515,-0.45467427842176633
VII,3218.803418803419,-0.4684522868587896
VII,3219.5631528964864,-0.48682296477482057
VII,3221.0826210826212,-0.5051936426908515
VII,3221.8423551756887,-0.5235643206068825
VII,3222.602089268756,-0.5419349985229134
VII,3224.121557454891,-0.5557130069599366
VII,3224.8812915479584,-0.5740836848759676
VII,3225.6410256410254,-0.5924543627919986
VII,3227.1604938271603,-0.6108250407080296
VII,3227.9202279202277,-0.6291957186240605
VII,3228.679962013295,-0.6475663965400915
VII,3230.19943019943,-0.6659370744561224
VII,3230.9591642924975,-0.6843077523721534
VII,3231.718898385565,-0.6980857608091766
VII,3233.2383665716998,-0.7164564387252076
VII,3233.998100664767,-0.7348271166412386
VII,3234.7578347578346,-0.7531977945572695
VII,3236.2773029439695,-0.7715684724733005
VII,3237.037037037037,-0.7853464809103237
VII,3237.7967711301044,-0.8037171588263546
VII,3238.556505223172,-0.8220878367423856
VII,3240.0759734093067,-0.8404585146584166
VII,3240.835707502374,-0.8542365230954398
VII,3241.5954415954416,-0.8726072010114708
VII,3243.1149097815764,-0.8909778789275017
VII,3243.874643874644,-0.904755887364525
VII,3244.6343779677113,-0.9231265652805559
VII,3246.153846153846,-0.9369045737175792
VII,3246.9135802469136,-0.9552752516336102
VII,3247.673314339981,-0.9736459295496411
VII,3249.192782526116,-0.9874239379866643
VII,3249.9525166191834,-1.0057946159026954
VII,3250.712250712251,-1.0195726243397185
VII,3252.2317188983857,-1.0379433022557494
VII,3252.991452991453,-1.0517213106927727
VII,3253.7511870845206,-1.065499319129796
VII,3255.2706552706554,-1.0838699970458268
VII,3256.030389363723,-1.0976480054828501
VII,3256.7901234567903,-1.116018683398881
VII,3257.5498575498577,-1.1297966918359044
VII,3259.0693257359926,-1.1435747002729275
VII,3259.8290598290596,-1.1619453781889584
VII,3260.5887939221275,-1.1757233866259817
VII,3262.1082621082624,-1.189501395063005
VII,3262.8679962013293,-1.2078720729790358
VII,3263.6277302943968,-1.2216500814160591
VII,3265.1471984805316,-1.2354280898530823
VII,3265.906932573599,-1.2492060982901054
VII,3266.6666666666665,-1.2675767762061365
VII,3268.1861348528014,-1.2813547846431597
VII,3268.945868945869,-1.295132793080183
VII,3269.7056030389363,-1.3089108015172062
VII,3271.225071225071,-1.327281479433237
VII,3271.9848053181386,-1.3410594878702604
VII,3272.744539411206,-1.3548374963072836
VII,3274.264007597341,-1.3686155047443067
VII,3275.0237416904083,-1.38239351318133
VII,3275.7834757834758,-1.400764191097361
VII,3277.3029439696106,-1.4145421995343843
VII,3278.062678062678,-1.4283202079714075
VII,3278.8224121557455,-1.4420982164084306
VII,3279.582146248813,-1.455876224845454
VII,3281.101614434948,-1.4696542332824771
VII,3281.8613485280152,-1.488024911198508
VII,3282.6210826210827,-1.5018029196355314
VII,3284.1405508072176,-1.5155809280725545
VII,3284.900284900285,-1.5293589365095777
VII,3285.6600189933524,-1.543136944946601
VII,3287.1794871794873,-1.5569149533836242
VII,3287.9392212725547,-1.5706929618206473
VII,3288.698955365622,-1.5890636397366784
VII,3290.218423551757,-1.6028416481737016
VII,3290.9781576448245,-1.6166196566107247
VII,3291.737891737892,-1.630397665047748
VII,3293.257359924027,-1.6441756734847712
VII,3294.0170940170938,-1.6579536819217944
VII,3294.7768281101617,-1.6717316903588177
VII,3296.2962962962965,-1.685509698795841
VII,3297.0560303893635,-1.703880376711872
VII,3297.8157644824314,-1.7176583851488951
VII,3298.5754985754984,-1.7314363935859183
VII,3300.0949667616333,-1.7452144020229416
VII,3300.8547008547007,-1.7589924104599648
VII,3301.614434947768,-1.772770418896988
VII,3303.133903133903,-1.7865484273340113
VII,3303.8936372269704,-1.8003264357710345
VII,3304.653371320038,-1.8186971136870653
VII,3306.1728395061727,-1.8324751221240887
VII,3306.93257359924,-1.8462531305611118
VII,3307.6923076923076,-1.860031138998135
VII,3309.2117758784425,-1.8738091474351584
VII,3309.97150997151,-1.8875871558721815
VII,3310.7312440645774,-1.9013651643092047
VII,3312.2507122507122,-1.915143172746228
VII,3313.0104463437797,-1.9289211811832512
VII,3313.770180436847,-1.9426991896202743
VII,3315.289648622982,-1.9564771980572977
VII,3316.0493827160494,-1.9702552064943208
VII,3316.809116809117,-1.984033214931344
VII,3318.3285849952517,-1.9978112233683674
VII,3319.088319088319,-2.0115892318053907
VII,3319.8480531813866,-2.0253672402424137
VII,3320.607787274454,-2.039145248679437
VII,3322.127255460589,-2.0529232571164604
VII,3322.8869895536563,-2.0667012655534833
VII,3323.646723646724,-2.0804792739905067
VII,3325.1661918328587,-2.09425728242753
VII,3325.925925925926,-2.1034426213855455
VII,3326.6856600189935,-2.1172206298225684
VII,3328.2051282051284,-2.130998638259592
VII,3328.964862298196,-2.144776646696615
VII,3329.724596391263,-2.1539619856546306
VII,3331.2440645773977,-2.1677399940916535
VII,3332.0037986704656,-2.181518002528677
VII,3332.7635327635326,-2.1907033414866923
VII,3334.2830009496674,-2.2044813499237157
VII,3335.042735042735,-2.218259358360739
VII,3335.8024691358023,-2.2274446973187545
VII,3337.321937321937,-2.2412227057557774
VII,3338.0816714150046,-2.250408044713793
VII,3338.841405508072,-2.2641860531508162
VII,3339.6011396011395,-2.2733713921088317
VII,3341.1206077872744,-2.282556731066847
VII,3341.880341880342,-2.2963347395038705
VII,3342.6400759734092,-2.305520078461886
VII,3344.159544159544,-2.3147054174199013
VII,3344.9192782526115,-2.3238907563779168
VII,3345.679012345679,-2.333076095335932
VII,3347.198480531814,-2.342261434293948
VII,3347.9582146248813,-2.3514467732519635
VII,3348.7179487179487,-2.360632112209979
VII,3350.2374169040836,-2.3698174511679944
VII,3350.997150997151,-2.37900279012601
VII,3351.7568850902185,-2.3881881290840252
VII,3353.2763532763533,-2.3973734680420407
VII,3354.036087369421,-2.4019661375210486
VII,3354.795821462488,-2.411151476479064
VII,3356.315289648623,-2.4157441459580715
VII,3357.0750237416905,-2.4249294849160874
VII,3357.834757834758,-2.429522154395095
VII,3359.354226020893,-2.434114823874103
VII,3360.1139601139603,-2.4433001628321183
VII,3360.8736942070277,-2.4478928323111258
VII,3361.633428300095,-2.4524855017901337
VII,3363.15289648623,-2.457078171269141
VII,3363.912630579297,-2.461670840748149
VII,3364.672364672365,-2.466263510227157
VII,3366.1918328584998,-2.466263510227157
VII,3366.9515669515667,-2.4708561797061646
VII,3367.711301044634,-2.4708561797061646
VII,3369.230769230769,-2.4754488491851725
VII,3369.9905033238365,-2.4754488491851725
VII,3370.750237416904,-2.4754488491851725
VII,3372.269705603039,-2.48004151866418
VII,3373.0294396961062,-2.48004151866418
VII,3373.7891737891737,-2.48004151866418
VII,3375.3086419753085,-2.4754488491851725
VII,3376.068376068376,-2.4754488491851725
VII,3376.8281101614434,-2.4754488491851725
VII,3378.3475783475783,-2.4708561797061646
VII,3379.1073124406457,-2.4708561797061646
VII,3379.867046533713,-2.466263510227157
VII,3380.6267806267806,-2.461670840748149
VII,3382.1462488129155,-2.457078171269141
VII,3382.905982905983,-2.4524855017901337
VII,3383.6657169990503,-2.4478928323111258
VII,3385.185185185185,-2.4387074933531103
VII,3385.9449192782527,-2.434114823874103
VII,3386.70465337132,-2.4249294849160874
VII,3388.224121557455,-2.4203368154370795
VII,3388.9838556505224,-2.411151476479064
VII,3389.74358974359,-2.4019661375210486
VII,3391.2630579297247,-2.392780798563033
VII,3392.022792022792,-2.3835954596050177
VII,3392.7825261158596,-2.374410120647002
VII,3394.3019943019945,-2.3652247816889864
VII,3395.061728395062,-2.356039442730971
VII,3395.8214624881293,-2.342261434293948
VII,3397.340930674264,-2.333076095335932
VII,3398.100664767331,-2.3192980868989093
VII,3398.860398860399,-2.305520078461886
VII,3400.379867046534,-2.2963347395038705
VII,3401.139601139601,-2.282556731066847
VII,3401.899335232669,-2.268778722629824
VII,3402.659069325736,-2.255000714192801
VII,3404.1785375118707,-2.2412227057557774
VII,3404.938271604938,-2.2274446973187545
VII,3405.6980056980055,-2.213666688881731
VII,3407.2174738841404,-2.1998886804447078
VII,3407.977207977208,-2.186110672007685
VII,3408.7369420702753,-2.1677399940916535
VII,3410.25641025641,-2.1539619856546306
VII,3411.0161443494776,-2.1401839772176072
VII,3411.775878442545,-2.126405968780584
VII,3413.29534662868,-2.108035290864553
VII,3414.0550807217473,-2.09425728242753
VII,3414.814814814815,-2.0804792739905067
VII,3416.3342830009497,-2.0667012655534833
VII,3417.094017094017,-2.0483305876374525
VII,3417.8537511870845,-2.034552579200429
VII,3419.3732193732194,-2.020774570763406
VII,3420.132953466287,-2.006996562326383
VII,3420.8926875593543,-1.988625884410352
VII,3421.6524216524217,-1.9748478759733286
VII,3423.1718898385566,-1.9610698675363054
VII,3423.931623931624,-1.9472918590992823
VII,3424.6913580246915,-1.933513850662259
VII,3426.2108262108263,-1.9197358422252357
VII,3426.9705603038938,-1.9059578337882126
VII,3427.730294396961,-1.8921798253511892
VII,3429.249762583096,-1.878401816914166
VII,3430.0094966761635,-1.8646238084771427
VII,3430.769230769231,-1.8508458000401196
VII,3432.288698955366,-1.8370677916030964
VII,3433.0484330484333,-1.823289783166073
VII,3433.8081671415002,-1.8141044442080576
VII,3435.327635327635,-1.8003264357710345
VII,3436.087369420703,-1.7865484273340113
VII,3436.84710351377,-1.7773630883759957
VII,3438.366571699905,-1.7635850799389725
VII,3439.1263057929723,-1.7498070715019494
VII,3439.8860398860397,-1.7406217325439337
VII,3440.645773979107,-1.7268437241069106
VII,3442.165242165242,-1.7176583851488951
VII,3442.9249762583095,-1.703880376711872
VII,3443.684710351377,-1.6946950377538563
VII,3445.204178537512,-1.6809170293168332
VII,3445.963912630579,-1.6717316903588177
VII,3446.7236467236467,-1.6579536819217944
VII,3448.2431149097815,-1.648768342963779
VII,3449.002849002849,-1.6349903345267558
VII,3449.7625830959164,-1.6258049955687404
VII,3451.2820512820513,-1.612026987131717
VII,3452.0417853751187,-1.6028416481737016
VII,3452.801519468186,-1.5890636397366784
VII,3454.320987654321,-1.579878300778663
VII,3455.0807217473885,-1.5661002923416396
VII,3455.840455840456,-1.5569149533836242
VII,3457.3599240265908,-1.543136944946601
VII,3458.119658119658,-1.5339516059885854
VII,3458.8793922127256,-1.5201735975515622
VII,3460.3988603988605,-1.5109882585935468
VII,3461.158594491928,-1.4972102501565236
VII,3461.9183285849954,-1.4834322417195003
VII,3462.678062678063,-1.4742469027614848
VII,3464.1975308641977,-1.4604688943244617
VII,3464.957264957265,-1.4466908858874383
VII,3465.7169990503326,-1.4329128774504152
VII,3467.2364672364674,-1.419134869013392
VII,3467.9962013295344,-1.4099495300553764
VII,3468.7559354226023,-1.3961715216183532
VII,3470.275403608737,-1.38239351318133
VII,3471.035137701804,-1.3686155047443067
VII,3471.7948717948716,-1.3548374963072836
VII,3473.3143399810065,-1.3410594878702604
VII,3474.074074074074,-1.327281479433237
VII,3474.8338081671413,-1.313503470996214
VII,3476.353276353276,-1.2997254625591907
VII,3477.1130104463437,-1.2859474541221674
VII,3477.872744539411,-1.2721694456851442
VII,3479.392212725546,-1.258391437248121
VII,3480.1519468186134,-1.2446134288110977
VII,3480.911680911681,-1.2308354203740746
VII,3481.6714150047483,-1.2170574119370514
VII,3483.190883190883,-1.203279403500028
VII,3483.9506172839506,-1.189501395063005
VII,3484.710351377018,-1.1757233866259817
VII,3486.229819563153,-1.1619453781889584
VII,3486.9895536562203,-1.152760039230943
VII,3487.7492877492878,-1.1389820307939198
VII,3489.2687559354226,-1.1252040223568964
VII,3490.02849002849,-1.1114260139198733
VII,3490.7882241215575,-1.1022406749618578
VII,3492.3076923076924,-1.0884626665248347
VII,3493.06742640076,-1.0746846580878113
VII,3493.8271604938273,-1.065499319129796
VII,3495.346628679962,-1.0517213106927727
VII,3496.1063627730296,-1.042535971734757
VII,3496.866096866097,-1.028757963297734
VII,3498.385565052232,-1.0195726243397185
VII,3499.1452991452993,-1.010387285381703
VII,3499.9050332383667,-1.0012019464236874
VII,3501.4245014245016,-0.9874239379866643
VII,3502.1842355175686,-0.9782385990286488
VII,3502.9439696106365,-0.9690532600706333
VII,3503.7037037037035,-0.9644605905916256
VII,3505.2231718898383,-0.9552752516336102
VII,3505.9829059829062,-0.9460899126755946
VII,3506.742640075973,-0.9369045737175792
VII,3508.262108262108,-0.9323119042385714
VII,3509.0218423551755,-0.9231265652805559
VII,3509.781576448243,-0.9185338958015482
VII,3511.301044634378,-0.9093485568435327
VII,3512.0607787274453,-0.904755887364525
VII,3512.8205128205127,-0.9001632178855172
VII,3514.3399810066476,-0.8955705484065095
VII,3515.099715099715,-0.8909778789275017
VII,3515.8594491927824,-0.886385209448494
VII,3517.3789173789173,-0.8817925399694863
VII,3518.1386514719848,-0.8771998704904785
VII,3518.898385565052,-0.8726072010114708
VII,3520.417853751187,-0.868014531532463
VII,3521.1775878442545,-0.8634218620534553
VII,3521.937321937322,-0.8634218620534553
VII,3522.6970560303894,-0.8588291925744476
VII,3524.2165242165242,-0.8588291925744476
VII,3524.9762583095917,-0.8542365230954398
VII,3525.735992402659,-0.8542365230954398
VII,3527.255460588794,-0.849643853616432
VII,3528.0151946818614,-0.849643853616432
VII,3528.774928774929,-0.8450511841374243
VII,3530.2943969610637,-0.8450511841374243
VII,3531.054131054131,-0.8450511841374243
VII,3531.8138651471986,-0.8404585146584166
VII,3533.3333333333335,-0.8404585146584166
VII,3534.093067426401,-0.8404585146584166
VII,3534.852801519468,-0.8404585146584166
VII,3536.372269705603,-0.8404585146584166
VII,3537.1320037986707,-0.8358658451794089
VII,3537.8917378917376,-0.8358658451794089
VII,3539.4112060778725,-0.8358658451794089
VII,3540.1709401709404,-0.8358658451794089
VII,3540.9306742640074,-0.8358658451794089
VII,3542.4501424501423,-0.8358658451794089
VII,3543.20987654321,-0.8312731757004012
VII,3543.969610636277,-0.8312731757004012
VII,3544.7293447293446,-0.8312731757004012
VII,3546.2488129154794,-0.8312731757004012
VII,3547.008547008547,-0.8312731757004012
VII,3547.7682811016143,-0.8266805062213933
VII,3549.287749287749,-0.8266805062213933
VII,3550.0474833808166,-0.8266805062213933
VII,3550.807217473884,-0.8266805062213933
VII,3552.326685660019,-0.8220878367423856
VII,3553.0864197530864,-0.8220878367423856
VII,3553.846153846154,-0.8220878367423856
VII,3555.3656220322887,-0.8174951672633779
VII,3556.125356125356,-0.8174951672633779
VII,3556.8850902184236,-0.8174951672633779
VII,3558.4045584045584,-0.8129024977843702
VII,3559.164292497626,-0.8129024977843702
VII,3559.9240265906933,-0.8083098283053624
VII,3561.443494776828,-0.8083098283053624
VII,3562.2032288698956,-0.8037171588263546
VII,3562.962962962963,-0.8037171588263546
VII,3563.7226970560305,-0.7991244893473469
VII,3565.2421652421654,-0.7945318198683392
VII,3566.001899335233,-0.7945318198683392
VII,3566.7616334283002,-0.7899391503893315
VII,3568.281101614435,-0.7853464809103237
VII,3569.0408357075025,-0.780753811431316
VII,3569.80056980057,-0.780753811431316
VII,3571.320037986705,-0.7761611419523082
VII,3572.079772079772,-0.7715684724733005
VII,3572.8395061728397,-0.7669758029942927
VII,3574.3589743589746,-0.762383133515285
VII,3575.1187084520416,-0.7577904640362773
VII,3575.8784425451095,-0.7531977945572695
VII,3577.3979107312443,-0.7486051250782618
VII,3578.1576448243113,-0.744012455599254
VII,3578.9173789173788,-0.7394197861202463
VII,3580.4368471035136,-0.7348271166412386
VII,3581.196581196581,-0.725641777683223
VII,3581.9563152896485,-0.7210491082042153
VII,3583.4757834757834,-0.7164564387252076
VII,3584.235517568851,-0.7118637692461999
VII,3584.9952516619182,-0.7026784302881843
VII,3585.7549857549857,-0.6980857608091766
VII,3587.2744539411206,-0.6934930913301689
VII,3588.034188034188,-0.6843077523721534
VII,3588.7939221272554,-0.6797150828931456
VII,3590.3133903133903,-0.6751224134141379
VII,3591.0731244064577,-0.6659370744561224
VII,3591.832858499525,-0.6613444049771147
VII,3593.35232668566,-0.656751735498107
VII,3594.1120607787275,-0.6475663965400915
VII,3594.871794871795,-0.6429737270610837
VII,3596.39126305793,-0.6337883881030683
VII,3597.1509971509972,-0.6291957186240605
VII,3597.9107312440647,-0.620010379666045
VII,3599.4301994301995,-0.6154177101870373
VII,3600.189933523267,-0.6108250407080296
VII,3600.9496676163344,-0.601639701750014
VII,3602.4691358024693,-0.5970470322710063
VII,3603.2288698955367,-0.5924543627919986
VII,3603.988603988604,-0.583269023833983
VII,3604.748338081671,-0.5786763543549753
VII,3606.267806267806,-0.5694910153969599
VII,3607.027540360874,-0.5648983459179522
VII,3607.787274453941,-0.5603056764389444
VII,3609.3067426400758,-0.5557130069599366
VII,3610.0664767331436,-0.5465276680019212
VII,3610.8262108262106,-0.5419349985229134
VII,3612.3456790123455,-0.5373423290439057
VII,3613.105413105413,-0.532749659564898
VII,3613.8651471984804,-0.5281569900858902
VII,3615.3846153846152,-0.5235643206068825
VII,3616.1443494776827,-0.5189716511278747
VII,3616.90408357075,-0.514378981648867
VII,3618.423551756885,-0.5097863121698593
VII,3619.1832858499524,-0.5051936426908515
VII,3619.94301994302,-0.5006009732118437
VII,3621.4624881291547,-0.496008303732836
VII,3622.222222222222,-0.4914156342538283
VII,3622.9819563152896,-0.48682296477482057
VII,3624.5014245014245,-0.4822302952958128
VII,3625.261158594492,-0.4822302952958128
VII,3626.0208926875594,-0.4776376258168051
VII,3626.780626780627,-0.4730449563377973
VII,3628.3000949667617,-0.4730449563377973
VII,3629.059829059829,-0.4684522868587896
VII,3629.8195631528965,-0.4684522868587896
VII,3631.3390313390314,-0.4638596173797818
VII,3632.098765432099,-0.4592669479007741
VII,3632.8584995251663,-0.4592669479007741
VII,3634.377967711301,-0.45467427842176633
VII,3635.1377018043686,-0.45467427842176633
VII,3635.897435897436,-0.45467427842176633
VII,3637.416904083571,-0.4500816089427586
VII,3638.1766381766383,-0.4500816089427586
VII,3638.9363722697058,-0.44548893946375084
VII,3640.45584045584,-0.44548893946375084
VII,3641.215574548908,-0.44548893946375084
VII,3641.975308641975,-0.4408962699847431
VII,3643.49477682811,-0.4408962699847431
VII,3644.254510921178,-0.4408962699847431
VII,3645.014245014245,-0.4363036005057354
VII,3645.7739791073127,-0.4363036005057354
VII,3647.2934472934476,-0.4363036005057354
VII,3648.0531813865146,-0.4363036005057354
VII,3648.812915479582,-0.43171093102672764
VII,3650.332383665717,-0.43171093102672764
VII,3651.0921177587843,-0.43171093102672764
VII,3651.8518518518517,-0.4271182615477199
VII,3653.3713200379866,-0.4271182615477199
VII,3654.131054131054,-0.4271182615477199
VII,3654.8907882241215,-0.42252559206871215
VII,3656.4102564102564,-0.42252559206871215
VII,3657.169990503324,-0.42252559206871215
VII,3657.929724596391,-0.41793292258970444
VII,3659.449192782526,-0.41793292258970444
VII,3660.2089268755935,-0.41793292258970444
VII,3660.968660968661,-0.41334025311069666
VII,3662.488129154796,-0.41334025311069666
VII,3663.2478632478633,-0.40874758363168895
VII,3664.0075973409307,-0.40874758363168895
VII,3665.5270655270656,-0.40874758363168895
VII,3666.286799620133,-0.4041549141526812
VII,3667.0465337132005,-0.4041549141526812
VII,3667.806267806268,-0.39956224467367346
VII,3669.3257359924028,-0.39496957519466575
VII,3670.08547008547,-0.39496957519466575
VII,3670.8452041785376,-0.390376905715658
VII,3672.3646723646725,-0.390376905715658
VII,3673.12440645774,-0.38578423623665026
VII,3673.8841405508074,-0.38578423623665026
VII,3675.4036087369423,-0.3811915667576425
VII,3676.1633428300092,-0.37659889727863477
VII,3676.923076923077,-0.37659889727863477
VII,3678.442545109212,-0.372006227799627
VII,3679.202279202279,-0.3674135583206193
VII,3679.962013295347,-0.3628208888416115
VII,3681.4814814814818,-0.3628208888416115
VII,3682.2412155745487,-0.3582282193626038
VII,3683.000949667616,-0.3536355498835961
VII,3684.520417853751,-0.3490428804045883
VII,3685.2801519468185,-0.3490428804045883
VII,3686.039886039886,-0.3444502109255806
VII,3686.7996201329534,-0.3398575414465728
VII,3688.319088319088,-0.3352648719675651
VII,3689.0788224121557,-0.33067220248855733
VII,3689.838556505223,-0.3260795330095496
VII,3691.358024691358,-0.3260795330095496
VII,3692.1177587844254,-0.32148686353054184
VII,3692.877492877493,-0.31689419405153413
VII,3694.3969610636277,-0.31230152457252636
VII,3695.156695156695,-0.30770885509351864
VII,3695.9164292497626,-0.3031161856145109
VII,3697.4358974358975,-0.29852351613550315
VII,3698.195631528965,-0.29393084665649544
VII,3698.9553656220323,-0.28933817717748767
VII,3700.474833808167,-0.28933817717748767
VII,3701.2345679012346,-0.28474550769847995
VII,3701.994301994302,-0.2801528382194722
VII,3703.513770180437,-0.27556016874046446
VII,3704.2735042735044,-0.2709674992614567
VII,3705.033238366572,-0.266374829782449
VII,3706.5527065527067,-0.26178216030344126
VII,3707.312440645774,-0.2571894908244335
VII,3708.0721747388416,-0.25259682134542577
VII,3708.8319088319085,-0.25259682134542577
VII,3710.3513770180434,-0.248004151866418
VII,3711.1111111111113,-0.24341148238741028
VII,3711.8708452041783,-0.23881881290840254
VII,3713.390313390313,-0.2342261434293948
VII,3714.150047483381,-0.22963347395038705
VII,3714.909781576448,-0.22963347395038705
VII,3716.429249762583,-0.2250408044713793
VII,3717.188983855651,-0.22044813499237156
VII,3717.948717948718,-0.21585546551336382
VII,3719.4681861348527,-0.21126279603435608
VII,3720.22792022792,-0.21126279603435608
VII,3720.9876543209875,-0.20667012655534833
VII,3722.5071225071224,-0.2020774570763406
VII,3723.26685660019,-0.19748478759733287
VII,3724.0265906932573,-0.19748478759733287
VII,3725.546058879392,-0.19289211811832513
VII,3726.3057929724596,-0.18829944863931738
VII,3727.065527065527,-0.18829944863931738
VII,3727.8252611585945,-0.18370677916030964
VII,3729.3447293447293,-0.1791141096813019
VII,3730.1044634377968,-0.1791141096813019
VII,3730.864197530864,-0.17452144020229415
VII,3732.383665716999,-0.17452144020229415
VII,3733.1433998100665,-0.1699287707232864
VII,3733.903133903134,-0.16533610124427867
VII,3735.422602089269,-0.16533610124427867
VII,3736.1823361823363,-0.16074343176527092
VII,3736.9420702754037,-0.16074343176527092
VII,3738.4615384615386,-0.15615076228626318
VII,3739.221272554606,-0.15615076228626318
VII,3739.9810066476734,-0.15155809280725546
VII,3741.5004748338083,-0.15155809280725546
VII,3742.2602089268757,-0.14696542332824772
VII,3743.019943019943,-0.14696542332824772
VII,3744.5394112060776,-0.14696542332824772
VII,3745.2991452991455,-0.14237275384923997
VII,3746.0588793922125,-0.14237275384923997
VII,3746.8186134852804,-0.13778008437023223
VII,3748.3380816714152,-0.13778008437023223
VII,3749.097815764482,-0.13778008437023223
VII,3749.85754985755,-0.1331874148912245
VII,3751.377018043685,-0.1331874148912245
VII,3752.136752136752,-0.1331874148912245
VII,3752.8964862298194,-0.1331874148912245
VII,3754.4159544159543,-0.12859474541221674
VII,3755.1756885090217,-0.12859474541221674
VII,3755.935422602089,-0.12859474541221674
VII,3757.454890788224,-0.124002075933209
VII,3758.2146248812915,-0.124002075933209
VII,3758.974358974359,-0.124002075933209
VII,3760.4938271604938,-0.124002075933209
VII,3761.253561253561,-0.11940940645420127
VII,3762.0132953466286,-0.11940940645420127
VII,3763.5327635327635,-0.11940940645420127
VII,3764.292497625831,-0.11940940645420127
VII,3765.0522317188984,-0.11940940645420127
VII,3766.5716999050333,-0.11481673697519353
VII,3767.3314339981007,-0.11481673697519353
VII,3768.091168091168,-0.11481673697519353
VII,3768.8509021842356,-0.11481673697519353
VII,3770.3703703703704,-0.11481673697519353
VII,3771.130104463438,-0.11481673697519353
VII,3771.8898385565053,-0.11022406749618578
VII,3773.40930674264,-0.11022406749618578
VII,3774.1690408357076,-0.11022406749618578
VII,3774.928774928775,-0.11022406749618578
VII,3776.44824311491,-0.11022406749618578
VII,3777.2079772079774,-0.11022406749618578
VII,3777.967711301045,-0.10563139801717804
VII,3779.4871794871797,-0.10563139801717804
VII,3780.2469135802467,-0.10563139801717804
VII,3781.0066476733145,-0.10563139801717804
VII,3782.5261158594494,-0.10563139801717804
VII,3783.2858499525164,-0.10563139801717804
VII,3784.0455840455843,-0.1010387285381703
VII,3785.565052231719,-0.1010387285381703
VII,3786.324786324786,-0.1010387285381703
VII,3787.0845204178536,-0.1010387285381703
VII,3787.844254510921,-0.1010387285381703
VII,3789.363722697056,-0.1010387285381703
VII,3790.1234567901233,-0.09644605905916256
VII,3790.8831908831908,-0.09644605905916256
VII,3792.4026590693256,-0.09644605905916256
VII,3793.162393162393,-0.09644605905916256
VII,3793.9221272554605,-0.09644605905916256
VII,3795.4415954415954,-0.09644605905916256
VII,3796.201329534663,-0.09644605905916256
VII,3796.9610636277303,-0.09185338958015482
VII,3798.480531813865,-0.09185338958015482
VII,3799.2402659069326,-0.09185338958015482
VII,3800.0,-0.09185338958015482
VII,3801.519468186135,-0.09185338958015482
VII,3802.2792022792023,-0.09185338958015482
VII,3803.0389363722697,-0.09185338958015482
VII,3804.5584045584046,-0.08726072010114708
VII,3805.318138651472,-0.08726072010114708
VII,3806.0778727445395,-0.08726072010114708
VII,3807.5973409306744,-0.08726072010114708
VII,3808.357075023742,-0.08726072010114708
VII,3809.1168091168092,-0.08726072010114708
VII,3809.8765432098767,-0.08726072010114708
VII,3811.3960113960115,-0.08266805062213933
VII,3812.155745489079,-0.08266805062213933
VII,3812.9154795821464,-0.08266805062213933
VII,3814.434947768281,-0.08266805062213933
VII,3815.1946818613487,-0.08266805062213933
VII,3815.9544159544157,-0.08266805062213933
VII,3817.4738841405506,-0.08266805062213933
VII,3818.2336182336185,-0.08266805062213933
VII,3818.9933523266855,-0.08266805062213933
VII,3820.5128205128203,-0.08266805062213933
VII,3821.272554605888,-0.07807538114313159
VII,3822.032288698955,-0.07807538114313159
VII,3823.55175688509,-0.07807538114313159
VII,3824.3114909781575,-0.07807538114313159
VII,3825.071225071225,-0.07807538114313159
VII,3826.59069325736,-0.07807538114313159
VII,3827.3504273504273,-0.07807538114313159
VII,3828.1101614434947,-0.07807538114313159
VII,3828.869895536562,-0.07807538114313159
VII,3830.389363722697,-0.07807538114313159
VII,3831.1490978157644,-0.07807538114313159
VII,3831.908831908832,-0.07807538114313159
VII,3833.4283000949667,-0.07807538114313159
VII,3834.188034188034,-0.07807538114313159
VII,3834.9477682811016,-0.07348271166412386
VII,3836.4672364672365,-0.07348271166412386
VII,3837.226970560304,-0.07348271166412386
VII,3837.9867046533714,-0.07348271166412386
VII,3839.5061728395062,-0.07348271166412386
VII,3840.2659069325737,-0.07348271166412386
VII,3841.025641025641,-0.07348271166412386
VII,3842.545109211776,-0.07348271166412386
VII,3843.3048433048434,-0.07348271166412386
VII,3844.064577397911,-0.07348271166412386
VII,3845.5840455840457,-0.07348271166412386
VII,3846.343779677113,-0.07348271166412386
VII,3847.1035137701806,-0.07348271166412386
VII,3848.622981956315,-0.07348271166412386
VII,3849.382716049383,-0.07348271166412386
VII,3850.14245014245,-0.07348271166412386
VII,3850.902184235518,-0.07348271166412386
VII,3852.4216524216527,-0.07348271166412386
VII,3853.1813865147196,-0.07348271166412386
VII,3853.9411206077875,-0.07348271166412386
VII,3855.4605887939224,-0.07348271166412386
VII,3856.2203228869894,-0.07348271166412386
VII,3856.980056980057,-0.07348271166412386
VII,3858.4995251661917,-0.07348271166412386
VII,3859.259259259259,-0.06889004218511612
VII,3860.0189933523266,-0.06889004218511612
VII,3861.5384615384614,-0.06889004218511612
VII,3862.298195631529,-0.06889004218511612
VII,3863.0579297245963,-0.06889004218511612
VII,3864.577397910731,-0.06889004218511612
VII,3865.3371320037986,-0.06889004218511612
VII,3866.096866096866,-0.06889004218511612
VII,3867.616334283001,-0.06889004218511612
VII,3868.3760683760684,-0.06889004218511612
VII,3869.135802469136,-0.06889004218511612
VII,3869.8955365622032,-0.06889004218511612
VII,3871.415004748338,-0.06889004218511612
VII,3872.1747388414055,-0.06889004218511612
VII,3872.934472934473,-0.06889004218511612
VII,3874.453941120608,-0.06889004218511612
VII,3875.2136752136753,-0.06889004218511612
VII,3875.9734093067427,-0.06889004218511612
VII,3877.4928774928776,-0.06889004218511612
VII,3878.252611585945,-0.06429737270610837
VII,3879.0123456790125,-0.06429737270610837
VII,3880.5318138651473,-0.06429737270610837
VII,3881.291547958215,-0.06429737270610837
VII,3882.051282051282,-0.06429737270610837
VII,3883.570750237417,-0.06429737270610837
VII,3884.330484330484,-0.06429737270610837
VII,3885.090218423552,-0.06429737270610837
VII,3886.609686609687,-0.06429737270610837
VII,3887.369420702754,-0.06429737270610837
VII,3888.1291547958217,-0.06429737270610837
VII,3889.6486229819566,-0.06429737270610837
VII,3890.4083570750236,-0.06429737270610837
VII,3891.1680911680915,-0.06429737270610837
VII,3891.9278252611584,-0.06429737270610837
VII,3893.4472934472933,-0.059704703227100635
VII,3894.2070275403607,-0.059704703227100635
VII,3894.966761633428,-0.059704703227100635
VII,3896.486229819563,-0.059704703227100635
VII,3897.2459639126305,-0.059704703227100635
VII,3898.005698005698,-0.059704703227100635
VII,3899.525166191833,-0.059704703227100635
VII,3900.2849002849002,-0.059704703227100635
VIII,2899.7150997150998,0.04669999479924038
VIII,2900.474833808167,0.04669999479924038
VIII,2901.994301994302,0.04669999479924038
VIII,2902.7540360873695,0.04669999479924038
VIII,2903.513770180437,0.04669999479924038
VIII,2905.033238366572,0.04669999479924038
VIII,2905.7929724596393,0.04669999479924038
VIII,2906.5527065527067,0.04669999479924038
VIII,2908.0721747388416,0.04669999479924038
VIII,2908.831908831909,0.04669999479924038
VIII,2909.5916429249764,0.04669999479924038
VIII,2910.351377018044,0.04669999479924038
VIII,2911.8708452041787,0.04669999479924038
VIII,2912.630579297246,0.04669999479924038
VIII,2913.390313390313,0.04669999479924038
VIII,2914.909781576448,0.04669999479924038
VIII,2915.6695156695155,0.04669999479924038
VIII,2916.429249762583,0.04669999479924038
VIII,2917.948717948718,0.04669999479924038
VIII,2918.708452041785,0.04669999479924038
VIII,2919.4681861348527,0.04669999479924038
VIII,2920.9876543209875,0.04669999479924038
VIII,2921.747388414055,0.04669999479924038
VIII,2922.5071225071224,0.04669999479924038
VIII,2924.0265906932573,0.04669999479924038
VIII,2924.7863247863247,0.04669999479924038
VIII,2925.546058879392,0.04669999479924038
VIII,2927.065527065527,0.05029230209148963
VIII,2927.8252611585945,0.05029230209148963
VIII,2928.584995251662,0.05029230209148963
VIII,2930.1044634377968,0.05029230209148963
VIII,2930.864197530864,0.05029230209148963
VIII,2931.6239316239316,0.05029230209148963
VIII,2932.383665716999,0.05029230209148963
VIII,2933.903133903134,0.05029230209148963
VIII,2934.6628679962014,0.05029230209148963
VIII,2935.422602089269,0.05029230209148963
VIII,2936.9420702754037,0.05029230209148963
VIII,2937.701804368471,0.05029230209148963
VIII,2938.4615384615386,0.05029230209148963
VIII,2939.9810066476734,0.05029230209148963
VIII,2940.740740740741,0.053884609383738895
VIII,2941.5004748338083,0.053884609383738895
VIII,2943.019943019943,0.053884609383738895
VIII,2943.7796771130106,0.053884609383738895
VIII,2944.539411206078,0.053884609383738895
VIII,2946.058879392213,0.053884609383738895
VIII,2946.8186134852804,0.053884609383738895
VIII,2947.5783475783473,0.053884609383738895
VIII,2949.097815764482,0.053884609383738895
VIII,2949.8575498575497,0.05747691667598816
VIII,2950.617283950617,0.05747691667598816
VIII,2951.3770180436845,0.05747691667598816
VIII,2952.8964862298194,0.05747691667598816
VIII,2953.656220322887,0.05747691667598816
VIII,2954.4159544159543,0.05747691667598816
VIII,2955.935422602089,0.05747691667598816
VIII,2956.6951566951566,0.06106922396823741
VIII,2957.454890788224,0.06106922396823741
VIII,2958.974358974359,0.06106922396823741
VIII,2959.7340930674263,0.06106922396823741
VIII,2960.4938271604938,0.06106922396823741
VIII,2962.0132953466286,0.06106922396823741
VIII,2962.773029439696,0.06106922396823741
VIII,2963.5327635327635,0.06466153126048667
VIII,2965.0522317188984,0.06466153126048667
VIII,2965.811965811966,0.06466153126048667
VIII,2966.5716999050333,0.06466153126048667
VIII,2968.091168091168,0.06466153126048667
VIII,2968.8509021842356,0.06466153126048667
VIII,2969.610636277303,0.06466153126048667
VIII,2971.130104463438,0.06825383855273594
VIII,2971.8898385565053,0.06825383855273594
VIII,2972.6495726495727,0.06825383855273594
VIII,2973.40930674264,0.06825383855273594
VIII,2974.928774928775,0.06825383855273594
VIII,2975.6885090218425,0.06825383855273594
VIII,2976.44824311491,0.06825383855273594
VIII,2977.967711301045,0.06825383855273594
VIII,2978.7274453941122,0.0718461458449852
VIII,2979.4871794871797,0.0718461458449852
VIII,2981.0066476733145,0.0718461458449852
VIII,2981.766381766382,0.0718461458449852
VIII,2982.5261158594494,0.0718461458449852
VIII,2984.045584045584,0.0718461458449852
VIII,2984.8053181386513,0.0718461458449852
VIII,2985.5650522317187,0.07543845313723445
VIII,2987.0845204178536,0.07543845313723445
VIII,2987.844254510921,0.07543845313723445
VIII,2988.6039886039885,0.07543845313723445
VIII,2990.1234567901233,0.07543845313723445
VIII,2990.8831908831908,0.07543845313723445
VIII,2991.642924976258,0.07543845313723445
VIII,2992.4026590693256,0.07543845313723445
VIII,2993.9221272554605,0.07903076042948372
VIII,2994.681861348528,0.07903076042948372
VIII,2995.4415954415954,0.07903076042948372
VIII,2996.9610636277303,0.07903076042948372
VIII,2997.7207977207977,0.07903076042948372
VIII,2998.480531813865,0.07903076042948372
VIII,3000.0,0.07903076042948372
VIII,3000.7597340930674,0.08262306772173297
VIII,3001.519468186135,0.08262306772173297
VIII,3003.0389363722697,0.08262306772173297
VIII,3003.798670465337,0.08262306772173297
VIII,3004.5584045584046,0.08262306772173297
VIII,3006.0778727445395,0.08262306772173297
VIII,3006.837606837607,0.08621537501398223
VIII,3007.5973409306744,0.08621537501398223
VIII,3009.1168091168092,0.08621537501398223
VIII,3009.8765432098767,0.08621537501398223
VIII,3010.636277302944,0.08621537501398223
VIII,3012.155745489079,0.08980768230623148
VIII,3012.9154795821464,0.08980768230623148
VIII,3013.675213675214,0.08980768230623148
VIII,3014.4349477682813,0.08980768230623148
VIII,3015.954415954416,0.08980768230623148
VIII,3016.7141500474836,0.09339998959848075
VIII,3017.4738841405506,0.09339998959848075
VIII,3018.9933523266855,0.09339998959848075
VIII,3019.753086419753,0.09699229689073001
VIII,3020.5128205128203,0.09699229689073001
VIII,3022.032288698955,0.09699229689073001
VIII,3022.7920227920226,0.09699229689073001
VIII,3023.55175688509,0.10058460418297926
VIII,3025.071225071225,0.10058460418297926
VIII,3025.8309591642924,0.10058460418297926
VIII,3026.59069325736,0.10417691147522853
VIII,3028.1101614434947,0.10417691147522853
VIII,3028.869895536562,0.10417691147522853
VIII,3029.6296296296296,0.10776921876747779
VIII,3031.1490978157644,0.10776921876747779
VIII,3031.908831908832,0.10776921876747779
VIII,3032.6685660018993,0.11136152605972705
VIII,3033.4283000949667,0.11136152605972705
VIII,3034.9477682811016,0.11495383335197631
VIII,3035.707502374169,0.11495383335197631
VIII,3036.4672364672365,0.11495383335197631
VIII,3037.9867046533714,0.11854614064422557
VIII,3038.746438746439,0.11854614064422557
VIII,3039.5061728395062,0.12213844793647483
VIII,3041.025641025641,0.12213844793647483
VIII,3041.7853751187085,0.12213844793647483
VIII,3042.545109211776,0.1257307552287241
VIII,3044.064577397911,0.1257307552287241
VIII,3044.8243114909783,0.12932306252097334
VIII,3045.5840455840457,0.12932306252097334
VIII,3047.1035137701806,0.1329153698132226
VIII,3047.863247863248,0.1329153698132226
VIII,3048.6229819563155,0.13650767710547188
VIII,3050.1424501424503,0.13650767710547188
VIII,3050.902184235518,0.14009998439772112
VIII,3051.661918328585,0.14009998439772112
VIII,3053.1813865147196,0.1436922916899704
VIII,3053.941120607787,0.1436922916899704
VIII,3054.7008547008545,0.14728459898221966
VIII,3055.460588793922,0.14728459898221966
VIII,3056.980056980057,0.1508769062744689
VIII,3057.7397910731243,0.15446921356671817
VIII,3058.4995251661917,0.15446921356671817
VIII,3060.0189933523266,0.15806152085896744
VIII,3060.778727445394,0.15806152085896744
VIII,3061.5384615384614,0.16165382815121668
VIII,3063.0579297245963,0.16524613544346595
VIII,3063.8176638176637,0.16524613544346595
VIII,3064.577397910731,0.16883844273571522
VIII,3066.096866096866,0.16883844273571522
VIII,3066.8566001899335,0.17243075002796446
VIII,3067.616334283001,0.17602305732021373
VIII,3069.135802469136,0.17602305732021373
VIII,3069.8955365622032,0.17961536461246297
VIII,3070.6552706552707,0.18320767190471224
VIII,3072.1747388414055,0.1867999791969615
VIII,3072.934472934473,0.1867999791969615
VIII,3073.6942070275404,0.19039228648921075
VIII,3074.453941120608,0.19398459378146002
VIII,3075.9734093067427,0.1975769010737093
VIII,3076.73314339981,0.1975769010737093
VIII,3077.4928774928776,0.20116920836595853
VIII,3079.0123456790125,0.2047615156582078
VIII,3079.77207977208,0.20835382295045707
VIII,3080.5318138651473,0.2119461302427063
VIII,3082.051282051282,0.21553843753495558
VIII,3082.8110161443497,0.21913074482720485
VIII,3083.570750237417,0.21913074482720485
VIII,3085.090218423552,0.2227230521194541
VIII,3085.8499525166194,0.22631535941170336
VIII,3086.609686609687,0.22990766670395263
VIII,3088.1291547958213,0.23349997399620187
VIII,3088.8888888888887,0.23709228128845114
VIII,3089.648622981956,0.24068458858070038
VIII,3091.168091168091,0.24427689587294965
VIII,3091.9278252611584,0.24786920316519892
VIII,3092.687559354226,0.2514615104574482
VIII,3093.4472934472933,0.2586461250419467
VIII,3094.966761633428,0.26223843233419597
VIII,3095.7264957264956,0.2658307396264452
VIII,3096.486229819563,0.26942304691869445
VIII,3098.005698005698,0.27301535421094375
VIII,3098.7654320987654,0.276607661503193
VIII,3099.525166191833,0.28019996879544223
VIII,3101.0446343779677,0.2873845833799408
VIII,3101.804368471035,0.29097689067219
VIII,3102.5641025641025,0.2945691979644393
VIII,3104.0835707502374,0.29816150525668855
VIII,3104.843304843305,0.3053461198411871
VIII,3105.6030389363723,0.30893842713343633
VIII,3107.122507122507,0.3125307344256856
VIII,3107.8822412155746,0.3197153490101841
VIII,3108.641975308642,0.32330765630243335
VIII,3110.161443494777,0.3304922708869319
VIII,3110.9211775878443,0.33408457817918114
VIII,3111.680911680912,0.33767688547143043
VIII,3113.2003798670466,0.3448615000559289
VIII,3113.960113960114,0.34845380734817816
VIII,3114.7198480531815,0.3556384219326767
VIII,3115.479582146249,0.36282303651717523
VIII,3116.999050332384,0.3664153438094245
VIII,3117.7587844254513,0.373599958393923
VIII,3118.5185185185187,0.3807845729784215
VIII,3120.0379867046536,0.3843768802706708
VIII,3120.797720797721,0.3915614948551693
VIII,3121.557454890788,0.3987461094396678
VIII,3123.076923076923,0.40593072402416636
VIII,3123.8366571699903,0.41311533860866484
VIII,3124.5963912630577,0.4202999531931634
VIII,3126.1158594491926,0.4274845677776619
VIII,3126.87559354226,0.4346691823621604
VIII,3127.6353276353275,0.44185379694665894
VIII,3129.1547958214624,0.4490384115311575
VIII,3129.91452991453,0.45622302611565596
VIII,3130.6742640075972,0.46699994799240374
VIII,3132.193732193732,0.4741845625769023
VIII,3132.9534662867995,0.48496148445365006
VIII,3133.713200379867,0.49214609903814854
VIII,3134.4729344729344,0.5029230209148964
VIII,3135.9924026590693,0.5101076354993949
VIII,3136.7521367521367,0.5208845573761427
VIII,3137.511870845204,0.5316614792528904
VIII,3139.031339031339,0.5424384011296383
VIII,3139.7910731244065,0.553215323006386
VIII,3140.550807217474,0.5639922448831337
VIII,3142.070275403609,0.5747691667598815
VIII,3142.830009496676,0.5855460886366293
VIII,3143.5897435897436,0.5963230105133771
VIII,3145.1092117758785,0.6070999323901248
VIII,3145.868945868946,0.6178768542668727
VIII,3146.6286799620134,0.6322460834358697
VIII,3148.1481481481483,0.6430230053126175
VIII,3148.9078822412157,0.6573922344816145
VIII,3149.667616334283,0.6681691563583623
VIII,3151.187084520418,0.6825383855273593
VIII,3151.9468186134854,0.6969076146963563
VIII,3152.706552706553,0.7076845365731042
VIII,3154.2260208926878,0.7220537657421012
VIII,3154.985754985755,0.7364229949110982
VIII,3155.745489078822,0.7507922240800953
VIII,3156.50522317189,0.7651614532490923
VIII,3158.0246913580245,0.7795306824180893
VIII,3158.784425451092,0.7938999115870864
VIII,3159.5441595441594,0.8046768334638341
VIII,3161.0636277302942,0.8190460626328312
VIII,3161.8233618233617,0.8334152918018283
VIII,3162.583095916429,0.8477845209708252
VIII,3164.102564102564,0.8621537501398223
VIII,3164.8622981956314,0.8765229793088194
VIII,3165.622032288699,0.8908922084778164
VIII,3167.1415004748337,0.9052614376468134
VIII,3167.901234567901,0.9196306668158105
VIII,3168.6609686609686,0.9339998959848075
VIII,3170.1804368471035,0.9483691251538046
VIII,3170.940170940171,0.9627383543228015
VIII,3171.6999050332383,0.9771075834917986
VIII,3173.219373219373,0.9914768126607957
VIII,3173.9791073124406,1.0058460418297928
VIII,3174.738841405508,1.0166229637065405
VIII,3175.4985754985755,1.0309921928755374
VIII,3177.0180436847104,1.0417691147522854
VIII,3177.777777777778,1.0561383439212824
VIII,3178.5375118708453,1.06691526579803
VIII,3180.05698005698,1.081284494967027
VIII,3180.8167141500476,1.092061416843775
VIII,3181.576448243115,1.1028383387205227
VIII,3183.09591642925,1.1136152605972705
VIII,3183.8556505223173,1.1243921824740182
VIII,3184.6153846153848,1.1351691043507661
VIII,3186.1348528015196,1.1459460262275138
VIII,3186.894586894587,1.1567229481042616
VIII,3187.6543209876545,1.16390756268876
VIII,3189.1737891737894,1.174684484565508
VIII,3189.933523266857,1.1818690991500065
VIII,3190.6932573599242,1.1926460210267542
VIII,3192.212725546059,1.1998306356112527
VIII,3192.972459639126,1.2070152501957512
VIII,3193.7321937321935,1.2141998647802497
VIII,3195.2516619183284,1.2213844793647484
VIII,3196.011396011396,1.2285690939492468
VIII,3196.7711301044633,1.2357537085337453
VIII,3197.5308641975307,1.2393460158259946
VIII,3199.0503323836656,1.246530630410493
VIII,3199.810066476733,1.2501229377027423
VIII,3200.5698005698005,1.2573075522872408
VIII,3202.0892687559353,1.26089985957949
VIII,3202.8490028490028,1.2644921668717395
VIII,3203.60873694207,1.2680844741639887
VIII,3205.128205128205,1.271676781456238
VIII,3205.8879392212725,1.2752690887484872
VIII,3206.64767331434,1.2788613960407365
VIII,3208.167141500475,1.2824537033329857
VIII,3208.9268755935423,1.2824537033329857
VIII,3209.6866096866097,1.286046010625235
VIII,3211.2060778727446,1.286046010625235
VIII,3211.965811965812,1.2896383179174842
VIII,3212.7255460588794,1.2896383179174842
VIII,3214.2450142450143,1.2932306252097334
VIII,3215.0047483380818,1.2932306252097334
VIII,3215.764482431149,1.2932306252097334
VIII,3216.5242165242166,1.2968229325019827
VIII,3218.0436847103515,1.2968229325019827
VIII,3218.803418803419,1.2968229325019827
VIII,3219.5631528964864,1.2968229325019827
VIII,3221.0826210826212,1.2968229325019827
VIII,3221.8423551756887,1.2968229325019827
VIII,3222.602089268756,1.2968229325019827
VIII,3224.121557454891,1.2968229325019827
VIII,3224.8812915479584,1.300415239794232
VIII,3225.6410256410254,1.300415239794232
VIII,3227.1604938271603,1.300415239794232
VIII,3227.9202279202277,1.300415239794232
VIII,3228.679962013295,1.300415239794232
VIII,3230.19943019943,1.300415239794232
VIII,3230.9591642924975,1.300415239794232
VIII,3231.718898385565,1.2968229325019827
VIII,3233.2383665716998,1.2968229325019827
VIII,3233.998100664767,1.2968229325019827
VIII,3234.7578347578346,1.2968229325019827
VIII,3236.2773029439695,1.2968229325019827
VIII,3237.037037037037,1.2968229325019827
VIII,3237.7967711301044,1.300415239794232
VIII,3238.556505223172,1.300415239794232
VIII,3240.0759734093067,1.300415239794232
VIII,3240.835707502374,1.300415239794232
VIII,3241.5954415954416,1.300415239794232
VIII,3243.1149097815764,1.300415239794232
VIII,3243.874643874644,1.300415239794232
VIII,3244.6343779677113,1.300415239794232
VIII,3246.153846153846,1.300415239794232
VIII,3246.9135802469136,1.300415239794232
VIII,3247.673314339981,1.300415239794232
VIII,3249.192782526116,1.300415239794232
VIII,3249.9525166191834,1.300415239794232
VIII,3250.712250712251,1.3040075470864811
VIII,3252.2317188983857,1.3040075470864811
VIII,3252.991452991453,1.3040075470864811
VIII,3253.7511870845206,1.3040075470864811
VIII,3255.2706552706554,1.3040075470864811
VIII,3256.030389363723,1.3040075470864811
VIII,3256.7901234567903,1.3075998543787306
VIII,3257.5498575498577,1.3075998543787306
VIII,3259.0693257359926,1.3075998543787306
VIII,3259.8290598290596,1.3075998543787306
VIII,3260.5887939221275,1.3075998543787306
VIII,3262.1082621082624,1.3111921616709798
VIII,3262.8679962013293,1.3111921616709798
VIII,3263.6277302943968,1.3111921616709798
VIII,3265.1471984805316,1.3111921616709798
VIII,3265.906932573599,1.314784468963229
VIII,3266.6666666666665,1.314784468963229
VIII,3268.1861348528014,1.314784468963229
VIII,3268.945868945869,1.314784468963229
VIII,3269.7056030389363,1.3183767762554783
VIII,3271.225071225071,1.3183767762554783
VIII,3271.9848053181386,1.3183767762554783
VIII,3272.744539411206,1.3183767762554783
VIII,3274.264007597341,1.3183767762554783
VIII,3275.0237416904083,1.3219690835477276
VIII,3275.7834757834758,1.3219690835477276
VIII,3277.3029439696106,1.3219690835477276
VIII,3278.062678062678,1.3219690835477276
VIII,3278.8224121557455,1.3255613908399768
VIII,3279.582146248813,1.3255613908399768
VIII,3281.101614434948,1.3255613908399768
VIII,3281.8613485280152,1.3255613908399768
VIII,3282.6210826210827,1.3255613908399768
VIII,3284.1405508072176,1.329153698132226
VIII,3284.900284900285,1.329153698132226
VIII,3285.6600189933524,1.329153698132226
VIII,3287.1794871794873,1.329153698132226
VIII,3287.9392212725547,1.329153698132226
VIII,3288.698955365622,1.3327460054244753
VIII,3290.218423551757,1.3327460054244753
VIII,3290.9781576448245,1.3327460054244753
VIII,3291.737891737892,1.3327460054244753
VIII,3293.257359924027,1.3363383127167245
VIII,3294.0170940170938,1.3363383127167245
VIII,3294.7768281101617,1.3363383127167245
VIII,3296.2962962962965,1.3363383127167245
VIII,3297.0560303893635,1.3399306200089738
VIII,3297.8157644824314,1.3399306200089738
VIII,3298.5754985754984,1.3399306200089738
VIII,3300.0949667616333,1.3399306200089738
VIII,3300.8547008547007,1.343522927301223
VIII,3301.614434947768,1.343522927301223
VIII,3303.133903133903,1.343522927301223
VIII,3303.8936372269704,1.343522927301223
VIII,3304.653371320038,1.3471152345934723
VIII,3306.1728395061727,1.3471152345934723
VIII,3306.93257359924,1.3471152345934723
VIII,3307.6923076923076,1.3507075418857217
VIII,3309.2117758784425,1.3507075418857217
VIII,3309.97150997151,1.3507075418857217
VIII,3310.7312440645774,1.354299849177971
VIII,3312.2507122507122,1.354299849177971
VIII,3313.0104463437797,1.3578921564702202
VIII,3313.770180436847,1.3578921564702202
VIII,3315.289648622982,1.3614844637624695
VIII,3316.0493827160494,1.3614844637624695
VIII,3316.809116809117,1.3614844637624695
VIII,3318.3285849952517,1.3650767710547187
VIII,3319.088319088319,1.3650767710547187
VIII,3319.8480531813866,1.368669078346968
VIII,3320.607787274454,1.3722613856392172
VIII,3322.127255460589,1.3722613856392172
VIII,3322.8869895536563,1.3758536929314664
VIII,3323.646723646724,1.3758536929314664
VIII,3325.1661918328587,1.3794460002237157
VIII,3325.925925925926,1.383038307515965
VIII,3326.6856600189935,1.383038307515965
VIII,3328.2051282051284,1.3866306148082141
VIII,3328.964862298196,1.3902229221004634
VIII,3329.724596391263,1.3938152293927126
VIII,3331.2440645773977,1.3938152293927126
VIII,3332.0037986704656,1.397407536684962
VIII,3332.7635327635326,1.4009998439772113
VIII,3334.2830009496674,1.4045921512694606
VIII,3335.042735042735,1.4081844585617098
VIII,3335.8024691358023,1.411776765853959
VIII,3337.321937321937,1.4153690731462083
VIII,3338.0816714150046,1.4189613804384575
VIII,3338.841405508072,1.4225536877307068
VIII,3339.6011396011395,1.426145995022956
VIII,3341.1206077872744,1.4297383023152053
VIII,3341.880341880342,1.4333306096074545
VIII,3342.6400759734092,1.4369229168997038
VIII,3344.159544159544,1.4405152241919532
VIII,3344.9192782526115,1.4441075314842025
VIII,3345.679012345679,1.4476998387764517
VIII,3347.198480531814,1.4548844533609502
VIII,3347.9582146248813,1.4584767606531994
VIII,3348.7179487179487,1.4620690679454487
VIII,3350.2374169040836,1.4692536825299471
VIII,3350.997150997151,1.4728459898221964
VIII,3351.7568850902185,1.4764382971144456
VIII,3353.2763532763533,1.4836229116989443
VIII,3354.036087369421,1.4872152189911936
VIII,3354.795821462488,1.494399833575692
VIII,3356.315289648623,1.4979921408679413
VIII,3357.0750237416905,1.5051767554524398
VIII,3357.834757834758,1.5123613700369383
VIII,3359.354226020893,1.5159536773291875
VIII,3360.1139601139603,1.523138291913686
VIII,3360.8736942070277,1.5303229064981847
VIII,3361.633428300095,1.533915213790434
VIII,3363.15289648623,1.5410998283749324
VIII,3363.912630579297,1.548284442959431
VIII,3364.672364672365,1.5554690575439294
VIII,3366.1918328584998,1.5626536721284279
VIII,3366.9515669515667,1.5698382867129264
VIII,3367.711301044634,1.577022901297425
VIII,3369.230769230769,1.5842075158819235
VIII,3369.9905033238365,1.591392130466422
VIII,3370.750237416904,1.6021690523431698
VIII,3372.269705603039,1.6093536669276682
VIII,3373.0294396961062,1.616538281512167
VIII,3373.7891737891737,1.6273152033889147
VIII,3375.3086419753085,1.6344998179734131
VIII,3376.068376068376,1.6452767398501609
VIII,3376.8281101614434,1.6524613544346594
VIII,3378.3475783475783,1.6632382763114073
VIII,3379.1073124406457,1.6704228908959058
VIII,3379.867046533713,1.6811998127726535
VIII,3380.6267806267806,1.6919767346494012
VIII,3382.1462488129155,1.702753656526149
VIII,3382.905982905983,1.713530578402897
VIII,3383.6657169990503,1.7207151929873954
VIII,3385.185185185185,1.7314921148641431
VIII,3385.9449192782527,1.7422690367408908
VIII,3386.70465337132,1.7530459586176388
VIII,3388.224121557455,1.7674151877866358
VIII,3388.9838556505224,1.7781921096633835
VIII,3389.74358974359,1.7889690315401312
VIII,3391.2630579297247,1.7997459534168792
VIII,3392.022792022792,1.8105228752936269
VIII,3392.7825261158596,1.8212997971703746
VIII,3394.3019943019945,1.8356690263393716
VIII,3395.061728395062,1.8464459482161195
VIII,3395.8214624881293,1.8572228700928672
VIII,3397.340930674264,1.8715920992618642
VIII,3398.100664767331,1.8823690211386122
VIII,3398.860398860399,1.8931459430153599
VIII,3400.379867046534,1.9039228648921076
VIII,3401.139601139601,1.9182920940611046
VIII,3401.899335232669,1.9290690159378525
VIII,3402.659069325736,1.9398459378146002
VIII,3404.1785375118707,1.950622859691348
VIII,3404.938271604938,1.9613997815680957
VIII,3405.6980056980055,1.9721767034448436
VIII,3407.2174738841404,1.9829536253215914
VIII,3407.977207977208,1.993730547198339
VIII,3408.7369420702753,2.004507469075087
VIII,3410.25641025641,2.0152843909518348
VIII,3411.0161443494776,2.0260613128285825
VIII,3411.775878442545,2.03683823470533
VIII,3413.29534662868,2.0440228492898287
VIII,3414.0550807217473,2.0547997711665764
VIII,3414.814814814815,2.061984385751075
VIII,3416.3342830009497,2.0691690003355734
VIII,3417.094017094017,2.079945922212321
VIII,3417.8537511870845,2.08713053679682
VIII,3419.3732193732194,2.0943151513813185
VIII,3420.132953466287,2.0979074586735678
VIII,3420.8926875593543,2.1050920732580662
VIII,3421.6524216524217,2.1122766878425647
VIII,3423.1718898385566,2.115868995134814
VIII,3423.931623931624,2.1230536097193125
VIII,3424.6913580246915,2.1266459170115617
VIII,3426.2108262108263,2.130238224303811
VIII,3426.9705603038938,2.13383053159606
VIII,3427.730294396961,2.1374228388883094
VIII,3429.249762583096,2.1374228388883094
VIII,3430.0094966761635,2.1410151461805587
VIII,3430.769230769231,2.1410151461805587
VIII,3432.288698955366,2.1410151461805587
VIII,3433.0484330484333,2.1410151461805587
VIII,3433.8081671415002,2.1410151461805587
VIII,3435.327635327635,2.1410151461805587
VIII,3436.087369420703,2.1410151461805587
VIII,3436.84710351377,2.1410151461805587
VIII,3438.366571699905,2.1374228388883094
VIII,3439.1263057929723,2.13383053159606
VIII,3439.8860398860397,2.130238224303811
VIII,3440.645773979107,2.130238224303811
VIII,3442.165242165242,2.1266459170115617
VIII,3442.9249762583095,2.119461302427063
VIII,3443.684710351377,2.115868995134814
VIII,3445.204178537512,2.1122766878425647
VIII,3445.963912630579,2.1050920732580662
VIII,3446.7236467236467,2.101499765965817
VIII,3448.2431149097815,2.0943151513813185
VIII,3449.002849002849,2.0907228440890693
VIII,3449.7625830959164,2.083538229504571
VIII,3451.2820512820513,2.076353614920072
VIII,3452.0417853751187,2.0691690003355734
VIII,3452.801519468186,2.061984385751075
VIII,3454.320987654321,2.0547997711665764
VIII,3455.0807217473885,2.047615156582078
VIII,3455.840455840456,2.0404305419975794
VIII,3457.3599240265908,2.033245927413081
VIII,3458.119658119658,2.0260613128285825
VIII,3458.8793922127256,2.0152843909518348
VIII,3460.3988603988605,2.0080997763673363
VIII,3461.158594491928,2.000915161782838
VIII,3461.9183285849954,1.9901382399060898
VIII,3462.678062678063,1.9829536253215914
VIII,3464.1975308641977,1.9757690107370929
VIII,3464.957264957265,1.964992088860345
VIII,3465.7169990503326,1.9578074742758464
VIII,3467.2364672364674,1.950622859691348
VIII,3467.9962013295344,1.9398459378146002
VIII,3468.7559354226023,1.9326613232301018
VIII,3470.275403608737,1.9218844013533538
VIII,3471.035137701804,1.9146997867688553
VIII,3471.7948717948716,1.9039228648921076
VIII,3473.3143399810065,1.8967382503076091
VIII,3474.074074074074,1.8895536357231106
VIII,3474.8338081671413,1.8787767138463627
VIII,3476.353276353276,1.8715920992618642
VIII,3477.1130104463437,1.8608151773851165
VIII,3477.872744539411,1.853630562800618
VIII,3479.392212725546,1.8428536409238703
VIII,3480.1519468186134,1.8356690263393716
VIII,3480.911680911681,1.8248921044626238
VIII,3481.6714150047483,1.8177074898781254
VIII,3483.190883190883,1.8069305680013776
VIII,3483.9506172839506,1.7997459534168792
VIII,3484.710351377018,1.7889690315401312
VIII,3486.229819563153,1.7817844169556327
VIII,3486.9895536562203,1.771007495078885
VIII,3487.7492877492878,1.7602305732021373
VIII,3489.2687559354226,1.7530459586176388
VIII,3490.02849002849,1.7422690367408908
VIII,3490.7882241215575,1.7314921148641431
VIII,3492.3076923076924,1.7243075002796446
VIII,3493.06742640076,1.713530578402897
VIII,3493.8271604938273,1.702753656526149
VIII,3495.346628679962,1.6919767346494012
VIII,3496.1063627730296,1.6811998127726535
VIII,3496.866096866097,1.674015198188155
VIII,3498.385565052232,1.6632382763114073
VIII,3499.1452991452993,1.6524613544346594
VIII,3499.9050332383667,1.6416844325579116
VIII,3501.4245014245016,1.630907510681164
VIII,3502.1842355175686,1.616538281512167
VIII,3502.9439696106365,1.605761359635419
VIII,3503.7037037037035,1.5949844377586713
VIII,3505.2231718898383,1.5842075158819235
VIII,3505.9829059829062,1.5734305940051758
VIII,3506.742640075973,1.5590613648361786
VIII,3508.262108262108,1.548284442959431
VIII,3509.0218423551755,1.5375075210826832
VIII,3509.781576448243,1.523138291913686
VIII,3511.301044634378,1.5123613700369383
VIII,3512.0607787274453,1.4979921408679413
VIII,3512.8205128205127,1.4872152189911936
VIII,3514.3399810066476,1.4728459898221964
VIII,3515.099715099715,1.4620690679454487
VIII,3515.8594491927824,1.4476998387764517
VIII,3517.3789173789173,1.4369229168997038
VIII,3518.1386514719848,1.4225536877307068
VIII,3518.898385565052,1.4081844585617098
VIII,3520.417853751187,1.397407536684962
VIII,3521.1775878442545,1.383038307515965
VIII,3521.937321937322,1.368669078346968
VIII,3522.6970560303894,1.354299849177971
VIII,3524.2165242165242,1.343522927301223
VIII,3524.9762583095917,1.329153698132226
VIII,3525.735992402659,1.314784468963229
VIII,3527.255460588794,1.300415239794232
VIII,3528.0151946818614,1.2896383179174842
VIII,3528.774928774929,1.2752690887484872
VIII,3530.2943969610637,1.26089985957949
VIII,3531.054131054131,1.246530630410493
VIII,3531.8138651471986,1.2357537085337453
VIII,3533.3333333333335,1.2213844793647484
VIII,3534.093067426401,1.2070152501957512
VIII,3534.852801519468,1.1962383283190035
VIII,3536.372269705603,1.1818690991500065
VIII,3537.1320037986707,1.1674998699810093
VIII,3537.8917378917376,1.1567229481042616
VIII,3539.4112060778725,1.1423537189352646
VIII,3540.1709401709404,1.1315767970585169
VIII,3540.9306742640074,1.1172075678895197
VIII,3542.4501424501423,1.1028383387205227
VIII,3543.20987654321,1.092061416843775
VIII,3543.969610636277,1.081284494967027
VIII,3544.7293447293446,1.06691526579803
VIII,3546.2488129154794,1.0561383439212824
VIII,3547.008547008547,1.0453614220445346
VIII,3547.7682811016143,1.0309921928755374
VIII,3549.287749287749,1.0202152709987897
VIII,3550.0474833808166,1.009438349122042
VIII,3550.807217473884,0.9986614272452942
VIII,3552.326685660019,0.9878845053685464
VIII,3553.0864197530864,0.9771075834917986
VIII,3553.846153846154,0.9663306616150509
VIII,3555.3656220322887,0.955553739738303
VIII,3556.125356125356,0.9447768178615553
VIII,3556.8850902184236,0.9339998959848075
VIII,3558.4045584045584,0.9232229741080598
VIII,3559.164292497626,0.9124460522313119
VIII,3559.9240265906933,0.9052614376468134
VIII,3561.443494776828,0.8944845157700656
VIII,3562.2032288698956,0.8837075938933179
VIII,3562.962962962963,0.8765229793088194
VIII,3563.7226970560305,0.8657460574320716
VIII,3565.2421652421654,0.8585614428475731
VIII,3566.001899335233,0.8477845209708252
VIII,3566.7616334283002,0.8405999063863268
VIII,3568.281101614435,0.8334152918018283
VIII,3569.0408357075025,0.8226383699250804
VIII,3569.80056980057,0.815453755340582
VIII,3571.320037986705,0.8082691407560835
VIII,3572.079772079772,0.8010845261715849
VIII,3572.8395061728397,0.7938999115870864
VIII,3574.3589743589746,0.7867152970025879
VIII,3575.1187084520416,0.7795306824180893
VIII,3575.8784425451095,0.7723460678335908
VIII,3577.3979107312443,0.7651614532490923
VIII,3578.1576448243113,0.7579768386645938
VIII,3578.9173789173788,0.7507922240800953
VIII,3580.4368471035136,0.7436076094955968
VIII,3581.196581196581,0.7400153022033474
VIII,3581.9563152896485,0.732830687618849
VIII,3583.4757834757834,0.7256460730343505
VIII,3584.235517568851,0.7220537657421012
VIII,3584.9952516619182,0.7148691511576026
VIII,3585.7549857549857,0.7076845365731042
VIII,3587.2744539411206,0.7040922292808549
VIII,3588.034188034188,0.6969076146963563
VIII,3588.7939221272554,0.6933153074041071
VIII,3590.3133903133903,0.6861306928196086
VIII,3591.0731244064577,0.6825383855273593
VIII,3591.832858499525,0.6753537709428609
VIII,3593.35232668566,0.6717614636506115
VIII,3594.1120607787275,0.6681691563583623
VIII,3594.871794871795,0.6609845417738638
VIII,3596.39126305793,0.6573922344816145
VIII,3597.1509971509972,0.650207619897116
VIII,3597.9107312440647,0.6466153126048667
VIII,3599.4301994301995,0.6430230053126175
VIII,3600.189933523267,0.635838390728119
VIII,3600.9496676163344,0.6322460834358697
VIII,3602.4691358024693,0.6286537761436204
VIII,3603.2288698955367,0.6214691615591219
VIII,3603.988603988604,0.6178768542668727
VIII,3604.748338081671,0.6142845469746234
VIII,3606.267806267806,0.6070999323901248
VIII,3607.027540360874,0.6035076250978756
VIII,3607.787274453941,0.5999153178056263
VIII,3609.3067426400758,0.5927307032211279
VIII,3610.0664767331436,0.5891383959288786
VIII,3610.8262108262106,0.58195378134438
VIII,3612.3456790123455,0.5783614740521308
VIII,3613.105413105413,0.5711768594676323
VIII,3613.8651471984804,0.5675845521753831
VIII,3615.3846153846152,0.5603999375908845
VIII,3616.1443494776827,0.5568076302986352
VIII,3616.90408357075,0.5496230157141367
VIII,3618.423551756885,0.5460307084218875
VIII,3619.1832858499524,0.5388460938373889
VIII,3619.94301994302,0.5352537865451397
VIII,3621.4624881291547,0.5280691719606412
VIII,3622.222222222222,0.5208845573761427
VIII,3622.9819563152896,0.5172922500838933
VIII,3624.5014245014245,0.5101076354993949
VIII,3625.261158594492,0.5029230209148964
VIII,3626.0208926875594,0.49573840633039784
VIII,3626.780626780627,0.49214609903814854
VIII,3628.3000949667617,0.48496148445365006
VIII,3629.059829059829,0.4777768698691515
VIII,3629.8195631528965,0.47059225528465304
VIII,3631.3390313390314,0.4634076407001545
VIII,3632.098765432099,0.45981533340790526
VIII,3632.8584995251663,0.4526307188234067
VIII,3634.377967711301,0.4454461042389082
VIII,3635.1377018043686,0.4382614896544097
VIII,3635.897435897436,0.43107687506991116
VIII,3637.416904083571,0.4238922604854126
VIII,3638.1766381766383,0.41670764590091414
VIII,3638.9363722697058,0.4095230313164156
VIII,3640.45584045584,0.40233841673191706
VIII,3641.215574548908,0.3951538021474186
VIII,3641.975308641975,0.38796918756292004
VIII,3643.49477682811,0.3807845729784215
VIII,3644.254510921178,0.37719226568617226
VIII,3645.014245014245,0.3700076511016737
VIII,3645.7739791073127,0.36282303651717523
VIII,3647.2934472934476,0.3556384219326767
VIII,3648.0531813865146,0.34845380734817816
VIII,3648.812915479582,0.3412691927636797
VIII,3650.332383665717,0.33408457817918114
VIII,3651.0921177587843,0.32689996359468265
VIII,3651.8518518518517,0.3197153490101841
VIII,3653.3713200379866,0.31612304171793487
VIII,3654.131054131054,0.30893842713343633
VIII,3654.8907882241215,0.3017538125489378
VIII,3656.4102564102564,0.2945691979644393
VIII,3657.169990503324,0.29097689067219
VIII,3657.929724596391,0.28379227608769153
VIII,3659.449192782526,0.276607661503193
VIII,3660.2089268755935,0.27301535421094375
VIII,3660.968660968661,0.2658307396264452
VIII,3662.488129154796,0.26223843233419597
VIII,3663.2478632478633,0.25505381774969743
VIII,3664.0075973409307,0.2514615104574482
VIII,3665.5270655270656,0.24427689587294965
VIII,3666.286799620133,0.24068458858070038
VIII,3667.0465337132005,0.23349997399620187
VIII,3667.806267806268,0.22990766670395263
VIII,3669.3257359924028,0.22631535941170336
VIII,3670.08547008547,0.21913074482720485
VIII,3670.8452041785376,0.21553843753495558
VIII,3672.3646723646725,0.2119461302427063
VIII,3673.12440645774,0.20835382295045707
VIII,3673.8841405508074,0.2047615156582078
VIII,3675.4036087369423,0.20116920836595853
VIII,3676.1633428300092,0.1975769010737093
VIII,3676.923076923077,0.19398459378146002
VIII,3678.442545109212,0.19039228648921075
VIII,3679.202279202279,0.1867999791969615
VIII,3679.962013295347,0.18320767190471224
VIII,3681.4814814814818,0.17961536461246297
VIII,3682.2412155745487,0.17602305732021373
VIII,3683.000949667616,0.17243075002796446
VIII,3684.520417853751,0.17243075002796446
VIII,3685.2801519468185,0.16883844273571522
VIII,3686.039886039886,0.16524613544346595
VIII,3686.7996201329534,0.16524613544346595
VIII,3688.319088319088,0.16165382815121668
VIII,3689.0788224121557,0.15806152085896744
VIII,3689.838556505223,0.15806152085896744
VIII,3691.358024691358,0.15446921356671817
VIII,3692.1177587844254,0.15446921356671817
VIII,3692.877492877493,0.1508769062744689
VIII,3694.3969610636277,0.1508769062744689
VIII,3695.156695156695,0.1508769062744689
VIII,3695.9164292497626,0.14728459898221966
VIII,3697.4358974358975,0.14728459898221966
VIII,3698.195631528965,0.1436922916899704
VIII,3698.9553656220323,0.1436922916899704
VIII,3700.474833808167,0.1436922916899704
VIII,3701.2345679012346,0.1436922916899704
VIII,3701.994301994302,0.14009998439772112
VIII,3703.513770180437,0.14009998439772112
VIII,3704.2735042735044,0.14009998439772112
VIII,3705.033238366572,0.14009998439772112
VIII,3706.5527065527067,0.13650767710547188
VIII,3707.312440645774,0.13650767710547188
VIII,3708.0721747388416,0.13650767710547188
VIII,3708.8319088319085,0.13650767710547188
VIII,3710.3513770180434,0.13650767710547188
VIII,3711.1111111111113,0.13650767710547188
VIII,3711.8708452041783,0.1329153698132226
VIII,3713.390313390313,0.1329153698132226
VIII,3714.150047483381,0.1329153698132226
VIII,3714.909781576448,0.1329153698132226
VIII,3716.429249762583,0.1329153698132226
VIII,3717.188983855651,0.1329153698132226
VIII,3717.948717948718,0.1329153698132226
VIII,3719.4681861348527,0.1329153698132226
VIII,3720.22792022792,0.1329153698132226
VIII,3720.9876543209875,0.1329153698132226
VIII,3722.5071225071224,0.12932306252097334
VIII,3723.26685660019,0.12932306252097334
VIII,3724.0265906932573,0.12932306252097334
VIII,3725.546058879392,0.12932306252097334
VIII,3726.3057929724596,0.12932306252097334
VIII,3727.065527065527,0.12932306252097334
VIII,3727.8252611585945,0.12932306252097334
VIII,3729.3447293447293,0.12932306252097334
VIII,3730.1044634377968,0.12932306252097334
VIII,3730.864197530864,0.12932306252097334
VIII,3732.383665716999,0.1257307552287241
VIII,3733.1433998100665,0.1257307552287241
VIII,3733.903133903134,0.1257307552287241
VIII,3735.422602089269,0.1257307552287241
VIII,3736.1823361823363,0.1257307552287241
VIII,3736.9420702754037,0.1257307552287241
VIII,3738.4615384615386,0.1257307552287241
VIII,3739.221272554606,0.1257307552287241
VIII,3739.9810066476734,0.12213844793647483
VIII,3741.5004748338083,0.12213844793647483
VIII,3742.2602089268757,0.12213844793647483
VIII,3743.019943019943,0.12213844793647483
VIII,3744.5394112060776,0.12213844793647483
VIII,3745.2991452991455,0.12213844793647483
VIII,3746.0588793922125,0.11854614064422557
VIII,3746.8186134852804,0.11854614064422557
VIII,3748.3380816714152,0.11854614064422557
VIII,3749.097815764482,0.11854614064422557
VIII,3749.85754985755,0.11854614064422557
VIII,3751.377018043685,0.11495383335197631
VIII,3752.136752136752,0.11495383335197631
VIII,3752.8964862298194,0.11495383335197631
VIII,3754.4159544159543,0.11495383335197631
VIII,3755.1756885090217,0.11495383335197631
VIII,3755.935422602089,0.11136152605972705
VIII,3757.454890788224,0.11136152605972705
VIII,3758.2146248812915,0.11136152605972705
VIII,3758.974358974359,0.11136152605972705
VIII,3760.4938271604938,0.10776921876747779
VIII,3761.253561253561,0.10776921876747779
VIII,3762.0132953466286,0.10776921876747779
VIII,3763.5327635327635,0.10776921876747779
VIII,3764.292497625831,0.10776921876747779
VIII,3765.0522317188984,0.10417691147522853
VIII,3766.5716999050333,0.10417691147522853
VIII,3767.3314339981007,0.10417691147522853
VIII,3768.091168091168,0.10417691147522853
VIII,3768.8509021842356,0.10417691147522853
VIII,3770.3703703703704,0.10058460418297926
VIII,3771.130104463438,0.10058460418297926
VIII,3771.8898385565053,0.10058460418297926
VIII,3773.40930674264,0.10058460418297926
VIII,3774.1690408357076,0.10058460418297926
VIII,3774.928774928775,0.09699229689073001
VIII,3776.44824311491,0.09699229689073001
VIII,3777.2079772079774,0.09699229689073001
VIII,3777.967711301045,0.09699229689073001
VIII,3779.4871794871797,0.09699229689073001
VIII,3780.2469135802467,0.09699229689073001
VIII,3781.0066476733145,0.09339998959848075
VIII,3782.5261158594494,0.09339998959848075
VIII,3783.2858499525164,0.09339998959848075
VIII,3784.0455840455843,0.09339998959848075
VIII,3785.565052231719,0.09339998959848075
VIII,3786.324786324786,0.09339998959848075
VIII,3787.0845204178536,0.09339998959848075
VIII,3787.844254510921,0.08980768230623148
VIII,3789.363722697056,0.08980768230623148
VIII,3790.1234567901233,0.08980768230623148
VIII,3790.8831908831908,0.08980768230623148
VIII,3792.4026590693256,0.08980768230623148
VIII,3793.162393162393,0.08980768230623148
VIII,3793.9221272554605,0.08980768230623148
VIII,3795.4415954415954,0.08980768230623148
VIII,3796.201329534663,0.08980768230623148
VIII,3796.9610636277303,0.08980768230623148
VIII,3798.480531813865,0.08621537501398223
VIII,3799.2402659069326,0.08621537501398223
VIII,3800.0,0.08621537501398223
VIII,3801.519468186135,0.08621537501398223
VIII,3802.2792022792023,0.08621537501398223
VIII,3803.0389363722697,0.08621537501398223
VIII,3804.5584045584046,0.08621537501398223
VIII,3805.318138651472,0.08621537501398223
VIII,3806.0778727445395,0.08621537501398223
VIII,3807.5973409306744,0.08621537501398223
VIII,3808.357075023742,0.08621537501398223
VIII,3809.1168091168092,0.08621537501398223
VIII,3809.8765432098767,0.08262306772173297
VIII,3811.3960113960115,0.08262306772173297
VIII,3812.155745489079,0.08262306772173297
VIII,3812.9154795821464,0.08262306772173297
VIII,3814.434947768281,0.08262306772173297
VIII,3815.1946818613487,0.08262306772173297
VIII,3815.9544159544157,0.08262306772173297
VIII,3817.4738841405506,0.08262306772173297
VIII,3818.2336182336185,0.08262306772173297
VIII,3818.9933523266855,0.08262306772173297
VIII,3820.5128205128203,0.08262306772173297
VIII,3821.272554605888,0.08262306772173297
VIII,3822.032288698955,0.07903076042948372
VIII,3823.55175688509,0.07903076042948372
VIII,3824.3114909781575,0.07903076042948372
VIII,3825.071225071225,0.07903076042948372
VIII,3826.59069325736,0.07903076042948372
VIII,3827.3504273504273,0.07903076042948372
VIII,3828.1101614434947,0.07903076042948372
VIII,3828.869895536562,0.07903076042948372
VIII,3830.389363722697,0.07903076042948372
VIII,3831.1490978157644,0.07903076042948372
VIII,3831.908831908832,0.07903076042948372
VIII,3833.4283000949667,0.07543845313723445
VIII,3834.188034188034,0.07543845313723445
VIII,3834.9477682811016,0.07543845313723445
VIII,3836.4672364672365,0.07543845313723445
VIII,3837.226970560304,0.07543845313723445
VIII,3837.9867046533714,0.07543845313723445
VIII,3839.5061728395062,0.07543845313723445
VIII,3840.2659069325737,0.07543845313723445
VIII,3841.025641025641,0.07543845313723445
VIII,3842.545109211776,0.07543845313723445
VIII,3843.3048433048434,0.07543845313723445
VIII,3844.064577397911,0.0718461458449852
VIII,3845.5840455840457,0.0718461458449852
VIII,3846.343779677113,0.0718461458449852
VIII,3847.1035137701806,0.0718461458449852
VIII,3848.622981956315,0.0718461458449852
VIII,3849.382716049383,0.0718461458449852
VIII,3850.14245014245,0.0718461458449852
VIII,3850.902184235518,0.0718461458449852
VIII,3852.4216524216527,0.0718461458449852
VIII,3853.1813865147196,0.0718461458449852
VIII,3853.9411206077875,0.0718461458449852
VIII,3855.4605887939224,0.0718461458449852
VIII,3856.2203228869894,0.06825383855273594
VIII,3856.980056980057,0.06825383855273594
VIII,3858.4995251661917,0.06825383855273594
VIII,3859.259259259259,0.06825383855273594
VIII,3860.0189933523266,0.06825383855273594
VIII,3861.5384615384614,0.06825383855273594
VIII,3862.298195631529,0.06825383855273594
VIII,3863.0579297245963,0.06825383855273594
VIII,3864.577397910731,0.06825383855273594
VIII,3865.3371320037986,0.06825383855273594
VIII,3866.096866096866,0.06825383855273594
VIII,3867.616334283001,0.06825383855273594
VIII,3868.3760683760684,0.06825383855273594
VIII,3869.135802469136,0.06825383855273594
VIII,3869.8955365622032,0.06825383855273594
VIII,3871.415004748338,0.06825383855273594
VIII,3872.1747388414055,0.06825383855273594
VIII,3872.934472934473,0.06825383855273594
VIII,3874.453941120608,0.06825383855273594
VIII,3875.2136752136753,0.06825383855273594
VIII,3875.9734093067427,0.06466153126048667
VIII,3877.4928774928776,0.06466153126048667
VIII,3878.252611585945,0.06466153126048667
VIII,3879.0123456790125,0.06466153126048667
VIII,3880.5318138651473,0.06466153126048667
VIII,3881.291547958215,0.06466153126048667
VIII,3882.051282051282,0.06466153126048667
VIII,3883.570750237417,0.06466153126048667
VIII,3884.330484330484,0.06466153126048667
VIII,3885.090218423552,0.06466153126048667
VIII,3886.609686609687,0.06466153126048667
VIII,3887.369420702754,0.06466153126048667
VIII,3888.1291547958217,0.06466153126048667
VIII,3889.6486229819566,0.06466153126048667
VIII,3890.4083570750236,0.06466153126048667
VIII,3891.1680911680915,0.06466153126048667
VIII,3891.9278252611584,0.06466153126048667
VIII,3893.4472934472933,0.06466153126048667
VIII,3894.2070275403607,0.06466153126048667
VIII,3894.966761633428,0.06466153126048667
VIII,3896.486229819563,0.06466153126048667
VIII,3897.2459639126305,0.06466153126048667
VIII,3898.005698005698,0.06466153126048667
VIII,3899.525166191833,0.06466153126048667
VIII,3900.2849002849002,0.06466153126048667
