wavenumber_cm-1,imag_exp_smooth,imag_fit,imag_baseline,residual,component_I / L1 Region A free-OH motif,component_II / L1 Region B upward motif,component_III / L1 Region B upward H-bond motif,component_IV / L1 Region B parallel motif,component_V / L1 Region B liquid-oriented motif,component_VI / L1 Region B connector motif,component_VII / L2 negative bonded motif,component_VIII / L2 positive bonded motif
3300.47,-0.05144247647058823,-0.02896113041441587,-0.0385770713409004,-0.022481346056172358,0.0002409495452876865,-0.0,0.0,0.0,0.0,0.0017583710511297971,0.029209895321913735,-0.02382177491612449
3301.33,-0.050269658823529406,-0.028735871972521178,-0.038541893796113474,-0.02153378685100823,0.00024238125695787304,-0.0,0.0,0.0,0.0,0.001749114502793432,0.029501602823250362,-0.023913605188418573
3302.2,-0.04854521176470588,-0.028547012790542354,-0.03850630721010811,-0.019998198974163526,0.00024326558812573637,-0.0,0.0,0.0,0.0,0.0017438613180399516,0.029681782981520553,-0.023934149477497516
3303.07,-0.04640051176470588,-0.028348334818101933,-0.038470720624102714,-0.018052176946603948,0.00024426671941926026,-0.0,0.0,0.0,0.0,0.0017394955708124017,0.029885760859346817,-0.02396967693332254
3303.94,-0.04397898823529412,-0.028053845607209072,-0.03843513403809735,-0.01592514262808505,0.0002457150788995649,-0.0,0.0,0.0,0.0,0.0017331795447061969,0.03018086030837332,-0.023999011671203472
3304.81,-0.04141618235294118,-0.0279189081948015,-0.038399547452091974,-0.013497274158139679,0.00024644938384541534,-0.0,0.0,0.0,0.0,0.0017299773775156793,0.030330473017016846,-0.024044811271567944
3305.68,-0.03882378235294118,-0.027787326024110503,-0.03836396086608661,-0.011036456328830675,0.0002467465858101838,-0.0,0.0,0.0,0.0,0.001724957393858756,0.030507021275843257,-0.024118646744384388
3306.54,-0.036278141176470595,-0.027522959691212077,-0.03832878332129968,-0.008755181485258518,0.0002478894194206608,-0.0,0.0,0.0,0.0,0.0017192877490451192,0.03076123706683607,-0.024137175440793947
3307.41,-0.033814464705882355,-0.027390700666717595,-0.038293196735294306,-0.00642376403916476,0.00024861359916081283,-0.0,0.0,0.0,0.0,0.0017161297359920182,0.030908786791349268,-0.0241836244738729
3308.28,-0.031428045882352935,-0.027189525477901193,-0.03825761014928892,-0.004238520404451742,0.00024990645899330304,-0.0,0.0,0.0,0.0,0.001710491814906326,0.031163639162755195,-0.024266548761582428
3309.15,-0.029082802352941174,-0.02703930239099219,-0.038222023563283546,-0.002043499961948983,0.000250791611807072,-0.0,0.0,0.0,0.0,0.0017054038085208465,0.03134124681501353,-0.024323322639733247
3310.02,-0.02672531470588235,-0.026861318513158854,-0.03818643697727818,0.00013600380727650518,0.000250791611807072,-0.0,0.0,0.0,0.0,0.0017022457954677442,0.03148879653952679,-0.024323322639733247
3310.89,-0.024300621235294115,-0.026659735503301776,-0.038150850391272806,0.00235911426800766,0.00025222902443577206,-0.0,0.0,0.0,0.0,0.00169595363795268,0.03175383806080809,-0.024415518572644287
3311.76,-0.021765949470588235,-0.02652778676446146,-0.03811526380526742,0.004761837293873226,0.0002528141248055161,-0.0,0.0,0.0,0.0,0.0016915198679965742,0.03192125656319098,-0.024480731832973716
3312.63,-0.01909985770588235,-0.02637641257369316,-0.038079677219262045,0.00727655486781081,0.0002531032303979377,-0.0,0.0,0.0,0.0,0.0016877314871052336,0.03209825854116554,-0.024536452511254244
3313.49,-0.016306204764705883,-0.026193946692014997,-0.03804449967447514,0.009887741927309113,0.00025382538130473817,-0.0,0.0,0.0,0.0,0.0016845823214167457,0.03234177566040108,-0.02462828278354824
3314.36,-0.013413837705882349,-0.02606061115566246,-0.03800891308846975,0.01264677344978011,0.00025439871317697226,-0.0,0.0,0.0,0.0,0.001682082127837878,0.03249957033752342,-0.02468440722898462
3315.23,-0.01047338476470588,-0.025928805908561753,-0.03797332650246438,0.015455421143855872,0.00025483663780396024,-0.0,0.0,0.0,0.0,0.0016776758095177727,0.032666561305117615,-0.024749216722158178
3316.1,-0.007552390647058821,-0.025728116573375724,-0.03793773991645901,0.018175725926316902,0.0002558462510113707,-0.0,0.0,0.0,0.0,0.0016713597834115699,0.03293186295298717,-0.0248421147883161
3316.97,-0.004729767117647058,-0.025610384950523604,-0.03790215333045364,0.020880617832876546,0.00025606562414781783,-0.0,0.0,0.0,0.0,0.0016669427159568847,0.03309913293424868,-0.02492104761878044
3317.84,-0.0020899082941176475,-0.025524151154480354,-0.03786656674444825,0.023434242860362706,0.0002567898038879705,-0.0,0.0,0.0,0.0,0.0016669427159568847,0.03319749941725757,-0.024967496651859433
3318.71,0.00028320347058823477,-0.025328657238620576,-0.03783098015844288,0.02561186070920881,0.00025685915080240443,-0.0,0.0,0.0,0.0,0.0016612315078228855,0.03345349316918824,-0.025055946793083955
3319.58,0.0023117093529411766,-0.025221939669127665,-0.03779539357243751,0.02753364902206884,0.0002572269068690527,-0.0,0.0,0.0,0.0,0.0016565191974718177,0.033600273245231724,-0.0251252569117233
3320.45,0.0039290422941176475,-0.02513280872654817,-0.03775980698643214,0.029061851020665816,0.0002578704073016265,-0.0,0.0,0.0,0.0,0.0016537130118619886,0.03370959852658586,-0.025176880731693867
3321.32,0.005084019352941177,-0.02499799143994301,-0.03772422040042675,0.030082010792884188,0.0002578704073016265,-0.0,0.0,0.0,0.0,0.0016511032322342018,0.033906331492603546,-0.02526977879785181
3322.19,0.005743080764705882,-0.024934435855068403,-0.03768863381442138,0.030677516619774286,0.0002583881895902876,-0.0,0.0,0.0,0.0,0.00164704515831251,0.03403273326889593,-0.02536267686400975
3323.06,0.005890189588235294,-0.02486770877646311,-0.03765304722841601,0.030757898364698406,0.0002588816638008485,-0.0,0.0,0.0,0.0,0.0016428810813867592,0.034162436850001136,-0.025455574930167663
3323.93,0.00552465194117647,-0.024732679483849877,-0.03761746064241064,0.030257331425026346,0.0002588816638008485,-0.0,0.0,0.0,0.0,0.001640483307767093,0.034359169816018754,-0.025548472996325577
3324.8,0.004657881941176471,-0.024688874095707167,-0.03758187405640525,0.029346756036883637,0.0002588816638008485,-0.0,0.0,0.0,0.0,0.001637571119153203,0.034465193292560134,-0.02564137106248356
3325.68,0.0033104943529411765,-0.024597238094622394,-0.03754587842918143,0.02790773244756357,0.00025965977511417497,-0.0,0.0,0.0,0.0,0.0016360734064021275,0.03461753647187641,-0.025735336922505358
3326.55,0.0015108990588235298,-0.024478284451007935,-0.037510291843176044,0.025989183509831464,0.0002598929203000706,-0.0,0.0,0.0,0.0,0.0016312187940463886,0.03480041748244546,-0.0258282349886633
3327.42,-0.0007040338823529409,-0.024442381880836955,-0.03747470525717068,0.023738347998484014,0.0002598929203000706,-0.0,0.0,0.0,0.0,0.0016280607809932865,0.03489878396545429,-0.025921133054821237
3328.29,-0.0032881750588235285,-0.024404167630414347,-0.037439118671165304,0.021115992571590816,0.0002598929203000706,-0.0,0.0,0.0,0.0,0.0016269618335731364,0.03500169450797287,-0.026018322565870253
3329.16,-0.006186159764705882,-0.02436771011581043,-0.03740353208515993,0.01818155035110455,0.0002598929203000706,-0.0,0.0,0.0,0.0,0.001621744754887083,0.03514708209119091,-0.02615562772217151
3330.03,-0.009332736235294117,-0.024334541754064874,-0.037367945499154544,0.015001805518770757,0.0002598929203000706,-0.0,-0.0,0.0,0.0,0.001618586741833979,0.035196265332695355,-0.0262020767552505
3330.9,-0.01265434211764706,-0.024317085545877595,-0.03733235891314918,0.011662743428230536,0.0002598929203000706,-0.0,-0.0,0.0,0.0,0.0016168335579844538,0.03536093018480846,-0.026381124381699986
3331.77,-0.016072130352941177,-0.024323677853204446,-0.037296772327143804,0.00825154750026327,0.0002598929203000706,-0.0,-0.0,0.0,0.0,0.0016140238995773011,0.035431992390341865,-0.026489561402526278
3332.65,-0.01950598917647059,-0.024286612774520953,-0.03726077669991997,0.004780623598050364,0.0002598929203000706,-0.0,-0.0,0.0,0.0,0.0016129487105007545,0.0355068586252892,-0.026560265652941624
3333.52,-0.02287868329411765,-0.02429184979497631,-0.037225190113914605,0.0014131665008586605,0.0002598929203000706,-0.0,-0.0,-0.0,0.0,0.0016096139982123357,0.03565716028306493,-0.026746061785257496
3334.39,-0.026119489176470587,-0.02428192982907473,-0.03718960352790923,-0.0018375593473958576,0.0002598929203000706,-0.0,-0.0,-0.0,0.0,0.0016052040968473702,0.03575180815776722,-0.026859971959066413
3335.26,-0.029166863294117645,-0.024292052487355064,-0.037154016941903845,-0.004874810806762581,0.0002598929203000706,-0.0,-0.0,-0.0,0.0,0.0016052040968473702,0.035800991399271655,-0.026952870025224396
3336.13,-0.031970258,-0.024336155638020288,-0.03711843035589847,-0.007634102361979714,0.0002598929203000706,-0.0,-0.0,-0.0,0.0,0.001600914310170834,0.035883579444772544,-0.027108863601087163
3337.0,-0.03449093117647059,-0.024392552568582197,-0.0370828437698931,-0.010098378607888394,0.0002598929203000706,-0.0,-0.0,-0.0,0.0,0.0015999011904559999,0.03595413041141726,-0.027268390544952135
3337.88,-0.036701611764705884,-0.024455734457429695,-0.037046848142669266,-0.01224587730727619,0.0002598929203000706,-0.0,-0.0,-0.0,0.0,0.0015967068784022865,0.03595413041141726,-0.027362356404973982
3338.75,-0.03858465882352941,-0.02453164149372599,-0.0370112615566639,-0.014053017329803422,0.00025960376414482415,-0.0,-0.0,-0.0,0.0,0.0015951233379458943,0.0360228106987361,-0.027538663198350667
3339.62,-0.04012894117647059,-0.02461647186656865,-0.036975674970658526,-0.015512469309901938,0.0002588816638008485,-0.0,-0.0,-0.0,0.0,0.0015919743927524743,0.0360474729314087,-0.027677876924701722
3340.49,-0.04132641176470589,-0.02464217910070698,-0.03694008838465316,-0.016684232663998908,0.0002588816638008485,-0.0,-0.0,-0.0,0.0,0.001591311088463418,0.03609149098605496,-0.027780531075570436
3341.37,-0.042170147058823534,-0.024838738885625187,-0.03690409275742933,-0.017331408173198348,0.0002588816638008485,-0.0,-0.0,-0.0,0.0,0.0015875644913875093,0.03609149098605496,-0.028007322546640796
3342.24,-0.04265558823529412,-0.024916907039491724,-0.036868506171423954,-0.017738681195802394,0.0002588816638008485,-0.0,-0.0,-0.0,0.0,0.001585290415501131,0.036126907693218094,-0.028152225498157282
3343.11,-0.04278402941176471,-0.02497562329269637,-0.036832919585418566,-0.017808406119068337,0.0002584128579285151,-0.0,-0.0,-0.0,0.0,0.0015831545900225439,0.03616017127337381,-0.028275192866539924
3343.98,-0.04256719999999999,-0.025190425383832742,-0.03679733299941319,-0.01737677461616725,0.0002578704073016265,-0.0,-0.0,-0.0,0.0,0.0015792040901322754,0.03616017127337381,-0.028519094173532326
3344.86,-0.04203291764705882,-0.025310557581813595,-0.03676133737218937,-0.016722360065245225,0.0002578704073016265,-0.0,-0.0,-0.0,0.0,0.0015787446886575786,0.03611400009172012,-0.028626574071612846
3345.73,-0.041227017647058814,-0.02549313762674056,-0.036725750786183994,-0.015733880020318253,0.0002578704073016265,-0.0,-0.0,-0.0,0.0,0.0015787446886575786,0.03609149098605496,-0.028820237177247843
3346.6,-0.04021069411764705,-0.025665641415297397,-0.03669016420017862,-0.014545052702349653,0.00025685915080240443,-0.0,-0.0,-0.0,0.0,0.0015743347872926132,0.03608431389603013,-0.029013734884288857
3347.48,-0.03905372352941176,-0.02582236048822146,-0.03665416857295479,-0.013231363041190304,0.00025685915080240443,-0.0,-0.0,-0.0,0.0,0.0015743347872926132,0.03603456532991073,-0.029154683674321575
3348.35,-0.0378255,-0.025991729249019494,-0.03661858198694942,-0.011833770750980504,0.00025676820092100574,-0.0,-0.0,-0.0,0.0,0.0015699248859276478,0.036016633765395364,-0.029335212185731083
3349.22,-0.036586558823529416,-0.026338420810991928,-0.03658299540094405,-0.010248138012537489,0.0002558478943031823,-0.0,-0.0,-0.0,0.0,0.001567622145682399,0.035918267282386555,-0.02961390638420482
3350.1,-0.035382911764705885,-0.026560144790741157,-0.036546999773720217,-0.008822766973964728,0.0002558478943031823,-0.0,-0.0,-0.0,0.0,0.0015655149845626825,0.03585211013712307,-0.029801344340798907
3350.97,-0.0342442705882353,-0.026770331384360135,-0.03651141318771485,-0.007473939203875166,0.00025544024416763994,-0.0,-0.0,-0.0,0.0,0.0015637372981986992,0.035789083954457755,-0.02997991158162623
3351.84,-0.0331859294117647,-0.027066536898427244,-0.036475826601709456,-0.006119392513337457,0.00025483663780396024,-0.0,-0.0,-0.0,0.0,0.0015574212720924937,0.03569071747144891,-0.030204423146587802
3352.72,-0.03221383529411765,-0.027279070407827236,-0.036439830974485644,-0.004934764886290414,0.00025483663780396024,-0.0,-0.0,-0.0,0.0,0.001556695181832752,0.03559122033921013,-0.030350711716717334
3353.59,-0.03133136470588235,-0.027556764899174812,-0.03640424438848026,-0.003774599806707541,0.0002541122874142734,-0.0,-0.0,-0.0,0.0,0.001553536424608793,0.03549285385620124,-0.030559748783815573
3354.47,-0.030546382352941177,-0.02795847973182582,-0.03636824876125644,-0.0025879026211153566,0.0002537419589639055,-0.0,-0.0,-0.0,0.0,0.0015519214911670607,0.035330342131095614,-0.030830944912696896
3355.34,-0.029877070588235292,-0.02816374913206619,-0.03633266217525105,-0.0017133214561691028,0.00025301777922375314,-0.0,-0.0,-0.0,0.0,0.0015487634781139578,0.035281158889591185,-0.031016741045012796
3356.22,-0.029354529411764703,-0.02854879439069319,-0.03629666654802724,-0.0008057350210715145,0.00025276768285078957,-0.0,-0.0,-0.0,0.0,0.0015432629530176712,0.035123658679200864,-0.03127251375500826
3357.09,-0.029020888235294116,-0.02891749356379958,-0.03626107996202185,-0.00010339467149453677,0.0002518028683062941,-0.0,-0.0,-0.0,0.0,0.0015380012516421774,0.03495976605106825,-0.031504685950435256
3357.97,-0.028922476470588234,-0.02912715551489665,-0.036225084334798034,0.00020467904430841732,0.0002518028683062941,-0.0,-0.0,-0.0,0.0,0.0015348069395884666,0.03486026891882949,-0.0316456347404679
3358.84,-0.029099329411764706,-0.029559607737122982,-0.03618949774879265,0.0004602783253582765,0.000250791611807072,-0.0,-0.0,-0.0,0.0,0.001533062079427765,0.03466855905732554,-0.03191721315090355
3359.72,-0.029574017647058824,-0.029903661593712168,-0.036153502121568835,0.0003296439466533435,0.00025038316530703636,-0.0,-0.0,-0.0,0.0,0.0015284546144816512,0.03452504472894414,-0.03214671505089324
3360.59,-0.030343023529411768,-0.030191878621035298,-0.03611791553556345,-0.00015114490837647016,0.00024953761582591785,-0.0,-0.0,-0.0,0.0,0.0015237087888802083,0.034410192401467976,-0.03234808054203085
3361.47,-0.03137351176470589,-0.030696603372528265,-0.03608191990833963,-0.0006769083921776241,0.00024876909880862787,-0.0,-0.0,-0.0,0.0,0.0015139688051067123,0.034163895447603135,-0.03262997812209624
3362.34,-0.032606317647058826,-0.031014529314053477,-0.03604633332233424,-0.0015917883330053492,0.00024820230218152003,-0.0,-0.0,-0.0,0.0,0.0015101244735918028,0.034022773768731085,-0.03283596342298057
3363.22,-0.033964388235294116,-0.03138865210341588,-0.03601033769511043,-0.0025757361318782326,0.00024718175476321196,-0.0,-0.0,-0.0,0.0,0.001505674056258049,0.033845025751135654,-0.03306084551322354
3364.09,-0.03536467647058824,-0.03193956265549608,-0.035974751109105044,-0.003425113815092161,0.00024674561879615617,-0.0,-0.0,-0.0,0.0,0.0014949523457550567,0.03355018900420803,-0.03333935363827927
3364.97,-0.03673074705882353,-0.03214995711023835,-0.035938755481881225,-0.0045807899485851775,0.00024601311515094515,-0.0,-0.0,-0.0,0.0,0.001491758033701346,0.03345069187196927,-0.0334803024283119
3365.84,-0.03800364705882353,-0.03262478150611662,-0.03590316889587584,-0.0053788655527069115,0.00024484254151062334,-0.0,-0.0,-0.0,0.0,0.0014866533799382123,0.0332310566056415,-0.03376280849683214
3366.72,-0.03914905882352941,-0.033191505184724135,-0.035867173268652026,-0.005957553638805277,0.0002443887907194228,-0.0,-0.0,-0.0,0.0,0.0014743927516682699,0.03293256520892512,-0.03405230468289018
3367.59,-0.04015900000000001,-0.03358735142711059,-0.03583158668264664,-0.006571648572889416,0.0002433266237758176,-0.0,-0.0,-0.0,0.0,0.0014668130407640484,0.03271615147732437,-0.03425668748220127
3368.47,-0.04104791764705883,-0.03389157162293442,-0.03579559105542282,-0.007156346024124412,0.0002424866804479175,-0.0,-0.0,-0.0,0.0,0.0014622131553359084,0.03254501522513878,-0.03441830988031151
3369.34,-0.04184411764705883,-0.034445201533408104,-0.035760004469417433,-0.007398916113650726,0.00024169030331407343,-0.0,-0.0,-0.0,0.0,0.0014495811031234923,0.032249915776112116,-0.034697004078785475
3370.22,-0.04257848823529412,-0.034781092414373604,-0.03572400884219362,-0.007797395820920518,0.00024113743674524267,-0.0,-0.0,-0.0,0.0,0.0014416257513086338,0.0320640694941382,-0.03487251874262142
3371.1,-0.04327362352941177,-0.035155689655069766,-0.03568801321496979,-0.008117933874342002,0.00024013081938521088,-0.0,-0.0,-0.0,0.0,0.0014328464094237278,0.0318589738446359,-0.03506621265779839
3371.97,-0.04393611176470588,-0.0357768910443423,-0.035652426628964416,-0.008159220720363583,0.0002386824599049062,-0.0,-0.0,-0.0,0.0,0.001420214357211318,0.031496954899156694,-0.03534490685627221
3372.85,-0.0445540705882353,-0.03605038851568099,-0.035616431001740584,-0.008503682072554315,0.00023793699321544525,-0.0,-0.0,-0.0,0.0,0.0014105748916270582,0.031343307223633106,-0.035488350003041645
3373.73,-0.04510056470588236,-0.03649390913238812,-0.03558043537451675,-0.008606655573494243,0.00023676370182328216,-0.0,-0.0,-0.0,0.0,0.0013990697621465815,0.031104252176814173,-0.035714115435285264
3374.6,-0.04554170588235295,-0.03698604073159522,-0.035544848788511385,-0.00855566515075773,0.00023648030983008144,-0.0,-0.0,-0.0,0.0,0.001387108014941647,0.030830031535132613,-0.035953373419985855
3375.48,-0.045847235294117654,-0.03725533801267294,-0.03550885316128755,-0.008591897281444716,0.00023574780618486996,-0.0,-0.0,-0.0,0.0,0.00137752507878051,0.030631037270654995,-0.03604733928000767
3376.36,-0.04600078235294119,-0.037754080067823825,-0.03547285753406372,-0.008246702285117362,0.00023440784076057556,-0.0,-0.0,-0.0,0.0,0.0013644049607345306,0.03034953050899245,-0.0362840927732538
3377.23,-0.04600705882352942,-0.03811089139065933,-0.03543727094805835,-0.00789616743287009,0.0002332798663002839,-0.0,-0.0,-0.0,0.0,0.0013496483007301322,0.03011970866829996,-0.03642878978730531
3378.11,-0.045893911764705884,-0.03835584497780567,-0.035401275320834515,-0.007538066786900215,0.00023250573048906958,-0.0,-0.0,-0.0,0.0,0.0013395207141885315,0.029956325562048813,-0.03653343682907575
3378.99,-0.04570821176470588,-0.03895146761794341,-0.0353652796936107,-0.006756744146762472,0.0002310407231986476,-0.0,-0.0,-0.0,0.0,0.0013203548418662691,0.029594808841170876,-0.03678089015195091
3379.87,-0.04550614705882353,-0.03925092595365234,-0.03532928406638687,-0.0062552211051711964,0.0002300710988654276,-0.0,-0.0,-0.0,0.0,0.0013098300610211045,0.02939725042394995,-0.03690527394848859
3380.74,-0.045340111764705884,-0.03951110547027662,-0.035293697480381504,-0.005829006294429263,0.00022913861292714235,-0.0,-0.0,-0.0,0.0,0.0012998804966852444,0.029207258857384538,-0.03699817201464651
3381.62,-0.045244564705882354,-0.040008947490112926,-0.03525770185315767,-0.005235617215769428,0.00022767360563671888,-0.0,-0.0,-0.0,0.0,0.0012769191325056727,0.028849656054379866,-0.03714796314323621
3382.5,-0.045228576470588235,-0.04042803153760366,-0.03522170622593384,-0.004800544932984575,0.00022636502708601905,-0.0,-0.0,-0.0,0.0,0.001259185320527897,0.028573467722466547,-0.0373057947515132
3383.38,-0.045272994117647056,-0.04060059732255107,-0.03518571059871001,-0.004672396795095984,0.00022563252344080757,-0.0,-0.0,-0.0,0.0,0.00124960238436676,0.028424222024108336,-0.03735277768152411
3384.25,-0.04533500588235294,-0.041005769569800725,-0.035150124012704634,-0.0043292363125522135,0.0002243064880747902,-0.0,-0.0,-0.0,0.0,0.0012322546041297262,0.028154045792846274,-0.037502692048281834
3385.13,-0.04535922352941176,-0.04129377412757957,-0.0351141283854808,-0.004065449401832191,0.00022316458355622164,-0.0,-0.0,-0.0,0.0,0.0012173157049514183,0.0279213857392803,-0.0375759340320259
3386.01,-0.04529191764705882,-0.04147923206326342,-0.03507813275825697,-0.003812685583795397,0.00022238772999316612,-0.0,-0.0,-0.0,0.0,0.0012067657601065945,0.0277631038613699,-0.037625761574619526
3386.89,-0.04509488235294117,-0.041862365014277744,-0.03504213713103316,-0.003232517338663428,0.00022092272270274346,-0.0,-0.0,-0.0,0.0,0.0011835767898928323,0.027464612464653516,-0.037719727434641324
3387.77,-0.044755847058823524,-0.04206907712114482,-0.035006141503809325,-0.002686769937678704,0.00021995581612136523,-0.0,-0.0,-0.0,0.0,0.0011709272910081457,0.027267607782249115,-0.037749796736866
3388.64,-0.04429316470588234,-0.04226811091638282,-0.03497055491780395,-0.00202505378949952,0.0002190206124312382,-0.0,-0.0,-0.0,0.0,0.0011568520710121765,0.027077062480867175,-0.037776866973409144
3389.52,-0.04375377647058823,-0.042594492094368254,-0.034934559290580126,-0.0011592843762199753,0.00021667980644966356,-0.0,-0.0,-0.0,0.0,0.0011351167696595954,0.026778571084150642,-0.03781465893057196
3390.4,-0.04320444705882352,-0.042737862741088026,-0.034898563663356294,-0.0004665843177354967,0.00021574411609234553,-0.0,-0.0,-0.0,0.0,0.0011217488151569037,0.026615525799062824,-0.03781465893057196
3391.28,-0.042717682352941176,-0.04294904361719287,-0.03486256803613246,0.00023136126425169629,0.00021462559055996847,-0.0,-0.0,-0.0,0.0,0.0011056048277449707,0.02638762915267423,-0.03781465893057196
3392.16,-0.04235515294117647,-0.04314214092864799,-0.03482657240890864,0.0007869879874715172,0.0002132678523027008,-0.0,-0.0,-0.0,0.0,0.0010878422962845656,0.02617967382770874,-0.03781465893057196
3393.04,-0.04215261176470589,-0.043267723783584545,-0.03479057678168481,0.001115112018878657,0.00021253534865748905,-0.0,-0.0,-0.0,0.0,0.0010782593601234248,0.026030428129350476,-0.03781465893057196
3393.92,-0.04211068235294119,-0.04351239946251575,-0.03475458115446098,0.0014017171095745615,0.00021124182518792188,-0.0,-0.0,-0.0,0.0,0.0010569270135080792,0.025774400037276123,-0.03781465893057196
3394.79,-0.04219475882352942,-0.04365590308927109,-0.03471899456845561,0.0014611442657416762,0.00021006740877290336,-0.0,-0.0,-0.0,0.0,0.0010415627793431209,0.025596272131841333,-0.037797088167685726
3395.67,-0.04234441176470589,-0.043734503014196735,-0.03468299894123178,0.0013900912494908477,0.0002093349051276916,-0.0,-0.0,-0.0,0.0,0.0010319798431819801,0.025447026433483063,-0.0377501052376748
3396.55,-0.04249081764705883,-0.04389715931374892,-0.03464700331400795,0.0014063416666900905,0.0002074305764122411,-0.0,-0.0,-0.0,0.0,0.001010940121084082,0.02517967854230318,-0.03765644787846181
3397.43,-0.04257344117647059,-0.04411045126730495,-0.034611007686784136,0.0015370100908343592,0.00020539844383634845,-0.0,-0.0,-0.0,0.0,0.000989301120952571,0.024919703909218792,-0.037620072349454095
3398.31,-0.042555652941176476,-0.04415913668972851,-0.0345750120595603,0.0016034837485520356,0.00020460925294400205,-0.0,-0.0,-0.0,0.0,0.0009789765771912589,0.024804806939555835,-0.037576725350789104
3399.19,-0.04243367647058824,-0.04422504401005197,-0.03453901643233647,0.0017913675394637327,0.00020347968575472423,-0.0,-0.0,-0.0,0.0,0.0009641990804029119,0.024597442265061237,-0.03745333921586841
3400.07,-0.04223686470588235,-0.04431491607594636,-0.03450302080511264,0.0020780513700640116,0.0002021329891543569,-0.0,-0.0,-0.0,0.0,0.0009470969316719043,0.024391736648757132,-0.03735303510335538
3400.95,-0.04202014705882353,-0.04439032168881825,-0.03446702517788883,0.002370174629994719,0.00020140048550914557,-0.0,-0.0,-0.0,0.0,0.0009407083075644803,0.024242490950398942,-0.03730605217334447
3401.83,-0.04185072941176471,-0.044423610643469544,-0.034431029550664995,0.002572881231704835,0.00019908466388345557,-0.0,-0.0,-0.0,0.0,0.0009243410688959509,0.02404536951150621,-0.037157514912036886
3402.71,-0.04179172941176471,-0.044530977122594406,-0.03439503392344116,0.002739247710829694,0.0001979129652202784,-0.0,-0.0,-0.0,0.0,0.0009090123895607436,0.023826559267129826,-0.03706354905201504
3403.59,-0.041886094117647064,-0.044516877849723156,-0.03435903829621733,0.002630783732076092,0.00019716590580183077,-0.0,-0.0,-0.0,0.0,0.0008993659783818299,0.023723107867348533,-0.03696958319199319
3404.47,-0.04214452941176472,-0.04464000816606461,-0.03432304266899352,0.002495478754299889,0.00019570089851140884,-0.0,-0.0,-0.0,0.0,0.0008844830573889875,0.023457410449323417,-0.036844646445254314
3405.35,-0.042540829411764715,-0.044657355350505364,-0.034287047041769686,0.0021165259387406488,0.0001947041977854219,-0.0,-0.0,-0.0,0.0,0.0008734859761076322,0.023290221596651284,-0.03671678927824364
3406.23,-0.04301652941176471,-0.04467655757635877,-0.034251051414545854,0.0016600281645940615,0.0001934030330089316,-0.0,-0.0,-0.0,0.0,0.0008654441351022455,0.023128102207686883,-0.03659850739257884
3407.11,-0.04349440000000001,-0.04472871240792098,-0.03421505578732202,0.0012343124079209691,0.00019130587664013913,-0.0,-0.0,-0.0,0.0,0.0008490349472469779,0.02287254371707706,-0.03641057567253523
3407.99,-0.04389731176470588,-0.044721821267881365,-0.0341790601600982,0.0008245095031754815,0.00019048417385134338,-0.0,-0.0,-0.0,0.0,0.0008410903996904615,0.022748814462465013,-0.036305167310766294
3408.88,-0.04416698235294118,-0.044757341933372864,-0.03414265549165591,0.0005903595804316875,0.0001893704707483964,-0.0,-0.0,-0.0,0.0,0.0008313770958202165,0.02254689012522953,-0.036162301032132055
3409.76,-0.044277176470588236,-0.04477247836979724,-0.03410665986443208,0.0004953018992090025,0.00018698832965741678,-0.0,-0.0,-0.0,0.0,0.0008194207507444577,0.02233625626905861,-0.03598644340944684
3410.64,-0.04423775882352941,-0.04480090105265823,-0.03407066423720827,0.0005631422291288157,0.00018625582601220544,-0.0,-0.0,-0.0,0.0,0.0008130321266370337,0.02218701057070042,-0.03589247754942504
3411.52,-0.04408931176470589,-0.04479757138114208,-0.034034668609984435,0.0007082596164361896,0.00018489095839661744,-0.0,-0.0,-0.0,0.0,0.0008062750552705634,0.02199481737167448,-0.03572281102312895
3412.4,-0.04389018823529412,-0.04478867528480071,-0.0339986729827606,0.0008984870495065897,0.00018276830572333823,-0.0,-0.0,-0.0,0.0,0.0007958449770572173,0.02176943614080899,-0.03550995924826353
3413.28,-0.043699511764705885,-0.0447673494015423,-0.03396267735553677,0.001067837636836412,0.00018203580207812653,-0.0,-0.0,-0.0,0.0,0.0007894563529497903,0.021669939008570144,-0.03541599338824168
3414.16,-0.04356100588235295,-0.04482442037260569,-0.03392668172831296,0.0012634144902527455,0.00018058042700585877,-0.0,-0.0,-0.0,0.0,0.000781173014720909,0.02137406433080056,-0.0352014292514624
3415.04,-0.0434917,-0.0448149393392912,-0.033890686101089126,0.0013232393392911962,0.00017822718256934448,-0.0,-0.0,-0.0,0.0,0.000772269203369977,0.021135898264450656,-0.034976503379238605
3415.92,-0.04347569411764706,-0.04483690746399053,-0.033854690473865294,0.0013612133463434678,0.00017731014989443692,-0.0,-0.0,-0.0,0.0,0.0007688066590657391,0.02098247508761622,-0.03487464703335242
3416.81,-0.04346732352941177,-0.044847709376280236,-0.033818285805423016,0.001380385846868469,0.0001753676272850822,-0.0,-0.0,-0.0,0.0,0.000760335679533781,0.02074991934223674,-0.03467684409820425
3417.69,-0.043402552941176474,-0.04490994748820403,-0.033782290178199184,0.0015073945470275574,0.00017381430570051075,-0.0,-0.0,-0.0,0.0,0.0007535619332277735,0.020476246855098273,-0.03449106093832705
3418.57,-0.0432161705882353,-0.044935175859011314,-0.03374629455097535,0.0017190052707760153,0.00017308180205529903,-0.0,-0.0,-0.0,0.0,0.0007503676211740599,0.020327001156740004,-0.03439709507830521
3419.45,-0.04286002352941177,-0.04487439448963868,-0.03371029892375154,0.0020143709602269133,0.00017076247895398037,-0.0,-0.0,-0.0,0.0,0.000744663386196595,0.020129166301362727,-0.03416443357870456
3420.33,-0.042317364705882356,-0.04491609835937056,-0.03367430329652771,0.002598733653488207,0.00016929747166355758,-0.0,-0.0,-0.0,0.0,0.0007395690957016708,0.019891149185385926,-0.03399553931790235
3421.22,-0.041609200000000006,-0.04489868822093483,-0.03363789862808544,0.003289488220934826,0.00016776305425516948,-0.0,-0.0,-0.0,0.0,0.0007362234413454898,0.019734832422196452,-0.0338512967445955
3422.1,-0.040791058823529416,-0.04495159388869636,-0.033601903000861605,0.004160535065166941,0.00016533955277337094,-0.0,-0.0,-0.0,0.0,0.0007298348172380642,0.019436341025479992,-0.033630877173279394
3422.98,-0.03994145294117647,-0.04496532669690329,-0.03356590737363777,0.0050238737557268195,0.0001638745454829479,-0.0,-0.0,-0.0,0.0,0.0007255399591749569,0.019235675254509716,-0.03347216262839058
3423.86,-0.03914533529411765,-0.045005606866572366,-0.03352991174641394,0.005860271572454716,0.00016240953819252445,-0.0,-0.0,-0.0,0.0,0.0007232238238543098,0.019045399094003542,-0.03335236377817048
3424.75,-0.03847655882352942,-0.04503321653884035,-0.03349350707797166,0.006556657715310929,0.0001600547263084369,-0.0,-0.0,-0.0,0.0,0.0007194161496444989,0.018743515749597255,-0.03310629202002119
3425.63,-0.037983529411764715,-0.04505596986753562,-0.03345751145074783,0.007072440455770906,0.0001584516193023382,-0.0,-0.0,-0.0,0.0,0.0007159207240132082,0.018580201323633493,-0.03299461067334337
3426.51,-0.03768068823529413,-0.0450632909796999,-0.033421515823524,0.007382602744405775,0.00015698661201191477,-0.0,-0.0,-0.0,0.0,0.0007110488027946105,0.018352573818120752,-0.032801945634713954
3427.39,-0.03754793529411765,-0.04511356162282166,-0.033385520196300186,0.007565626328704007,0.0001545103482222701,-0.0,-0.0,-0.0,0.0,0.000709532099905783,0.0180756690649605,-0.03260529684122503
3428.28,-0.03753838235294117,-0.04509230068026825,-0.033349115527857895,0.007553918327327082,0.0001530286931217284,-0.0,-0.0,-0.0,0.0,0.0007063014888514594,0.017924727392757273,-0.032462746360396456
3429.16,-0.03759187647058823,-0.04514564359328236,-0.033313119900634076,0.007553767122694129,0.00015042764028007992,-0.0,-0.0,-0.0,0.0,0.0007011743170294831,0.01765974854223812,-0.03227736048145584
3430.05,-0.03765051176470588,-0.045171200655951704,-0.033276715232191785,0.007520688891245825,0.00014805951773231988,-0.0,-0.0,-0.0,0.0,0.0006985788144573649,0.017357865197831633,-0.03203043497468174
3430.93,-0.03767444705882352,-0.04517784178629157,-0.03324071960496797,0.007503394727468048,0.00014659451044189752,-0.0,-0.0,-0.0,0.0,0.0006967644156645179,0.017166233030902874,-0.03187614281523763
3431.81,-0.037651170588235285,-0.04519056366739288,-0.03320472397774414,0.0075393930791575955,0.00014463807041497089,-0.0,-0.0,-0.0,0.0,0.0006946213689724459,0.01696692326635532,-0.031719433728300446
3432.7,-0.03759678235294117,-0.04521574778226611,-0.033168319309301864,0.007618965429324935,0.00014167476021388932,-0.0,-0.0,-0.0,0.0,0.0006881601468638029,0.01666503992194905,-0.0314676743665406
3433.58,-0.03754921176470589,-0.045237474147884794,-0.03313232368207803,0.0076882623831789065,0.00014016032776206577,-0.0,-0.0,-0.0,0.0,0.0006879446129345872,0.016510759100026657,-0.031367368227083914
3434.46,-0.03755611764705883,-0.0451847628592512,-0.0330963280548542,0.007628645212192371,0.00013697916762963719,-0.0,-0.0,-0.0,0.0,0.0006842027013788793,0.01633237493126977,-0.031163327981233353
3435.35,-0.037660805882352946,-0.045169313119762425,-0.03305992338641193,0.0075085072374094786,0.00013417989587343477,-0.0,-0.0,-0.0,0.0,0.0006828430461024106,0.016073211154827495,-0.030918919938352548
3436.23,-0.03788987647058824,-0.0451952739942149,-0.033023927759188096,0.007305397523626661,0.00013271488858301186,-0.0,-0.0,-0.0,0.0,0.0006796487340486981,0.015923965456469284,-0.030824954078330736
3437.12,-0.03824530588235294,-0.045176065819575145,-0.03298752309074582,0.006930759937222204,0.00012999186556685046,-0.0,-0.0,-0.0,0.0,0.0006747149088396914,0.015662189253598108,-0.03057067725267755
3438.0,-0.03870269999999999,-0.04512776699697296,-0.032951527463521986,0.00642506699697297,0.00012740378208980362,-0.0,-0.0,-0.0,0.0,0.0006732238109406622,0.015486417511270143,-0.030376505789599387
3438.88,-0.0392159294117647,-0.045150911385376274,-0.032915531836298154,0.005934981973611572,0.00012514309290438027,-0.0,-0.0,-0.0,0.0,0.0006703050074747261,0.015324299410061186,-0.030266330867370447
3439.77,-0.03972733529411765,-0.04509836592011252,-0.03287912716785588,0.005371030625994873,0.0001221797827032973,-0.0,-0.0,-0.0,0.0,0.0006677026695554924,0.015062945161705218,-0.02998122990571333
3440.65,-0.04018095294117647,-0.04505338369262158,-0.03284313154063205,0.0048724307514451115,0.00011977502106850031,-0.0,-0.0,-0.0,0.0,0.000663604575778914,0.01489962386771279,-0.02980040181204664
3441.54,-0.04053551764705883,-0.04500028034938667,-0.03280672687218977,0.004464762702327839,0.00011729771442059099,-0.0,-0.0,-0.0,0.0,0.0006614852047447954,0.014731375621608868,-0.029608817945108692
3442.42,-0.040773711764705886,-0.045018715949830215,-0.03277073124496594,0.004245004185124329,0.00011340430105434745,-0.0,-0.0,-0.0,0.0,0.0006572840019619259,0.014466951364409671,-0.029388712955431995
3443.31,-0.04090531764705883,-0.04495230696879726,-0.03273432657652367,0.004046989321738435,0.00011182693052615568,-0.0,-0.0,-0.0,0.0,0.0006539490416165561,0.014359822993746212,-0.02924462767294493
3444.19,-0.04096348235294117,-0.04485658401772963,-0.03269833094929984,0.0038931016647884564,0.00010860933987834314,-0.0,-0.0,-0.0,0.0,0.0006526654020148648,0.014200811817034824,-0.029019370598144474
3445.08,-0.040995452941176465,-0.04476817115900016,-0.03266192628085756,0.003772718217823698,0.00010483524213830283,-0.0,-0.0,-0.0,0.0,0.0006475241185085202,0.01401094687974906,-0.02876654182096577
3445.96,-0.041050682352941174,-0.04474714910344174,-0.03262593065363373,0.003696466750500567,0.00010337023484787992,-0.0,-0.0,-0.0,0.0,0.0006443298064548078,0.013861701181390846,-0.02862559303093306
3446.85,-0.04116864117647059,-0.04458679655197451,-0.03258952598519145,0.0034181553755039257,9.936941340071441e-05,-0.0,-0.0,-0.0,0.0,0.000639435697919969,0.013667986714000864,-0.02829699548217676
3447.73,-0.04136955882352941,-0.04442968945620156,-0.03255353035796762,0.003060130632672145,9.497439152944408e-05,-0.0,-0.0,-0.0,0.0,0.0006363740687735737,0.013516674597497886,-0.02801509790211123
3448.62,-0.0416498,-0.04433024714770198,-0.03251712568952535,0.002680447147701978,9.228814032773646e-05,-0.0,-0.0,-0.0,0.0,0.0006324693216099666,0.01341604681602911,-0.02784280121386047
3449.5,-0.04198275294117647,-0.044242390316978075,-0.032481130062301515,0.002259637375801607,8.916817385421771e-05,-0.0,-0.0,-0.0,0.0,0.0006306158951900384,0.013274783484064518,-0.027642685941506588
3450.39,-0.042325082352941176,-0.044067803889964924,-0.03244472539385924,0.0017427215370237475,8.483437724362336e-05,-0.0,-0.0,-0.0,0.0,0.0006260443985019308,0.013081078030962225,-0.02729985316817536
3451.28,-0.042627023529411764,-0.04394665599349296,-0.032408320725416946,0.0013196324640811982,8.261189459281083e-05,-0.0,-0.0,-0.0,0.0,0.0006228137874476072,0.013030764140227816,-0.02715730268734678
3452.16,-0.042844099999999996,-0.04383619686585195,-0.032372325098193135,0.0009920968658519505,7.89169908773669e-05,-0.0,-0.0,-0.0,0.0,0.0006174428583276835,0.012879318955668252,-0.02692031082553888
3453.05,-0.042947041176470586,-0.0436021994584095,-0.032335920429750836,0.0006551582819389126,7.515813150869775e-05,-0.0,-0.0,-0.0,0.0,0.0006163888643395713,0.012777808632507336,-0.026614354641661668
3453.94,-0.04292741176470588,-0.04353136545267198,-0.032299515761308566,0.0006039536879660981,7.293564885788633e-05,-0.0,-0.0,-0.0,0.0,0.0006131582532852494,0.01267718085103857,-0.02647180416083316
3454.82,-0.04279771176470588,-0.043267385659440674,-0.03226352013408473,0.000469673894734797,6.829551105191091e-05,-0.0,-0.0,-0.0,0.0,0.0006085663883652118,0.012577683718799726,-0.026133073515865073
3455.71,-0.0425868294117647,-0.043079580143915414,-0.032227115465642456,0.0004927507321507152,6.447062927455119e-05,-0.0,-0.0,-0.0,0.0,0.0006067333301772135,0.012505604186510408,-0.025901894928168037
3456.59,-0.04233275882352941,-0.04290530546465216,-0.03219111983841862,0.0005725466411227523,6.184833372606539e-05,-0.0,-0.0,-0.0,0.0,0.0006029215492467553,0.012446239092410976,-0.025695799361554476
3457.48,-0.042074729411764704,-0.04264650609488758,-0.03215471516997635,0.0005717766831228738,5.664978008122058e-05,-0.0,-0.0,-0.0,0.0,0.0005997465856352812,0.012345611310942169,-0.025362363093147683
3458.37,-0.041846570588235286,-0.042492873198585475,-0.032118310501534075,0.0006463026103501884,5.378312704040395e-05,-0.0,-0.0,-0.0,0.0,0.0005970777960148546,0.012286547551603348,-0.025178495394928436
3459.25,-0.041672064705882354,-0.042289061219297784,-0.03208231487431024,0.0006169965134154298,4.991941301347316e-05,-0.0,-0.0,-0.0,0.0,0.0005953366842703159,0.0122141666845534,-0.024930676006047387
3460.14,-0.041562588235294115,-0.04200014186441828,-0.03204591020586797,0.00043755362912416274,4.525529578776168e-05,-0.0,-0.0,-0.0,0.0,0.0005909267829053507,0.012117804807430698,-0.024570685155537415
3461.03,-0.04151670588235294,-0.041876504184442255,-0.032009505537425674,0.00035979830208931335,4.2291985586678296e-05,-0.0,-0.0,-0.0,0.0,0.0005909267829053507,0.012067490916696288,-0.024428134674708835
3461.92,-0.041522247058823535,-0.04161986381330582,-0.0319731008689834,9.761675448228396e-05,3.820709080230865e-05,-0.0,-0.0,-0.0,-0.0,0.0005865168815403853,0.011984710137139084,-0.02411458312794877
3462.8,-0.04156010588235294,-0.04125266475660722,-0.03193710524175957,-0.00030744112574571797,3.2347061640614874e-05,-0.0,-0.0,-0.0,-0.0,0.0005842975986784651,0.011950146782545851,-0.02373871968786139
3463.69,-0.04160930588235294,-0.04103498502693169,-0.031900700573317294,-0.0005743208554212509,2.8868724824832596e-05,-0.0,-0.0,-0.0,-0.0,0.00058210698017542,0.011916029849820237,-0.023515618470224334
3464.58,-0.04165191764705881,-0.040820860258996845,-0.031864295904875016,-0.0008310573880619676,2.5550103332396267e-05,-0.0,-0.0,-0.0,-0.0,0.00058210698017542,0.011886251794245989,-0.02330276142530572
3465.46,-0.04167642352941176,-0.040459671542314474,-0.031828300277651184,-0.0012167519870972879,1.9690074170702498e-05,-0.0,-0.0,-0.0,-0.0,0.0005782162344486448,0.011847349562501388,-0.022926897985218336
3466.35,-0.04167847058823528,-0.04026995979445626,-0.03179189560920891,-0.0014085107937790234,1.6488663626878892e-05,-0.0,-0.0,-0.0,-0.0,0.0005776970788104548,0.011801078365179305,-0.02272155887393894
3467.24,-0.0416591588235294,-0.04001983696225692,-0.031755490940766636,-0.001639321861272476,1.1881859363261826e-05,-0.0,-0.0,-0.0,-0.0,0.0005776970788104548,0.01177866927518254,-0.02247878454756214
3468.13,-0.0416220294117647,-0.03972818327395829,-0.031719086272324344,-0.0018938461378064098,6.517017227823847e-06,-0.0,-0.0,-0.0,-0.0,0.0005770846261965113,0.011709988987863691,-0.022146837677278205
3469.02,-0.04157018235294117,-0.039509945487359435,-0.03168268160388207,-0.0020602368655817313,3.5537070267419655e-06,-0.0,-0.0,-0.0,-0.0,0.0005738540151421895,0.011709988987863691,-0.021956770369506867
3469.9,-0.04150452352941176,-0.03916494966819367,-0.031646685976658234,-0.0023395738612180875,-1.7863846058756418e-06,-0.0,-0.0,-0.0,-0.0,0.0005732871774454894,0.011696828127806218,-0.021626685044182376
3470.79,-0.0414231294117647,-0.03894820267090987,-0.031610281308215964,-0.002474926740854831,-6.384643752075971e-06,-0.0,-0.0,-0.0,-0.0,0.0005732871774454894,0.011641308700544842,-0.021384184760573913
3471.68,-0.04132146470588235,-0.03871116102967192,-0.031573876639773686,-0.0026103036762104292,-9.594599413318971e-06,-0.0,-0.0,-0.0,-0.0,0.0005732871774454894,0.011641308700544842,-0.021178297563757637
3472.57,-0.04119322941176471,-0.03834067003915051,-0.031537471971331395,-0.002852559372614201,-1.5521219815485322e-05,-0.0,-0.0,-0.0,-0.0,0.0005732871774454894,0.011641308700544842,-0.020836244352916988
3473.46,-0.04103138823529412,-0.0380937879827955,-0.03150106730288912,-0.0029376002524986178,-1.9851660318572722e-05,-0.0,-0.0,-0.0,-0.0,0.0005732871774454894,0.011641308700544842,-0.020619396256141814
3474.35,-0.040829682352941175,-0.03784225879920291,-0.03146466263444685,-0.0029874235537382665,-2.4340691122149518e-05,-0.0,-0.0,-0.0,-0.0,0.0005732871774454894,0.011605770944375308,-0.020362204685659028
3475.23,-0.04058444705882353,-0.03753408543387015,-0.031428667007223014,-0.003050361624953382,-3.0200720283841823e-05,-0.0,-0.0,-0.0,-0.0,0.0005732871774454894,0.011572628413225995,-0.020049007043243323
3476.12,-0.04029653529411765,-0.03731121283324262,-0.03139226233878074,-0.002985322460875031,-3.3956223545003104e-05,-0.0,-0.0,-0.0,-0.0,0.0005732871774454894,0.011572628413225995,-0.01985674333943754
3477.01,-0.03997297058823529,-0.03703369856910864,-0.031355857670338445,-0.0029392720191266514,-3.90201915905079e-05,-0.0,-0.0,-0.0,-0.0,0.0005732871774454894,0.011572628413225995,-0.01960852950734099
3477.9,-0.03962755882352941,-0.03667903329009991,-0.03131945300189617,-0.0029485255334295024,-4.522667722883324e-05,-0.0,-0.0,-0.0,-0.0,0.0005732871774454894,0.011572628413225995,-0.019282022142776852
3478.79,-0.03927973529411764,-0.03645756489244667,-0.03128304833345389,-0.002822170401670973,-4.818998742991623e-05,-0.0,-0.0,-0.0,-0.0,0.0005732871774454894,0.011572628413225995,-0.019091954835005445
3479.68,-0.038951970588235296,-0.036220487648091444,-0.03124664366501162,-0.002731482940143852,-5.507277613350828e-05,-0.0,-0.0,-0.0,-0.0,0.0005776970788104548,0.011503948125907146,-0.01881808881607566
3480.57,-0.03866623529411764,-0.03585932258422186,-0.031210238996569325,-0.0028069127098957827,-6.248105163621685e-05,-0.0,-0.0,-0.0,-0.0,0.0005776970788104548,0.011503948125907146,-0.018483879876786295
3481.46,-0.038440423529411766,-0.03564672233801601,-0.03117383432812705,-0.002793701191395756,-6.618122652616285e-05,-0.0,-0.0,-0.0,-0.0,0.0005776970788104548,0.011503948125907146,-0.018301943855773415
3482.35,-0.03828559411764706,-0.03540797323779614,-0.031137429659684773,-0.0028776208798509187,-7.123006364629564e-05,-0.0,-0.0,-0.0,-0.0,0.0005776970788104548,0.011503948125907146,-0.01809251031851633
3483.24,-0.0382044,-0.03510978550559154,-0.0311010249912425,-0.003094614494408461,-7.825254479455103e-05,-0.0,-0.0,-0.0,-0.0,0.00058210698017542,0.011435267838588297,-0.01775739411929251
3484.13,-0.03819084705882353,-0.03493657476243133,-0.031064620322800208,-0.003254272296392198,-8.195668254590666e-05,-0.0,-0.0,-0.0,-0.0,0.00058210698017542,0.011435267838588297,-0.01761484363846388
3485.02,-0.03823108235294118,-0.034660374778883146,-0.03102821565435793,-0.0035707075740580366,-8.839860765830774e-05,-0.0,-0.0,-0.0,-0.0,0.0005824726712461081,0.011435267838588297,-0.0173669318209569
3485.91,-0.03830506470588235,-0.03441531160813563,-0.030991810985915656,-0.003889753097746723,-9.469836906798111e-05,-0.0,-0.0,-0.0,-0.0,0.0005865168815403853,0.011416446435100373,-0.017135156095688973
3486.8,-0.03838891176470589,-0.03429143823855389,-0.03095540631747336,-0.004097473526151994,-9.917013266683822e-05,-0.0,-0.0,-0.0,-0.0,0.0005865168815403853,0.011366587551269448,-0.01699131647876039
3487.69,-0.038457605882352947,-0.03397727140037987,-0.030919001649031087,-0.004480334481973075,-0.00010657840816954388,-0.0,-0.0,-0.0,-0.0,0.0005886266334771524,0.011366587551269448,-0.016706215517103346
3488.58,-0.038487935294117655,-0.03378521178970448,-0.030882596980588813,-0.004702723504413177,-0.00011207829096974281,-0.0,-0.0,-0.0,-0.0,0.0005909267829053507,0.011334185050216012,-0.016512918072085436
3489.47,-0.038461158823529414,-0.03361007892091699,-0.03084619231214654,-0.0048510799026124235,-0.00011734993317806705,-0.0,-0.0,-0.0,-0.0,0.0005909267829053507,0.011297907263950599,-0.016330600174907117
3490.36,-0.038365164705882346,-0.03329505175893142,-0.030809787643704244,-0.005070112946950929,-0.0001256419457354461,-0.0,-0.0,-0.0,-0.0,0.0005947805957081934,0.011297907263950599,-0.016045499213249947
3491.25,-0.03819569411764705,-0.03315544615994456,-0.03077338297526197,-0.0050402479577024845,-0.00012979240154273184,-0.0,-0.0,-0.0,-0.0,0.0005953366842703159,0.011251923665331651,-0.015890680048481896
3492.14,-0.03795639411764705,-0.032929532881037886,-0.030736978306819696,-0.005026861236609163,-0.00013634301144738962,-0.0,-0.0,-0.0,-0.0,0.0005953366842703159,0.011229226976631751,-0.015669883871053582
3493.03,-0.037657723529411755,-0.032773482366290824,-0.0307005736383774,-0.004884241163120931,-0.0001444156824700859,-0.0,-0.0,-0.0,-0.0,0.0005997465856352812,0.0111605466893129,-0.015475854699412872
3493.92,-0.03731517058823529,-0.03260101245068098,-0.030664168969935127,-0.004714158137554311,-0.00014886064777171038,-0.0,-0.0,-0.0,-0.0,0.0005997465856352812,0.0111605466893129,-0.015333304218584316
3494.82,-0.036946852941176465,-0.03239292451131421,-0.03062735526027439,-0.004553928429862256,-0.0001562525029970148,-0.0,-0.0,-0.0,-0.0,0.0006006998960628549,0.011091866401994053,-0.015084847964038755
3495.71,-0.036571170588235294,-0.03217732020160828,-0.030590950591832117,-0.004393850386627013,-0.00016593508172576288,-0.0,-0.0,-0.0,-0.0,0.0006041564870002467,0.011045071946732944,-0.014850587611363278
3496.6,-0.03620472941176471,-0.03207325237067347,-0.03055454592338984,-0.004131477041091243,-0.00017134679559993655,-0.0,-0.0,-0.0,-0.0,0.0006041564870002467,0.010983815139969681,-0.014714215659873945
3497.49,-0.035860947058823534,-0.03189741932324628,-0.030518141254947565,-0.003963527735577253,-0.00017764740393692415,-0.0,-0.0,-0.0,-0.0,0.0006068538582938922,0.010954505827356357,-0.014539834462873007
3498.38,-0.03554941764705882,-0.03173091448087486,-0.030481736586505274,-0.0038185031661839633,-0.0001863431100887942,-0.0,-0.0,-0.0,-0.0,0.0006087357837013934,0.010883187358500876,-0.014329561770984671
3499.27,-0.035275941176470586,-0.031653785499438224,-0.030445331918062996,-0.0036221556770323626,-0.00019152890294068948,-0.0,-0.0,-0.0,-0.0,0.0006119663947557165,0.010832873467766471,-0.014234528117098967
3500.16,-0.035043076470588234,-0.03148533714155873,-0.030408927249620722,-0.0035577393290295023,-0.00019926814373453301,-0.0,-0.0,-0.0,-0.0,0.0006129762897301771,0.010748464965399811,-0.014009306311116352
3501.06,-0.034851276470588236,-0.03131455177803841,-0.030372113539959986,-0.003536724692549828,-0.0002080262949752255,-0.0,-0.0,-0.0,-0.0,0.0006140540145000069,0.010731680361682686,-0.013848806434345832
3501.95,-0.03470008823529412,-0.031237422796601768,-0.03033570887151771,-0.0034626654386923535,-0.00021321208782712074,-0.0,-0.0,-0.0,-0.0,0.0006172846255543301,0.010681366470948283,-0.013753772780460126
3502.84,-0.034587617647058824,-0.031125131778800712,-0.030299304203075417,-0.0034624858682581125,-0.00022342064002218165,-0.0,-0.0,-0.0,-0.0,0.0006173861910951425,0.010582320482346747,-0.013566693187486217
3503.73,-0.03451147647058823,-0.031033609430494904,-0.030262899534633143,-0.0034778670400933236,-0.00023066246902546711,-0.0,-0.0,-0.0,-0.0,0.0006193359462980118,0.010512058402160613,-0.01343398108527678
3504.62,-0.03446858235294117,-0.03094782250067083,-0.03022649486619087,-0.003520759852270336,-0.00023708501593520283,-0.0,-0.0,-0.0,-0.0,0.0006217960924601077,0.010449745206728036,-0.013316282959355406
3505.52,-0.03445446470588235,-0.03082945079077794,-0.030189681156530132,-0.0036250139151044088,-0.00024757313630982054,-0.0,-0.0,-0.0,-0.0,0.0006254609409894606,0.01034798677602926,-0.013124080063856262
3506.41,-0.03446248235294117,-0.030750248648454038,-0.030153276488087858,-0.003712233704487134,-0.000253356910411119,-0.0,-0.0,-0.0,-0.0,0.000626205993825073,0.010291871118023592,-0.013018087942343921
3507.3,-0.034483241176470586,-0.030655806361177325,-0.030116871819645563,-0.003827434815293261,-0.0002612375122228514,-0.0,-0.0,-0.0,-0.0,0.000626205993825073,0.010215411500410453,-0.012873669835725271
3508.19,-0.034504547058823526,-0.030545087958225102,-0.03008046715120329,-0.003959459100598424,-0.0002718185481086883,-0.0,-0.0,-0.0,-0.0,0.0006306158951900384,0.010122563049235913,-0.012698296247160559
3509.09,-0.034512158823529406,-0.03047035926907444,-0.030043653441542553,-0.004041799554454967,-0.0002770626082959974,-0.0,-0.0,-0.0,-0.0,0.0006306158951900384,0.010071683833886525,-0.012602194799410982
3509.98,-0.03449123529411764,-0.030495120590374885,-0.030007248773100275,-0.003996114703742757,-0.0002875877975416666,-0.0,-0.0,-0.0,-0.0,0.0006350257965550036,0.009912397506774076,-0.012495918905801193
3510.87,-0.034428270588235284,-0.030398667320237723,-0.029970844104658,-0.004029603267997561,-0.00029685833980980876,-0.0,-0.0,-0.0,-0.0,0.000636433630003885,0.009833695477780032,-0.01234726529793364
3511.77,-0.034313164705882346,-0.030326174788770376,-0.029934030394997264,-0.0039869899171119695,-0.0003032159450912358,-0.0,-0.0,-0.0,-0.0,0.000639435697919969,0.009778691581925354,-0.012251163850184061
3512.66,-0.034140947058823534,-0.03030802159483984,-0.02989762572655499,-0.0038329254639836927,-0.0003141793939426084,-0.0,-0.0,-0.0,-0.0,0.0006420167029413485,0.009637866945296019,-0.012118167975877111
3513.55,-0.03391281764705882,-0.03022561091384618,-0.029861221058112696,-0.003687206733212642,-0.00032585411637306227,-0.0,-0.0,-0.0,-0.0,0.0006439568114849819,0.009510487762664716,-0.01193300789844826
3514.45,-0.03363618823529411,-0.030197164341426046,-0.02982440734845198,-0.0034390238938680623,-0.00033259647947103026,-0.0,-0.0,-0.0,-0.0,0.0006472237215399145,0.009459608547315333,-0.011884957174573479
3515.34,-0.033323705882352936,-0.030180473497500325,-0.029788002680009685,-0.003143232384852611,-0.0003427935033420002,-0.0,-0.0,-0.0,-0.0,0.0006482555006498995,0.009306560107298557,-0.011740417045952932
3516.23,-0.03299101176470588,-0.03014140833701518,-0.02975159801156741,-0.0028496034276907015,-0.00035277637468819357,-0.0,-0.0,-0.0,-0.0,0.0006526654020148648,0.009221620191208809,-0.01164520339947973
3517.13,-0.032653870588235295,-0.030067428799319847,-0.029714784301906674,-0.0025864417889154487,-0.0003587695863308326,-0.0,-0.0,-0.0,-0.0,0.0006526654020148648,0.00917074097585942,-0.011549101951730154
3518.02,-0.03232675294117647,-0.03008710433228171,-0.0296783796334644,-0.0022396486088947613,-0.0003714076127413836,-0.0,-0.0,-0.0,-0.0,0.0006570753033798302,0.009003355525864917,-0.011427528309734846
3518.92,-0.03201998823529412,-0.03002485737150566,-0.029641565923803664,-0.001995130863788455,-0.00038024114051338865,-0.0,-0.0,-0.0,-0.0,0.0006590394734477853,0.008932187295137938,-0.011321994277465556
3519.81,-0.03173860588235294,-0.030023898800588908,-0.02960516125536139,-0.001714707081764029,-0.00038816848133644,-0.0,-0.0,-0.0,-0.0,0.0006614852047447954,0.008845201994241447,-0.011262933196209182
3520.7,-0.03148238235294117,-0.029995163768365363,-0.029568756586919112,-0.0014872185845758099,-0.00040085209013369553,-0.0,-0.0,-0.0,-0.0,0.0006651062850031021,0.008700341532228519,-0.01111463957351668
3521.6,-0.031246982352941176,-0.03000061266167088,-0.029531942877258376,-0.0012463696912702951,-0.0004084084515100078,-0.0,-0.0,-0.0,-0.0,0.0006687676056113647,0.008598583101529734,-0.01104918551229315
3522.49,-0.031025876470588236,-0.029953271032495742,-0.0294955382088161,-0.0010726054380924936,-0.00041857040374150637,-0.0,-0.0,-0.0,-0.0,0.0006703050074747261,0.008497955320060946,-0.010926955951364007
3523.39,-0.030812511764705886,-0.02998370549424358,-0.029458724499155365,-0.0008288062704623067,-0.00042990831455419075,-0.0,-0.0,-0.0,-0.0,0.0006752651267206212,0.008336085755641697,-0.010823893574063593
3524.28,-0.030602217647058824,-0.029955574994850312,-0.029422319830713074,-0.0006466426522085122,-0.0004365757625066284,-0.0,-0.0,-0.0,-0.0,0.0006784957377749446,0.008285771864907289,-0.010776376747120734
3525.18,-0.030393488235294117,-0.02988524985173398,-0.029385506121052354,-0.0005082383835601362,-0.00044876218704603785,-0.0,-0.0,-0.0,-0.0,0.0006799905840901323,0.008180327019786706,-0.01062466569759737
3526.07,-0.03018828235294118,-0.029917193966070278,-0.02934910145261006,-0.00027108838687090256,-0.0004590868820500334,-0.0,-0.0,-0.0,-0.0,0.000683534711569622,0.008047218184185792,-0.010551084808891177
3526.97,-0.0299914,-0.029883025064966207,-0.029312287742949344,-0.0001083749350337948,-0.0004664805006538486,-0.0,-0.0,-0.0,-0.0,0.000684165823578713,0.007991424465026988,-0.010489110198971351
3527.86,-0.02980904705882353,-0.02984732536502225,-0.02927588307450705,3.827830619871839e-05,-0.0004798153965587289,-0.0,-0.0,-0.0,-0.0,0.0006906270456873624,0.007849020181789243,-0.01033849694207635
3528.76,-0.029646958823529416,-0.02985628554528426,-0.029239069364846312,0.00020932672175484265,-0.0004928910189379084,-0.0,-0.0,-0.0,-0.0,0.000692552739365909,0.007720357965540466,-0.010242395494326737
3529.65,-0.02950858823529412,-0.029830952109682552,-0.02920266469640404,0.0003223638743884323,-0.0004995584668903426,-0.0,-0.0,-0.0,-0.0,0.000695783350420231,0.007619730184071699,-0.010147361840441068
3530.55,-0.029393805882352943,-0.029807927578556857,-0.029165850986743302,0.0004141216962039139,-0.0005110184363624824,-0.0,-0.0,-0.0,-0.0,0.0007011743170294831,0.007517971753372892,-0.010051260392691467
3531.44,-0.029298588235294118,-0.029771868300532817,-0.029129446318301028,0.0004732800652386994,-0.0005220695864337477,-0.0,-0.0,-0.0,-0.0,0.0007022808715294875,0.007434577572999587,-0.009956226738805774
3532.34,-0.02921574705882353,-0.029695371004237876,-0.02909263260864029,0.00047962394541434597,-0.0005288119495317165,-0.0,-0.0,-0.0,-0.0,0.0007055477815844205,0.007383698357650198,-0.009860125291056199
3533.23,-0.029137317647058823,-0.029713973606334966,-0.029056227940198017,0.0005766559592761435,-0.0005416179582874969,-0.0,-0.0,-0.0,-0.0,0.0007099941197594138,0.007214957759736515,-0.009735992024741734
3534.13,-0.029056029411764706,-0.029653984247768536,-0.02901941423053728,0.0005979548360038299,-0.0005503118125758995,-0.0,-0.0,-0.0,-0.0,0.0007120453026936771,0.007145144676928702,-0.009634297428951147
3535.03,-0.028966129411764706,-0.029602390610279992,-0.028982600520876544,0.0006362611985152866,-0.0005589285332748247,-0.0,-0.0,-0.0,-0.0,0.000714404021124379,0.007080121185657781,-0.009546172814861247
3535.92,-0.028865664705882352,-0.02954494126279703,-0.028946195852434266,0.0006792765569146771,-0.0005722634291796981,-0.0,-0.0,-0.0,-0.0,0.0007182717251165229,0.006979493404188975,-0.009412992894079658
3536.82,-0.028756958823529414,-0.0294729544914182,-0.02890938214277353,0.0007159956678887865,-0.0005795652952172735,-0.0,-0.0,-0.0,-0.0,0.0007218097338578667,0.0069243920681766645,-0.009316891446330078
3537.72,-0.028646082352941176,-0.02943014019382581,-0.028872568433112814,0.000784057840884634,-0.0005892818142422756,-0.0,-0.0,-0.0,-0.0,0.0007232238238543098,0.006844656830110292,-0.009220789998580529
3538.61,-0.02854144705882353,-0.02934314357759493,-0.02883616376467052,0.0008016965187713984,-0.00060091070779226,-0.0,-0.0,-0.0,-0.0,0.000727633725219275,0.006754518674774012,-0.009070800634911284
3539.51,-0.028451876470588236,-0.029317214763774385,-0.028799350055009783,0.0008653382931861492,-0.0006069039194349013,-0.0,-0.0,-0.0,-0.0,0.000727633725219275,0.006703639459424604,-0.009022749911036477
3540.4,-0.028384488235294113,-0.029230769196981456,-0.02876294538656751,0.0008462809616873422,-0.0006189071801408896,-0.0,-0.0,-0.0,-0.0,0.0007320436265842403,0.006610323123792713,-0.008869759049353552
3541.3,-0.028342847058823527,-0.02918549216989662,-0.028726131676906772,0.0008426451110730947,-0.0006279250599727028,-0.0,-0.0,-0.0,-0.0,0.0007320436265842403,0.006533766066021979,-0.008773657601603957
3542.2,-0.028325794117647057,-0.029105074425550076,-0.028689317967246053,0.0007792803079030193,-0.0006350079004932474,-0.0,-0.0,-0.0,-0.0,0.0007329939603283874,0.006475486549714029,-0.008663578351110835
3543.09,-0.028327176470588234,-0.02903460676599504,-0.02865291329880376,0.0007074302954068051,-0.0006476544720212258,-0.0,-0.0,-0.0,-0.0,0.0007364535279492056,0.006374858768245172,-0.008517660306262715
3543.99,-0.02833665294117647,-0.028969734580404315,-0.028616099589143042,0.0006330816392278449,-0.0006543517267589752,-0.0,-0.0,-0.0,-0.0,0.0007390163145655713,0.006313013457269952,-0.00842155885851315
3544.89,-0.028341388235294116,-0.028832211374598786,-0.028579285879482306,0.0004908231393046698,-0.0006625260100987821,-0.0,-0.0,-0.0,-0.0,0.000740863429314171,0.00628424628967465,-0.008283691833458904
3545.79,-0.028328329411764705,-0.028702562311364792,-0.02854247216982157,0.0003742328996000875,-0.0006743854827712916,-0.0,-0.0,-0.0,-0.0,0.000740863429314171,0.0062069440507865215,-0.008099631575602066
3546.68,-0.028286482352941174,-0.02864180213120726,-0.028506067501379295,0.00035531977826608677,-0.000682965020832811,-0.0,-0.0,-0.0,-0.0,0.000740863429314171,0.006146885715036952,-0.00800459792171636
3547.58,-0.028208688235294117,-0.028517119993045757,-0.02846925379171856,0.0003084317577516406,-0.0006891776498543714,-0.0,-0.0,-0.0,-0.0,0.0007411823754303932,0.0061419184132566,-0.007903805315806952
3548.48,-0.02809179411764706,-0.0283602767312732,-0.028432440082057822,0.0002684826136261399,-0.0006996657702289885,-0.0,-0.0,-0.0,-0.0,0.0007452733306791362,0.006078205427718104,-0.007711602420307816
3549.38,-0.02793718823529412,-0.028242877587905873,-0.028395626372397086,0.00030568935261175365,-0.0007064885787814714,-0.0,-0.0,-0.0,-0.0,0.0007452733306791362,0.006042643633447996,-0.007586569191055685
3550.27,-0.027751023529411768,-0.028187946924388686,-0.02835922170395481,0.000436923394976918,-0.0007134466808128414,-0.0,-0.0,-0.0,-0.0,0.0007452733306791362,0.005975134345027955,-0.0074915355371700035
3551.17,-0.027541841176470593,-0.02804149308652591,-0.028322407994294075,0.0004996519100553161,-0.0007229413807247465,-0.0,-0.0,-0.0,-0.0,0.0007409412089494952,0.0059408448530804065,-0.0073317159026559196
3552.07,-0.02731894117647059,-0.02796513708587654,-0.02828559428463334,0.0006461959094059486,-0.0007282300310033199,-0.0,-0.0,-0.0,-0.0,0.000740863429314171,0.005890571312014787,-0.007234470447964822
3552.97,-0.02709084705882353,-0.027798992068449976,-0.02824878057497262,0.0007081450096264458,-0.000735864733156551,-0.0,-0.0,-0.0,-0.0,0.000740863429314171,0.005872164565761557,-0.007077034499069569
3553.87,-0.026864270588235296,-0.0276221152919913,-0.028211966865311883,0.000757844703756002,-0.0007435584105247534,-0.0,-0.0,-0.0,-0.0,0.000740863429314171,0.005857493168634877,-0.006912543165053795
3554.77,-0.026643529411764708,-0.0275466374513853,-0.028175153155651146,0.0009031080396205912,-0.0007480533192567326,-0.0,-0.0,-0.0,-0.0,0.000740863429314171,0.005806613953285487,-0.006816441717304217
3555.66,-0.02643065882352941,-0.027368947026318462,-0.028138748487208872,0.0009382882027890518,-0.0007556555031931642,-0.0,-0.0,-0.0,-0.0,0.0007364535279492056,0.00577779613397831,-0.006632285787711721
3556.56,-0.026225999999999996,-0.027248333090613364,-0.028101934777548136,0.0010223330906133678,-0.0007616168349746686,-0.0,-0.0,-0.0,-0.0,0.0007345668618977395,0.00573480399112386,-0.006495582228256993
3557.46,-0.026029141176470583,-0.027102726400973387,-0.0280651210678874,0.0010735852245028037,-0.0007662152710907567,-0.0,-0.0,-0.0,-0.0,0.0007320436265842403,0.00573480399112386,-0.006377604384125215
3558.36,-0.0258399294117647,-0.026943118058602913,-0.028028307358226662,0.001103188646838213,-0.0007737067856440559,-0.0,-0.0,-0.0,-0.0,0.0007284323583564703,0.005678561703838455,-0.0061854014886260555
3559.26,-0.025659217647058818,-0.02681730220528335,-0.027991493648565926,0.0011580845582245328,-0.0007772528071214039,-0.0,-0.0,-0.0,-0.0,0.000727633725219275,0.005666123703805011,-0.0060775534975962935
3560.16,-0.025489170588235292,-0.026694477959311676,-0.02795467993890521,0.0012053073710763841,-0.0007818313214844561,-0.0,-0.0,-0.0,-0.0,0.0007241845208666671,0.005666123703805011,-0.005981452049846729
3561.06,-0.025333,-0.026562443385428545,-0.027917866229244474,0.0012294433854285435,-0.0007885690454432342,-0.0,-0.0,-0.0,-0.0,0.0007188139224893444,0.005597443416486163,-0.00580337938324644
3561.96,-0.025194294117647058,-0.02638922294055616,-0.027881052519583737,0.0011949288229091033,-0.0007923101635806944,-0.0,-0.0,-0.0,-0.0,0.0007171703522506222,0.005597443416486163,-0.005659524766935659
3562.86,-0.025076123529411767,-0.02625063931165439,-0.027844238809923,0.0011745157822426223,-0.0007955363499087498,-0.0,-0.0,-0.0,-0.0,0.0007134028632669988,0.005597443416486163,-0.005548697979659998
3563.75,-0.024980123529411764,-0.02608465342758883,-0.027807834141480726,0.0011045298981770674,-0.0007999813152103744,-0.0,-0.0,-0.0,-0.0,0.0007069416411583525,0.00554990378010766,-0.005358630671888588
3564.65,-0.024905870588235294,-0.02596163671173128,-0.02777102043181999,0.0010557661234959874,-0.0008026956856631151,-0.0,-0.0,-0.0,-0.0,0.0007029960197214662,0.005528763129167315,-0.00524256383013885
3565.55,-0.024850629411764705,-0.025796225427888193,-0.027734206722159253,0.0009455960161234879,-0.0008059373631766685,-0.0,-0.0,-0.0,-0.0,0.000698283902303583,0.005528763129167315,-0.005103949268302111
3566.45,-0.02480956470588235,-0.02566072561000922,-0.027697393012498534,0.0008511609041268707,-0.0008091438047215757,-0.0,-0.0,-0.0,-0.0,0.0006920522982466357,0.005460082841848466,-0.004925081634440208
3567.35,-0.024776194117647057,-0.025582689582162216,-0.027660579302837798,0.0008064954645151598,-0.0008106421076322361,-0.0,-0.0,-0.0,-0.0,0.0006887853881917015,0.005460082841848466,-0.004877030910565402
3568.25,-0.02474325294117647,-0.025412337314530766,-0.02762376559317706,0.0006690843733542957,-0.0008131516670421183,-0.0,-0.0,-0.0,-0.0,0.0006786824419739823,0.005453193350526774,-0.004721927162922444
3569.15,-0.024703600000000003,-0.025291375176433987,-0.027586951883516325,0.0005877751764339842,-0.00081435572591327,-0.0,-0.0,-0.0,-0.0,0.000673431765351904,0.0053914025545296175,-0.004567470010273067
3570.05,-0.02465107647058824,-0.025164711564430228,-0.027550138173855588,0.0005136350938419881,-0.0008151370163642163,-0.0,-0.0,-0.0,-0.0,0.0006700247031192138,0.0053914025545296175,-0.004471368562523457
3570.95,-0.024581117647058826,-0.025046377522775446,-0.027513324464194872,0.00046525987571661986,-0.000816635319274875,-0.0,-0.0,-0.0,-0.0,0.0006610866599089423,0.005353958920387017,-0.0043399050575429155
3571.85,-0.02449108235294118,-0.024923997434337677,-0.027476510754534136,0.0004329150813964962,-0.0008170952513714281,-0.0,-0.0,-0.0,-0.0,0.0006548112324571741,0.005322722267210768,-0.004214303473318371
3572.75,-0.02438028823529412,-0.024800289779269413,-0.0274396970448734,0.0004200015439752916,-0.0008176094120977516,-0.0,-0.0,-0.0,-0.0,0.0006481810835643644,0.005322722267210768,-0.0041182020255687585
3573.66,-0.024249800000000005,-0.024681281567182557,-0.027402474293994217,0.00043148156718255185,-0.0008181032086463218,-0.0,-0.0,-0.0,-0.0,0.0006394069233135651,0.0052540419798919194,-0.003956382203156327
3574.56,-0.024102111764705884,-0.024604264995024498,-0.027365660584333484,0.0005021532303186131,-0.0008173540571909917,-0.0,-0.0,-0.0,-0.0,0.0006328731032036966,0.0052540419798919194,-0.003908331479281521
3575.46,-0.023940770588235297,-0.02449999059328505,-0.027328846874672748,0.0005592200050497514,-0.0008170952513714281,-0.0,-0.0,-0.0,-0.0,0.000626339283093828,0.0051874375542572656,-0.003765928154554901
3576.36,-0.023770111764705885,-0.02437796294012277,-0.02729203316501201,0.0006078511754168854,-0.0008158557542803313,-0.0,-0.0,-0.0,-0.0,0.0006163908763570687,0.005185361692573071,-0.003667866247000553
3577.26,-0.023594982352941177,-0.02424962873403501,-0.027255219455351275,0.0006546463810938319,-0.0008151066028250015,-0.0,-0.0,-0.0,-0.0,0.0006131239663021357,0.005185361692573071,-0.0035717647992509764
3578.16,-0.023420552941176467,-0.024170710863592376,-0.027218405745690556,0.0007501579224159088,-0.0008126309078671379,-0.0,-0.0,-0.0,-0.0,0.0006004993557982837,0.005116681405254223,-0.0034487682428812816
3579.06,-0.023252094117647056,-0.02407015872738023,-0.02718159203602982,0.000818064609733174,-0.0008102262410376381,-0.0,-0.0,-0.0,-0.0,0.0005913841999244333,0.005055124980737546,-0.003314699710045895
3579.96,-0.023094747058823528,-0.02404266863725073,-0.027144778326369082,0.0009479215784272028,-0.0008079263403814565,-0.0,-0.0,-0.0,-0.0,0.0005848503798145647,0.005000683833987052,-0.0032632850706500027
3580.86,-0.022953170588235296,-0.023905246570334302,-0.027107964616708346,0.0009520759820990064,-0.0008052442858942189,-0.0,-0.0,-0.0,-0.0,0.0005745261392339723,0.004979320830616526,-0.003131608331207484
3581.76,-0.02283116470588235,-0.023848517673834665,-0.02707115090704761,0.0010173529679523147,-0.0008015814137283874,-0.0,-0.0,-0.0,-0.0,0.0005673728382298656,0.004910640543297676,-0.003037459235488503
3582.67,-0.022731388235294116,-0.023769887886625592,-0.02703392815616843,0.0010384996513314766,-0.000800066463007609,-0.0,-0.0,-0.0,-0.0,0.0005607664201187782,0.004910640543297676,-0.002988874614681767
3583.57,-0.022655041176470585,-0.02372010758593112,-0.026997114446507695,0.0010650664094605349,-0.0007948854420223182,-0.0,-0.0,-0.0,-0.0,0.0005484077266672256,0.004841960255978829,-0.0028979868711399765
3584.47,-0.02260170588235294,-0.023649089828930506,-0.026960300736846975,0.0010473839465775653,-0.0007916078143402197,-0.0,-0.0,-0.0,-0.0,0.0005388789771691151,0.004814402719943938,-0.0028279109732262334
3585.37,-0.02256935294117647,-0.023621278276741656,-0.02692348702718624,0.0010519253355651854,-0.0007886420834438921,-0.0,-0.0,-0.0,-0.0,0.0005323451570592486,0.004753767040529112,-0.0027706461693468042
3586.28,-0.02255454705882353,-0.023542135800599145,-0.026886264276307043,0.0009875887417756142,-0.0007825822805607778,-0.0,-0.0,-0.0,-0.0,0.0005222893141004841,0.004704599681341131,-0.0026734769277333213
3587.18,-0.02255277647058824,-0.023499089160804586,-0.026849450566646324,0.0009463126902163471,-0.0007785061457858337,-0.0,-0.0,-0.0,-0.0,0.0005147950174733305,0.004661199749280775,-0.0026183627109639686
3588.08,-0.022558888235294117,-0.02347353489635298,-0.026812636856985587,0.000914646661058862,-0.0007736296267731654,-0.0,-0.0,-0.0,-0.0,0.0005049738363909488,0.004584721673840449,-0.0025461362259401113
3588.98,-0.022567523529411767,-0.023441731133303893,-0.02677582314732485,0.0008742076038921257,-0.0007670844207704247,-0.0,-0.0,-0.0,-0.0,0.0004929075745236632,0.004498558819384584,-0.0024573990695084032
3589.88,-0.02257358823529412,-0.02336246710677986,-0.026739009437664114,0.000788878871485741,-0.0007640878149491053,-0.0,-0.0,-0.0,-0.0,0.0004863737544137972,0.004498558819384584,-0.0024093483456336154
3590.79,-0.022572823529411763,-0.023322306979660968,-0.026701786686784936,0.0007494834502492047,-0.0007563855419006624,-0.0,-0.0,-0.0,-0.0,0.0004788554238242034,0.0044156763071517965,-0.0023216262825334283
3591.69,-0.022561452941176466,-0.02331850590492998,-0.0266649729771242,0.0007570529637535156,-0.00075063443138429,-0.0,-0.0,-0.0,-0.0,0.0004688236148278796,0.004337558060599955,-0.0022701767797084363
3592.59,-0.02253666470588235,-0.023320702566993937,-0.026628159267463463,0.0007840378611115861,-0.0007462868437631862,-0.0,-0.0,-0.0,-0.0,0.0004615399461146652,0.00429251795742804,-0.0022591477744461526
3593.5,-0.022496694117647056,-0.023238406840450237,-0.026590936516584285,0.0007417127228031804,-0.0007371971394385158,-0.0,-0.0,-0.0,-0.0,0.00044832710989249007,0.0042466309404631235,-0.0021619785328326805
3594.4,-0.022440882352941175,-0.02327836671472113,-0.026554122806923548,0.0008374843617799561,-0.0007295971676256766,-0.0,-0.0,-0.0,-0.0,0.0004362500437668637,0.00415001494627735,-0.002135595835542799
3595.3,-0.02236963529411765,-0.023244467539125572,-0.02651730909726281,0.0008748322450079227,-0.0007243531074383656,-0.0,-0.0,-0.0,-0.0,0.0004329831337119294,0.004099135730927942,-0.0020875451116679927
3596.2,-0.02228444117647059,-0.023224571069634083,-0.026480495387602093,0.0009401298931634924,-0.0007162952260419721,-0.0,-0.0,-0.0,-0.0,0.00042235389332818816,0.004010035935685624,-0.002010728004884615
3597.11,-0.02218778823529412,-0.02323350882460716,-0.026443272636722893,0.0010457205893130393,-0.0007087504372322207,-0.0,-0.0,-0.0,-0.0,0.00041183589270637344,0.003949116520833796,-0.0019909097669864578
3598.01,-0.022083076470588235,-0.023161137242626736,-0.026406458927062157,0.0010780607720385013,-0.0007032719867494503,-0.0,-0.0,-0.0,-0.0,0.00040530207259650716,0.003942748999695727,-0.0019458658111786598
3598.92,-0.021974435294117647,-0.02319009373789447,-0.02636923617618298,0.0012156584437768223,-0.0006935848320850427,-0.0,-0.0,-0.0,-0.0,0.00039609028475900065,0.00383985991976698,-0.0019075452271371891
3599.82,-0.021866488235294117,-0.02319537878342995,-0.026332422466522242,0.001328890548135831,-0.0006868924503395464,-0.0,-0.0,-0.0,-0.0,0.0003877519330105891,0.0037749287176321415,-0.0018810036174727045
3600.72,-0.021764047058823528,-0.023232305700887988,-0.026295608756861526,0.0014682586420644607,-0.0006796873868303603,-0.0,-0.0,-0.0,-0.0,0.00037877480704946655,0.003705023345688267,-0.0018810036174727045
3601.63,-0.0216717,-0.02323155843800754,-0.026258386005982327,0.0015598584380075407,-0.0006692672671349567,-0.0,-0.0,-0.0,-0.0,0.0003702017934246679,0.0036039246749994965,-0.0018161414237667492
3602.53,-0.02159344117647059,-0.023248976896341693,-0.02622157229632159,0.0016555357198711033,-0.0006640232069476475,-0.0,-0.0,-0.0,-0.0,0.00036366797331480183,0.0035530454596501065,-0.0018161414237667492
3603.44,-0.021532235294117647,-0.023232637647924548,-0.026184349545442413,0.0017004023538069006,-0.0006540574953601736,-0.0,-0.0,-0.0,-0.0,0.0003569210998452405,0.003466167042450744,-0.0017512792300607939
3604.34,-0.021489694117647055,-0.02326625286168905,-0.026147535835781676,0.0017765587440419957,-0.0006451271397783679,-0.0,-0.0,-0.0,-0.0,0.00034611783372888205,0.0033996742222830068,-0.0017512792300607939
3605.24,-0.021465829411764708,-0.023232042953218505,-0.026110722126120957,0.0017662135414537976,-0.000639133928135732,-0.0,-0.0,-0.0,-0.0,0.0003395840136190193,0.0033996742222830068,-0.0017512792300607939
3606.15,-0.021458800000000004,-0.0232651624404893,-0.026073499375241758,0.0018063624404892967,-0.0006280453994961082,-0.0,-0.0,-0.0,-0.0,0.0003308026872784938,0.0032971216757620814,-0.0017192900069024262
3607.05,-0.021465676470588235,-0.023264891193527325,-0.02603668566558102,0.001799214722939091,-0.0006204950108534953,-0.0,-0.0,-0.0,-0.0,0.0003241832875202643,0.0032288384463542994,-0.0016864170363548384
3607.96,-0.021482499999999998,-0.023296415594308482,-0.025999462914701843,0.0018139155943084836,-0.0006130406789376036,-0.0,-0.0,-0.0,-0.0,0.00031775191493148416,0.003161154452453387,-0.0016864170363548384
3608.86,-0.0215048,-0.023360295363903574,-0.025962649205041106,0.0018554953639035726,-0.0006010542556523211,-0.0,-0.0,-0.0,-0.0,0.00030889363581214184,0.0030593960217545706,-0.0016864170363548384
3609.77,-0.021528182352941173,-0.023331417739101627,-0.025925426454161928,0.0018032353861604546,-0.0005948105052120025,-0.0,-0.0,-0.0,-0.0,0.00030228721770105666,0.003006389863757297,-0.0016393072196775008
3610.67,-0.021548882352941175,-0.023359582257682792,-0.02588861274450119,0.0018106999047416174,-0.0005859830323382864,-0.0,-0.0,-0.0,-0.0,0.00029575339759118903,0.002923428798445876,-0.0016215548426488833
3611.58,-0.021564164705882353,-0.023394102324311803,-0.025851389993622013,0.0018299376184294502,-0.0005739299293275896,-0.0,-0.0,-0.0,-0.0,0.00028724046887249294,0.002850231923732218,-0.0016215548426488833
3612.48,-0.021572529411764706,-0.023389469506087095,-0.025814576283961277,0.0018169400943223897,-0.0005656404575521661,-0.0,-0.0,-0.0,-0.0,0.0002802184726815243,0.0028188467494346856,-0.0016215548426488833
3613.39,-0.021573658823529414,-0.02341641206534196,-0.025777353533082095,0.0018427532418125447,-0.0005579139522698628,-0.0,-0.0,-0.0,-0.0,0.0002760067412591487,0.002753252782527253,-0.0016215548426488833
3614.29,-0.021568164705882353,-0.02342394342922339,-0.02574053982342136,0.0018557787233410353,-0.0005459275289845804,-0.0,-0.0,-0.0,-0.0,0.0002655319576707116,0.0026514943518284356,-0.0015635899324661308
3615.2,-0.021557164705882353,-0.02343452237194838,-0.02570331707254218,0.0018773576660660284,-0.0005394375881495253,-0.0,-0.0,-0.0,-0.0,0.0002615253417855739,0.002596398166837683,-0.0015566926489429278
3616.11,-0.021541882352941175,-0.023476993463858516,-0.02566609432166298,0.001935111110917341,-0.0005297783694459033,-0.0,-0.0,-0.0,-0.0,0.0002562600849271051,0.00251439647928973,-0.0015566926489429278
3617.01,-0.021523335294117648,-0.023458614986980545,-0.025629280612002245,0.001935279692862897,-0.0005192945216299926,-0.0,-0.0,-0.0,-0.0,0.0002497262648172372,0.002494074411523873,-0.0015566926489429278
3617.92,-0.021502235294117652,-0.023475469508380243,-0.025592057861123067,0.001973234214262591,-0.0005132347187468815,-0.0,-0.0,-0.0,-0.0,0.00024311984670615205,0.0024426298715595034,-0.0015566926489429278
3618.82,-0.021479147058823533,-0.023533427948867886,-0.02555524415146233,0.002054280890044353,-0.0005021310971040087,-0.0,-0.0,-0.0,-0.0,0.00023658602659628377,0.0023453511126010677,-0.0015566926489429278
3619.73,-0.02145485294117647,-0.023568722246554118,-0.025518021400583152,0.0021138693053776476,-0.0004941029087265725,-0.0,-0.0,-0.0,-0.0,0.00023185219041417865,0.0022716258289268597,-0.0015566926489429278
3620.64,-0.02143075882352941,-0.02356970635983773,-0.02548079864970397,0.0021389475363083194,-0.0004866380660634412,-0.0,-0.0,-0.0,-0.0,0.00022778309173907514,0.0022321093378625803,-0.0015566926489429278
3621.54,-0.021409217647058824,-0.023586437480904665,-0.025443984940043234,0.0021772198338458407,-0.00047465164277816265,-0.0,-0.0,-0.0,-0.0,0.00022124927162920879,0.0021751750966824447,-0.0015566926489429278
3622.45,-0.021393594117647057,-0.023563180025259093,-0.025406762189164055,0.002169585907612036,-0.0004685710396129321,-0.0,-0.0,-0.0,-0.0,0.0002175689608831943,0.0021178575336487167,-0.0015136545564754917
3623.35,-0.021388035294117643,-0.023581380976074453,-0.02536994847950332,0.00219334568195681,-0.0004596469222196579,-0.0,-0.0,-0.0,-0.0,0.0002125189347732213,0.0020392078733737504,-0.0014918304552369724
3624.26,-0.021396952941176467,-0.02356512485287635,-0.025332725728624123,0.0021681719116998822,-0.00044892334340989655,-0.0,-0.0,-0.0,-0.0,0.00020658894040774984,0.0020155337783349025,-0.0014918304552369724
3625.17,-0.021424323529411766,-0.02357943364058091,-0.02529550297774494,0.002155110111169145,-0.00044362101588717233,-0.0,-0.0,-0.0,-0.0,0.00020328573135220608,0.001964089238370514,-0.0014918304552369724
3626.08,-0.021472958823529415,-0.02361492925112097,-0.025258280226865763,0.002141970427591556,-0.000432695773570415,-0.0,-0.0,-0.0,-0.0,0.00019710958180492395,0.0018887079012683374,-0.0014918304552369724
3626.98,-0.02154388823529412,-0.023630109270341617,-0.025221466517205027,0.0020862210350474954,-0.00042220765319579294,-0.0,-0.0,-0.0,-0.0,0.00019057576169505543,0.001834823064845148,-0.0014918304552369724
3627.89,-0.021635994117647064,-0.02365087975984036,-0.02518424376632585,0.002014885642193296,-0.00041549430051864483,-0.0,-0.0,-0.0,-0.0,0.00018679755113873797,0.0017759807994329297,-0.0014918304552369724
3628.8,-0.02174599411764706,-0.023636972904732465,-0.02514702101544665,0.0018909787870854053,-0.0004070658821002271,-0.0,-0.0,-0.0,-0.0,0.00018177282683784493,0.00175134732663064,-0.0014918304552369724
3629.7,-0.021868823529411767,-0.023658789391360624,-0.02511020730578593,0.001789965861948857,-0.00039750641120955274,-0.0,-0.0,-0.0,-0.0,0.0001758175306632965,0.0016826670393117913,-0.0014833213462001834
3630.61,-0.021998358823529414,-0.023573069018294042,-0.025072984554906735,0.001574710194764628,-0.0003922040836868278,-0.0,-0.0,-0.0,-0.0,0.00017251432160775228,0.0016826670393117913,-0.0014347367253934415
3631.52,-0.02212840588235294,-0.02360851300805856,-0.025035761804027553,0.0014801071257056174,-0.0003824472471292689,-0.0,-0.0,-0.0,-0.0,0.0001708459732357359,0.0015962294637066681,-0.0014269682615310174
3632.43,-0.022254582352941178,-0.023621310829055112,-0.024998539053148375,0.001366728476113934,-0.00037452063314682516,-0.0,-0.0,-0.0,-0.0,0.00016590790349666496,0.0015453064646740943,-0.0014269682615310174
3633.33,-0.022373935294117648,-0.02360087009475013,-0.024961725343487638,0.0012269348006324829,-0.00036867421170539994,-0.0,-0.0,-0.0,-0.0,0.0001621156363797459,0.0015289425277167832,-0.0014269682615310174
3634.24,-0.022485776470588234,-0.023611574655512148,-0.02492450259260846,0.0011257981849239138,-0.00035883986865753155,-0.0,-0.0,-0.0,-0.0,0.0001587564491387509,0.0014766261773552455,-0.0014269682615310174
3635.15,-0.02259185294117647,-0.023615315166877374,-0.02488727984172926,0.0010234622257009052,-0.00035260437891873494,-0.0,-0.0,-0.0,-0.0,0.00015603457533064415,0.0014342354162666714,-0.0014269682615310174
3636.06,-0.022695764705882356,-0.023604232195678778,-0.024850057090850083,0.0009084674897964218,-0.0003454501247282812,-0.0,-0.0,-0.0,-0.0,0.00015111618477641638,0.0014079458900363969,-0.0014269682615310174
3636.97,-0.022801958823529412,-0.023569996411880484,-0.0248128343399709,0.0007680375883510719,-0.0003369434413771771,-0.0,-0.0,-0.0,-0.0,0.000145526745043855,0.0013392656027175485,-0.0013621060678250618
3637.88,-0.02291463529411765,-0.0235295574505651,-0.024775611589091705,0.0006149221564474491,-0.0003316411138544502,-0.0,-0.0,-0.0,-0.0,0.000145526745043855,0.0013392656027175485,-0.0013621060678250618
3638.78,-0.02303673529411765,-0.02356052070207235,-0.02473879787943097,0.0005237854079547001,-0.0003233371811110894,-0.0,-0.0,-0.0,-0.0,0.00014018933117430332,0.0012705853153986996,-0.0013621060678250618
3639.69,-0.02316926470588235,-0.023521925913049684,-0.024701575128551787,0.00035266120716733254,-0.00031639663702068483,-0.0,-0.0,-0.0,-0.0,0.0001367069423139244,0.0012705853153986996,-0.0013621060678250618
3640.6,-0.02331097058823529,-0.02349671107765664,-0.02466435237767261,0.00018574048942135088,-0.0003112253114570815,-0.0,-0.0,-0.0,-0.0,0.00013579629768205887,0.0012564028360673542,-0.0013621060678250618
3641.51,-0.023458447058823526,-0.023467887874730087,-0.024627129626793413,9.440815906560512e-06,-0.00030213560713241,-0.0,-0.0,-0.0,-0.0,0.0001291898795709703,0.001201905028079851,-0.0013164049769172482
3642.42,-0.023606588235294115,-0.023476556475232193,-0.02458990687591423,-0.00013003176006192232,-0.0002946720285399033,-0.0,-0.0,-0.0,-0.0,0.0001274402512044216,0.0011332247407610024,-0.0012972438741191067
3643.33,-0.02374934117647059,-0.02344017819833276,-0.024552684125035053,-0.0003091629781378294,-0.00029012717637756993,-0.0,-0.0,-0.0,-0.0,0.00012413704214887908,0.0011332247407610024,-0.0012972438741191067
3644.24,-0.023880664705882352,-0.02341225455411996,-0.024515461374155875,-0.0004684101517623933,-0.0002821463780078297,-0.0,-0.0,-0.0,-0.0,0.00012260032933260787,0.0011195676656276916,-0.0012972438741191067
3645.15,-0.02399555882352941,-0.023408795593081847,-0.024478238623276676,-0.0005867632304475644,-0.0002763335808450009,-0.0,-0.0,-0.0,-0.0,0.00011753062403779008,0.0010645444534421536,-0.0012746414265561296
3646.06,-0.02409095294117647,-0.02332979475384731,-0.024441015872397498,-0.0007611581873291605,-0.00027185593299739255,-0.0,-0.0,-0.0,-0.0,0.00011465743548909788,0.0010645444534421536,-0.0012323816804131512
3646.96,-0.02416630588235294,-0.023289722645914362,-0.02440420216273676,-0.0008765832364385773,-0.00026355038224363283,-0.0,-0.0,-0.0,-0.0,0.00011167347573049482,0.0010645444534421536,-0.0012323816804131512
3647.87,-0.024222964705882352,-0.023291747756965683,-0.02436697941185758,-0.0009312169489166695,-0.0002589455309691279,-0.0,-0.0,-0.0,-0.0,0.00011024753412413257,0.0010242037989300456,-0.0012323816804131512
3648.78,-0.024265111764705884,-0.023282429474428476,-0.024329756660978384,-0.0009826822902774084,-0.0002534571575319558,-0.0,-0.0,-0.0,-0.0,0.00010728044223824703,0.0009958641661233052,-0.0012323816804131512
3649.69,-0.024298723529411766,-0.023183063225371045,-0.024292533910099202,-0.0011156603040407206,-0.0002464009130573374,-0.0,-0.0,-0.0,-0.0,0.00010546077912564769,0.000989995006320117,-0.001167519486707196
3650.6,-0.024330452941176473,-0.023199644439156775,-0.024255311159220024,-0.0011308085020196972,-0.00024337101161578064,-0.0,-0.0,-0.0,-0.0,0.00010215757007010389,0.0009385504663557286,-0.001167519486707196
3651.51,-0.02436669411764706,-0.02317077049508544,-0.024218088408340825,-0.0011959236225616184,-0.0002368004357156166,-0.0,-0.0,-0.0,-0.0,0.00010069089199988357,0.0009271838788044564,-0.001167519486707196
3652.42,-0.024412841176470593,-0.023112177802435987,-0.024180865657461647,-0.0013006633740346059,-0.00023124366973733483,-0.0,-0.0,-0.0,-0.0,9.701783002923668e-05,0.0009271838788044564,-0.0011459471318580176
3653.33,-0.024472747058823532,-0.02304215901448239,-0.02414364290658247,-0.0014305880443411419,-0.00022771846750316543,-0.0,-0.0,-0.0,-0.0,9.629785850763906e-05,0.0009159709633960637,-0.0011026572930012404
3654.24,-0.024548441176470592,-0.02306127372332544,-0.024106420155703287,-0.001487167453145151,-0.00022081250838503614,-0.0,-0.0,-0.0,-0.0,9.260792866427138e-05,0.0008585035914856079,-0.0011026572930012404
3655.15,-0.024640070588235297,-0.02302497876657122,-0.02406919740482409,-0.0016150918216640761,-0.0002170976829165544,-0.0,-0.0,-0.0,-0.0,9.005142615735032e-05,0.0008585035914856079,-0.0011026572930012404
3656.06,-0.024746129411764708,-0.02298733577733576,-0.02403197465394491,-0.0017587936344289484,-0.00021273792861569555,-0.0,-0.0,-0.0,-0.0,8.819802729930607e-05,0.0008585035914856079,-0.0011026572930012404
3656.97,-0.02486393529411765,-0.022891345532228186,-0.02399475190306573,-0.001972589761889465,-0.0002069928540365528,-0.0,-0.0,-0.0,-0.0,8.378812593434076e-05,0.000853159835880405,-0.001037795099295285
3657.89,-0.024990270588235296,-0.022904769449098254,-0.02395712011096809,-0.002085501139137042,-0.00020392965697475963,-0.0,-0.0,-0.0,-0.0,8.378812593434076e-05,0.0008011499713010302,-0.001037795099295285
3658.8,-0.025122111764705884,-0.022879976681552835,-0.02391989736008889,-0.0022421350831530497,-0.00019853695472276886,-0.0,-0.0,-0.0,-0.0,7.937822456937545e-05,0.0007898233041667592,-0.001037795099295285
3659.71,-0.025257164705882355,-0.022841718727527854,-0.023882674609209713,-0.0024154459783545003,-0.00019247715183965793,-0.0,-0.0,-0.0,-0.0,7.643974191859896e-05,0.0007898233041667592,-0.001037795099295285
3660.62,-0.025394105882352944,-0.022766585194311482,-0.023845451858330535,-0.002627520688041462,-0.00018877241365475734,-0.0,-0.0,-0.0,-0.0,7.496832320441015e-05,0.0007898233041667592,-0.0010000315193422638
3661.53,-0.025532452941176474,-0.022700650075252883,-0.023808229107451336,-0.002831802865923591,-0.00018507254214175772,-0.0,-0.0,-0.0,-0.0,7.496832320441015e-05,0.0007898233041667592,-0.0009729329055893299
3662.44,-0.025672082352941182,-0.022733291133173163,-0.023771006356572158,-0.0029387912197680194,-0.00017976004517086518,-0.0,-0.0,-0.0,-0.0,7.055842183944484e-05,0.0007211430168479107,-0.0009729329055893299
3663.35,-0.025812647058823534,-0.022695882073299353,-0.023733783605692976,-0.0031167649855241807,-0.0001774876190896976,-0.0,-0.0,-0.0,-0.0,7.055842183944484e-05,0.0007211430168479107,-0.0009729329055893299
3664.26,-0.02595309411764706,-0.022649948193517646,-0.02369656085481378,-0.0033031459241294157,-0.00017244924215397455,-0.0,-0.0,-0.0,-0.0,6.614852047447955e-05,0.0007211430168479107,-0.000962764135171039
3665.18,-0.02609148823529412,-0.02255763578516072,-0.023658929062716157,-0.0035338524501334,-0.00016887276921529644,-0.0,-0.0,-0.0,-0.0,6.46682819575619e-05,0.0007211430168479107,-0.0009080707118833746
3666.09,-0.02622543529411765,-0.022522899408897425,-0.02362170631183696,-0.0037025358852202234,-0.00016634336389661646,-0.0,-0.0,-0.0,-0.0,6.173861910951425e-05,0.0007211430168479107,-0.0009080707118833746
3667.0,-0.026352317647058823,-0.022529062014727767,-0.02358448356095778,-0.0038232556323310567,-0.0001617985117342829,-0.0,-0.0,-0.0,-0.0,6.173861910951425e-05,0.0006752989250625932,-0.0009080707118833746
3667.91,-0.02646939411764706,-0.022516554849162117,-0.023547260810078602,-0.003952839268484942,-0.0001590217214741284,-0.0,-0.0,-0.0,-0.0,5.916855615589695e-05,0.000652462729529062,-0.0009080707118833746
3668.82,-0.026574700000000003,-0.02247997890921395,-0.023510038059199403,-0.004094721090786055,-0.00015574257690727743,-0.0,-0.0,-0.0,-0.0,5.732871774454894e-05,0.000652462729529062,-0.0009080707118833746
3669.74,-0.0266673,-0.022375662493387554,-0.02347240626710178,-0.004291637506612447,-0.00015141812809894907,-0.0,-0.0,-0.0,-0.0,5.6935740409163684e-05,0.000652462729529062,-0.0008432085181774192
3670.65,-0.026747211764705882,-0.02234155664256927,-0.023435183516222584,-0.004405655122136611,-0.00014914570201778122,-0.0,-0.0,-0.0,-0.0,5.363253135361948e-05,0.000652462729529062,-0.0008432085181774192
3671.56,-0.026814958823529408,-0.022315057710328864,-0.023397960765343402,-0.004499901113200543,-0.00014509184648758467,-0.0,-0.0,-0.0,-0.0,5.291881637958364e-05,0.0006404848874206626,-0.0008432085181774192
3672.47,-0.026870964705882353,-0.02233492158606646,-0.023360738014464224,-0.004536043119815893,-0.00014190710903529122,-0.0,-0.0,-0.0,-0.0,5.143601460749915e-05,0.0005837824422102135,-0.0008432085181774192
3673.39,-0.026915070588235293,-0.02230041605070598,-0.023323106222366583,-0.004614654537529312,-0.0001399972247294482,-0.0,-0.0,-0.0,-0.0,4.850891501461834e-05,0.0005837824422102135,-0.0008432085181774192
3674.3,-0.026946388235294116,-0.022261427401860014,-0.023285883471487384,-0.004684960833434101,-0.00013614520967614085,-0.0,-0.0,-0.0,-0.0,4.850891501461834e-05,0.0005837824422102135,-0.0008432085181774192
3675.21,-0.026963699999999993,-0.022161982592616963,-0.023248660720608206,-0.004801717407383031,-0.00013228932656672704,-0.0,-0.0,-0.0,-0.0,4.4099013649653035e-05,0.0005837824422102135,-0.0007783463244714639
3676.12,-0.026966070588235292,-0.02212533100810354,-0.023211437969729028,-0.004840739580131752,-0.00013077437584594866,-0.0,-0.0,-0.0,-0.0,4.4099013649653035e-05,0.0005837824422102135,-0.0007783463244714639
3677.04,-0.026953482352941177,-0.02215560005784249,-0.023173806177631387,-0.004797882295098688,-0.0001270222097312346,-0.0,-0.0,-0.0,-0.0,4.323533446732403e-05,0.0005151021548913646,-0.0007783463244714639
3677.95,-0.026927111764705882,-0.022121681493597858,-0.023136583426752205,-0.004805430271108024,-0.0001246940570966072,-0.0,-0.0,-0.0,-0.0,3.9689112284687725e-05,0.0005151021548913646,-0.0007783463244714639
3678.86,-0.026889176470588236,-0.02208464153602589,-0.02309936067587301,-0.004804534934562347,-0.00012279073331730202,-0.0,-0.0,-0.0,-0.0,3.9689112284687725e-05,0.0005151021548913646,-0.0007783463244714639
3679.78,-0.02684249411764706,-0.022045238518346624,-0.02306172888377537,-0.004797255599300436,-0.00011891046628554998,-0.0,-0.0,-0.0,-0.0,3.9689112284687725e-05,0.0005151021548913646,-0.0007783463244714639
3680.69,-0.026789870588235294,-0.02201094642729645,-0.023024506132896187,-0.0047789241609388425,-0.00011709878762648761,-0.0,-0.0,-0.0,-0.0,3.703289088315185e-05,0.0005151021548913646,-0.0007783463244714639
3681.6,-0.02673328823529412,-0.02197533786224163,-0.02298728338201701,-0.004757950373052489,-0.00011487317640088112,-0.0,-0.0,-0.0,-0.0,3.527921091972242e-05,0.0005151021548913646,-0.0007783463244714639
3682.52,-0.026673676470588235,-0.0219990838063256,-0.02294965158991937,-0.004674592664262636,-0.00011202972537636806,-0.0,-0.0,-0.0,-0.0,3.480007513641861e-05,0.00044642186757251607,-0.000771299047125307
3683.43,-0.026611129411764706,-0.021917150810061,-0.02291242883904019,-0.004693978601703706,-0.00011051477465559028,-0.0,-0.0,-0.0,-0.0,3.1496866080876075e-05,0.00044642186757251607,-0.0007227144263185894
3684.34,-0.02654450588235294,-0.021870669352040205,-0.02287520608816099,-0.004673836530312735,-0.00010777268945441748,-0.0,-0.0,-0.0,-0.0,3.0869309554757125e-05,0.00044642186757251607,-0.0007134841307655087
3685.26,-0.02647165294117647,-0.021832819624343743,-0.02283757429606335,-0.004638833316832725,-0.00010544571240547025,-0.0,-0.0,-0.0,-0.0,3.0869309554757125e-05,0.00044642186757251607,-0.0007134841307655087
3686.17,-0.026389888235294118,-0.021796936515917523,-0.022800351545184172,-0.004592951719376594,-0.00010370210394951207,-0.0,-0.0,-0.0,-0.0,2.987217573237171e-05,0.00044642186757251607,-0.0007134841307655087
3687.09,-0.026296700000000003,-0.021761763335750795,-0.02276271975308653,-0.0045349366642492075,-0.00010063890688771776,-0.0,-0.0,-0.0,-0.0,2.645940818979182e-05,0.00044642186757251607,-0.0007134841307655087
3688.0,-0.026190505882352944,-0.021768014694457324,-0.02272549700220735,-0.00442249118789562,-9.948804642877878e-05,-0.0,-0.0,-0.0,-0.0,2.645940818979182e-05,0.0004038830146144085,-0.0007134841307655087
3688.92,-0.026071217647058827,-0.0217567249096238,-0.02268786521010971,-0.004314492737435026,-9.757957788203443e-05,-0.0,-0.0,-0.0,-0.0,2.645940818979182e-05,0.00037774158025366745,-0.0007134841307655087
3689.83,-0.02594042352941177,-0.02171936688867249,-0.02265064245923053,-0.004221056640739278,-9.480389368367599e-05,-0.0,-0.0,-0.0,-0.0,2.590511115009943e-05,0.00037774158025366745,-0.0007134841307655087
3690.74,-0.02580102352941177,-0.02168601851321461,-0.022613419708351352,-0.00411500501619716,-9.328894296289819e-05,-0.0,-0.0,-0.0,-0.0,2.2601902094556887e-05,0.00037774158025366745,-0.0007134841307655087
3691.66,-0.025656529411764706,-0.021649249562308723,-0.022575787916253708,-0.004007279849455984,-9.149034743479435e-05,-0.0,-0.0,-0.0,-0.0,2.2049506824826518e-05,0.00037774158025366745,-0.0007134841307655087
3692.57,-0.025510135294117647,-0.021562421429692506,-0.022538565165374513,-0.003947713864425141,-8.923113721199995e-05,-0.0,-0.0,-0.0,-0.0,2.2049506824826518e-05,0.00037774158025366745,-0.0006640518421647514
3693.49,-0.02536399411764706,-0.021556592926914173,-0.02250093337327689,-0.0038074011907328863,-8.769953868110402e-05,-0.0,-0.0,-0.0,-0.0,1.923452897415243e-05,0.00033390080659908205,-0.0006486219370595534
3694.41,-0.025218735294117643,-0.021545973014914312,-0.02246330158117925,-0.00367276227920333,-8.616794015020712e-05,-0.0,-0.0,-0.0,-0.0,1.763960545986121e-05,0.00030906129293481883,-0.0006486219370595534
3695.32,-0.025073294117647055,-0.021508456452154268,-0.022426078830300053,-0.003564837665492787,-8.378801118281871e-05,-0.0,-0.0,-0.0,-0.0,1.763960545986121e-05,0.00030906129293481883,-0.0006486219370595534
3696.24,-0.02492508823529412,-0.021472167902241317,-0.02238844703820243,-0.0034529203330528023,-8.30222119173708e-05,-0.0,-0.0,-0.0,-0.0,1.763960545986121e-05,0.00030906129293481883,-0.0006486219370595534
3697.15,-0.024770364705882356,-0.021434604240209817,-0.02235122428732323,-0.003335760465672539,-8.059518367853119e-05,-0.0,-0.0,-0.0,-0.0,1.763960545986121e-05,0.00030906129293481883,-0.0006486219370595534
3698.07,-0.024604852941176474,-0.021399350205701773,-0.02231359249522559,-0.003205502735474701,-7.906358514763432e-05,-0.0,-0.0,-0.0,-0.0,1.5839290789497213e-05,0.00030906129293481883,-0.0006486219370595534
3698.98,-0.024424517647058826,-0.021365308207882946,-0.02227636974434641,-0.00305920943917588,-7.754863442685641e-05,-0.0,-0.0,-0.0,-0.0,1.322970409489591e-05,0.00030906129293481883,-0.0006486219370595534
3699.9,-0.02422622941176471,-0.021328253858704536,-0.02223873795224877,-0.0028979755530601746,-7.601703589595925e-05,-0.0,-0.0,-0.0,-0.0,1.322970409489591e-05,0.00030906129293481883,-0.0006486219370595534
3700.81,-0.02400842352941177,-0.02129227335032435,-0.02220151520136959,-0.002716150179087419,-7.517316130841787e-05,-0.0,-0.0,-0.0,-0.0,1.322970409489591e-05,0.00030906129293481883,-0.0006486219370595534
3701.73,-0.023772464705882356,-0.02131252043406722,-0.02216388340927195,-0.002459944271815135,-7.313050534458006e-05,-0.0,-0.0,-0.0,-0.0,1.322970409489591e-05,0.0002512488025805907,-0.0006486219370595534
3702.65,-0.02352244117647059,-0.02122227748260292,-0.02212625161717431,-0.002300163693867669,-7.161904977907701e-05,-0.0,-0.0,-0.0,-0.0,1.2444052604843651e-05,0.0002403810056159702,-0.000583759743353598
3703.56,-0.023264935294117647,-0.021189686582505432,-0.02208902886629513,-0.0020752487116122154,-7.086157441868812e-05,-0.0,-0.0,-0.0,-0.0,9.14084354930111e-06,0.0002403810056159702,-0.000583759743353598
3704.48,-0.023008317647058824,-0.021153026893619527,-0.02205139707419749,-0.001855290753439296,-6.940359536093461e-05,-0.0,-0.0,-0.0,-0.0,8.819802729930605e-06,0.0002403810056159702,-0.000583759743353598
3705.4,-0.022761558823529413,-0.021115972544441114,-0.022013765282099848,-0.0016455862790882986,-6.787199683003743e-05,-0.0,-0.0,-0.0,-0.0,8.819802729930605e-06,0.0002403810056159702,-0.000583759743353598
3706.31,-0.02253285882352941,-0.021079320959927695,-0.02197654253122067,-0.0014535378636017157,-6.635704610925938e-05,-0.0,-0.0,-0.0,-0.0,8.819802729930605e-06,0.0002403810056159702,-0.000583759743353598
3707.23,-0.022328411764705885,-0.021042266610749285,-0.02193891073912303,-0.0012861451539566,-6.482544757836267e-05,-0.0,-0.0,-0.0,-0.0,8.819802729930605e-06,0.0002403810056159702,-0.000583759743353598
3708.15,-0.02215159411764706,-0.02100541991677263,-0.02190127894702539,-0.001146174200874428,-6.35015042492278e-05,-0.0,-0.0,-0.0,-0.0,8.819802729930605e-06,0.0002403810056159702,-0.000583759743353598
3709.06,-0.022002729411764704,-0.0209695258076196,-0.021864056196146207,-0.0010332036041451054,-6.274402888883862e-05,-0.0,-0.0,-0.0,-0.0,8.819802729930605e-06,0.0002403810056159702,-0.000583759743353598
3709.98,-0.021879417647058825,-0.02093692748574322,-0.021826424404048566,-0.0009424901613156039,-6.125855629501281e-05,-0.0,-0.0,-0.0,-0.0,4.409901364965303e-06,0.0002403810056159702,-0.000583759743353598
3710.9,-0.02177727647058824,-0.020869931037698422,-0.021788792611950925,-0.0009073454328898181,-6.020117385871993e-05,-0.0,-0.0,-0.0,-0.0,4.409901364965303e-06,0.0002403810056159702,-0.0005533434283926123
3711.81,-0.021690788235294124,-0.020799370614844655,-0.021751569861071747,-0.0008914176204494681,-5.9223263542560115e-05,-0.0,-0.0,-0.0,-0.0,4.409901364965303e-06,0.0002403810056159702,-0.0005188975496476425
3712.73,-0.021614194117647062,-0.020827597737266397,-0.021713938068974106,-0.000786596380380665,-5.769166501166295e-05,-0.0,-0.0,-0.0,-0.0,4.409901364965303e-06,0.00017509953401581406,-0.0005188975496476425
3713.65,-0.02154214705882353,-0.020794682980794125,-0.021676306276876466,-0.0007474640780294056,-5.690084346821174e-05,-0.0,-0.0,-0.0,-0.0,4.409901364965303e-06,0.00017170071829712157,-0.0005188975496476425
3714.57,-0.021470223529411765,-0.020758889750634835,-0.021638674484778825,-0.0007113337787769299,-5.663036395643562e-05,-0.0,-0.0,-0.0,-0.0,4.409901364965303e-06,0.00017170071829712157,-0.0005188975496476425
3715.48,-0.02139521764705882,-0.020722500321728128,-0.021601451733899643,-0.0006727173253306927,-5.537756884237443e-05,-0.0,-0.0,-0.0,-0.0,4.409901364965303e-06,0.00017170071829712157,-0.0005188975496476425
3716.4,-0.021315247058823525,-0.020686211771815163,-0.021563819941802006,-0.0006290352870083615,-5.4611769576926134e-05,-0.0,-0.0,-0.0,-0.0,4.409901364965303e-06,0.00017170071829712157,-0.0005188975496476425
3717.32,-0.02122870588235294,-0.020651396279267452,-0.021526188149704365,-0.0005773096030854893,-5.3084089664963634e-05,-0.0,-0.0,-0.0,-0.0,2.17496335320068e-06,0.00017170071829712157,-0.0005188975496476425
3718.24,-0.02113434705882353,-0.020617033316854997,-0.021488556357606742,-0.0005173137419685336,-5.206891454680728e-05,-0.0,-0.0,-0.0,-0.0,-0.0,0.00017170071829712157,-0.0005188975496476425
3719.15,-0.021030911764705885,-0.020580876565428036,-0.021451333606727543,-0.0004500351992778491,-5.1048796912510567e-05,-0.0,-0.0,-0.0,-0.0,-0.0,0.00017170071829712157,-0.0005188975496476425
3720.07,-0.020916829411764707,-0.020479988464083023,-0.021413701814629902,-0.00043684094768168397,-5.0545639920969524e-05,-0.0,-0.0,-0.0,-0.0,-0.0,0.00017170071829712157,-0.0004540353559416873
3720.99,-0.020790152941176473,-0.020443699914170076,-0.02137607002253228,-0.00034645302700639716,-4.977984065552132e-05,-0.0,-0.0,-0.0,-0.0,-0.0,0.00017170071829712157,-0.0004540353559416873
3721.91,-0.02064872352941176,-0.020406873837185303,-0.021338438230434638,-0.00024184969222645902,-4.8476514318264364e-05,-0.0,-0.0,-0.0,-0.0,-0.0,0.00017170071829712157,-0.0004540353559416873
3722.83,-0.02049055294117647,-0.02037040362768296,-0.021300806438336997,-0.00012014931349350888,-4.752905546343704e-05,-0.0,-0.0,-0.0,-0.0,-0.0,0.00017170071829712157,-0.0004540353559416873
3723.75,-0.0203144,-0.02033478765182692,-0.021263174646239356,2.0387651826919012e-05,-4.7435830254914944e-05,-0.0,-0.0,-0.0,-0.0,-0.0,0.00017170071829712157,-0.0004540353559416873
3724.67,-0.02012040588235294,-0.02029773330264851,-0.021225542854141716,0.00017732742029556714,-4.590423172401846e-05,-0.0,-0.0,-0.0,-0.0,-0.0,0.00017170071829712157,-0.0004540353559416873
3725.58,-0.019910670588235292,-0.020262145977115575,-0.021188320103262537,0.00035147538888028254,-4.545353998372753e-05,-0.0,-0.0,-0.0,-0.0,-0.0,0.00017170071829712157,-0.0004540353559416873
3726.5,-0.019689629411764706,-0.02022585742720261,-0.021150688311164897,0.0005362280154379041,-4.468774071827895e-05,-0.0,-0.0,-0.0,-0.0,-0.0,0.00017170071829712157,-0.0004540353559416873
3727.42,-0.019464117647058823,-0.020189721561343663,-0.021113056519067256,0.0007256039142848406,-4.3484029466548775e-05,-0.0,-0.0,-0.0,-0.0,-5.905960403021155e-07,0.00017170071829712157,-0.0004540353559416873
3728.34,-0.019242994117647058,-0.020157690228741643,-0.021075424726969615,0.0009146961110945845,-4.315614218738217e-05,-0.0,-0.0,-0.0,-0.0,-4.409901364965303e-06,0.00017170071829712157,-0.0004540353559416873
3729.26,-0.01903639411764706,-0.020110745089654332,-0.021037792934871975,0.0010743509720072715,-4.230791287654046e-05,-0.0,-0.0,-0.0,-0.0,-4.409901364965303e-06,0.00017170071829712157,-0.0004434611968127368
3730.18,-0.018854547058823532,-0.020020087908021393,-0.02100016114277435,0.001165540849197861,-4.146151646810465e-05,-0.0,-0.0,-0.0,-0.0,-4.409901364965303e-06,0.00017170071829712157,-0.00038917316223573194
3731.1,-0.01870643529411765,-0.01998396238529681,-0.02096252935067671,0.0012775270911791585,-4.085874439103717e-05,-0.0,-0.0,-0.0,-0.0,-4.409901364965303e-06,0.00017170071829712157,-0.00038917316223573194
3732.02,-0.01859844117647059,-0.019996565792268165,-0.02092489755857907,0.0013981246157975767,-4.045025996888258e-05,-0.0,-0.0,-0.0,-0.0,-4.409901364965303e-06,0.0001231660762560949,-0.00038917316223573194
3732.94,-0.01853324117647059,-0.019980065572789727,-0.02088726576648143,0.0014468243963191366,-3.9327145860140384e-05,-0.0,-0.0,-0.0,-0.0,-4.409901364965303e-06,0.00010302043097827294,-0.00038917316223573194
3733.86,-0.018509229411764704,-0.019943777022876766,-0.02084963397438379,0.0014345476111120616,-3.85613465946918e-05,-0.0,-0.0,-0.0,-0.0,-4.409901364965303e-06,0.00010302043097827294,-0.00038917316223573194
3734.78,-0.018520564705882352,-0.019907867529821828,-0.020812002182286148,0.0013873028239394757,-3.817460418727024e-05,-0.0,-0.0,-0.0,-0.0,-4.409901364965303e-06,0.00010302043097827294,-0.00038917316223573194
3735.7,-0.018558135294117647,-0.019871586665458275,-0.020774370390188524,0.0013134513713406286,-3.741649047121639e-05,-0.0,-0.0,-0.0,-0.0,-4.409901364965303e-06,0.00010302043097827294,-0.00038917316223573194
3736.62,-0.018610741176470588,-0.01983578134446346,-0.020736738598090883,0.0012250401679928732,-3.713392012392137e-05,-0.0,-0.0,-0.0,-0.0,-4.409901364965303e-06,0.00010302043097827294,-0.00038917316223573194
3737.54,-0.018666611764705885,-0.01979952990766402,-0.020699106805993243,0.001132918142958135,-3.640523397199432e-05,-0.0,-0.0,-0.0,-0.0,-4.409901364965303e-06,0.00010302043097827294,-0.00038917316223573194
3738.46,-0.018714917647058828,-0.01976334552981118,-0.020661475013895602,0.0010484278827523515,-3.5743606766671954e-05,-0.0,-0.0,-0.0,-0.0,-4.409901364965303e-06,0.00010302043097827294,-0.00038917316223573194
3739.38,-0.0187470705882353,-0.01972747314986976,-0.02062384322179796,0.000980402561634463,-3.539397747277226e-05,-0.0,-0.0,-0.0,-0.0,-4.409901364965303e-06,0.00010302043097827294,-0.00038917316223573194
3740.3,-0.018757564705882353,-0.019690939142723025,-0.02058621142970032,0.000933374436840672,-3.438272097355019e-05,-0.0,-0.0,-0.0,-0.0,-4.409901364965303e-06,0.00010302043097827294,-0.00038917316223573194
3741.22,-0.018744347058823527,-0.019654985508321912,-0.0205485796376027,0.0009106384494983848,-3.3951837219938126e-05,-0.0,-0.0,-0.0,-0.0,-4.409901364965303e-06,0.00010302043097827294,-0.00038917316223573194
3742.14,-0.01870857058823529,-0.019620499606006855,-0.020510947845505056,0.0009119290177715643,-3.337146447432813e-05,-0.0,-0.0,-0.0,-0.0,-6.02712244303203e-06,0.00010302043097827294,-0.00038917316223573194
3743.06,-0.01865376470588235,-0.019586878340574886,-0.020473316053407416,0.0009331136346925374,-3.248026940297652e-05,-0.0,-0.0,-0.0,-0.0,-8.819802729930605e-06,0.00010302043097827294,-0.00038917316223573194
3743.98,-0.018584529411764705,-0.019551235528499498,-0.020435684261309775,0.0009667061167347932,-3.2360207975106065e-05,-0.0,-0.0,-0.0,-0.0,-8.819802729930605e-06,0.00010302043097827294,-0.00038917316223573194
3744.91,-0.018504870588235297,-0.019515326660997125,-0.020397643427993693,0.0010104560727618277,-3.2360207975106065e-05,-0.0,-0.0,-0.0,-0.0,-8.819802729930605e-06,0.00010302043097827294,-0.00038917316223573194
3745.83,-0.018416758823529413,-0.019413930460144432,-0.020360011635896052,0.0009971716366150192,-3.1348951475884e-05,-0.0,-0.0,-0.0,-0.0,-8.819802729930605e-06,0.00010302043097827294,-0.0003243109685297767
3746.75,-0.01831928823529412,-0.019378407709496916,-0.02032237984379841,0.0010591194742027958,-3.1348951475884e-05,-0.0,-0.0,-0.0,-0.0,-8.819802729930605e-06,0.00010302043097827294,-0.0003243109685297767
3747.67,-0.018208870588235296,-0.019410553989669024,-0.02028474805170077,0.0012016834014337285,-3.0337694976661934e-05,-0.0,-0.0,-0.0,-0.0,-8.819802729930605e-06,3.4340143659424315e-05,-0.0003243109685297767
3748.59,-0.018080600000000002,-0.019374533176234582,-0.02024711625960313,0.0012939331762345796,-2.9839632189735704e-05,-0.0,-0.0,-0.0,-0.0,-8.819802729930605e-06,3.4340143659424315e-05,-0.0003243109685297767
3749.51,-0.017930447058823528,-0.019338497231874772,-0.02020948446750549,0.0014080501730512444,-2.932643847743987e-05,-0.0,-0.0,-0.0,-0.0,-8.819802729930605e-06,3.4340143659424315e-05,-0.0003243109685297767
3750.44,-0.017757670588235297,-0.01930257289214796,-0.020171443634189403,0.0015449023039126632,-2.931096625300158e-05,-0.0,-0.0,-0.0,-0.0,-8.819802729930605e-06,3.4340143659424315e-05,-0.0003243109685297767
3751.36,-0.017566382352941175,-0.019266284342234995,-0.020133811842091762,0.0016999019892938207,-2.854516698755328e-05,-0.0,-0.0,-0.0,-0.0,-8.819802729930605e-06,3.4340143659424315e-05,-0.0003243109685297767
3752.28,-0.017366182352941177,-0.019230531606578144,-0.020096180049994125,0.0018643492536369669,-2.831518197821781e-05,-0.0,-0.0,-0.0,-0.0,-8.819802729930605e-06,3.4340143659424315e-05,-0.0003243109685297767
3753.2,-0.01717117647058824,-0.019194718498908307,-0.0200585482578965,0.002023542028320068,-2.8024824955879024e-05,-0.0,-0.0,-0.0,-0.0,-8.819802729930605e-06,3.4340143659424315e-05,-0.0003243109685297767
3754.12,-0.0169976,-0.019158474848783906,-0.02002091646579886,0.0021608748487839044,-2.7303925478995742e-05,-0.0,-0.0,-0.0,-0.0,-8.819802729930605e-06,3.4340143659424315e-05,-0.0003243109685297767
3755.05,-0.016860558823529413,-0.019121939191862593,-0.019982875632482758,0.0022613803683331803,-2.667713606007123e-05,-0.0,-0.0,-0.0,-0.0,-8.819802729930605e-06,3.4340143659424315e-05,-0.0003243109685297767
3755.97,-0.016770670588235295,-0.019086031974134797,-0.019945243840385134,0.0023153613858995017,-2.629266897977368e-05,-0.0,-0.0,-0.0,-0.0,-8.819802729930605e-06,3.4340143659424315e-05,-0.0003243109685297767
3756.89,-0.016731376470588238,-0.01905050922348728,-0.019907612048287494,0.0023191327528990432,-2.629266897977368e-05,-0.0,-0.0,-0.0,-0.0,-8.819802729930605e-06,3.4340143659424315e-05,-0.0003243109685297767
3757.82,-0.016737570588235294,-0.019017999000850633,-0.01986957121497139,0.0022804284126153387,-2.5281412480551614e-05,-0.0,-0.0,-0.0,-0.0,-1.322970409489591e-05,3.4340143659424315e-05,-0.0003243109685297767
3758.74,-0.01677590588235294,-0.01900632462147101,-0.01983193942287377,0.00223041873911807,-2.5281412480551614e-05,-0.0,-0.0,-0.0,-0.0,-1.322970409489591e-05,1.0491772391551514e-05,-0.0003243109685297767
3759.66,-0.016826741176470587,-0.01901563378687447,-0.01979430763077613,0.0021888926104038815,-2.5281412480551614e-05,-0.0,-0.0,-0.0,-0.0,-1.322970409489591e-05,-3.4340143659424315e-05,-0.0003243109685297767
3760.58,-0.016867523529411767,-0.018979379316305528,-0.01975667583867849,0.0021118557868937612,-2.4549692559127446e-05,-0.0,-0.0,-0.0,-0.0,-1.322970409489591e-05,-3.4340143659424315e-05,-0.0003243109685297767
3761.51,-0.016876817647058822,-0.018943190912225343,-0.019718635005362386,0.0020663732651665205,-2.4270155981329547e-05,-0.0,-0.0,-0.0,-0.0,-1.322970409489591e-05,-3.4340143659424315e-05,-0.0003243109685297767
3762.43,-0.016838317647058825,-0.018907668161577844,-0.019681003213264762,0.0020693505145190187,-2.4270155981329547e-05,-0.0,-0.0,-0.0,-0.0,-1.322970409489591e-05,-3.4340143659424315e-05,-0.0003243109685297767
3763.35,-0.016743923529411765,-0.018871134154431108,-0.019643371421167122,0.0021272106250193427,-2.325889948210748e-05,-0.0,-0.0,-0.0,-0.0,-1.322970409489591e-05,-3.4340143659424315e-05,-0.0003243109685297767
3764.28,-0.016595205882352946,-0.018835225286928717,-0.019605330587851022,0.0022400194045757715,-2.325889948210748e-05,-0.0,-0.0,-0.0,-0.0,-1.322970409489591e-05,-3.4340143659424315e-05,-0.0003243109685297767
3765.2,-0.016402976470588238,-0.018404562820515013,-0.0195676987957534,0.0020015863499267747,-0.0,-0.0,-0.0,-0.0,-0.0,-0.0,-0.0,-0.0
3766.12,-0.016184964705882356,-0.018369040069867497,-0.019530067003655758,0.0021840753639851412,-0.0,-0.0,-0.0,-0.0,-0.0,-0.0,-0.0,-0.0
3767.05,-0.015962129411764708,-0.018333131202365106,-0.019492026170339655,0.0023710017906003987,-0.0,-0.0,-0.0,-0.0,-0.0,-0.0,-0.0,-0.0
3767.97,-0.015754435294117648,-0.018297608451717608,-0.01945439437824203,0.00254317315759996,-0.0,-0.0,-0.0,-0.0,-0.0,-0.0,-0.0,-0.0
3768.9,-0.015577094117647058,-0.018261699584215217,-0.01941635354492593,0.0026846054665681587,-0.0,-0.0,-0.0,-0.0,-0.0,-0.0,-0.0,-0.0
3769.82,-0.015438164705882353,-0.018226176833567705,-0.01937872175282829,0.0027880121276853513,-0.0,-0.0,-0.0,-0.0,-0.0,-0.0,-0.0,-0.0
3770.74,-0.015338170588235292,-0.018190654082920203,-0.019341089960730667,0.0028524834946849105,-0.0,-0.0,-0.0,-0.0,-0.0,-0.0,-0.0,-0.0
3771.67,-0.015271288235294117,-0.018154745215417815,-0.019303049127414564,0.0028834569801236987,-0.0,-0.0,-0.0,-0.0,-0.0,-0.0,-0.0,-0.0
3772.59,-0.015227782352941177,-0.0181192224647703,-0.019265417335316923,0.0028914401118291227,-0.0,-0.0,-0.0,-0.0,-0.0,-0.0,-0.0,-0.0
3773.52,-0.015196888235294118,-0.018083313597267926,-0.01922737650200084,0.0028864253619738083,-0.0,-0.0,-0.0,-0.0,-0.0,-0.0,-0.0,-0.0
3774.44,-0.0151694,-0.01804779084662041,-0.0191897447099032,0.0028783908466204107,-0.0,-0.0,-0.0,-0.0,-0.0,-0.0,-0.0,-0.0
3775.37,-0.015139576470588233,-0.01801188197911804,-0.019151703876587118,0.002872305508529807,-0.0,-0.0,-0.0,-0.0,-0.0,-0.0,-0.0,-0.0
3776.29,-0.015106094117647057,-0.01797635922847052,-0.019114072084489474,0.0028702651108234636,-0.0,-0.0,-0.0,-0.0,-0.0,-0.0,-0.0,-0.0
3777.22,-0.015072023529411763,-0.01794045036096815,-0.01907603125117339,0.0028684268315563883,-0.0,-0.0,-0.0,-0.0,-0.0,-0.0,-0.0,-0.0
3778.14,-0.015043752941176469,-0.017904927610320635,-0.01903839945907575,0.0028611746691441665,-0.0,-0.0,-0.0,-0.0,-0.0,-0.0,-0.0,-0.0
3779.07,-0.015029082352941175,-0.017869018742818245,-0.019000358625759647,0.0028399363898770694,-0.0,-0.0,-0.0,-0.0,-0.0,-0.0,-0.0,-0.0
3779.99,-0.015034694117647058,-0.017833495992170746,-0.018962726833662027,0.002798801874523688,-0.0,-0.0,-0.0,-0.0,-0.0,-0.0,-0.0,-0.0
3780.92,-0.015063641176470587,-0.01779758712466836,-0.018924686000345924,0.002733945948197772,-0.0,-0.0,-0.0,-0.0,-0.0,-0.0,-0.0,-0.0
3781.84,-0.015113482352941176,-0.01776206437402084,-0.018887054208248284,0.002648582021079664,-0.0,-0.0,-0.0,-0.0,-0.0,-0.0,-0.0,-0.0
3782.77,-0.015175870588235293,-0.01772615550651847,-0.018849013374932198,0.002550284918283177,-0.0,-0.0,-0.0,-0.0,-0.0,-0.0,-0.0,-0.0
3783.7,-0.015237800000000001,-0.017690246639016097,-0.018810972541616115,0.0024524466390160957,-0.0,-0.0,-0.0,-0.0,-0.0,-0.0,-0.0,-0.0
3784.62,-0.015284335294117648,-0.01765472388836858,-0.018773340749518475,0.0023703885942509325,-0.0,-0.0,-0.0,-0.0,-0.0,-0.0,-0.0,-0.0
3785.55,-0.015302035294117645,-0.017618815020866194,-0.01873529991620237,0.002316779726748548,-0.0,-0.0,-0.0,-0.0,-0.0,-0.0,-0.0,-0.0
3786.47,-0.015281994117647055,-0.017583292270218695,-0.018697668124104748,0.0023012981525716396,-0.0,-0.0,-0.0,-0.0,-0.0,-0.0,-0.0,-0.0
3787.4,-0.015222047058823527,-0.017547383402716304,-0.018659627290788648,0.002325336343892778,-0.0,-0.0,-0.0,-0.0,-0.0,-0.0,-0.0,-0.0
3788.33,-0.015127617647058821,-0.017511474535213935,-0.018621586457472566,0.002383856888155114,-0.0,-0.0,-0.0,-0.0,-0.0,-0.0,-0.0,-0.0
3789.25,-0.015011135294117645,-0.01747595178456642,-0.01858395466537492,0.0024648164904487735,-0.0,-0.0,-0.0,-0.0,-0.0,-0.0,-0.0,-0.0
3790.18,-0.014890441176470585,-0.017440042917064046,-0.01854591383205884,0.00254960174059346,-0.0,-0.0,-0.0,-0.0,-0.0,-0.0,-0.0,-0.0
3791.11,-0.01478636470588235,-0.017404134049561655,-0.018507872998742736,0.0026177693436793045,-0.0,-0.0,-0.0,-0.0,-0.0,-0.0,-0.0,-0.0
3792.03,-0.014719935294117645,-0.01736861129891414,-0.018470241206645095,0.002648676004796494,-0.0,-0.0,-0.0,-0.0,-0.0,-0.0,-0.0,-0.0
3792.96,-0.014709611764705881,-0.01733270243141177,-0.018432200373329013,0.002623090666705888,-0.0,-0.0,-0.0,-0.0,-0.0,-0.0,-0.0,-0.0
3793.89,-0.014768917647058821,-0.017296793563909396,-0.018394159540012927,0.0025278759168505752,-0.0,-0.0,-0.0,-0.0,-0.0,-0.0,-0.0,-0.0
3794.81,-0.014904888235294117,-0.01726127081326188,-0.018356527747915286,0.002356382577967763,-0.0,-0.0,-0.0,-0.0,-0.0,-0.0,-0.0,-0.0
3795.74,-0.015117617647058825,-0.01722536194575951,-0.018318486914599204,0.0021077442987006857,-0.0,-0.0,-0.0,-0.0,-0.0,-0.0,-0.0,-0.0
3796.67,-0.0154009,-0.01718945307825712,-0.0182804460812831,0.0017885530782571196,-0.0,-0.0,-0.0,-0.0,-0.0,-0.0,-0.0,-0.0
3797.6,-0.015743835294117648,-0.01715354421075475,-0.018242405247967018,0.0014097089166371021,-0.0,-0.0,-0.0,-0.0,-0.0,-0.0,-0.0,-0.0
3798.52,-0.016132923529411765,-0.01711802146010723,-0.018204773455869377,0.0009850979306954659,-0.0,-0.0,-0.0,-0.0,-0.0,-0.0,-0.0,-0.0
3799.45,-0.01655418823529412,-0.01708211259260486,-0.01816673262255329,0.0005279243573107426,-0.0,-0.0,-0.0,-0.0,-0.0,-0.0,-0.0,-0.0
