wavenumber_cm-1,imag_exp_smooth,imag_fit,imag_baseline,residual,component_I / L1 Region A free-OH motif,component_II / L1 Region B upward motif,component_III / L1 Region B upward H-bond motif,component_IV / L1 Region B parallel motif,component_V / L1 Region B liquid-oriented motif,component_VI / L1 Region B connector motif,component_VII / L2 negative bonded motif,component_VIII / L2 positive bonded motif
3300.47,-0.05144247647058823,-0.01999533089882944,-0.0385770713409004,-0.03144714557175879,0.00022530002523396534,-0.00585779151405804,0.0,0.0,0.0,0.022836182728077664,0.0,-0.0005139086867600953
3301.33,-0.050269658823529406,-0.02027520791772792,-0.038541893796113474,-0.029994450905801485,0.00022645040461191448,-0.006092749535264999,0.0,0.0,0.0,0.022756585131419656,0.0,-0.000515745443970008
3302.2,-0.04854521176470588,-0.020408152821359948,-0.03850630721010811,-0.028137058943345932,0.00022645040461191448,-0.006218044514446462,0.0,0.0,0.0,0.02271413848854733,0.0,-0.0005167249230071364
3303.07,-0.04640051176470588,-0.02061485258458352,-0.038470720624102714,-0.02578565918012236,0.00022735620623036212,-0.006387976082838926,0.0,0.0,0.0,0.02264235865521887,0.0,-0.0005183952835871452
3303.94,-0.04397898823529412,-0.020805527167531566,-0.03843513403809735,-0.023173461067762555,0.00022755660351592345,-0.006599857449984738,0.0,0.0,0.0,0.022629245202802684,0.0,-0.0005200516417176405
3304.81,-0.04141618235294118,-0.02093782340964084,-0.038399547452091974,-0.02047835894330034,0.0002282052650386742,-0.006725152429166202,0.0,0.0,0.0,0.022586798559930357,0.0,-0.000521031120754769
3305.68,-0.03882378235294118,-0.02121096916239974,-0.03836396086608661,-0.017612813190541438,0.00022854004365559176,-0.006951355690745798,0.0,0.0,0.0,0.022505618369094146,0.0,-0.000522904397173668
3306.54,-0.036278141176470595,-0.021478225281192285,-0.03832878332129968,-0.01479991589527831,0.00022916780946725745,-0.007168750609982638,0.0,0.0,0.0,0.022421700868243095,0.0,-0.0005248408384884514
3307.41,-0.033814464705882355,-0.02160908162255905,-0.038293196735294306,-0.012205383083323303,0.0002296908929181306,-0.007318302156494976,0.0,0.0,0.0,0.02240526589443124,0.0,-0.0005260099404407877
3308.28,-0.031428045882352935,-0.0217600886676901,-0.03825761014928892,-0.009667957214662834,0.00023007361108570514,-0.007469281846408935,0.0,0.0,0.0,0.022370460677147597,0.0,-0.0005273909940007187
3309.15,-0.029082802352941174,-0.02204139980217403,-0.038222023563283546,-0.007041402550767146,0.00023008241434518446,-0.007700115092033253,0.0,0.0,0.0,0.022286143452720196,0.0,-0.0005293366591512918
3310.02,-0.02672531470588235,-0.022173696044283295,-0.03818643697727818,-0.004551618661599054,0.00023073107586793522,-0.007825410071214714,0.0,0.0,0.0,0.02224369680984787,0.0,-0.0005303161381884202
3310.89,-0.024300621235294115,-0.02231946415451326,-0.038150850391272806,-0.001981157080780855,0.00023097941270415278,-0.007989368260333604,0.0,0.0,0.0,0.02222744632384051,0.0,-0.0005319001075872413
3311.76,-0.021765949470588235,-0.022572001276694443,-0.03811526380526742,0.0008060518061062082,0.00023112259729498905,-0.008207223006752992,0.0,0.0,0.0,0.022158803524103224,0.0,-0.0005338590656614992
3312.63,-0.01909985770588235,-0.02270527699784086,-0.038079677219262045,0.003605419291958508,0.00023177125881773978,-0.008332517985934455,0.0,0.0,0.0,0.022116356881230894,0.0,-0.0005358180237357562
3313.49,-0.016306204764705883,-0.02292042169555906,-0.03804449967447514,0.006614216930853178,0.00023188521432260045,-0.008514475046660077,0.0,0.0,0.0,0.02204962675324979,0.0,-0.0005377544650505375
3314.36,-0.013413837705882349,-0.023089651860198023,-0.03800891308846975,0.009675814154315674,0.00023188521432260045,-0.008699847185366967,0.0,0.0,0.0,0.022031951487933066,0.0,-0.0005397134231247954
3315.23,-0.01047338476470588,-0.023194509421859893,-0.03797332650246438,0.012721124657154012,0.00023191115421644892,-0.008796950001427137,0.0,0.0,0.0,0.021990353563052883,0.0,-0.0005416723811990523
3316.1,-0.007552390647058821,-0.023437719810645515,-0.03793773991645901,0.015885329163586693,0.00023279101594104808,-0.00904753995979,0.0,0.0,0.0,0.02196303603152089,0.0,-0.0005436313392733089
3316.97,-0.004729767117647058,-0.023615252934159777,-0.03790215333045364,0.01888548581651272,0.00023279101594104808,-0.009200465850484129,0.0,0.0,0.0,0.02190461155931612,0.0,-0.0005455902973475654
3317.84,-0.0020899082941176475,-0.023743789135505042,-0.03786656674444825,0.021653880841387394,0.00023279101594104808,-0.009330014914556988,0.0,0.0,0.0,0.021871807182659065,0.0,-0.0005475492554218234
3318.71,0.00028320347058823477,-0.02397336505174893,-0.03783098015844288,0.024256568522337166,0.00023279101594104808,-0.009547467243846204,0.0,0.0,0.0,0.02182690255468077,0.0,-0.0005505444118570923
3319.58,0.0023117093529411766,-0.024124594943221264,-0.03779539357243751,0.026436304296162443,0.00023279101594104808,-0.009683365586345829,-0.0,0.0,0.0,0.021777271630699147,0.0,-0.0005520212343070722
3320.45,0.0039290422941176475,-0.02429479954347545,-0.03775980698643214,0.0282238418375931,0.00023279101594104808,-0.00986307982768671,-0.0,0.0,0.0,0.02175326080226525,0.0,-0.0005542769622453785
3321.32,0.005084019352941177,-0.024524201742455537,-0.03772422040042675,0.029608221095396715,0.00023279101594104808,-0.010065178521884105,-0.0,0.0,0.0,0.021693987612068342,0.0,-0.0005580834742900703
3322.19,0.005743080764705882,-0.024614700003215237,-0.03768863381442138,0.03035778076792112,0.00023279101594104808,-0.010190473501065566,-0.0,0.0,0.0,0.021693987612068342,0.0,-0.0005590629533271987
3323.06,0.005890189588235294,-0.02480173011600072,-0.03765304722841601,0.030691919704236015,0.00023279101594104808,-0.010355956610531795,-0.0,-0.0,0.0,0.021639528886745172,0.0,-0.0005619274287821792
3323.93,0.00552465194117647,-0.02502669529032168,-0.03761746064241064,0.030551347231498154,0.00023279101594104808,-0.010587640071695737,-0.0,-0.0,0.0,0.021613908791197445,0.0,-0.000565365243850362
3324.8,0.004657881941176471,-0.02518502794694131,-0.03758187405640525,0.02984290988811778,0.00023279101594104808,-0.01074132240817709,-0.0,-0.0,0.0,0.021575441231674524,0.0,-0.0005673242019246192
3325.68,0.0033104943529411765,-0.025301768546742615,-0.03754587842918143,0.028612262899683792,0.00023279101594104808,-0.010878203282718267,-0.0,-0.0,0.0,0.021561692815208366,0.0,-0.0005696229288379268
3326.55,0.0015108990588235298,-0.025503377507935188,-0.037510291843176044,0.027014276566758717,0.00023279101594104808,-0.011066145751490482,-0.0,-0.0,0.0,0.02151616804147762,0.0,-0.0005735408449864412
3327.42,-0.0007040338823529409,-0.025642497634639067,-0.03747470525717068,0.024938463752286127,0.00023279101594104808,-0.011206129502679511,-0.0,-0.0,0.0,0.021483673737696794,0.0,-0.0005759591141793579
3328.29,-0.0032881750588235285,-0.025784601566999663,-0.037439118671165304,0.022496426508176133,0.00023279101594104808,-0.0113545487042513,-0.0,-0.0,0.0,0.02145689485128071,0.0,-0.0005786411560109752
3329.16,-0.006186159764705882,-0.026040542467285974,-0.03740353208515993,0.01985438270258009,0.0002319206311658822,-0.011584521892612642,-0.0,-0.0,0.0,0.02139993924282053,0.0,-0.0005825590721594871
3330.03,-0.009332736235294117,-0.0261073786223147,-0.037367945499154544,0.01677464238702058,0.00023188521432260045,-0.011682768809005139,-0.0,-0.0,0.0,0.0213976216610838,0.0,-0.000584571509674623
3330.9,-0.01265434211764706,-0.02627173822450317,-0.03733235891314918,0.01361739610685611,0.00023188521432260045,-0.011830894125784312,-0.0,-0.0,0.0,0.021348699051725012,0.0,-0.0005876593831840228
3331.77,-0.016072130352941177,-0.02647366181134522,-0.037296772327143804,0.010401531458404042,0.00023188521432260045,-0.012045675247344461,-0.0,-0.0,0.0,0.021330713713532082,0.0,-0.000592592707731878
3332.65,-0.01950598917647059,-0.026577441766895683,-0.03726077669991997,0.007071452590425093,0.00023188521432260045,-0.012140726610861423,-0.0,-0.0,0.0,0.02128777917821296,0.0,-0.000594574182565609
3333.52,-0.02287868329411765,-0.026737926803476274,-0.037225190113914605,0.003859243509358623,0.00023097941270415278,-0.01231546012007489,-0.0,-0.0,0.0,0.021270862980188203,0.0,-0.0005982799077484169
3334.39,-0.026119489176470587,-0.026945699897712748,-0.03718960352790923,0.0008262107212421606,0.00023097941270415278,-0.012503633049200696,-0.0,-0.0,0.0,0.02121980209049308,0.0,-0.0006025953806228629
3335.26,-0.029166863294117645,-0.0270060606424191,-0.037154016941903845,-0.0021608026516985457,0.00023097941270415278,-0.01259780275833984,-0.0,-0.0,0.0,0.02121980209049308,0.0,-0.000604562613648971
3336.13,-0.031970258,-0.027189702111466287,-0.03711843035589847,-0.004780555888533714,0.0002305851512272029,-0.012785745227112032,-0.0,-0.0,0.0,0.021194002693544975,0.0,-0.0006098441529578069
3337.0,-0.03449093117647059,-0.027322260399792568,-0.0370828437698931,-0.0071686707766780225,0.00023007361108570514,-0.012916769729534365,-0.0,-0.0,0.0,0.021160528900296172,0.0,-0.0006131688029303477
3337.88,-0.036701611764705884,-0.027437632237623365,-0.037046848142669266,-0.009263979527082519,0.00023007361108570514,-0.013046398347537052,-0.0,-0.0,0.0,0.0211417867175559,0.0,-0.0006163572581375352
3338.75,-0.03858465882352941,-0.02766585914238932,-0.0370112615566639,-0.010918799681140092,0.000229395675186898,-0.013264250906906742,-0.0,-0.0,0.0,0.021101255710099263,0.0,-0.0006212988576372407
3339.62,-0.04012894117647059,-0.027871178307911866,-0.036975674970658526,-0.012257762868558723,0.00022916780946725745,-0.01344033901997829,-0.0,-0.0,0.0,0.021041982519902355,0.0,-0.0006268050516305785
3340.49,-0.04132641176470589,-0.027932311781950454,-0.03694008838465316,-0.013394099982755436,0.00022916780946725745,-0.013534310254364388,-0.0,-0.0,0.0,0.021041982519902355,0.0,-0.0006297434887419641
3341.37,-0.042170147058823534,-0.02812972665380381,-0.03690409275742933,-0.014040420405019724,0.0002282620078488098,-0.013699015594309662,-0.0,-0.0,0.0,0.02097905736027444,0.0,-0.0006348094775230324
3342.24,-0.04265558823529412,-0.02831949283864367,-0.036868506171423954,-0.014336095396650449,0.0002282620078488098,-0.013865356573989107,-0.0,-0.0,0.0,0.02092343613950854,0.0,-0.0006383896593764396
3343.11,-0.04278402941176471,-0.028411950057477674,-0.036832919585418566,-0.014372079354287033,0.0002282620078488098,-0.013990651553170636,-0.0,-0.0,0.0,0.02092343613950854,0.0,-0.0006413280964878267
3343.98,-0.04256719999999999,-0.028626787546816915,-0.03679733299941319,-0.013940412453183077,0.00022735620623036212,-0.01417536101584268,-0.0,-0.0,0.0,0.02086416294931163,0.0,-0.0006470533287985579
3344.86,-0.04203291764705882,-0.02875687632706266,-0.03676133737218937,-0.01327604131999616,0.00022699070395479815,-0.014312513631299139,-0.0,-0.0,0.0,0.020840245476152288,0.0,-0.000651893936272284
3345.73,-0.041227017647058814,-0.028885092770805715,-0.036725750786183994,-0.012341924876253099,0.00022645040461191448,-0.014422183234473413,-0.0,-0.0,0.0,0.020790707907445236,0.0,-0.0006561391062500268
3346.6,-0.04021069411764705,-0.029158009524264318,-0.03669016420017862,-0.011052684593382732,0.00022584215882512682,-0.014639497779636692,-0.0,-0.0,0.0,0.020705814621700586,0.0,-0.0006620159804727977
3347.48,-0.03905372352941176,-0.02930940964860842,-0.03665416857295479,-0.009744313880803344,0.00022554460299346684,-0.014770471433155404,-0.0,-0.0,0.0,0.020653144464891613,0.0,-0.000665662156776905
3348.35,-0.0378255,-0.029434497447922568,-0.03661858198694942,-0.00839100255207743,0.00022504420421187583,-0.01490068891426812,-0.0,-0.0,0.0,0.020627070188524,0.0,-0.0006697339972880196
3349.22,-0.036586558823529416,-0.02965131082485263,-0.03658299540094405,-0.006935247998676786,0.00022463880137501917,-0.015088631383040315,-0.0,-0.0,0.0,0.020568705359966865,0.0,-0.0006756108715107905
3350.1,-0.035382911764705885,-0.02975920206974851,-0.036546999773720217,-0.005623709694957374,0.00022398962467759807,-0.015184688242619888,-0.0,-0.0,0.0,0.02052531664382785,0.0,-0.0006795947821100031
3350.97,-0.0342442705882353,-0.030037604610490487,-0.03651141318771485,-0.004206665977744814,0.00022294892655312334,-0.015373316351447765,-0.0,-0.0,0.0,0.020405908579431583,0.0,-0.0006846966489622593
3351.84,-0.0331859294117647,-0.03026586445592356,-0.036475826601709456,-0.0029200649558411423,0.0002226923016320964,-0.015547594680959244,-0.0,-0.0,0.0,0.020321876977689373,0.0,-0.0006901661356795263
3352.72,-0.03221383529411765,-0.030372282003710026,-0.036439830974485644,-0.0018415532904076243,0.00022203618422977418,-0.015642646044476155,-0.0,-0.0,0.0,0.02027894244237027,0.0,-0.000694129085346986
3353.59,-0.03133136470588235,-0.03064609003645997,-0.03640424438848026,-0.0006852746694223817,0.00022101559490122856,-0.01585770027385764,-0.0,-0.0,0.0,0.02019096324616096,0.0,-0.0006996593006365022
3354.47,-0.030546382352941177,-0.0308797245538497,-0.03636824876125644,0.0003333422009085228,0.00022073140530470088,-0.016006632611946365,-0.0,-0.0,0.0,0.020075014883784992,0.0,-0.0007043163460843382
3355.34,-0.029877070588235292,-0.030992485728112945,-0.03633266217525105,0.0011154151398776527,0.00022005569428111912,-0.01610713492325897,-0.0,-0.0,0.0,0.02003079819527041,0.0,-0.0007074590069557238
3356.22,-0.029354529411764703,-0.03131161683926301,-0.03629666654802724,0.001957087427498304,0.00021920399166433323,-0.01633836621191405,-0.0,-0.0,0.0,0.019914793152906323,0.0,-0.000714689502589163
3357.09,-0.029020888235294116,-0.03168144412115921,-0.03626107996202185,0.002660555885865095,0.00021835193804941978,-0.016567454191942096,-0.0,-0.0,0.0,0.01974500658141694,0.0,-0.000720566376811937
3357.97,-0.028922476470588234,-0.03179878393200071,-0.036225084334798034,0.0028763074614124758,0.00021766894664533047,-0.016668994258299076,-0.0,-0.0,0.0,0.019696796361712912,0.0,-0.000723660328307661
3358.84,-0.029099329411764706,-0.03206796271991882,-0.03618949774879265,0.0029686333081541116,0.00021664818181772112,-0.016852809491057955,-0.0,-0.0,0.0,0.019581301439241885,0.0,-0.0007282843936271588
3359.72,-0.029574017647058824,-0.0323792487096475,-0.036153502121568835,0.0028052310625886756,0.00021636416772025717,-0.017038892420891027,-0.0,-0.0,0.0,0.019425584841275625,0.0,-0.0007336742595783844
3360.59,-0.030343023529411768,-0.032557247875748874,-0.03611791553556345,0.0022142243463371056,0.00021571550619750633,-0.01716418740007251,-0.0,-0.0,0.0,0.01934069155553096,0.0,-0.0007366126966897704
3361.47,-0.03137351176470589,-0.03290251111409488,-0.03608191990833963,0.001528999349388993,0.00021453799239982526,-0.017385019814548833,-0.0,-0.0,0.0,0.019186584965593435,0.0,-0.0007419468349435727
3362.34,-0.032606317647058826,-0.03318736282879947,-0.03604633332233424,0.0005810451817406456,0.0002135049256539853,-0.017547440507785287,-0.0,-0.0,0.0,0.019034090606429153,0.0,-0.0007466266279604938
3363.22,-0.033964388235294116,-0.03341419137158513,-0.03601033769511043,-0.0005501968637089891,0.0002128342361681266,-0.01767699039200153,-0.0,-0.0,0.0,0.01890433344302456,0.0,-0.0007496648517587944
3364.09,-0.03536467647058824,-0.0338055452356528,-0.035974751109105044,-0.0015591312349354375,0.000211957578716752,-0.017927580350364587,-0.0,-0.0,0.0,0.01873454687153518,0.0,-0.0007555417259815684
3364.97,-0.03673074705882353,-0.034071513734015006,-0.035938755481881225,-0.0026592333248085243,0.00021154402932658975,-0.01808119953578807,-0.0,-0.0,0.0,0.01858987027570056,0.0,-0.0007589883118148299
3365.84,-0.03800364705882353,-0.034308757318145644,-0.03590316889587584,-0.003694889740677887,0.00021073895850937344,-0.018212935649480445,-0.0,-0.0,0.0,0.018452295348966304,0.0,-0.0007618919821605432
3366.72,-0.03914905882352941,-0.034751014809663125,-0.035867173268652026,-0.004398044013866287,0.00020942672370472857,-0.0184664059521923,-0.0,-0.0,0.0,0.018233491331013988,0.0,-0.0007667503363285236
3367.59,-0.04015900000000001,-0.03500718398987229,-0.03583158668264664,-0.005151816010127715,0.0002086847872603177,-0.01860971784614003,-0.0,-0.0,0.0,0.018087840432115337,0.0,-0.0007689909847058172
3368.47,-0.04104791764705883,-0.035350387306258196,-0.03579559105542282,-0.005697530340800637,0.0002077229674730297,-0.018795502243699986,-0.0,-0.0,0.0,0.017899023832455997,0.0,-0.0007728189022044639
3369.34,-0.04184411764705883,-0.03580325409101445,-0.035760004469417433,-0.006040863556044378,0.00020647420671679692,-0.019036711946244556,-0.0,-0.0,0.0,0.017657055110859722,0.0,-0.0007770346995225459
3370.22,-0.04257848823529412,-0.03598230848712526,-0.03572400884219362,-0.006596179748168861,0.00020581808931447476,-0.019163447097600435,-0.0,-0.0,0.0,0.01757118604022151,0.0,-0.0007790161743562758
3371.1,-0.04327362352941177,-0.03632533859708373,-0.03568801321496979,-0.00694828493232804,0.00020470697643668574,-0.01933432784552779,-0.0,-0.0,0.0,0.017365948173675504,0.0,-0.0007810039750829494
3371.97,-0.04393611176470588,-0.036859046506108,-0.035652426628964416,-0.00707706525859788,0.00020340965339118422,-0.01958491780389071,-0.0,-0.0,0.0,0.01705226926474929,0.0,-0.0007849218912314634
3372.85,-0.0445540705882353,-0.03718078792193149,-0.035616431001740584,-0.007373282666303813,0.0002024984905594072,-0.01976091734145276,-0.0,-0.0,0.0,0.016873397224575093,0.0,-0.0007870679846062715
3373.73,-0.04510056470588236,-0.03746158444438189,-0.03558043537451675,-0.007638980261500471,0.00020169098540034157,-0.019916894439747417,-0.0,-0.0,0.0,0.01671487441151043,0.0,-0.000788744508657647
3374.6,-0.04554170588235295,-0.03793524491318621,-0.035544848788511385,-0.007606460969166742,0.00020039366235484007,-0.02016748439811034,-0.0,-0.0,0.0,0.016460194554276483,0.0,-0.0007916140362784777
3375.48,-0.045847235294117654,-0.038171118996928835,-0.03550885316128755,-0.007676116297188819,0.0001996317926135637,-0.020288069565936023,-0.0,-0.0,0.0,0.016310630513452617,0.0,-0.0007927644597496253
3376.36,-0.04600078235294119,-0.03853216590164507,-0.03547285753406372,-0.007468616451296116,0.0001986749943639974,-0.020455720041575264,-0.0,-0.0,0.0,0.016083448230065897,0.0,-0.000794209225309693
3377.23,-0.04600705882352942,-0.0390077046224923,-0.03543727094805835,-0.006999354201037124,0.00019742121207004266,-0.02069789970062605,-0.0,-0.0,0.0,0.01581739421809061,0.0,-0.0007960366902957827
3378.11,-0.045893911764705884,-0.0392277120790886,-0.035401275320834515,-0.006666199685617283,0.00019676509466772017,-0.020824634851981993,-0.0,-0.0,0.0,0.015688590612133232,0.0,-0.0007960366902957827
3378.99,-0.04570821176470588,-0.03964021209034723,-0.0353652796936107,-0.00606799967435865,0.00019565900332765387,-0.020994828319566335,-0.0,-0.0,0.0,0.015412561663162816,0.0,-0.0007973956117789171
3379.87,-0.04550614705882353,-0.040042656554280805,-0.03532928406638687,-0.0054634905045427284,0.00019364125662617974,-0.021199656178307828,-0.0,-0.0,0.0,0.015180784225705972,0.0,-0.0007974044509320297
3380.74,-0.045340111764705884,-0.04027128682422005,-0.035293697480381504,-0.005068824940485835,0.000192992595103429,-0.021293627412693923,-0.0,-0.0,0.0,0.015010997654216677,0.0,-0.0007974044509320297
3381.62,-0.045244564705882354,-0.04071212957256723,-0.03525770185315767,-0.004532435133315124,0.00019173721067286203,-0.021519235250014625,-0.0,-0.0,0.0,0.014760830709501422,0.0,-0.0007974044509320297
3382.5,-0.045228576470588235,-0.04100534363711078,-0.03522170622593384,-0.004223232833477454,0.00019077455868033615,-0.021658694109295003,-0.0,-0.0,0.0,0.014571850738111425,0.0,-0.0007974044509320297
3383.38,-0.045272994117647056,-0.04124092491837865,-0.03518571059871001,-0.004032069199268407,0.00019001854268201878,-0.021768217726907232,-0.0,-0.0,0.0,0.014410361672334756,0.0,-0.0007974044509320297
3384.25,-0.04533500588235294,-0.04169526737624042,-0.035150124012704634,-0.0036397385061125165,0.00018872121963651786,-0.021956160195679347,-0.0,-0.0,0.0,0.01410948280883171,0.0,-0.0007974044509320297
3385.13,-0.04535922352941176,-0.04193664283855491,-0.0351141283854808,-0.0034225806908568523,0.00018790786073449262,-0.02207399104789039,-0.0,-0.0,0.0,0.013949810836792028,0.0,-0.0007966511482131126
3386.01,-0.04529191764705882,-0.042208868218488745,-0.03507813275825697,-0.0030830494285700727,0.00018700255164567483,-0.022205142672571922,-0.0,-0.0,0.0,0.013772087955592788,0.0,-0.0007952841312967114
3386.89,-0.04509488235294117,-0.04267983504645058,-0.03504213713103316,-0.0024150473064905933,0.00018478550028184308,-0.02239524539960577,-0.0,-0.0,0.0,0.013455272013075576,0.0,-0.0007933026564629812
3387.77,-0.044755847058823524,-0.04297931827575853,-0.035006141503809325,-0.0017765287830649942,0.00018367500448140584,-0.022512238611812525,-0.0,-0.0,0.0,0.01323739747283688,0.0,-0.0007929950556443925
3388.64,-0.04429316470588234,-0.04316452242378833,-0.03497055491780395,-0.001128642282094014,0.0001830263429586551,-0.022606209846198617,-0.0,-0.0,0.0,0.013110057544219907,0.0,-0.0007920155766072641
3389.52,-0.04375377647058823,-0.04349735786964112,-0.034934559290580126,-0.0002564186009471059,0.00018176852418623848,-0.022730317257436614,-0.0,-0.0,0.0,0.01286313284300841,0.0,-0.0007887485093575089
3390.4,-0.04320444705882352,-0.04373588408625747,-0.034898563663356294,0.0005314370274339467,0.00018080830653556225,-0.022840053565624345,-0.0,-0.0,0.0,0.012697665805254669,0.0,-0.0007872985805010388
3391.28,-0.042717682352941176,-0.043901969828853284,-0.03486256803613246,0.0011842874759121075,0.00017984519031970657,-0.022930163290525857,-0.0,-0.0,0.0,0.012585011179966353,0.0,-0.000785844274810532
3392.16,-0.04235515294117647,-0.044215240239436814,-0.03482657240890864,0.0018600872982603434,0.0001778318197723033,-0.023023040726720893,-0.0,-0.0,0.0,0.012327403968051731,0.0,-0.0007828040848563158
3393.04,-0.04215261176470589,-0.04441320392732032,-0.03479057678168481,0.0022605921626144346,0.00017702835109169936,-0.023100639434273578,-0.0,-0.0,0.0,0.012169673563448419,0.0,-0.0007808226100225841
3393.92,-0.04211068235294119,-0.044585075029538936,-0.03475458115446098,0.002474392676597749,0.00017611315178146032,-0.023164007009951554,-0.0,-0.0,0.0,0.012023916343264954,0.0,-0.000778841135188853
3394.79,-0.04219475882352942,-0.044882367834716094,-0.03471899456845561,0.002687609011186677,0.00017481777054817853,-0.023270301722181624,-0.0,-0.0,0.0,0.011795110715381744,0.0,-0.0007755144164783494
3395.67,-0.04234441176470589,-0.044962407917642624,-0.03468299894123178,0.002617996152936737,0.00017416165314585583,-0.023301985510020617,-0.0,-0.0,0.0,0.011709241644743457,0.0,-0.0007735329416446177
3396.55,-0.04249081764705883,-0.04511560608062007,-0.03464700331400795,0.0026247884335612384,0.00017228041074828112,-0.023353389650898265,-0.0,-0.0,0.0,0.01156992667941946,0.0,-0.0007703181741421891
3397.43,-0.04257344117647059,-0.045343124728442485,-0.034611007686784136,0.0027696835519718938,0.0001710378151043156,-0.02340909407809037,-0.0,-0.0,0.0,0.011359683932876249,0.0,-0.0007668344707046623
3398.31,-0.042555652941176476,-0.045423164811369016,-0.0345750120595603,0.0028675118701925392,0.0001703816977019929,-0.02344077786592937,-0.0,-0.0,0.0,0.011273814862237963,0.0,-0.0007648529958709306
3399.19,-0.04243367647058824,-0.045559796875150736,-0.03453901643233647,0.0031261204045624977,0.00016893601001264944,-0.023456010393148614,-0.0,-0.0,0.0,0.011113985445786848,0.0,-0.0007611648464122977
3400.07,-0.04223686470588235,-0.045685634912360995,-0.03450302080511264,0.0034487702064786435,0.0001672578596604524,-0.023488912914388108,-0.0,-0.0,0.0,0.010983530340567618,0.0,-0.0007581545249309742
3400.95,-0.04202014705882353,-0.04573385838123735,-0.03446702517788883,0.0037137113224138193,0.00016653598672189087,-0.023488912914388108,-0.0,-0.0,0.0,0.010897661269929379,0.0,-0.0007559744683498687
3401.83,-0.04185072941176471,-0.04581581657395032,-0.034431029550664995,0.003965087162185611,0.00016468580765857012,-0.023488912914388108,-0.0,-0.0,0.0,0.010776590592548064,0.0,-0.0007511992227375475
3402.71,-0.04179172941176471,-0.04588768530914857,-0.03439503392344116,0.00409595589738386,0.0001634779042165895,-0.023488912914388108,-0.0,-0.0,0.0,0.01066664993845594,0.0,-0.0007481068185210399
3403.59,-0.041886094117647064,-0.045935592145038825,-0.03435903829621733,0.004049498027391761,0.00016259928230795501,-0.023488912914388108,-0.0,-0.0,0.0,0.010580780867817654,0.0,-0.0007454533799837276
3404.47,-0.04214452941176472,-0.04599593747657821,-0.03432304266899352,0.0038514080648134885,0.00016128704750331015,-0.023447796928302234,-0.0,-0.0,0.0,0.010439195739309196,0.0,-0.0007402047524152018
3405.35,-0.042540829411764715,-0.04602505969116989,-0.034287047041769686,0.0034842302794051774,0.00015924504796350277,-0.023436671133506188,-0.0,-0.0,0.0,0.010361288910401584,0.0,-0.0007366913514748588
3406.23,-0.04301652941176471,-0.045998797663099285,-0.034251051414545854,0.0029822682513345744,0.00015858893056117999,-0.02340498734566719,-0.0,-0.0,0.0,0.010318354375082441,0.0,-0.000734709876641127
3407.11,-0.04349440000000001,-0.04604015815914233,-0.03421505578732202,0.0025457581591423195,0.00015644454147092734,-0.023345176186051877,-0.0,-0.0,0.0,0.010178031395067734,0.0,-0.0007296015813138801
3407.99,-0.04389731176470588,-0.04601878731628825,-0.0341790601600982,0.0021214755515823677,0.00015546509251963985,-0.023297878777597442,-0.0,-0.0,0.0,0.010113938924050384,0.0,-0.0007266436450649246
3408.88,-0.04416698235294118,-0.045993504392628004,-0.03414265549165591,0.0018265220396868273,0.00015452984668733175,-0.023261461941000434,-0.0,-0.0,0.0,0.010064590659094477,0.0,-0.000724092685993282
3409.76,-0.044277176470588236,-0.045976798164293946,-0.03410665986443208,0.0016996216937057093,0.0001524929252978479,-0.02319809436532246,-0.0,-0.0,0.0,0.009978721588456219,0.0,-0.000719035459428791
3410.64,-0.04423775882352941,-0.045928690264707875,-0.03407066423720827,0.0016909314411784615,0.0001511806904932033,-0.023134726789644507,-0.0,-0.0,0.0,0.009925374235449272,0.0,-0.0007158229658284231
3411.52,-0.04408931176470589,-0.04588671407166328,-0.034034668609984435,0.0017974023069573936,0.00014937384271480433,-0.02307135921396651,-0.0,-0.0,0.0,0.009866256637376615,0.0,-0.000712477320730114
3412.4,-0.04389018823529412,-0.04582591669021146,-0.0339986729827606,0.0019357284549173376,0.00014765041926546527,-0.022964480286106828,-0.0,-0.0,0.0,0.009780387566738371,0.0,-0.0007071537911697462
3413.28,-0.043699511764705885,-0.04580010754986567,-0.03396267735553677,0.002100595785159788,0.00014633818446081978,-0.02293245203795273,-0.0,-0.0,0.0,0.009737297439294955,0.0,-0.0007051579548493335
3414.16,-0.04356100588235295,-0.04568830581368519,-0.03392668172831296,0.0021272999313322397,0.00014502594965617492,-0.022842232960570256,-0.0,-0.0,0.0,0.00972080319229292,0.0,-0.000701956232363975
3415.04,-0.0434917,-0.045607020712435095,-0.033890686101089126,0.002115320712435094,0.00014280791323308245,-0.022730406926471054,-0.0,-0.0,0.0,0.009651428368656715,0.0,-0.0006970917232731308
3415.92,-0.04347569411764706,-0.045549731013927806,-0.033854690473865294,0.0020740368962807454,0.0001414956784284369,-0.022667039350793054,-0.0,-0.0,0.0,0.00960849383333757,0.0,-0.0006951102484393992
3416.81,-0.04346732352941177,-0.04545614252206356,-0.033818285805423016,0.0019888189926517905,0.00013993781286990916,-0.02254806931911145,-0.0,-0.0,0.0,0.009542983621702195,0.0,-0.0006900223498426397
3417.69,-0.043402552941176474,-0.045343340082573895,-0.033782290178199184,0.001940787141397421,0.00013795049544155515,-0.022452102128566274,-0.0,-0.0,0.0,0.009522136870252496,0.0,-0.0006865404501394492
3418.57,-0.0432161705882353,-0.045282947948520266,-0.03374629455097535,0.0020667773602849673,0.00013650047688822377,-0.022382081001183097,-0.0,-0.0,0.0,0.009474694238361447,0.0,-0.000683464211143962
3419.45,-0.04286002352941177,-0.04514184199336125,-0.03371029892375154,0.002281818463949481,0.0001338760072789341,-0.022229065714835784,-0.0,-0.0,0.0,0.009424437241308377,0.0,-0.0006786794937892356
3420.33,-0.042317364705882356,-0.04502009622006428,-0.03367430329652771,0.002702731514181926,0.00013220218779072505,-0.022087035431965232,-0.0,-0.0,0.0,0.009365164051111471,0.0,-0.000674204411797043
3421.22,-0.041609200000000006,-0.04491773107869325,-0.03363789862808544,0.003308531078693243,0.00013087504122693622,-0.022022947770200002,-0.0,-0.0,0.0,0.009365164051111471,0.0,-0.000671198424407235
3422.1,-0.040791058823529416,-0.04478955425339772,-0.033601903000861605,0.003998495429868305,0.00012869017978811865,-0.021875302237431133,-0.0,-0.0,0.0,0.009308061741505521,0.0,-0.0006675673789551651
3422.98,-0.03994145294117647,-0.04470198243137164,-0.03356590737363777,0.004760529490195169,0.00012643896838075055,-0.02176498964166869,-0.0,-0.0,0.0,0.009246617670717654,0.0,-0.0006628002886156379
3423.86,-0.03914533529411765,-0.04460175819754521,-0.03352991174641394,0.005456422903427557,0.00012512673357610503,-0.021701622065990696,-0.0,-0.0,0.0,0.009246617670717654,0.0,-0.0006608188137819062
3424.75,-0.03847655882352942,-0.04445640913539107,-0.03349350707797166,0.0059798503118616494,0.00012169274906040788,-0.021535795589734192,-0.0,-0.0,0.0,0.009187344480520747,0.0,-0.0006551876919514526
3425.63,-0.037983529411764715,-0.044331483304914904,-0.03345751145074783,0.006347953893150189,0.00011976994735232793,-0.021426002144875174,-0.0,-0.0,0.0,0.009164386862585158,0.0,-0.0006513623048099812
3426.51,-0.03768068823529413,-0.044243835634669056,-0.033421515823524,0.006563147399374927,0.00011825541307872253,-0.021326066279414052,-0.0,-0.0,0.0,0.009114833364208217,0.0,-0.0006487698854940537
3427.39,-0.03754793529411765,-0.04409423278720869,-0.033385520196300186,0.00654629749309104,0.00011563094346943286,-0.02116993554088363,-0.0,-0.0,0.0,0.00906879810012693,0.0,-0.0006428254609928617
3428.28,-0.03753838235294117,-0.04399779652651383,-0.033349115527857895,0.00645941417357266,0.00011349168914210405,-0.021077157068683804,-0.0,-0.0,0.0,0.009035095364180958,0.0,-0.0006399243210043255
3429.16,-0.03759187647058823,-0.04387120578212661,-0.033313119900634076,0.006279329311538379,0.00011125798235101312,-0.020962533798121186,-0.0,-0.0,0.0,0.009009524909930022,0.0,-0.0006363401042570417
3430.05,-0.03765051176470588,-0.04374694589992962,-0.033276715232191785,0.00609643413522374,0.00010862681547100528,-0.02081736209185323,-0.0,-0.0,0.0,0.008948738401095883,0.0,-0.0006304328913936563
3430.93,-0.03767444705882352,-0.04365763779356886,-0.03324071960496797,0.00598319073474534,0.00010665846326403878,-0.020722310728336323,-0.0,-0.0,0.0,0.008905803865776779,0.0,-0.0006274606791430613
3431.81,-0.037651170588235285,-0.04351796079755636,-0.03320472397774414,0.005866790209321078,0.00010426055162330234,-0.020606516019321144,-0.0,-0.0,0.0,0.008890978529536206,0.0,-0.0006225425623837798
3432.7,-0.03759678235294117,-0.04339845966607487,-0.033168319309301864,0.005801677313133698,0.00010107511907170747,-0.020452692071376958,-0.0,-0.0,0.0,0.008819446902691706,0.0,-0.0006187469582301622
3433.58,-0.03754921176470589,-0.043340179230150724,-0.03313232368207803,0.0057909674654448365,9.976288426706246e-05,-0.020389324495698982,-0.0,-0.0,0.0,0.00877651236737258,0.0,-0.0006157747459795659
3434.46,-0.03755611764705883,-0.04316007869872783,-0.0330963280548542,0.005603961051669,9.60755923287662e-05,-0.020224870393078763,-0.0,-0.0,0.0,0.008753996705161395,0.0,-0.0006101127811467646
3435.35,-0.037660805882352946,-0.04307427742224513,-0.03305992338641193,0.005413471539892183,9.350029642483776e-05,-0.020113670675314374,-0.0,-0.0,0.0,0.008690155404287506,0.0,-0.0006056932644304199
3436.23,-0.03788987647058824,-0.04298569812329667,-0.033023927759188096,0.005095821652708429,9.178065469725574e-05,-0.02001370091058416,-0.0,-0.0,0.0,0.00864055596918818,0.0,-0.000601952071504614
3437.12,-0.03824530588235294,-0.042833593376368585,-0.03298752309074582,0.004588287494015644,8.77992150058892e-05,-0.01985534211525376,-0.0,-0.0,0.0,0.008594612578551665,0.0,-0.0005948799283588343
3438.0,-0.03870269999999999,-0.042721621510548737,-0.032951527463521986,0.004018921510548744,8.405103055379249e-05,-0.019718083974653113,-0.0,-0.0,0.0,0.008531227310784841,0.0,-0.000589220169040059
3438.88,-0.0392159294117647,-0.04263231340418793,-0.032915531836298154,0.003416383992423229,8.208267834682495e-05,-0.01962303261113615,-0.0,-0.0,0.0,0.008488292775465714,0.0,-0.0005862479567894625
3439.77,-0.03972733529411765,-0.04248778925554267,-0.03287912716785588,0.002760453961425019,7.866177134199452e-05,-0.01950157863784911,-0.0,-0.0,0.0,0.008472947687438614,0.0,-0.0005810104251790978
3440.65,-0.04018095294117647,-0.04237341065727229,-0.03284313154063205,0.0021924577160958234,7.540620143883088e-05,-0.019355331723311976,-0.0,-0.0,0.0,0.008401935812380641,0.0,-0.0005747987146040694
3441.54,-0.04053551764705883,-0.0423151315169491,-0.03280672687218977,0.0017796138698902703,7.341548159314835e-05,-0.01929124406154677,-0.0,-0.0,0.0,0.008358513384614717,0.0,-0.0005717927272142624
3442.42,-0.040773711764705886,-0.04219322960542973,-0.03277073124496594,0.0014195178407238468,6.952432767809987e-05,-0.01914781516044446,-0.0,-0.0,0.0,0.008298246627567127,0.0,-0.0005653492239539092
3443.31,-0.04090531764705883,-0.042065251443239075,-0.03273432657652367,0.0011599337961802486,6.673900468515428e-05,-0.019032565846928206,-0.0,-0.0,0.0,0.008272156421529644,0.0,-0.0005603434850288694
3444.19,-0.04096348235294117,-0.04198791577500793,-0.03269833094929984,0.0010244334220667548,6.432358842814177e-05,-0.018940413417682017,-0.0,-0.0,0.0,0.008219470335050808,0.0,-0.0005562461614274002
3445.08,-0.040995452941176465,-0.04183133447142872,-0.03266192628085756,0.0008358815302522554,5.962276109140413e-05,-0.01878288952854388,-0.0,-0.0,0.0,0.00817970024717331,0.0,-0.0005493164705518861
3445.96,-0.041050682352941174,-0.04175780285777829,-0.03262593065363373,0.0007071205048371151,5.718837395174501e-05,-0.018710520056631673,-0.0,-0.0,0.0,0.008142864923125446,0.0,-0.0005450720357454842
3446.85,-0.04116864117647059,-0.041657557156646784,-0.03258952598519145,0.0004889159801761966,5.423560786836943e-05,-0.018584489682015665,-0.0,-0.0,0.0,0.008078457933742624,0.0,-0.0005400955925435719
3447.73,-0.04136955882352941,-0.04150488234623795,-0.03255353035796762,0.00013532352270853587,4.960609542530321e-05,-0.018448413368353195,-0.0,-0.0,0.0,0.00805650796004037,0.0,-0.0005331050277712396
3448.62,-0.0416498,-0.041414559375032134,-0.03251712568952535,-0.0002352406249678668,4.7615375579619926e-05,-0.018352281875705347,-0.0,-0.0,0.0,0.008013085532274427,0.0,-0.0005300990403814315
3449.5,-0.04198275294117647,-0.041269903016101436,-0.032481130062301515,-0.000712849925075032,4.328656096757947e-05,-0.018230726204611015,-0.0,-0.0,0.0,0.007997694507524938,0.0,-0.000523465931302881
3450.39,-0.042325082352941176,-0.04114031239585108,-0.03244472539385924,-0.0011847699570900969,3.979043846085716e-05,-0.018085334973237555,-0.0,-0.0,0.0,0.007942607486385677,0.0,-0.0005172820375597925
3451.28,-0.042627023529411764,-0.04103928676871174,-0.032408320725416946,-0.0015877367607000231,3.713528482174163e-05,-0.018021205757529548,-0.0,-0.0,-0.0,0.007942551176854997,0.0,-0.0005142728017384733
3452.16,-0.042844099999999996,-0.04091233104145052,-0.032372325098193135,-0.0019317689585494763,3.27912867100725e-05,-0.01787480246894467,-0.0,-0.0,-0.0,0.00788333429618877,0.0,-0.0005063469024035507
3453.05,-0.042947041176470586,-0.040775000699166716,-0.032335920429750836,-0.00217204047730387,2.748270045491435e-05,-0.01772255429025131,-0.0,-0.0,-0.0,0.007829110440881736,0.0,-0.000498330936030725
3453.94,-0.04292741176470588,-0.040644343159355625,-0.032299515761308566,-0.0022830686053502552,2.529907317080388e-05,-0.01762455970470882,-0.0,-0.0,-0.0,0.007824061105991861,0.0,-0.0004950336583679186
3454.82,-0.04279771176470588,-0.04049301994951784,-0.03226352013408473,-0.0023046918151880397,2.1454183073417864e-05,-0.017511384807756707,-0.0,-0.0,-0.0,0.007824061105991861,0.0,-0.0004892278735042161
3455.71,-0.0425868294117647,-0.04039150965097859,-0.032227115465642456,-0.002195319760786109,1.6677913784384165e-05,-0.01738963585615222,-0.0,-0.0,-0.0,0.007764787915794953,0.0,-0.00048201570586330175
3456.59,-0.04233275882352941,-0.04025893238928412,-0.03219111983841862,-0.0020738264342452864,1.4053444175094118e-05,-0.01729458449263526,-0.0,-0.0,-0.0,0.007764787915794953,0.0,-0.0004780527561958399
3457.48,-0.042074729411764704,-0.04008960251024677,-0.03215471516997635,-0.0019851269015179335,9.211277818318286e-06,-0.017162954997611876,-0.0,-0.0,-0.0,0.007764787915794953,0.0,-0.0004721088446048856
3458.37,-0.041846570588235286,-0.03993745987630872,-0.032118310501534075,-0.001909110711926565,5.1216514461486855e-06,-0.017029555359302628,-0.0,-0.0,-0.0,0.007744846562325529,0.0,-0.00046593350791427815
3459.25,-0.041672064705882354,-0.039865151396619294,-0.03208231487431024,-0.0018069133092630599,2.2769588183741403e-06,-0.016955553254849435,-0.0,-0.0,-0.0,0.007705514725598045,0.0,-0.00046163802144212965
3460.14,-0.041562588235294115,-0.03966004882554651,-0.03204591020586797,-0.0019025394097476056,-3.031627436781293e-06,-0.016788954203314797,-0.0,-0.0,-0.0,0.007705514725598045,0.0,-0.0004544245544286097
3461.03,-0.04151670588235294,-0.039540115205362665,-0.032009505537425674,-0.0019765906769902766,-6.434610892088864e-06,-0.016706789482918805,-0.0,-0.0,-0.0,0.007705514725598045,0.0,-0.0004498513099652515
3461.92,-0.041522247058823535,-0.039392364942706176,-0.0319731008689834,-0.0021298821161173584,-1.0025593473302838e-05,-0.01659746926092124,-0.0,-0.0,-0.0,0.007705514725598045,0.0,-0.00044442892550489827
3462.8,-0.04156010588235294,-0.03920696161567337,-0.03193710524175957,-0.0023531442666795688,-1.527453269188358e-05,-0.01644960939728967,-0.0,-0.0,-0.0,0.007705514725598045,0.0,-0.0004378239410044294
3463.69,-0.04160930588235294,-0.039072791992730456,-0.031900700573317294,-0.002536513889622484,-1.8638934659503205e-05,-0.016352728840147126,-0.0,-0.0,-0.0,0.007705514725598045,0.0,-0.00043376911201622743
3464.58,-0.04165191764705881,-0.03891854040670083,-0.031864295904875016,-0.0027333772403579856,-2.3174300346849048e-05,-0.0162369997426206,-0.0,-0.0,-0.0,0.007705514725598045,0.0,-0.00042730989660556937
3465.46,-0.04167642352941176,-0.03872612313872271,-0.031828300277651184,-0.0029503003906890535,-2.7954792935930414e-05,-0.016081604399524704,-0.0,-0.0,-0.0,0.007705514725598045,0.0,-0.00042169489725361414
3466.35,-0.04167847058823528,-0.03862474672140076,-0.03179189560920891,-0.003053723866834522,-3.1272659345402564e-05,-0.01601751673775947,-0.0,-0.0,-0.0,0.007705514725598045,0.0,-0.00041768691406720345
3467.24,-0.0416591588235294,-0.03845542438262561,-0.031755490940766636,-0.0032037344409037924,-3.6572193245630335e-05,-0.015885621789588588,-0.0,-0.0,-0.0,0.007705514725598045,0.0,-0.0004115586283424864
3468.13,-0.0416220294117647,-0.03828995556866124,-0.031719086272324344,-0.00333207384310346,-4.119633315284937e-05,-0.015758118437053662,-0.0,-0.0,-0.0,0.007705514725598045,0.0,-0.0004055676657856407
3469.02,-0.04157018235294117,-0.038167031140262805,-0.03168268160388207,-0.003403151212678361,-4.4408849172836356e-05,-0.015685045281926345,-0.0,-0.0,-0.0,0.007717690920694255,0.0,-0.0004012787103705287
3469.9,-0.04150452352941176,-0.03792901624856055,-0.031646685976658234,-0.003575507280851209,-5.097002319606171e-05,-0.015529698053922111,-0.0,-0.0,-0.0,0.007764787915794953,0.0,-0.00039533428586933564
3470.79,-0.0414231294117647,-0.037753507704228514,-0.031610281308215964,-0.0036696217075361873,-5.728160358332332e-05,-0.015391611568278106,-0.0,-0.0,-0.0,0.007764787915794953,0.0,-0.00038819928557381784
3471.68,-0.04132146470588235,-0.037652469709421287,-0.031573876639773686,-0.0036689949964610613,-5.993589671090004e-05,-0.0153275239065129,-0.0,-0.0,-0.0,0.007764787915794953,0.0,-0.00038519329818401094
3472.57,-0.04119322941176471,-0.0374594698747847,-0.031537471971331395,-0.0037337595369800122,-6.544241194220748e-05,-0.015173784159979038,-0.0,-0.0,-0.0,0.007767728606943597,0.0,-0.00037996602477841665
3473.46,-0.04103138823529412,-0.037260094461614254,-0.03150106730288912,-0.003771293773679865,-7.09124346908107e-05,-0.015068125605807059,-0.0,-0.0,-0.0,0.007824061105991861,0.0,-0.0003737102808594053
3474.35,-0.040829682352941175,-0.037159720040088905,-0.03146466263444685,-0.0036699623128522707,-7.423030110028285e-05,-0.01500403794404183,-0.0,-0.0,-0.0,0.007824061105991861,0.0,-0.0003707042934695973
3475.23,-0.04058444705882353,-0.03692913979877495,-0.031428667007223014,-0.0036553072600485834,-8.074604351108195e-05,-0.014834439353953975,-0.0,-0.0,-0.0,0.007849467818054874,0.0,-0.0003648010300150522
3476.12,-0.04029653529411765,-0.03677043336108178,-0.03139226233878074,-0.0035261019330358676,-8.576256535688956e-05,-0.014745359729423285,-0.0,-0.0,-0.0,0.00788333429618877,0.0,-0.00036062281192045204
3477.01,-0.03997297058823529,-0.03665493497231766,-0.031355857670338445,-0.0033180356159176333,-9.03943026751833e-05,-0.014665570691676559,-0.0,-0.0,-0.0,0.00788333429618877,0.0,-0.00035688036236455797
3477.9,-0.03962755882352941,-0.03644193625017576,-0.03131945300189617,-0.0031856225733536483,-9.70300354941248e-05,-0.014537395368146156,-0.0,-0.0,-0.0,0.007932182814059798,0.0,-0.0003508683875849444
3478.79,-0.03927973529411764,-0.036324065565935974,-0.03128304833345389,-0.002955669728181669,-0.00010133009090477993,-0.01446561475934403,-0.0,-0.0,-0.0,0.007942607486385677,0.0,-0.0003475015678422867
3479.68,-0.038951970588235296,-0.036191173229526634,-0.03124664366501162,-0.0027607973587086623,-0.00010667829465821957,-0.014368526705868868,-0.0,-0.0,-0.0,0.007942607486385677,0.0,-0.0003429477199344561
3480.57,-0.03866623529411764,-0.03597341192362727,-0.031210238996569325,-0.0026928233704903715,-0.00011372251570078564,-0.01424515441668418,-0.0,-0.0,-0.0,0.008001880676582586,0.0,-0.00033738631115392946
3481.46,-0.038440423529411766,-0.03584099367121931,-0.03117383432812705,-0.002599429858192455,-0.00011704038211025781,-0.014149022924036336,-0.0,-0.0,-0.0,0.008001880676582586,0.0,-0.0003343803237641213
3482.35,-0.03828559411764706,-0.035676029914247516,-0.031137429659684773,-0.002609564203399542,-0.00012400390188987753,-0.014027741727669234,-0.0,-0.0,-0.0,0.008010767950537736,0.0,-0.00032922015611474426
3483.24,-0.0382044,-0.03550393173757929,-0.0311010249912425,-0.0027004682624207077,-0.00013029530554608734,-0.013939924030769074,-0.0,-0.0,-0.0,0.008061153866779493,0.0,-0.00032563282771201266
3484.13,-0.03819084705882353,-0.03543097931208833,-0.031064620322800208,-0.0027598677467352006,-0.00013442214904225766,-0.01390261405778366,-0.0,-0.0,-0.0,0.008061153866779493,0.0,-0.00032246217049010237
3485.02,-0.03823108235294118,-0.03523623413259476,-0.03102821565435793,-0.002994848220346423,-0.00014204597555668607,-0.013774438734253202,-0.0,-0.0,-0.0,0.008093482946542658,0.0,-0.0003171962065555117
3485.91,-0.03830506470588235,-0.035047963768580374,-0.030991810985915656,-0.003257100937301978,-0.000150391839186216,-0.013646726518479738,-0.0,-0.0,-0.0,0.008120427056976402,0.0,-0.00031183494389859165
3486.8,-0.03838891176470589,-0.03494925491613347,-0.03095540631747336,-0.00343965684857242,-0.0001543732788775846,-0.013582638856714475,-0.0,-0.0,-0.0,0.008120427056976402,0.0,-0.00030983095230538524
3487.69,-0.038457605882352947,-0.034753601685648346,-0.030919001649031087,-0.003704004196704601,-0.00016091155876490134,-0.013477394748445453,-0.0,-0.0,-0.0,0.008176197942547533,0.0,-0.000305253074552876
3488.58,-0.038487935294117655,-0.034603443857145505,-0.030882596980588813,-0.0038844914369721498,-0.00016795487966710709,-0.013375862610143218,-0.0,-0.0,-0.0,0.008191734927527906,0.0,-0.0003017196872102343
3489.47,-0.038461158823529414,-0.03449401998109723,-0.03084619231214654,-0.003967138842432182,-0.00017259989264036807,-0.013343818779260604,-0.0,-0.0,-0.0,0.008235157355293845,0.0,-0.0002997156956170289
3490.36,-0.038365164705882346,-0.03433665461631104,-0.030809787643704244,-0.004028510089571308,-0.000180575900485311,-0.01322409175502939,-0.0,-0.0,-0.0,0.008238973437370218,0.0,-0.00029451606807329487
3491.25,-0.03819569411764705,-0.03420455396982414,-0.03077338297526197,-0.003991140147822904,-0.00018732472829757603,-0.013148508140320021,-0.0,-0.0,-0.0,0.008262729020628816,0.0,-0.000291604430521877
3492.14,-0.03795639411764705,-0.03408601547413263,-0.030736978306819696,-0.003870378643514416,-0.0001928153410492183,-0.013098964085143867,-0.0,-0.0,-0.0,0.008298246627567127,0.0,-0.00028923562297296883
3493.03,-0.037657723529411755,-0.03392652355458241,-0.0307005736383774,-0.0037311999748293467,-0.00020210536699574502,-0.01297078876161334,-0.0,-0.0,-0.0,0.008298246627567127,0.0,-0.00028522763978655597
3493.92,-0.03731517058823529,-0.03380793764475745,-0.030664168969935127,-0.0035072329434778365,-0.00020760037854649363,-0.012921153670496819,-0.0,-0.0,-0.0,0.008333723113729737,0.0,-0.00028285693446976633
3494.82,-0.036946852941176465,-0.033674092368364085,-0.03062735526027439,-0.0032727605728123804,-0.00021444918987365886,-0.012844220919553312,-0.0,-0.0,-0.0,0.008357519817764033,0.0,-0.0002799021611672812
3495.71,-0.036571170588235294,-0.03350510057243152,-0.030590950591832117,-0.003066070015803772,-0.00022328320697914998,-0.012766078183407843,-0.0,-0.0,-0.0,0.008416793007960941,0.0,-0.0002760909132513882
3496.6,-0.03620472941176471,-0.03340705529326656,-0.03055454592338984,-0.002797674118498149,-0.000227928219952411,-0.012701990521642614,-0.0,-0.0,-0.0,0.008416793007960941,0.0,-0.00027408692165818287
3497.49,-0.035860947058823534,-0.0333033736275719,-0.030518141254947565,-0.002557573431251632,-0.00023604583289661446,-0.012634658918529136,-0.0,-0.0,-0.0,0.008421188855928907,0.0,-0.000270613732880545
3498.38,-0.03554941764705882,-0.03312425674938386,-0.030481736586505274,-0.0024251608976749647,-0.000244464658846516,-0.012541869511081202,-0.0,-0.0,-0.0,0.00847606619815785,0.0,-0.00026734341719927726
3499.27,-0.035275941176470586,-0.03305771317263693,-0.030445331918062996,-0.0022182280038336583,-0.00024912796335120727,-0.012509531248643572,-0.0,-0.0,-0.0,0.00847633218659885,0.0,-0.0002653394256060726
3500.16,-0.035043076470588234,-0.03286244577778186,-0.030408927249620722,-0.0021806306928063776,-0.0002597451358615181,-0.01240189888218991,-0.0,-0.0,-0.0,0.008535339388354758,0.0,-0.0002626930652300539
3501.06,-0.034851276470588236,-0.032736973519125856,-0.030372113539959986,-0.0021143029514623796,-0.00026703493670662354,-0.01233709113433743,-0.0,-0.0,-0.0,0.008563531940357038,0.0,-0.00025994116502394055
3501.95,-0.03470008823529412,-0.03260964280433263,-0.03033570887151771,-0.002090445430961492,-0.0002734751522462234,-0.012273003472572219,-0.0,-0.0,-0.0,0.008594612578551665,0.0,-0.0002579371734307357
3502.84,-0.034587617647058824,-0.03242501797170055,-0.030299304203075417,-0.0021625996753582774,-0.00028356373289957395,-0.01217035375191434,-0.0,-0.0,-0.0,0.008646867823029284,0.0,-0.0002547273640606134
3503.73,-0.03451147647058823,-0.03230807921048162,-0.030262899534633143,-0.0022033972601066057,-0.00029308156229187105,-0.012101087156649974,-0.0,-0.0,-0.0,0.008664162628556394,0.0,-0.00025143081302064394
3504.62,-0.03446858235294117,-0.032168940645911116,-0.03022649486619087,-0.0022996417070300507,-0.0002990537218289209,-0.012036999494884746,-0.0,-0.0,-0.0,0.008707585056322333,0.0,-0.0002504288172240413
3505.52,-0.03445446470588235,-0.03205102405416042,-0.030189681156530132,-0.002403440651721933,-0.00030919393317451973,-0.01197219174703225,-0.0,-0.0,-0.0,0.008730558603927794,0.0,-0.00024716316902594537
3506.41,-0.03446248235294117,-0.031914328417276185,-0.030153276488087858,-0.0025481539356649874,-0.00031706213364308294,-0.011908104085267034,-0.0,-0.0,-0.0,0.00877243214914239,0.0,-0.00024515917743274043
3507.3,-0.034483241176470586,-0.031804690857624385,-0.030116871819645563,-0.002678550318846201,-0.0003233846515848904,-0.011844016423501792,-0.0,-0.0,-0.0,0.008785701934597738,0.0,-0.00024315518583953462
3508.19,-0.034504547058823526,-0.03163623572612151,-0.03008046715120329,-0.002868311332702017,-0.000334704839376315,-0.01174978957769144,-0.0,-0.0,-0.0,0.008831705339339298,0.0,-0.00024020875587693217
3509.09,-0.034512158823529406,-0.03151709870077743,-0.030043653441542553,-0.002995060122751976,-0.0003417299480047305,-0.011696982991245239,-0.0,-0.0,-0.0,0.00886639978984874,0.0,-0.0002385575183003184
3509.98,-0.03449123529411764,-0.03141652277832016,-0.030007248773100275,-0.0030747125157974814,-0.0003497178671409536,-0.01165103335211887,-0.0,-0.0,-0.0,0.008890978529536206,0.0,-0.0002371206943004448
3510.87,-0.034428270588235284,-0.03121993814029316,-0.029970844104658,-0.003208332447942122,-0.0003609206800264113,-0.01154541334469644,-0.0,-0.0,-0.0,0.00895324464538062,0.0,-0.00023381800543461896
3511.77,-0.034313164705882346,-0.031111640094990803,-0.029934030394997264,-0.003201524610891543,-0.00036695994247960714,-0.011513009470770205,-0.0,-0.0,-0.0,0.008997154965593362,0.0,-0.0002328047512582793
3512.66,-0.034140947058823534,-0.030968252971826687,-0.02989762572655499,-0.0031726940869968474,-0.0003771596706527947,-0.011414309288344164,-0.0,-0.0,-0.0,0.009012356686591666,0.0,-0.00022971844212510789
3513.55,-0.03391281764705882,-0.030814479534506497,-0.029861221058112696,-0.003098338112552324,-0.0003861506745012897,-0.011361439824221399,-0.0,-0.0,-0.0,0.009083999821125253,0.0,-0.0002280652383925795
3514.45,-0.03363618823529411,-0.030706181489204183,-0.02982440734845198,-0.002930006746089925,-0.0003921899369544823,-0.011329035950295179,-0.0,-0.0,-0.0,0.009127910141337976,0.0,-0.00022705198421624039
3515.34,-0.033323705882352936,-0.030543016722351792,-0.029788002680009685,-0.0027806891600011437,-0.00040411209219523466,-0.01122132621696121,-0.0,-0.0,-0.0,0.009155320657687127,0.0,-0.0002236839505860171
3516.23,-0.03299101176470588,-0.030417109498137074,-0.02975159801156741,-0.002573902266568808,-0.0004122864705946126,-0.011157238555195995,-0.0,-0.0,-0.0,0.009187344480520747,0.0,-0.00022231247135054058
3517.13,-0.032653870588235295,-0.03029704557725971,-0.029714784301906674,-0.002356825010975585,-0.00041998272160969523,-0.011092430807343519,-0.0,-0.0,-0.0,0.009211439773250665,0.0,-0.00022046519948073736
3518.02,-0.03232675294117647,-0.030118642999823114,-0.0296783796334644,-0.002208109941353356,-0.00043192704068379496,-0.01102834314557829,-0.0,-0.0,-0.0,0.009298284628782544,0.0,-0.00021764945904692722
3518.92,-0.03201998823529412,-0.029971346333114924,-0.029641565923803664,-0.002048641902179193,-0.0004425654768870996,-0.010927521251640029,-0.0,-0.0,-0.0,0.009316361469962854,0.0,-0.0002156229506942473
3519.81,-0.03173860588235294,-0.02986324960363046,-0.02960516125536139,-0.0018753562787224773,-0.00044853763642414726,-0.010895477420757428,-0.0,-0.0,-0.0,0.009359783897728778,0.0,-0.0002136189591010427
3520.7,-0.03148238235294117,-0.029667339643472228,-0.029568756586919112,-0.0018150427094689447,-0.0004597419891723553,-0.010791619081803584,-0.0,-0.0,-0.0,0.009424437241308377,0.0,-0.0002116149675078374
3521.6,-0.031246982352941176,-0.029549775407235804,-0.029531942877258376,-0.0016972069457053714,-0.0004687012729804225,-0.0107268113339511,-0.0,-0.0,-0.0,0.009447116645707467,0.0,-0.0002095884591551577
3522.49,-0.031025876470588236,-0.029403745390969967,-0.0294955382088161,-0.0016221310796182692,-0.0004756126185868159,-0.010662723672185891,-0.0,-0.0,-0.0,0.0094973677154415,0.0,-0.00020758446756195296
3523.39,-0.030812511764705886,-0.02923359980551616,-0.029458724499155365,-0.0015789119591897265,-0.00048704617877331656,-0.010566770697463236,-0.0,-0.0,-0.0,0.009542983621702195,0.0,-0.00020458406234524128
3524.28,-0.030602217647058824,-0.029116467785048457,-0.029422319830713074,-0.0014857498620103674,-0.0004939312674553009,-0.010515833218298177,-0.0,-0.0,-0.0,0.0095778718214521,0.0,-0.00020299127089031517
3525.18,-0.030393488235294117,-0.029014620008884582,-0.029385506121052354,-0.0013788682264095353,-0.0005026559712892248,-0.010469020514715705,-0.0,-0.0,-0.0,0.009602256811899102,0.0,-0.0002006263443622135
3526.07,-0.03018828235294118,-0.02881892492195721,-0.02934910145261006,-0.0013693574309839689,-0.0005140949040115762,-0.010363903528705755,-0.0,-0.0,-0.0,0.009665204569430791,0.0,-0.00019815570703393502
3526.97,-0.0299914,-0.028709613622478564,-0.029312287742949344,-0.0012817863775214378,-0.0005201341664647688,-0.010331499654779537,-0.0,-0.0,-0.0,0.00970911488964351,0.0,-0.00019612919868125671
3527.86,-0.02980904705882353,-0.028565258574016927,-0.02927588307450705,-0.0012437884848066037,-0.0005295651181593436,-0.010232296450940967,-0.0,-0.0,-0.0,0.00972499825232911,0.0,-0.00019402840382902
3528.76,-0.029646958823529416,-0.028415019847157552,-0.029239069364846312,-0.0012319389763718637,-0.0005391418189955849,-0.010167488703088472,-0.0,-0.0,-0.0,0.009780076382489825,0.0,-0.00019110871358685513
3529.65,-0.02950858823529412,-0.028317642660428587,-0.02920266469640404,-0.0011909455748655325,-0.0005445299459553626,-0.010103401041323241,-0.0,-0.0,-0.0,0.009781117367892691,0.0,-0.00019007068584599024
3530.55,-0.029393805882352943,-0.028144014004070485,-0.029165850986743302,-0.0012497918782824573,-0.0005561563060163436,-0.010016758336831197,-0.0,-0.0,-0.0,0.009839349572686734,0.0,-0.0001867004381532389
3531.44,-0.029298588235294118,-0.0280476316225339,-0.029129446318301028,-0.0012509566127602186,-0.0005632794393636522,-0.009951855452320288,-0.0,-0.0,-0.0,0.009839349572686734,0.0,-0.00018469644656003402
3532.34,-0.02921574705882353,-0.027927274006819706,-0.02909263260864029,-0.0012884730520038232,-0.0005706674970393179,-0.009890190494771167,-0.0,-0.0,-0.0,0.009865783933684794,0.0,-0.00018205995115760432
3533.23,-0.029137317647058823,-0.02777787251783825,-0.029056227940198017,-0.0013594451292205725,-0.0005817865062912893,-0.009801869229696074,-0.0,-0.0,-0.0,0.009898622762883643,0.0,-0.00017929818597790204
3534.13,-0.029056029411764706,-0.02766827148808375,-0.02901941423053728,-0.0013877579236809545,-0.0005868459235049915,-0.009767521888801619,-0.0,-0.0,-0.0,0.009939899501164466,0.0,-0.00017727167762522194
3535.03,-0.028966129411764706,-0.02752853027755492,-0.028982600520876544,-0.0014375991342097869,-0.0005951072248921817,-0.00967774814939792,-0.0,-0.0,-0.0,0.009957895953080552,0.0,-0.0001740492164692161
3535.92,-0.028865664705882352,-0.027414263355144852,-0.028946195852434266,-0.0014514013507374995,-0.000605416832462948,-0.009593313818259253,-0.0,-0.0,-0.0,0.009957895953080552,0.0,-0.0001705056564068434
3536.82,-0.028756958823529414,-0.027306652949116404,-0.02890938214277353,-0.0014503058744130097,-0.0006125797757913906,-0.00951757683669528,-0.0,-0.0,-0.0,0.009957895953080552,0.0,-0.0001684791480541633
3537.72,-0.028646082352941176,-0.027203174532222582,-0.028872568433112814,-0.001442907820718594,-0.0006187708392733161,-0.009465305804024712,-0.0,-0.0,-0.0,0.009975843875072169,0.0,-0.00016603848178082907
3538.61,-0.02854144705882353,-0.027035948786336805,-0.02883616376467052,-0.001505498272486725,-0.0006280608652198395,-0.009370721922363916,-0.0,-0.0,-0.0,0.010017169143277459,0.0,-0.00016203049859441767
3539.51,-0.028451876470588236,-0.02696454923152887,-0.028799350055009783,-0.0014873272390593661,-0.0006334936991507445,-0.009333243273176629,-0.0,-0.0,-0.0,0.010017169143277459,0.0,-0.00015968661848310528
3540.4,-0.028384488235294113,-0.02685391794775225,-0.02876294538656751,-0.0015305702875418638,-0.0006404046880977534,-0.009254303630825985,-0.0,-0.0,-0.0,0.010017169143277459,0.0,-0.00015768262688990031
3541.3,-0.028342847058823527,-0.02680336818145493,-0.028726131676906772,-0.0015394788773685983,-0.0006482707259649557,-0.009177018764893729,-0.0,-0.0,-0.0,0.009957895953080552,0.0,-0.0001542883579009732
3542.2,-0.028325794117647057,-0.02670422126993983,-0.028689317967246053,-0.0016215728477072255,-0.0006529679300952184,-0.009112211017041266,-0.0,-0.0,-0.0,0.009957895953080552,0.0,-0.0001522618495482941
3543.09,-0.028327176470588234,-0.026600939044389857,-0.02865291329880376,-0.0017262374261983772,-0.0006602016391751011,-0.009041861285452748,-0.0,-0.0,-0.0,0.009957895953080552,0.0,-0.00014869428528675494
3543.99,-0.02833665294117647,-0.026478463019565364,-0.028616099589143042,-0.0018581899216111065,-0.000666556188526637,-0.008953239027673778,-0.0,-0.0,-0.0,0.009957895953080552,0.0,-0.00014549582832991585
3544.89,-0.028341388235294116,-0.026415076297391097,-0.028579285879482306,-0.0019263119379030191,-0.000670775140724879,-0.008918507859571113,-0.0,-0.0,-0.0,0.009951588544728763,0.0,-0.00014332377314853277
3545.79,-0.028328329411764705,-0.026343693048358416,-0.02854247216982157,-0.001984636363406289,-0.0006780180776587511,-0.008827978767905045,-0.0,-0.0,-0.0,0.009898622762883643,0.0,-0.00013927075644317257
3546.68,-0.028286482352941174,-0.026281290823558887,-0.028506067501379295,-0.002005191529382288,-0.0006826419911155633,-0.00876890546415511,-0.0,-0.0,-0.0,0.009867409500925958,0.0,-0.0001367032987588569
3547.58,-0.028208688235294117,-0.026230048368552496,-0.02846925379171856,-0.0019786398667416202,-0.0006872082502993597,-0.00872480470210091,-0.0,-0.0,-0.0,0.009839349572686734,0.0,-0.00013394527782389684
3548.48,-0.02809179411764706,-0.02614675780198922,-0.028432440082057822,-0.0019450363156578374,-0.0006938738406041527,-0.008616615731519065,-0.0,-0.0,-0.0,0.009780076382489825,0.0,-0.00012991476078100364
3549.38,-0.02793718823529412,-0.026078001676915923,-0.028395626372397086,-0.0018591865583781966,-0.0006965579572500185,-0.00858421185759282,-0.0,-0.0,-0.0,0.009780076382489825,0.0,-0.00012788825242832357
3550.27,-0.027751023529411768,-0.02604778219042361,-0.02835922170395481,-0.0017032413389881582,-0.0007009572545504956,-0.008531101544630706,-0.0,-0.0,-0.0,0.009722982222947514,0.0,-0.00012588426083511817
3551.17,-0.027541841176470593,-0.025965544154923345,-0.028322407994294075,-0.0015762970215472474,-0.0007068283322881855,-0.008422552804386458,-0.0,-0.0,-0.0,0.00966153000209601,0.0,-0.00012188152643014967
3552.07,-0.02731894117647059,-0.02591184838139514,-0.02828559428463334,-0.001407092795075452,-0.0007100152933800116,-0.00837800779787827,-0.0,-0.0,-0.0,0.009634072067194731,0.0,-0.0001190957228572654
3552.97,-0.02709084705882353,-0.025872132241565857,-0.02824878057497262,-0.001218714817257674,-0.0007130690789888833,-0.008318827055315857,-0.0,-0.0,-0.0,0.00957806668206491,0.0,-0.00011651101429192747
3553.87,-0.026864270588235296,-0.025832218686327756,-0.028211966865311883,-0.0010320519019075408,-0.0007170952539576821,-0.008228129560829038,-0.0,-0.0,-0.0,0.00949024604163939,0.0,-0.00011245799758656729
3554.77,-0.026643529411764708,-0.025807557163005267,-0.028175153155651146,-0.0008359722487594409,-0.0007192581553685128,-0.008193314191315984,-0.0,-0.0,-0.0,0.00944306791635958,0.0,-0.00011028067652673259
3555.66,-0.02643065882352941,-0.0257522223741673,-0.028138748487208872,-0.000678436449362111,-0.0007223854637625026,-0.008106384709942611,-0.0,-0.0,-0.0,0.009374853735878938,0.0,-0.00010713251896729214
3556.56,-0.026225999999999996,-0.025727747788847767,-0.028101934777548136,-0.0004982522111522288,-0.0007249294755430352,-0.008041384501723571,-0.0,-0.0,-0.0,0.009296461978183995,0.0,-0.00010373223183156489
3557.46,-0.026029141176470583,-0.025702573179840635,-0.0280651210678874,-0.00032656799662994854,-0.000726271533865968,-0.008008980627797323,-0.0,-0.0,-0.0,0.009252551657971234,0.0,-0.00010271897765522484
3558.36,-0.0258399294117647,-0.025701159076671875,-0.028028307358226662,-0.00013877033509282488,-0.0007285193938073486,-0.00790481090765387,-0.0,-0.0,-0.0,0.009111391814602403,0.0,-9.907675075995366e-05
3559.26,-0.025659217647058818,-0.02567922348472661,-0.027991493648565926,2.0005837667792792e-05,-0.0007295158774903227,-0.007856690895161276,-0.0,-0.0,-0.0,0.009046184637151924,0.0,-9.606736961406773e-05
3560.16,-0.025489170588235292,-0.025643674136872522,-0.02795467993890521,0.00015450354863722968,-0.0007302977088347654,-0.00780823517055209,-0.0,-0.0,-0.0,0.008995023723948363,0.0,-9.404086126138892e-05
3561.06,-0.025333,-0.025638008227226554,-0.027917866229244474,0.0003050082272265525,-0.0007316397671576978,-0.007710387664096476,-0.0,-0.0,-0.0,0.008864154447312644,0.0,-9.102098255261984e-05
3561.96,-0.025194294117647058,-0.025628702185396778,-0.027881052519583737,0.00043440806774971974,-0.0007318877077057076,-0.007671997288598999,-0.0,-0.0,-0.0,0.008795907296119876,0.0,-8.862008391978246e-05
3562.86,-0.025076123529411767,-0.0256178615947887,-0.027844238809923,0.000541738065376933,-0.0007325122805666681,-0.007594352653004306,-0.0,-0.0,-0.0,0.008690691456201296,0.0,-8.659357556710236e-05
3563.75,-0.024980123529411764,-0.025609170807440206,-0.027807834141480726,0.0006290472780284412,-0.0007327234512302286,-0.007520067599006583,-0.0,-0.0,-0.0,0.008585443756943098,0.0,-8.332761107436048e-05
3564.65,-0.024905870588235294,-0.025625893431161437,-0.02777102043181999,0.0007200228429261428,-0.0007320524220687622,-0.007487663725080336,-0.0,-0.0,-0.0,0.00849762311651758,0.0,-8.231435689802044e-05
3565.55,-0.024850629411764705,-0.02557968293724938,-0.027734206722159253,0.0007290535254846769,-0.0007317808797273315,-0.007387069010921296,-0.0,-0.0,-0.0,0.008402811944223184,0.0,-7.916880663229076e-05
3566.45,-0.02480956470588235,-0.025610215342702754,-0.027697393012498534,0.0008006506368204054,-0.0007307103637458298,-0.007335373992444293,-0.0,-0.0,-0.0,0.00828047763651841,0.0,-7.7142298279612e-05
3567.35,-0.024776194117647057,-0.025583795612845482,-0.027660579302837798,0.0008076014951984255,-0.0007299290249310171,-0.007297643285788356,-0.0,-0.0,-0.0,0.008229348953112014,0.0,-7.511578992693264e-05
3568.25,-0.02474325294117647,-0.025612458894523515,-0.02762376559317706,0.000869205953347045,-0.0007277547047585346,-0.0071926457673638965,-0.0,-0.0,-0.0,0.008053707672261027,0.0,-7.231948879116554e-05
3569.15,-0.024703600000000003,-0.02561951335350022,-0.027586951883516325,0.000915913353500216,-0.0007254867190374446,-0.007127838019511415,-0.0,-0.0,-0.0,0.007939973533996308,0.0,-6.972540251696296e-05
3570.05,-0.02465107647058824,-0.025602490044972268,-0.027550138173855588,0.0009514135743840281,-0.0007234736315530452,-0.00706303027165892,-0.0,-0.0,-0.0,0.007852152893570788,0.0,-6.871214834062294e-05
3570.95,-0.024581117647058826,-0.02564188342364376,-0.027513324464194872,0.0010607657765849335,-0.0007209971982345103,-0.006997886264927446,-0.0,-0.0,-0.0,0.007705059062948407,0.0,-6.564199587996727e-05
3571.85,-0.02449108235294118,-0.025590351618409144,-0.027476510754534136,0.0010992692654679635,-0.0007178574633745665,-0.006900375290732056,-0.0,-0.0,-0.0,0.007617238422522933,0.0,-6.395011871544975e-05
3572.75,-0.02438028823529412,-0.0256064032129689,-0.0274396970448734,0.0012261149776747783,-0.0007165154050516334,-0.00686797141680581,-0.0,-0.0,-0.0,0.007529417782097415,0.0,-6.293686453910969e-05
3573.66,-0.024249800000000005,-0.02565249130282974,-0.027402474293994217,0.0014026913028297346,-0.0007115913429060293,-0.006782563575205214,-0.0,-0.0,-0.0,0.007353547558549286,0.0,-6.090771469870135e-05
3574.56,-0.024102111764705884,-0.02566342182986653,-0.027365660584333484,0.001561310065160644,-0.0007088568184000978,-0.006715321641126136,-0.0,-0.0,-0.0,0.007234254335958991,0.0,-5.953133717044596e-05
3575.46,-0.023940770588235297,-0.02566807381367067,-0.027328846874672748,0.0017273032254353712,-0.0007058648424291625,-0.006673463698456816,-0.0,-0.0,-0.0,0.007146433695533497,0.0,-5.822245862958924e-05
3576.36,-0.023770111764705885,-0.025660876980733136,-0.02729203316501201,0.0018907652160272508,-0.0007004966091374335,-0.0065686810576575045,-0.0,-0.0,-0.0,0.0070044432865870735,0.0,-5.619595027691009e-05
3577.26,-0.023594982352941177,-0.025674193893942626,-0.027255219455351275,0.0020792115410014494,-0.0006970244790510787,-0.00653062803456385,-0.0,-0.0,-0.0,0.0069115192244855956,0.0,-5.512381400517955e-05
3578.16,-0.023420552941176467,-0.025680881111129043,-0.027218405745690556,0.0022603281699525753,-0.0006924775474093165,-0.006440673043422947,-0.0,-0.0,-0.0,0.0067717071052789115,0.0,-5.351069420779806e-05
3579.06,-0.023252094117647056,-0.02572066023880869,-0.02718159203602982,0.0024685661211616347,-0.0006868534704504551,-0.006370491714655122,-0.0,-0.0,-0.0,0.006617331563240797,0.0,-5.1729545016253014e-05
3579.96,-0.023094747058823528,-0.02570296590111926,-0.027144778326369082,0.002608218842295732,-0.0006841693538045903,-0.00630568396680265,-0.0,-0.0,-0.0,0.006529510922815311,0.0,-5.0716290839913344e-05
3580.86,-0.022953170588235296,-0.02569895662685309,-0.027107964616708346,0.002745786038617793,-0.0006769869583863922,-0.006240876218950169,-0.0,-0.0,-0.0,0.006422602833316646,0.0,-4.879892978600619e-05
3581.76,-0.02283116470588235,-0.02571932767065425,-0.02707115090704761,0.002888162964771901,-0.0006720965354483939,-0.006176068471097696,-0.0,-0.0,-0.0,0.006294596451767415,0.0,-4.787162226864673e-05
3582.67,-0.022731388235294116,-0.02571829839617436,-0.02703392815616843,0.0029869101608802455,-0.0006677475101377411,-0.006110540637157968,-0.0,-0.0,-0.0,0.006187915082221262,0.0,-4.7458917593667104e-05
3583.57,-0.022655041176470585,-0.02574777815828986,-0.026997114446507695,0.003092736981819274,-0.0006596951602001437,-0.006011467836152945,-0.0,-0.0,-0.0,0.006012273801370226,0.0,-4.543240924098701e-05
3584.47,-0.02260170588235294,-0.025781541899844055,-0.026960300736846975,0.0031798360174911146,-0.0006531486771469217,-0.00593718414906126,-0.0,-0.0,-0.0,0.005860192502250264,0.0,-4.4954881260354326e-05
3585.37,-0.02256935294117647,-0.025717924154457485,-0.02692348702718624,0.0031485712132810137,-0.0006484514730166566,-0.0058723764012087645,-0.0,-0.0,-0.0,0.005816282182037504,0.0,-4.394162708401428e-05
3586.28,-0.02255454705882353,-0.02575022697116166,-0.026886264276307043,0.0031956799123381285,-0.0006408834495431817,-0.005796145146430711,-0.0,-0.0,-0.0,0.005661217959620744,0.0,-4.240057972365853e-05
3587.18,-0.02255277647058824,-0.02575694225803777,-0.026849450566646324,0.003204165787449531,-0.0006344758655068873,-0.005714184915174249,-0.0,-0.0,-0.0,0.005528628278639592,0.0,-4.190386035159752e-05
3588.08,-0.022558888235294117,-0.025764762046402004,-0.026812636856985587,0.003205873811107887,-0.0006293077577602336,-0.00567723307156408,-0.0,-0.0,-0.0,0.005440807638214102,0.0,-4.103281908741148e-05
3588.98,-0.022567523529411767,-0.025751855553206873,-0.02677582314732485,0.0031843320237951063,-0.0006206307896715985,-0.005582262628883053,-0.0,-0.0,-0.0,0.005312113687658598,0.0,-4.008964554667179e-05
3589.88,-0.02257358823529412,-0.025762188960626237,-0.026739009437664114,0.003188600725332117,-0.00061494944340541,-0.005529491308611964,-0.0,-0.0,-0.0,0.005205893167166202,0.0,-3.9665058451164435e-05
3590.79,-0.022572823529411763,-0.02576968700375086,-0.026701786686784936,0.003196863474339097,-0.0006080782021656697,-0.005452814442473981,-0.0,-0.0,-0.0,0.005077425936563182,0.0,-3.9665058451164435e-05
3591.69,-0.022561452941176466,-0.02575054299870709,-0.0266649729771242,0.0031890900575306247,-0.0005991622326587448,-0.005373541001675117,-0.0,-0.0,-0.0,0.004970002911224668,0.0,-3.829729781491738e-05
3592.59,-0.02253666470588235,-0.0257318488277096,-0.026628159267463463,0.00319518412182725,-0.0005944650285284814,-0.0053087332538226464,-0.0,-0.0,-0.0,0.004882182270799183,0.0,-3.829729781491738e-05
3593.5,-0.022496694117647056,-0.025709117847942643,-0.026590936516584285,0.003212423730295587,-0.0005852254047807665,-0.005237491752751747,-0.0,-0.0,-0.0,0.004785643285010606,0.0,-3.692953717867034e-05
3594.4,-0.022440882352941175,-0.025714283719700342,-0.026554122806923548,0.003273401366759167,-0.0005774947276429221,-0.005148046890934594,-0.0,-0.0,-0.0,0.004646292014857667,0.0,-3.692953717867034e-05
3595.3,-0.02236963529411765,-0.025720908018595653,-0.02651730909726281,0.0033512727244780043,-0.0005718713979703969,-0.005109483738517184,-0.0,-0.0,-0.0,0.004558471374432179,0.0,-3.692953717867034e-05
3596.2,-0.02228444117647059,-0.025690685122617647,-0.026480495387602093,0.0034062439461470563,-0.000561955700878455,-0.005005041183933721,-0.0,-0.0,-0.0,0.0044365390130484,0.0,-3.61423909325105e-05
3597.11,-0.02218778823529412,-0.025662816307875678,-0.026443272636722893,0.003475028072581557,-0.0005554759980495465,-0.004939513349993977,-0.0,-0.0,-0.0,0.00435439859653093,0.0,-3.556177654242328e-05
3598.01,-0.022083076470588235,-0.025647312535118885,-0.026406458927062157,0.00356423606453065,-0.0005485156882044111,-0.004874705602141497,-0.0,-0.0,-0.0,0.004261124452149865,0.0,-3.556177654242328e-05
3598.92,-0.021974435294117647,-0.02564882492590978,-0.02636923617618298,0.0036743896317921326,-0.0005378530444528552,-0.00480917776820177,-0.0,-0.0,-0.0,0.004145964052746058,0.0,-3.5525325721467176e-05
3599.82,-0.021866488235294117,-0.025628446471574477,-0.026332422466522242,0.003761958236280359,-0.0005324848111611256,-0.004744370020349299,-0.0,-0.0,-0.0,0.004058143412320572,0.0,-3.451207154512751e-05
3600.72,-0.021764047058823528,-0.025605261933430042,-0.026295608756861526,0.0038412148746065147,-0.0005243392089469151,-0.004678838359072781,-0.0,-0.0,-0.0,0.003970322771895109,0.0,-3.4194015906176236e-05
3601.63,-0.0216717,-0.025567740811504383,-0.026258386005982327,0.0038960408115043844,-0.0005134834482902998,-0.0045702934461653,-0.0,-0.0,-0.0,0.0038510221401559736,0.0,-3.4194015906176236e-05
3602.53,-0.02159344117647059,-0.02554586019824594,-0.02622157229632159,0.003952419021775351,-0.0005063566464464355,-0.004505485698312821,-0.0,-0.0,-0.0,0.0037639583442778315,0.0,-3.4194015906176236e-05
3603.44,-0.021532235294117647,-0.02549474133520339,-0.026184349545442413,0.0039625060410857435,-0.0004991376339978136,-0.004439957864373109,-0.0,-0.0,-0.0,0.003704909280831367,0.0,-3.4194015906176236e-05
3604.34,-0.021489694117647055,-0.025526522153368196,-0.026147535835781676,0.004036828035721141,-0.0004884011674143506,-0.004375150116520615,-0.0,-0.0,-0.0,0.0035592394886033987,0.0,-3.28591157192145e-05
3605.24,-0.021465829411764708,-0.025465262782603405,-0.026110722126120957,0.003999433370838697,-0.00048294588658709224,-0.004310342368668176,-0.0,-0.0,-0.0,0.0035131931107989915,0.0,-3.2826255269929185e-05
3606.15,-0.021458800000000004,-0.025426144871235457,-0.026073499375241758,0.003967344871235453,-0.00047405535312186435,-0.004244814534728424,-0.0,-0.0,-0.0,0.0034404715746612627,0.0,-3.2826255269929185e-05
3607.05,-0.021465676470588235,-0.02536881916024173,-0.02603668566558102,0.003903142689653496,-0.00046490336001947324,-0.004145830035851825,-0.0,-0.0,-0.0,0.003352650934235755,0.0,-3.2826255269929185e-05
3607.96,-0.021482499999999998,-0.025382002708161974,-0.025999462914701843,0.003899502708161976,-0.0004594754796911703,-0.004113066118881972,-0.0,-0.0,-0.0,0.0032638545089166762,0.0,-3.2826255269929185e-05
3608.86,-0.0215048,-0.025341052822471503,-0.025962649205041106,0.0038362528224715024,-0.0004493508141658484,-0.004031430117731548,-0.0,-0.0,-0.0,0.00317603386849116,0.0,-3.2826255269929185e-05
3609.77,-0.021528182352941173,-0.0252872815151048,-0.025925426454161928,0.003759099162163628,-0.0004423387547420003,-0.003960416343202293,-0.0,-0.0,-0.0,0.003114358261804087,0.0,-3.2826255269929185e-05
3610.67,-0.021548882352941175,-0.025258053509444295,-0.02588861274450119,0.00370917115650312,-0.0004355330595718734,-0.003919335623291528,-0.0,-0.0,-0.0,0.0030586899929434556,0.0,-3.2826255269929185e-05
3611.58,-0.021564164705882353,-0.025193904726549414,-0.025851389993622013,0.003629740020667061,-0.00042467729891526693,-0.003814667255834849,-0.0,-0.0,-0.0,0.00296989356762437,0.0,-3.2826255269929185e-05
3612.48,-0.021572529411764706,-0.02515855041819531,-0.025814576283961277,0.0035860210064306043,-0.0004195513902015118,-0.0037753626935963934,-0.0,-0.0,-0.0,0.0029228662185221423,0.0,-3.188492820604823e-05
3613.39,-0.021573658823529414,-0.025130814840970666,-0.025777353533082095,0.003557156017441252,-0.0004112372862412283,-0.0037234722075596294,-0.0,-0.0,-0.0,0.0028525496920766935,0.0,-3.145849463368213e-05
3614.29,-0.021568164705882353,-0.025096977720278423,-0.02574053982342136,0.00352881301439607,-0.00040195257621795173,-0.0036586644597071346,-0.0,-0.0,-0.0,0.0027752844954529268,0.0,-3.145849463368213e-05
3615.2,-0.021557164705882353,-0.025033677623610306,-0.02570331707254218,0.0034765129177279537,-0.000397203180930685,-0.003593136625767407,-0.0,-0.0,-0.0,0.0027308862827933704,0.0,-3.145849463368213e-05
3616.11,-0.021541882352941175,-0.025005263081011017,-0.02566609432166298,0.0034633807280698425,-0.00038726066078831437,-0.0035276087918276787,-0.0,-0.0,-0.0,0.0026464093912098594,0.0,-3.145849463368213e-05
3617.01,-0.021523335294117648,-0.02498187170588327,-0.025629280612002245,0.0034585364117656232,-0.00037786625252778425,-0.003462801043975184,-0.0,-0.0,-0.0,0.0025585887507843415,0.0,-3.145849463368213e-05
3617.92,-0.021502235294117652,-0.02495149531368184,-0.025592057861123067,0.0034492600195641897,-0.00037198718109081135,-0.003426405804493203,-0.0,-0.0,-0.0,0.002509269751966138,0.0,-3.145849463368213e-05
3618.82,-0.021479147058823533,-0.024889140711380858,-0.02555524415146233,0.003409993652557324,-0.0003644078634034103,-0.0033406155025903776,-0.0,-0.0,-0.0,0.002441244875236656,0.0,-3.145849463368213e-05
3619.73,-0.02145485294117647,-0.024855693387450594,-0.025518021400583152,0.003400840446274124,-0.0003558974552486278,-0.0032737560288135423,-0.0,-0.0,-0.0,0.00236168802889694,0.0,-3.124528639600316e-05
3620.64,-0.02143075882352941,-0.024824132695196264,-0.02548079864970397,0.003393373871666855,-0.00035114805996136277,-0.003240992111843691,-0.0,-0.0,-0.0,0.002317289816237401,0.0,-3.0220773839926656e-05
3621.54,-0.021409217647058824,-0.02474046419994491,-0.025443984940043234,0.003331246552886087,-0.00034235648532295217,-0.00318034303884286,-0.0,-0.0,-0.0,0.0022943777645667825,0.0,-3.0090733997435085e-05
3622.45,-0.021393594117647057,-0.024713184254650605,-0.025406762189164055,0.003319590137003548,-0.0003353608492146975,-0.003132083328555796,-0.0,-0.0,-0.0,0.0022289812833650884,0.0,-3.0090733997435085e-05
3623.35,-0.021388035294117643,-0.024684475601121747,-0.02536994847950332,0.003296440307004104,-0.00033004953989342615,-0.00309374844944243,-0.0,-0.0,-0.0,0.002177033889019073,0.0,-3.0090733997435085e-05
3624.26,-0.021396952941176467,-0.024615887097979204,-0.025332725728624123,0.003218934156802737,-0.00032121090886093616,-0.0030282206155026925,-0.0,-0.0,-0.0,0.0021338348470886894,0.0,-3.0090733997435085e-05
3625.17,-0.021424323529411766,-0.024572735475867614,-0.02529550297774494,0.003148411946455848,-0.0003157300447992145,-0.0029904106282980475,-0.0,-0.0,-0.0,0.0020962745378332315,0.0,-3.0090733997435085e-05
3626.08,-0.021472958823529415,-0.024546410491952223,-0.025258280226865763,0.003073451668422808,-0.0003092472848898477,-0.0029409059400150542,-0.0,-0.0,-0.0,0.002029190993455586,0.0,-3.0090733997435085e-05
3626.98,-0.02154388823529412,-0.024514311646228054,-0.025221466517205027,0.0029704234109339325,-0.00030175443728944516,-0.0028815018450101576,-0.0,-0.0,-0.0,0.0019560152764979653,0.0,-2.8722973361188037e-05
3627.89,-0.021635994117647064,-0.024439377253870246,-0.02518424376632585,0.0028033831362231816,-0.00029700504200217835,-0.002848737928040293,-0.0,-0.0,-0.0,0.0019560152764979653,0.0,-2.8722973361188037e-05
3628.8,-0.02174599411764706,-0.02440812841617384,-0.02514702101544665,0.0026621342985267797,-0.00028944030205957393,-0.0027887835166748873,-0.0,-0.0,-0.0,0.0018823238827856605,0.0,-2.8722973361188037e-05
3629.7,-0.021868823529411767,-0.02436093660039958,-0.02511020730578593,0.0024921130709878135,-0.0002833577309664965,-0.002739829144752414,-0.0,-0.0,-0.0,0.0018374688961041495,0.0,-2.8722973361188037e-05
3630.61,-0.021998358823529414,-0.024294414211863926,-0.025072984554906735,0.002296055388334512,-0.0002786809413402053,-0.002702188927274448,-0.0,-0.0,-0.0,0.0018242531974348468,0.0,-2.8722973361188037e-05
3631.52,-0.02212840588235294,-0.024271133678843405,-0.025035761804027553,0.0021427277964904644,-0.0002705391208477509,-0.002636661093334744,-0.0,-0.0,-0.0,0.0017354567721157672,0.0,-2.7736749554422253e-05
3632.43,-0.022254582352941178,-0.02423272507842172,-0.024998539053148375,0.0019781427254805424,-0.0002638985872802295,-0.0026196668976469317,-0.0,-0.0,-0.0,0.0017124280263519569,0.0,-2.735521272494099e-05
3633.33,-0.022373935294117648,-0.02420319549029919,-0.024961725343487638,0.0018292601961815425,-0.0002598724123114323,-0.0025872630237206967,-0.0,-0.0,-0.0,0.0016685177061392144,0.0,-2.735521272494099e-05
3634.24,-0.022485776470588234,-0.024120297350955403,-0.02492450259260846,0.0016345208803671685,-0.00025272385990620543,-0.002528279662386403,-0.0,-0.0,-0.0,0.0016478628516428066,0.0,-2.735521272494099e-05
3635.15,-0.02259185294117647,-0.02409504912221924,-0.02488727984172926,0.0015031961810427694,-0.00024751722728446343,-0.0024779941973891704,-0.0,-0.0,-0.0,0.0015797212808200836,0.0,-2.687859088572867e-05
3636.06,-0.022695764705882356,-0.024062845901505318,-0.024850057090850083,0.0013670811956229614,-0.00024350651321704094,-0.002449495573939914,-0.0,-0.0,-0.0,0.0015411029451196092,0.0,-2.598745208869394e-05
3636.97,-0.022801958823529412,-0.02402867638378765,-0.0248128343399709,0.0012267175602582378,-0.0002359925151488527,-0.002419178145350788,-0.0,-0.0,-0.0,0.0015000199560792874,0.0,-2.598745208869394e-05
3637.88,-0.02291463529411765,-0.023965882432781683,-0.024775611589091705,0.0010512471386640333,-0.0002319051419582058,-0.0023797024464795786,-0.0,-0.0,-0.0,0.0014818297549227008,0.0,-2.598745208869394e-05
3638.78,-0.02303673529411765,-0.023916755406264287,-0.02473879787943097,0.0008800201121466379,-0.00022702638121604207,-0.0023325835559503162,-0.0,-0.0,-0.0,0.0014419492707284291,0.0,-2.598745208869394e-05
3639.69,-0.02316926470588235,-0.023878055223769887,-0.024701575128551787,0.0007087905178875357,-0.00022070596926300286,-0.0023145346555834834,-0.0,-0.0,-0.0,0.0014174913001660312,0.0,-2.461969145244689e-05
3640.6,-0.02331097058823529,-0.02384955449919475,-0.02466435237767261,0.0005385839109594594,-0.00021799202909885041,-0.0022817707386136193,-0.0,-0.0,-0.0,0.0013730930875064753,0.0,-2.461969145244689e-05
3641.51,-0.023458447058823526,-0.023774981425202776,-0.024627129626793413,0.0003165343663792501,-0.000212106639695588,-0.0022307906119809935,-0.0,-0.0,-0.0,0.001353379565361862,0.0,-2.461969145244689e-05
3642.42,-0.023606588235294115,-0.023766949818098546,-0.02458990687591423,0.00016036158280443094,-0.00020712933905985952,-0.0022162429046738916,-0.0,-0.0,-0.0,0.001304010184331977,0.0,-2.4164791361839097e-05
3643.33,-0.02374934117647059,-0.023698800827337354,-0.024552684125035053,-5.0540349133234436e-05,-0.0002039717485855117,-0.0021799083558188457,-0.0,-0.0,-0.0,0.0012943330951174549,0.0,-2.325193081619984e-05
3644.24,-0.023880664705882352,-0.023668190321087624,-0.024515461374155875,-0.00021247438479472802,-0.0001977859500754927,-0.0021433086271974247,-0.0,-0.0,-0.0,0.001244736994135069,0.0,-2.325193081619984e-05
3645.15,-0.02399555882352941,-0.023636446107682937,-0.024478238623276676,-0.0003591127158464741,-0.00019445851047516393,-0.0021179511537642993,-0.0,-0.0,-0.0,0.001210375214405604,0.0,-2.325193081619984e-05
3646.06,-0.02409095294117647,-0.023601647804508553,-0.024441015872397498,-0.0004893051366679155,-0.00019055339589267172,-0.0020995676348056404,-0.0,-0.0,-0.0,0.0011854638039381607,0.0,-2.325193081619984e-05
3646.96,-0.02416630588235294,-0.023573686233535868,-0.02440420216273676,-0.0005926196488170721,-0.00018543724719135513,-0.0020558266424138562,-0.0,-0.0,-0.0,0.0011261906137412527,0.0,-2.188417017995279e-05
3647.87,-0.024222964705882352,-0.02353355121327104,-0.02436697941185758,-0.0006894134926113127,-0.00018272330702720372,-0.0020558266424138562,-0.0,-0.0,-0.0,0.0011261906137412527,0.0,-2.188417017995279e-05
3648.78,-0.024265111764705884,-0.02350689163236638,-0.024329756660978384,-0.0007582201323395044,-0.00017795260841812143,-0.0020120856500220725,-0.0,-0.0,-0.0,0.0010669174235443447,0.0,-2.188417017995279e-05
3649.69,-0.024298723529411766,-0.023473880960179636,-0.024292533910099202,-0.0008248425692321294,-0.00017252472808981887,-0.001984379558678721,-0.0,-0.0,-0.0,0.0010293730439587586,0.0,-2.188417017995279e-05
3650.6,-0.024330452941176473,-0.02343800192779613,-0.024255311159220024,-0.0008924510133803409,-0.00016914667682406065,-0.001968344657630288,-0.0,-0.0,-0.0,0.0010076442333474367,0.0,-2.1110359599996156e-05
3651.51,-0.02436669411764706,-0.023369163894051047,-0.024218088408340825,-0.0009975302235960132,-0.00016586245528345194,-0.0019408058755828006,-0.0,-0.0,-0.0,0.0010076442333474367,0.0,-2.051640954370574e-05
3652.42,-0.024412841176470593,-0.023367218238668955,-0.024180865657461647,-0.001045622937801638,-0.00016105921575123038,-0.001921811349636697,-0.0,-0.0,-0.0,0.0009483710431505286,0.0,-2.051640954370574e-05
3653.33,-0.024472747058823532,-0.0232949977864753,-0.02414364290658247,-0.001177749272348233,-0.00015902376062811602,-0.001889047432666833,-0.0,-0.0,-0.0,0.0009483710431505286,0.0,-2.051640954370574e-05
3654.24,-0.024548441176470592,-0.023298610183223996,-0.024106420155703287,-0.0012498309932465965,-0.00015455552616321558,-0.0018754453509390021,-0.0,-0.0,-0.0,0.0008890978529536205,0.0,-2.0347012388906694e-05
3655.15,-0.024640070588235297,-0.023236873296766724,-0.02406919740482409,-0.0014031972914685734,-0.00015132964390809605,-0.0018371216804549356,-0.0,-0.0,-0.0,0.0008706657430895631,0.0,-1.914864890745869e-05
3656.06,-0.024746129411764708,-0.023232844751005077,-0.02403197465394491,-0.0015132846607596312,-0.0001491311105261012,-0.0018318716678431145,-0.0,-0.0,-0.0,0.0008298246627567126,0.0,-1.914864890745869e-05
3656.97,-0.02486393529411765,-0.02315286178087821,-0.02399475190306573,-0.001711073513239441,-0.00014506020027987376,-0.0017933806880631514,-0.0,-0.0,-0.0,0.0008298246627567126,0.0,-1.914864890745869e-05
3657.89,-0.024990270588235296,-0.023146021045777586,-0.02395712011096809,-0.0018442495424577099,-0.00014248350604469573,-0.0017933806880631514,-0.0,-0.0,-0.0,0.0007962564028610221,0.0,-1.914864890745869e-05
3658.8,-0.025122111764705884,-0.023103822808347604,-0.02391989736008889,-0.002018288956358281,-0.00013959104936532606,-0.0017657910571120177,-0.0,-0.0,-0.0,0.0007705514725598046,0.0,-1.914864890745869e-05
3659.71,-0.025257164705882355,-0.023045987312515188,-0.023882674609209713,-0.002211177393367167,-0.00013569519094312312,-0.0017468219556177219,-0.0,-0.0,-0.0,0.0007667331677387976,0.0,-1.778088827121164e-05
3660.62,-0.025394105882352944,-0.023018165072981083,-0.023845451858330535,-0.002375940809371861,-0.00013365973582000955,-0.00171405803864787,-0.0,-0.0,-0.0,0.0007223349550792581,0.0,-1.778088827121164e-05
3661.53,-0.025532452941176474,-0.022980077317890434,-0.023808229107451336,-0.00255237562328604,-0.00013009572348198327,-0.0017058987032795832,-0.0,-0.0,-0.0,0.0007112782823628965,0.0,-1.778088827121164e-05
3662.44,-0.025672082352941182,-0.022944553193746622,-0.023771006356572158,-0.0027275291591945597,-0.0001271536232126653,-0.0016922711970999297,-0.0,-0.0,-0.0,0.0006928117199570587,0.0,-1.778088827121164e-05
3663.35,-0.025812647058823534,-0.022916248741475534,-0.023733783605692976,-0.002896398317348,-0.00012557710946331833,-0.001662157710887799,-0.0,-0.0,-0.0,0.0006520050921659885,0.0,-1.778088827121164e-05
3664.26,-0.02595309411764706,-0.02287531769142587,-0.02369656085481378,-0.003077776426221191,-0.00012206713951435226,-0.001662157710887799,-0.0,-0.0,-0.0,0.0006520050921659885,0.0,-1.778088827121164e-05
3665.18,-0.02609148823529412,-0.02284812148143433,-0.023658929062716157,-0.0032433667538597916,-0.00011853879311505498,-0.0016184167184960145,-0.0,-0.0,-0.0,0.0005927319019690804,0.0,-1.6413127634964592e-05
3666.09,-0.02622543529411765,-0.022809343431251558,-0.02362170631183696,-0.0034160918628660907,-0.00011718182303297809,-0.0016184167184960145,-0.0,-0.0,-0.0,0.0005927319019690804,0.0,-1.6413127634964592e-05
3667.0,-0.026352317647058823,-0.02277065520933618,-0.02358448356095778,-0.003581662437722642,-0.0001138954955036082,-0.001612730389485075,-0.0,-0.0,-0.0,0.0005850263872434722,0.0,-1.6413127634964592e-05
3667.91,-0.02646939411764706,-0.02274460212383583,-0.023547260810078602,-0.0037247919938112294,-0.00011175047801348289,-0.0015746757261042306,-0.0,-0.0,-0.0,0.0005334587117721723,0.0,-1.6413127634964592e-05
3668.82,-0.026574700000000003,-0.02270559549461464,-0.023510038059199403,-0.0038691045053853637,-0.00011016492889299078,-0.0015746757261042306,-0.0,-0.0,-0.0,0.0005334587117721723,0.0,-1.6413127634964592e-05
3669.74,-0.0266673,-0.022664227918071846,-0.02347240626710178,-0.004003072081928155,-0.00010662965311131268,-0.0015746757261042306,-0.0,-0.0,-0.0,0.0005334587117721723,0.0,-1.6413127634964592e-05
3670.65,-0.026747211764705882,-0.022633968566519076,-0.023435183516222584,-0.004113243198186806,-0.00010494725115276767,-0.001549769331655149,-0.0,-0.0,-0.0,0.0004997081868166179,0.0,-1.6413127634964592e-05
3671.56,-0.026814958823529408,-0.022601301678584186,-0.023397960765343402,-0.004213657144945222,-0.00010301337601990224,-0.0015309347337124463,-0.0,-0.0,-0.0,0.0004741855215752643,0.0,-1.6413127634964592e-05
3672.47,-0.026870964705882353,-0.02256224494119649,-0.023360738014464224,-0.004308719764685862,-0.00010042170775171995,-0.0015279824901072061,-0.0,-0.0,-0.0,0.0004701849516944156,0.0,-1.6320812340521984e-05
3673.39,-0.026915070588235293,-0.022533767132751195,-0.023323106222366583,-0.004381303455484098,-9.904982591050022e-05,-0.0014948585300937221,-0.0,-0.0,-0.0,0.0004252988465880576,0.0,-1.5285041404708126e-05
3674.3,-0.026946388235294116,-0.022496431614016703,-0.023285883471487384,-0.004449956621277413,-9.665333524605214e-05,-0.0014871937413206623,-0.0,-0.0,-0.0,0.0004149123313783563,0.0,-1.5045366998717543e-05
3675.21,-0.026963699999999993,-0.022456881481179424,-0.023248660720608206,-0.004506818518820569,-9.452428250945212e-05,-0.0014871937413206623,-0.0,-0.0,-0.0,0.0004149123313783563,0.0,-1.5045366998717543e-05
3676.12,-0.026966070588235292,-0.02242020670676831,-0.023211437969729028,-0.004545863881466983,-9.303705815464393e-05,-0.0014809037866147406,-0.0,-0.0,-0.0,0.0004063888466280635,0.0,-1.5045366998717543e-05
3677.04,-0.026953482352941177,-0.022392929310085484,-0.023173806177631387,-0.004560553042855693,-9.029329447220343e-05,-0.0014434527489288781,-0.0,-0.0,-0.0,0.00035563914118144825,0.0,-1.5045366998717543e-05
3677.95,-0.026927111764705882,-0.022354365544259354,-0.023136583426752205,-0.004572746220446528,-8.915060874675156e-05,-0.0014434527489288781,-0.0,-0.0,-0.0,0.00035563914118144825,0.0,-1.5045366998717543e-05
3678.86,-0.026889176470588236,-0.022315376674411146,-0.02309936067587301,-0.0045737997961770895,-8.75828189992415e-05,-0.0014434527489288781,-0.0,-0.0,-0.0,0.00035563914118144825,0.0,-1.5045366998717543e-05
3679.78,-0.02684249411764706,-0.022236223573300712,-0.02306172888377537,-0.004606270544346348,-8.499220372544048e-05,-0.001399711756537094,-0.0,-0.0,-0.0,0.00035062833386516627,0.0,-1.5045366998717543e-05
3680.69,-0.026789870588235294,-0.022241843735777495,-0.023024506132896187,-0.004548026852457799,-8.363523364336477e-05,-0.001399711756537094,-0.0,-0.0,-0.0,0.000306230121205627,0.0,-1.5045366998717543e-05
3681.6,-0.02673328823529412,-0.02221278017209838,-0.02298728338201701,-0.00452050806319574,-8.212857984384042e-05,-0.001399711756537094,-0.0,-0.0,-0.0,0.0002963659509845402,0.0,-1.5045366998717543e-05
3682.52,-0.026673676470588235,-0.022142154941286563,-0.02294965158991937,-0.004531521529301672,-8.000058010162073e-05,-0.0013699766299091543,-0.0,-0.0,-0.0,0.0002963659509845402,0.0,-1.4115563318196652e-05
3683.43,-0.026611129411764706,-0.022123841643293264,-0.02291242883904019,-0.004487287768471442,-7.86436100195449e-05,-0.0013559707641453097,-0.0,-0.0,-0.0,0.00026145737607551913,0.0,-1.3677606362470495e-05
3684.34,-0.02654450588235294,-0.022109428208398372,-0.02287520608816099,-0.004435077673954568,-7.728663993746828e-05,-0.0013559707641453097,-0.0,-0.0,-0.0,0.00023709276078763214,0.0,-1.3677606362470495e-05
3685.26,-0.02647165294117647,-0.022065237636816518,-0.02283757429606335,-0.004406415304359951,-7.509524540447803e-05,-0.0013518038878575771,-0.0,-0.0,-0.0,0.00023709276078763214,0.0,-1.3677606362470495e-05
3686.17,-0.026389888235294118,-0.021994374154704947,-0.022800351545184172,-0.00439551408058917,-7.441676036344017e-05,-0.0013190399708877254,-0.0,-0.0,-0.0,0.00023709276078763214,0.0,-1.3677606362470495e-05
3687.09,-0.026296700000000003,-0.021947594999000675,-0.02276271975308653,-0.004349105000999328,-7.22801045545046e-05,-0.0013122297717535253,-0.0,-0.0,-0.0,0.00023709276078763214,0.0,-1.3677606362470495e-05
3688.0,-0.026190505882352944,-0.021929599611130713,-0.02272549700220735,-0.0042609062712222305,-7.09231344724286e-05,-0.0013122297717535253,-0.0,-0.0,-0.0,0.0002163100984748426,0.0,-1.3677606362470495e-05
3688.92,-0.026071217647058827,-0.021928885956412476,-0.02268786521010971,-0.004142331690646352,-6.95512526312088e-05,-0.0013122297717535253,-0.0,-0.0,-0.0,0.00017781957059072412,0.0,-1.3677606362470495e-05
3689.83,-0.02594042352941177,-0.02185888175852364,-0.02265064245923053,-0.004081541770888129,-6.819428254913257e-05,-0.0012810036240474413,-0.0,-0.0,-0.0,0.00017781957059072412,0.0,-1.3677606362470495e-05
3690.74,-0.02580102352941177,-0.02180813776811344,-0.022613419708351352,-0.0039928857612983315,-6.738621692531535e-05,-0.0012684887793617413,-0.0,-0.0,-0.0,0.00017781957059072412,0.0,-1.3677606362470495e-05
3691.66,-0.025656529411764706,-0.021768632395150433,-0.022575787916253708,-0.0038878970166142737,-6.57131447234418e-05,-0.0012684887793617413,-0.0,-0.0,-0.0,0.00017781957059072412,0.0,-1.3677606362470495e-05
3692.57,-0.025510135294117647,-0.021734997347133373,-0.022538565165374513,-0.0037751379469842736,-6.421018772677183e-05,-0.0012684887793617413,-0.0,-0.0,-0.0,0.00017116282087416618,0.0,-1.2309845726223445e-05
3693.49,-0.02536399411764706,-0.021741365210557986,-0.02250093337327689,-0.0036226289070890733,-6.352424680616231e-05,-0.0012684887793617413,-0.0,-0.0,-0.0,0.00012627671576783024,0.0,-1.2309845726223445e-05
3694.41,-0.025218735294117643,-0.021666268504452687,-0.02246330158117925,-0.0035524667896649556,-6.227049847976839e-05,-0.001224747786969957,-0.0,-0.0,-0.0,0.00011854638039381607,0.0,-1.2309845726223445e-05
3695.32,-0.025073294117647055,-0.021627490454269913,-0.022426078830300053,-0.003445803663377142,-6.0913528397691485e-05,-0.001224747786969957,-0.0,-0.0,-0.0,0.00011854638039381607,0.0,-1.2309845726223445e-05
3696.24,-0.02492508823529412,-0.021588286271667576,-0.02238844703820243,-0.0033368019636265435,-5.954164655647209e-05,-0.001224747786969957,-0.0,-0.0,-0.0,0.00011854638039381607,0.0,-1.2309845726223445e-05
3697.15,-0.024770364705882356,-0.021549508221484805,-0.02235122428732323,-0.003220856484397551,-5.818467647439569e-05,-0.001224747786969957,-0.0,-0.0,-0.0,0.00011854638039381607,0.0,-1.2309845726223445e-05
3698.07,-0.024604852941176474,-0.021466689400155177,-0.02231359249522559,-0.0031381635410212966,-5.693914829768894e-05,-0.001181006794578173,-0.0,-0.0,-0.0,0.00011854638039381607,0.0,-1.2309845726223445e-05
3698.98,-0.024424517647058826,-0.02142858983501346,-0.02227636974434641,-0.0029959278120453674,-5.6260663256650834e-05,-0.001181006794578173,-0.0,-0.0,-0.0,0.00011854638039381607,0.0,-1.2309845726223445e-05
3699.9,-0.02422622941176471,-0.02144875980552091,-0.02223873795224877,-0.0027774696062437994,-5.4989744328327304e-05,-0.001181006794578173,-0.0,-0.0,-0.0,5.9273190196908034e-05,0.0,-1.2309845726223445e-05
3700.81,-0.02400842352941177,-0.021409799347932735,-0.02220151520136959,-0.002598624181479034,-5.399043567655541e-05,-0.001181006794578173,-0.0,-0.0,-0.0,5.9273190196908034e-05,0.0,-1.176977689049748e-05
3701.73,-0.023772464705882356,-0.021357006870020408,-0.02216388340927195,-0.0024154578358619484,-5.316669402347916e-05,-0.001167698050880581,-0.0,-0.0,-0.0,5.9273190196908034e-05,0.0,-1.0942085089976395e-05
3702.65,-0.02352244117647059,-0.021287370438723866,-0.02212625161717431,-0.0022350707377467235,-5.179481218225891e-05,-0.0011372658021863886,-0.0,-0.0,-0.0,5.9273190196908034e-05,0.0,-1.0942085089976395e-05
3703.56,-0.023264935294117647,-0.021249188813616777,-0.02208902886629513,-0.0020157464805008705,-5.10342671758496e-05,-0.0011372658021863886,-0.0,-0.0,-0.0,5.9273190196908034e-05,0.0,-1.0942085089976395e-05
3704.48,-0.023008317647058824,-0.021211047136312864,-0.02205139707419749,-0.0017972705107459595,-5.072489063306885e-05,-0.0011372658021863886,-0.0,-0.0,-0.0,5.9273190196908034e-05,0.0,-1.0942085089976395e-05
3705.4,-0.022761558823529413,-0.02117215233025329,-0.022013765282099848,-0.0015894064932761229,-4.966238533462975e-05,-0.0011372658021863886,-0.0,-0.0,-0.0,5.9273190196908034e-05,0.0,-1.0942085089976395e-05
3706.31,-0.02253285882352941,-0.02113405276511157,-0.02197654253122067,-0.001398806058417839,-4.898390029359188e-05,-0.0011372658021863886,-0.0,-0.0,-0.0,5.9273190196908034e-05,0.0,-1.0942085089976395e-05
3707.23,-0.022328411764705885,-0.021072435791764082,-0.02193891073912303,-0.001255975972941803,-4.768263134979004e-05,-0.0010935248097946047,-0.0,-0.0,-0.0,3.8015601447677375e-05,0.0,-1.0942085089976395e-05
3708.15,-0.02215159411764706,-0.02107164267793476,-0.02190127894702539,-0.0010799514397123004,-4.670621683392401e-05,-0.0010935248097946047,-0.0,-0.0,-0.0,-0.0,0.0,-1.0942085089976395e-05
3709.06,-0.022002729411764704,-0.021033374962045097,-0.021864056196146207,-0.0009693544497196074,-4.5859581044941486e-05,-0.0010935248097946047,-0.0,-0.0,-0.0,-0.0,0.0,-1.0942085089976395e-05
3709.98,-0.021879417647058825,-0.020993761564595804,-0.021826424404048566,-0.0008856560824630211,-4.529008092238289e-05,-0.0010935248097946047,-0.0,-0.0,-0.0,-0.0,0.0,-9.730488524373097e-06
3710.9,-0.02177727647058824,-0.020955138868793306,-0.021788792611950925,-0.0008221376017949339,-4.465584995166598e-05,-0.0010935248097946047,-0.0,-0.0,-0.0,-0.0,0.0,-9.574324453729346e-06
3711.81,-0.021690788235294124,-0.02087733274788147,-0.021751569861071747,-0.000813455487412653,-4.357045051732051e-05,-0.0010542251684177912,-0.0,-0.0,-0.0,-0.0,0.0,-9.574324453729346e-06
3712.73,-0.021614194117647062,-0.020834061321655085,-0.021713938068974106,-0.0007801327959919765,-4.257267606703993e-05,-0.0010497838174028202,-0.0,-0.0,-0.0,-0.0,0.0,-9.574324453729346e-06
3713.65,-0.02154214705882353,-0.02079622902089395,-0.021676306276876466,-0.0007459180379295813,-4.257267606703993e-05,-0.0010497838174028202,-0.0,-0.0,-0.0,-0.0,0.0,-9.574324453729346e-06
3714.57,-0.021470223529411765,-0.02075709045229633,-0.021638674484778825,-0.0007131330771154333,-4.126640823055642e-05,-0.0010497838174028202,-0.0,-0.0,-0.0,-0.0,0.0,-9.574324453729346e-06
3715.48,-0.02139521764705882,-0.020719164036795242,-0.021601451733899643,-0.0006760536102635786,-4.07610728301446e-05,-0.0010497838174028202,-0.0,-0.0,-0.0,-0.0,0.0,-9.574324453729346e-06
3716.4,-0.021315247058823525,-0.02068067287858189,-0.021563819941802006,-0.0006345741802416364,-4.010221537792611e-05,-0.0010497838174028202,-0.0,-0.0,-0.0,-0.0,0.0,-9.574324453729346e-06
3717.32,-0.02122870588235294,-0.02059931749622041,-0.021526188149704365,-0.0006293883861325303,-3.897727770293568e-05,-0.0010073856734774663,-0.0,-0.0,-0.0,-0.0,0.0,-9.574324453729346e-06
3718.24,-0.02113434705882353,-0.02061916859302354,-0.021488556357606742,-0.0005151784657999904,-3.8730333536706545e-05,-0.0010060428250110362,-0.0,-0.0,-0.0,-5.9273190196908034e-05,0.0,-9.574324453729346e-06
3719.15,-0.021030911764705885,-0.020581069027881805,-0.021451333606727543,-0.0004498427368240798,-3.805184849566809e-05,-0.0010060428250110362,-0.0,-0.0,-0.0,-5.9273190196908034e-05,0.0,-9.574324453729346e-06
3720.07,-0.020916829411764707,-0.020540954984345113,-0.021413701814629902,-0.0003758744274195945,-3.7137866356353974e-05,-0.0010060428250110362,-0.0,-0.0,-0.0,-5.9273190196908034e-05,0.0,-8.206563817482296e-06
3720.99,-0.020790152941176473,-0.02050266478388209,-0.02137607002253228,-0.0002874881572943813,-3.6679966654448516e-05,-0.0010060428250110362,-0.0,-0.0,-0.0,-5.9273190196908034e-05,0.0,-8.206563817482296e-06
3721.91,-0.02064872352941176,-0.02044139486236571,-0.021338438230434638,-0.00020732866704605002,-3.623206473790632e-05,-0.0009830531061723372,-0.0,-0.0,-0.0,-5.9273190196908034e-05,0.0,-8.206563817482296e-06
3722.83,-0.02049055294117647,-0.020381887308126814,-0.021300806438336997,-0.00010866563304965521,-3.530808481322861e-05,-0.000962301832619252,-0.0,-0.0,-0.0,-5.9273190196908034e-05,0.0,-8.206563817482296e-06
3723.75,-0.0203144,-0.02034336906644507,-0.021263174646239356,2.8969066445071884e-05,-3.4622143892618484e-05,-0.000962301832619252,-0.0,-0.0,-0.0,-5.9273190196908034e-05,0.0,-8.206563817482296e-06
3724.67,-0.02012040588235294,-0.020305272367852775,-0.021225542854141716,0.0001848664854998336,-3.435774606145343e-05,-0.000962301832619252,-0.0,-0.0,-0.0,-5.9273190196908034e-05,0.0,-8.206563817482296e-06
3725.58,-0.019910670588235292,-0.020267008201573206,-0.021188320103262537,0.0003563376133379134,-3.3514659882563344e-05,-0.000962301832619252,-0.0,-0.0,-0.0,-5.9273190196908034e-05,0.0,-8.206563817482296e-06
3726.5,-0.019689629411764706,-0.02022910173830456,-0.021150688311164897,0.0005394723265398534,-3.34404973750529e-05,-0.000962301832619252,-0.0,-0.0,-0.0,-5.9273190196908034e-05,0.0,-8.206563817482296e-06
3727.42,-0.019464117647058823,-0.020190437798432485,-0.021113056519067256,0.0007263201513736627,-3.2608858264115685e-05,-0.000962301832619252,-0.0,-0.0,-0.0,-5.9273190196908034e-05,0.0,-8.206563817482296e-06
3728.34,-0.019242994117647058,-0.020127804761683583,-0.021075424726969615,0.0008848106440365253,-3.210569678758806e-05,-0.000938004258108012,-0.0,-0.0,-0.0,-5.9273190196908034e-05,0.0,-8.206563817482296e-06
3729.26,-0.01903639411764706,-0.02007012640289998,-0.021037792934871975,0.001033732285252921,-3.170305664566803e-05,-0.0009185608402274678,-0.0,-0.0,-0.0,-5.9273190196908034e-05,0.0,-8.206563817482296e-06
3730.18,-0.018854547058823532,-0.020031388300520418,-0.02100016114277435,0.0011768412416968861,-3.0797255027220374e-05,-0.0009185608402274678,-0.0,-0.0,-0.0,-5.9273190196908034e-05,0.0,-8.206563817482296e-06
3731.1,-0.01870643529411765,-0.01999325951956705,-0.02096252935067671,0.0012868242254493976,-3.0500774834982352e-05,-0.0009185608402274678,-0.0,-0.0,-0.0,-5.9273190196908034e-05,0.0,-8.206563817482296e-06
3732.02,-0.01859844117647059,-0.019964845439331268,-0.02092489755857907,0.0013664042628606793,-2.9891453408772715e-05,-0.0009185608402274678,-0.0,-0.0,-0.0,-6.930073214847622e-05,0.0,-8.206563817482296e-06
3732.94,-0.01853324117647059,-0.019975639467603903,-0.02088726576648143,0.0014423982911333129,-2.927213419719961e-05,-0.0009185608402274678,-0.0,-0.0,-0.0,-0.00011854638039381607,0.0,-8.206563817482296e-06
3733.86,-0.018509229411764704,-0.019937520684435894,-0.02084963397438379,0.0014282912726711894,-2.8985651790325056e-05,-0.0009185608402274678,-0.0,-0.0,-0.0,-0.00011854638039381607,0.0,-8.206563817482296e-06
3734.78,-0.018520564705882352,-0.019868508710773065,-0.020812002182286148,0.001347944004890713,-2.8985651790325056e-05,-0.000887381167325772,-0.0,-0.0,-0.0,-0.00011854638039381607,0.0,-8.206563817482296e-06
3735.7,-0.018558135294117647,-0.019815841528267163,-0.020774370390188524,0.0012577062341495165,-2.8079850171877397e-05,-0.0008748198478356836,-0.0,-0.0,-0.0,-0.00011854638039381607,0.0,-6.838803181235247e-06
3736.62,-0.018610741176470588,-0.01977800922750603,-0.020736738598090883,0.0011672680510354423,-2.8079850171877397e-05,-0.0008748198478356836,-0.0,-0.0,-0.0,-0.00011854638039381607,0.0,-6.838803181235247e-06
3737.54,-0.018666611764705885,-0.01973927112512645,-0.020699106805993243,0.001072659360420565,-2.7174048553429738e-05,-0.0008748198478356836,-0.0,-0.0,-0.0,-0.00011854638039381607,0.0,-6.838803181235247e-06
3738.46,-0.018714917647058828,-0.019701089626518883,-0.020661475013895602,0.0009861719794600557,-2.6824850706998026e-05,-0.0008748198478356836,-0.0,-0.0,-0.0,-0.00011854638039381607,0.0,-6.838803181235247e-06
3739.38,-0.0187470705882353,-0.019662700721985733,-0.02062384322179796,0.000915630133750435,-2.6268246934982082e-05,-0.0008748198478356836,-0.0,-0.0,-0.0,-0.00011854638039381607,0.0,-6.838803181235247e-06
3740.3,-0.018757564705882353,-0.019624868421224597,-0.02058621142970032,0.0008673037153422436,-2.6268246934982082e-05,-0.0008748198478356836,-0.0,-0.0,-0.0,-0.00011854638039381607,0.0,-6.838803181235247e-06
3741.22,-0.018744347058823527,-0.019586440703092116,-0.0205485796376027,0.0008420936442685885,-2.5672829563615878e-05,-0.0008748198478356836,-0.0,-0.0,-0.0,-0.00011854638039381607,0.0,-6.838803181235247e-06
3742.14,-0.01870857058823529,-0.019548298018083898,-0.020510947845505056,0.0008397274298486065,-2.5362445316534426e-05,-0.0008748198478356836,-0.0,-0.0,-0.0,-0.00011854638039381607,0.0,-6.838803181235247e-06
3743.06,-0.01865376470588235,-0.01946656902895529,-0.020473316053407416,0.0008128043230729402,-2.520674934084374e-05,-0.0008310788554438995,-0.0,-0.0,-0.0,-0.00011854638039381607,0.0,-6.838803181235247e-06
3743.98,-0.018584529411764705,-0.019428050787273544,-0.020435684261309775,0.0008435213755088392,-2.4520808420233614e-05,-0.0008310788554438995,-0.0,-0.0,-0.0,-0.00011854638039381607,0.0,-6.838803181235247e-06
3744.91,-0.018504870588235297,-0.019389390438592204,-0.020397643427993693,0.0008845198503569067,-2.4103981160464527e-05,-0.0008310788554438995,-0.0,-0.0,-0.0,-0.00011854638039381607,0.0,-6.838803181235247e-06
3745.83,-0.018416758823529413,-0.019351004998750244,-0.020360011635896052,0.0009342461752208306,-2.3550842079639108e-05,-0.0008310788554438995,-0.0,-0.0,-0.0,-0.00011854638039381607,0.0,-6.838803181235247e-06
3746.75,-0.01831928823529412,-0.01931317269798911,-0.02032237984379841,0.0009938844626949904,-2.3550842079639108e-05,-0.0008310788554438995,-0.0,-0.0,-0.0,-0.00011854638039381607,0.0,-6.838803181235247e-06
3747.67,-0.018208870588235296,-0.019329796441179336,-0.02028474805170077,0.00112092585294404,-2.2705740492147438e-05,-0.0008310788554438995,-0.0,-0.0,-0.0,-0.00017384752593266925,0.0,-6.838803181235247e-06
3748.59,-0.018080600000000002,-0.0192958754850453,-0.02024711625960313,0.0012152754850452974,-2.2645040461191446e-05,-0.0008310788554438995,-0.0,-0.0,-0.0,-0.00017781957059072412,0.0,-6.838803181235247e-06
3749.51,-0.017930447058823528,-0.019258043184284163,-0.02020948446750549,0.0013275961254606353,-2.2645040461191446e-05,-0.0008310788554438995,-0.0,-0.0,-0.0,-0.00017781957059072412,-0.0,-6.838803181235247e-06
3750.44,-0.017757670588235297,-0.019219353012084533,-0.020171443634189403,0.0014616824238492358,-2.2198389683134993e-05,-0.0008310788554438995,-0.0,-0.0,-0.0,-0.00017781957059072412,-0.0,-6.838803181235247e-06
3751.36,-0.017566382352941175,-0.01918106156048301,-0.020133811842091762,0.0016146792075418352,-2.173923884274379e-05,-0.0008310788554438995,-0.0,-0.0,-0.0,-0.00017781957059072412,-0.0,-6.838803181235247e-06
3752.28,-0.017366182352941177,-0.019120387713494873,-0.020096180049994125,0.0017542053605536963,-2.173923884274379e-05,-0.0008082373092168968,-0.0,-0.0,-0.0,-0.00017781957059072412,-0.0,-6.838803181235247e-06
3753.2,-0.01717117647058824,-0.019060750164950527,-0.0200585482578965,0.0018895736943622884,-2.083343722429613e-05,-0.0007873378630521153,-0.0,-0.0,-0.0,-0.00017781957059072412,-0.0,-6.838803181235247e-06
3754.12,-0.0169976,-0.019022917864189394,-0.02002091646579886,0.0020253178641893924,-2.083343722429613e-05,-0.0007873378630521153,-0.0,-0.0,-0.0,-0.00017781957059072412,-0.0,-6.838803181235247e-06
3755.05,-0.016860558823529413,-0.01799184466871943,-0.019982875632482758,0.001131285845190018,-0.0,-0.0,-0.0,-0.0,-0.0,-0.0,-0.0,-0.0
3755.97,-0.016770670588235295,-0.017954012367958315,-0.019945243840385134,0.0011833417797230197,-0.0,-0.0,-0.0,-0.0,-0.0,-0.0,-0.0,-0.0
3756.89,-0.016731376470588238,-0.017916180067197182,-0.019907612048287494,0.0011848035966089444,-0.0,-0.0,-0.0,-0.0,-0.0,-0.0,-0.0,-0.0
3757.82,-0.016737570588235294,-0.017877936545775592,-0.01986957121497139,0.0011403659575402979,-0.0,-0.0,-0.0,-0.0,-0.0,-0.0,-0.0,-0.0
3758.74,-0.01677590588235294,-0.017840104245014476,-0.01983193942287377,0.001064198362661535,-0.0,-0.0,-0.0,-0.0,-0.0,-0.0,-0.0,-0.0
3759.66,-0.016826741176470587,-0.01780227194425334,-0.01979430763077613,0.0009755307677827528,-0.0,-0.0,-0.0,-0.0,-0.0,-0.0,-0.0,-0.0
3760.58,-0.016867523529411767,-0.017764439643492204,-0.01975667583867849,0.0008969161140804371,-0.0,-0.0,-0.0,-0.0,-0.0,-0.0,-0.0,-0.0
3761.51,-0.016876817647058822,-0.017726196122070614,-0.019718635005362386,0.0008493784750117916,-0.0,-0.0,-0.0,-0.0,-0.0,-0.0,-0.0,-0.0
3762.43,-0.016838317647058825,-0.017688363821309498,-0.019681003213264762,0.000850046174250673,-0.0,-0.0,-0.0,-0.0,-0.0,-0.0,-0.0,-0.0
3763.35,-0.016743923529411765,-0.017650531520548365,-0.019643371421167122,0.0009066079911366001,-0.0,-0.0,-0.0,-0.0,-0.0,-0.0,-0.0,-0.0
3764.28,-0.016595205882352946,-0.017612287999126775,-0.019605330587851022,0.0010170821167738292,-0.0,-0.0,-0.0,-0.0,-0.0,-0.0,-0.0,-0.0
3765.2,-0.016402976470588238,-0.01757445569836566,-0.0195676987957534,0.0011714792277774215,-0.0,-0.0,-0.0,-0.0,-0.0,-0.0,-0.0,-0.0
3766.12,-0.016184964705882356,-0.017536623397604523,-0.019530067003655758,0.0013516586917221678,-0.0,-0.0,-0.0,-0.0,-0.0,-0.0,-0.0,-0.0
3767.05,-0.015962129411764708,-0.017498379876182933,-0.019492026170339655,0.0015362504644182255,-0.0,-0.0,-0.0,-0.0,-0.0,-0.0,-0.0,-0.0
3767.97,-0.015754435294117648,-0.017460547575421818,-0.01945439437824203,0.0017061122813041701,-0.0,-0.0,-0.0,-0.0,-0.0,-0.0,-0.0,-0.0
3768.9,-0.015577094117647058,-0.017422304054000224,-0.01941635354492593,0.0018452099363531656,-0.0,-0.0,-0.0,-0.0,-0.0,-0.0,-0.0,-0.0
3769.82,-0.015438164705882353,-0.01738447175323909,-0.01937872175282829,0.0019463070473567379,-0.0,-0.0,-0.0,-0.0,-0.0,-0.0,-0.0,-0.0
3770.74,-0.015338170588235292,-0.017346639452477976,-0.019341089960730667,0.0020084688642426837,-0.0,-0.0,-0.0,-0.0,-0.0,-0.0,-0.0,-0.0
3771.67,-0.015271288235294117,-0.017308395931056385,-0.019303049127414564,0.002037107695762269,-0.0,-0.0,-0.0,-0.0,-0.0,-0.0,-0.0,-0.0
3772.59,-0.015227782352941177,-0.01727056363029525,-0.019265417335316923,0.0020427812773540725,-0.0,-0.0,-0.0,-0.0,-0.0,-0.0,-0.0,-0.0
3773.52,-0.015196888235294118,-0.01723232010887368,-0.01922737650200084,0.002035431873579562,-0.0,-0.0,-0.0,-0.0,-0.0,-0.0,-0.0,-0.0
3774.44,-0.0151694,-0.017194487808112544,-0.0191897447099032,0.002025087808112544,-0.0,-0.0,-0.0,-0.0,-0.0,-0.0,-0.0,-0.0
3775.37,-0.015139576470588233,-0.01715624428669097,-0.019151703876587118,0.0020166678161027372,-0.0,-0.0,-0.0,-0.0,-0.0,-0.0,-0.0,-0.0
3776.29,-0.015106094117647057,-0.017118411985929838,-0.019114072084489474,0.0020123178682827803,-0.0,-0.0,-0.0,-0.0,-0.0,-0.0,-0.0,-0.0
3777.22,-0.015072023529411763,-0.017080168464508265,-0.01907603125117339,0.002008144935096502,-0.0,-0.0,-0.0,-0.0,-0.0,-0.0,-0.0,-0.0
3778.14,-0.015043752941176469,-0.01704233616374713,-0.01903839945907575,0.0019985832225706598,-0.0,-0.0,-0.0,-0.0,-0.0,-0.0,-0.0,-0.0
3779.07,-0.015029082352941175,-0.01700409264232554,-0.019000358625759647,0.001975010289384363,-0.0,-0.0,-0.0,-0.0,-0.0,-0.0,-0.0,-0.0
3779.99,-0.015034694117647058,-0.016966260341564423,-0.018962726833662027,0.0019315662239173647,-0.0,-0.0,-0.0,-0.0,-0.0,-0.0,-0.0,-0.0
3780.92,-0.015063641176470587,-0.016928016820142833,-0.018924686000345924,0.0018643756436722454,-0.0,-0.0,-0.0,-0.0,-0.0,-0.0,-0.0,-0.0
3781.84,-0.015113482352941176,-0.0168901845193817,-0.018887054208248284,0.0017767021664405244,-0.0,-0.0,-0.0,-0.0,-0.0,-0.0,-0.0,-0.0
3782.77,-0.015175870588235293,-0.016851940997960127,-0.018849013374932198,0.001676070409724834,-0.0,-0.0,-0.0,-0.0,-0.0,-0.0,-0.0,-0.0
3783.7,-0.015237800000000001,-0.016813697476538554,-0.018810972541616115,0.0015758974765385531,-0.0,-0.0,-0.0,-0.0,-0.0,-0.0,-0.0,-0.0
3784.62,-0.015284335294117648,-0.01677586517577742,-0.018773340749518475,0.001491529881659773,-0.0,-0.0,-0.0,-0.0,-0.0,-0.0,-0.0,-0.0
3785.55,-0.015302035294117645,-0.016737621654355828,-0.01873529991620237,0.0014355863602381821,-0.0,-0.0,-0.0,-0.0,-0.0,-0.0,-0.0,-0.0
3786.47,-0.015281994117647055,-0.016699789353594712,-0.018697668124104748,0.0014177952359476567,-0.0,-0.0,-0.0,-0.0,-0.0,-0.0,-0.0,-0.0
3787.4,-0.015222047058823527,-0.016661545832173122,-0.018659627290788648,0.0014394987733495953,-0.0,-0.0,-0.0,-0.0,-0.0,-0.0,-0.0,-0.0
3788.33,-0.015127617647058821,-0.016623302310751552,-0.018621586457472566,0.0014956846636927316,-0.0,-0.0,-0.0,-0.0,-0.0,-0.0,-0.0,-0.0
3789.25,-0.015011135294117645,-0.016585470009990416,-0.01858395466537492,0.001574334715872771,-0.0,-0.0,-0.0,-0.0,-0.0,-0.0,-0.0,-0.0
3790.18,-0.014890441176470585,-0.016547226488568843,-0.01854591383205884,0.0016567853120982579,-0.0,-0.0,-0.0,-0.0,-0.0,-0.0,-0.0,-0.0
3791.11,-0.01478636470588235,-0.016508982967147253,-0.018507872998742736,0.0017226182612649025,-0.0,-0.0,-0.0,-0.0,-0.0,-0.0,-0.0,-0.0
3792.03,-0.014719935294117645,-0.016471150666386117,-0.018470241206645095,0.0017512153722684717,-0.0,-0.0,-0.0,-0.0,-0.0,-0.0,-0.0,-0.0
3792.96,-0.014709611764705881,-0.016432907144964547,-0.018432200373329013,0.0017232953802586663,-0.0,-0.0,-0.0,-0.0,-0.0,-0.0,-0.0,-0.0
3793.89,-0.014768917647058821,-0.016394663623542974,-0.018394159540012927,0.0016257459764841536,-0.0,-0.0,-0.0,-0.0,-0.0,-0.0,-0.0,-0.0
3794.81,-0.014904888235294117,-0.01635683132278184,-0.018356527747915286,0.0014519430874877243,-0.0,-0.0,-0.0,-0.0,-0.0,-0.0,-0.0,-0.0
3795.74,-0.015117617647058825,-0.01631858780136027,-0.018318486914599204,0.001200970154301444,-0.0,-0.0,-0.0,-0.0,-0.0,-0.0,-0.0,-0.0
3796.67,-0.0154009,-0.01628034427993868,-0.0182804460812831,0.0008794442799386782,-0.0,-0.0,-0.0,-0.0,-0.0,-0.0,-0.0,-0.0
3797.6,-0.015743835294117648,-0.016242100758517106,-0.018242405247967018,0.0004982654643994576,-0.0,-0.0,-0.0,-0.0,-0.0,-0.0,-0.0,-0.0
3798.52,-0.016132923529411765,-0.01620426845775597,-0.018204773455869377,7.134492834420456e-05,-0.0,-0.0,-0.0,-0.0,-0.0,-0.0,-0.0,-0.0
3799.45,-0.01655418823529412,-0.0161660249363344,-0.01816673262255329,-0.0003881632989597185,-0.0,-0.0,-0.0,-0.0,-0.0,-0.0,-0.0,-0.0
