wavenumber_cm-1,imag_exp_smooth,imag_fit,imag_baseline,residual,component_I / L1 Region A free-OH motif,component_II / L1 Region B upward motif,component_III / L1 Region B upward H-bond motif,component_IV / L1 Region B parallel motif,component_V / L1 Region B liquid-oriented motif,component_VI / L1 Region B connector motif,component_VII / L2 negative bonded motif,component_VIII / L2 positive bonded motif
3300.47,-0.05144247647058823,-0.029001119541714478,-0.0385770713409004,-0.02244135692887375,5.65715758465908e-06,-0.0,0.0,0.0,0.0,0.0,0.03311259884163111,-0.023736991532401573
3301.33,-0.050269658823529406,-0.028752226949418418,-0.038541893796113474,-0.02151743187411099,5.685252328529637e-06,-0.0,0.0,0.0,0.0,0.0,0.03338703058990743,-0.02379976027549135
3302.2,-0.04854521176470588,-0.028447362657851322,-0.03850630721010811,-0.020097849106854557,5.7141099299469e-06,-0.0,0.0,0.0,0.0,0.0,0.03366891399288443,-0.02381444231236094
3303.07,-0.04640051176470588,-0.028291427231053805,-0.038470720624102714,-0.018109084533652075,5.730935234055372e-06,-0.0,0.0,0.0,0.0,0.0,0.03383326493493405,-0.023860508720775428
3303.94,-0.04397898823529412,-0.028089383204478922,-0.03843513403809735,-0.0158896050308152,5.739213890438507e-06,-0.0,0.0,0.0,0.0,0.0,0.034067133097615554,-0.023929975203396705
3304.81,-0.04141618235294118,-0.027826554805164164,-0.038399547452091974,-0.013589627547777015,5.7645858422723075e-06,-0.0,0.0,0.0,0.0,0.0,0.0343149683913279,-0.02395264153760439
3305.68,-0.03882378235294118,-0.02765930744783379,-0.03836396086608661,-0.011164474905107389,5.783019975501393e-06,-0.0,0.0,0.0,0.0,0.0,0.03449503450737169,-0.0240031127983093
3306.54,-0.036278141176470595,-0.027430506706082793,-0.03832878332129968,-0.008847634470387802,5.816283795118148e-06,-0.0,0.0,0.0,0.0,0.0,0.034777674311871815,-0.024094186617243708
3307.41,-0.033814464705882355,-0.02724017499997615,-0.038293196735294306,-0.0065742897059062055,5.826792580002105e-06,-0.0,0.0,0.0,0.0,0.0,0.03495913369848344,-0.024122958874391837
3308.28,-0.031428045882352935,-0.027017143591774765,-0.03825761014928892,-0.00441090229057817,5.8365947488100855e-06,-0.0,0.0,0.0,0.0,0.0,0.03517135883250414,-0.024149796470238252
3309.15,-0.029082802352941174,-0.026807889442571196,-0.038222023563283546,-0.0022749129103699778,5.8702453570270155e-06,-0.0,0.0,0.0,0.0,0.0,0.035435078080070175,-0.024241929287067192
3310.02,-0.02672531470588235,-0.02665105091277898,-0.03818643697727818,-7.42637931033692e-05,5.873782842744057e-06,-0.0,0.0,0.0,0.0,0.0,0.03560518809692692,-0.024292838379475712
3310.89,-0.024300621235294115,-0.02643615547908529,-0.038150850391272806,0.002135534243791176,5.890556310718931e-06,-0.0,0.0,0.0,0.0,0.0,0.03585146134021204,-0.02436186703039339
3311.76,-0.021765949470588235,-0.026250514815791125,-0.03811526380526742,0.00448456534520289,5.89899488083997e-06,-0.0,0.0,0.0,0.0,0.0,0.03608689155332081,-0.024449299086636397
3312.63,-0.01909985770588235,-0.026094579388993636,-0.038079677219262045,0.006994721683111285,5.915820184948441e-06,-0.0,0.0,0.0,0.0,0.0,0.03625124249537041,-0.024495365495050877
3313.49,-0.016306204764705883,-0.025934397084144925,-0.03804449967447514,0.009628192319439042,5.92077310548601e-06,-0.0,0.0,0.0,0.0,0.0,0.036451731452536024,-0.02457287859265396
3314.36,-0.013413837705882349,-0.02569323696243737,-0.03800891308846975,0.012279399256555022,5.944268236856986e-06,-0.0,0.0,0.0,0.0,0.0,0.03674736682808294,-0.024665011409482976
3315.23,-0.01047338476470588,-0.025566660309406443,-0.03797332650246438,0.015093275544700562,5.954355137288262e-06,-0.0,0.0,0.0,0.0,0.0,0.036900814973716785,-0.024729527056844596
3316.1,-0.007552390647058821,-0.025430363302240907,-0.03793773991645901,0.017877972655182085,5.967763368227964e-06,-0.0,0.0,0.0,0.0,0.0,0.037054886600757724,-0.02478494915280919
3316.97,-0.004729767117647058,-0.025211478841835458,-0.03790215333045364,0.0204817117241884,5.967763368227964e-06,-0.0,0.0,0.0,0.0,0.0,0.03732826981013384,-0.024877081969638126
3317.84,-0.0020899082941176475,-0.0250980539980846,-0.03786656674444825,0.02300814570396695,5.981335918242696e-06,-0.0,0.0,0.0,0.0,0.0,0.037459019216258035,-0.02493205417241976
3318.71,0.00028320347058823477,-0.02497085734780953,-0.03783098015844288,0.025254060818397765,5.99125849959894e-06,-0.0,0.0,0.0,0.0,0.0,0.03761353741663808,-0.02499701971296437
3319.58,0.0023117093529411766,-0.024807737902570674,-0.03779539357243751,0.027119447255511853,5.9914913950886525e-06,-0.0,0.0,0.0,0.0,0.0,0.03783115537795213,-0.025089152529793324
3320.45,0.0039290422941176475,-0.024752652531537536,-0.03775980698643214,0.028681694825655184,6.008316699197121e-06,-0.0,0.0,0.0,0.0,0.0,0.03794072267265187,-0.02518128534662229
3321.32,0.005084019352941177,-0.024629927903686618,-0.03772422040042675,0.029713947256627793,6.0147536309699155e-06,-0.0,0.0,0.0,0.0,0.0,0.0381179396125417,-0.02527341816345127
3322.19,0.005743080764705882,-0.02448950743085299,-0.03768863381442138,0.030232588195558872,6.0147536309699155e-06,-0.0,0.0,0.0,0.0,0.0,0.03831285883434603,-0.025365550980280226
3323.06,0.005890189588235294,-0.024434438885123963,-0.03765304722841601,0.030324628473359257,6.0147536309699155e-06,-0.0,0.0,0.0,0.0,0.0,0.03842242612904575,-0.025457683797109196
3323.93,0.00552465194117647,-0.024288998459563713,-0.03761746064241064,0.02981365040074018,6.0382487623408915e-06,-0.0,0.0,0.0,0.0,0.0,0.03862234180844532,-0.02554981661393816
3324.8,0.004657881941176471,-0.02417127672623982,-0.03758187405640525,0.02882915866741629,6.0382487623408915e-06,-0.0,0.0,0.0,0.0,0.0,0.03879456229073991,-0.025641949430767138
3325.68,0.0033104943529411765,-0.02411557520872082,-0.03754587842918143,0.027426069561661996,6.0382487623408915e-06,-0.0,0.0,0.0,0.0,0.0,0.03890538897963156,-0.025735141245490673
3326.55,0.0015108990588235298,-0.024054490970040875,-0.037510291843176044,0.025565390028864404,6.0382487623408915e-06,-0.0,0.0,0.0,0.0,0.0,0.039052762006585535,-0.02585906410162299
3327.42,-0.0007040338823529409,-0.023998903858950107,-0.03747470525717068,0.023294869976597167,6.0382487623408915e-06,-0.0,-0.0,0.0,0.0,0.0,0.03916558823477509,-0.02595393728658004
3328.29,-0.0032881750588235285,-0.023946003610288247,-0.037439118671165304,0.020657828551464717,6.0382487623408915e-06,-0.0,-0.0,0.0,0.0,0.0,0.039261528826942324,-0.026034611697943678
3329.16,-0.006186159764705882,-0.02393400505845238,-0.03740353208515993,0.017747845293746498,6.0382487623408915e-06,-0.0,-0.0,0.0,0.0,0.0,0.03942015894457778,-0.02621887733160154
3330.03,-0.009332736235294117,-0.023899832037269576,-0.037367945499154544,0.014567095801975459,6.0382487623408915e-06,-0.0,-0.0,0.0,0.0,0.0,0.03948294074911939,-0.026285120182818627
3330.9,-0.01265434211764706,-0.023841514013083175,-0.03733235891314918,0.011187171895436115,6.0382487623408915e-06,-0.0,-0.0,0.0,0.0,0.0,0.03961292945055126,-0.02639442492792236
3331.77,-0.016072130352941177,-0.023846578273465383,-0.037296772327143804,0.007774447920524206,6.0382487623408915e-06,-0.0,-0.0,-0.0,0.0,0.0,0.039748860828677,-0.026573054634288582
3332.65,-0.01950598917647059,-0.023811390919881693,-0.03726077669991997,0.004305401743411104,6.0382487623408915e-06,-0.0,-0.0,-0.0,0.0,0.0,0.03983917335363333,-0.02666624644901212
3333.52,-0.02287868329411765,-0.023811106021502534,-0.037225190113914605,0.0009324227273848837,6.0382487623408915e-06,-0.0,-0.0,-0.0,0.0,0.0,0.039893957000983186,-0.026758379265841084
3334.39,-0.026119489176470587,-0.02384735015531369,-0.03718960352790923,-0.0022721390211568986,6.0382487623408915e-06,-0.0,-0.0,-0.0,0.0,0.0,0.04000232132082069,-0.026940621787348004
3335.26,-0.029166863294117645,-0.023894554752950468,-0.037154016941903845,-0.005272308541167177,6.0382487623408915e-06,-0.0,-0.0,-0.0,0.0,0.0,0.04004816154814007,-0.02707130068016245
3336.13,-0.031970258,-0.02394582448914488,-0.03711843035589847,-0.008024433510855123,6.0382487623408915e-06,-0.0,-0.0,-0.0,0.0,0.0,0.040068454337925496,-0.027180497274000553
3337.0,-0.03449093117647059,-0.024036264446436702,-0.0370828437698931,-0.010454666730033889,6.021860908209638e-06,-0.0,-0.0,-0.0,0.0,0.0,0.04012466233428741,-0.027364762907658425
3337.88,-0.036701611764705884,-0.024067013311370893,-0.037046848142669266,-0.012634598453334991,6.0147536309699155e-06,-0.0,-0.0,-0.0,0.0,0.0,0.04016850493482847,-0.027477413909207344
3338.75,-0.03858465882352941,-0.024126063538799057,-0.0370112615566639,-0.014458595284730355,6.0147536309699155e-06,-0.0,-0.0,-0.0,0.0,0.0,0.04020116312043477,-0.02760675639010007
3339.62,-0.04012894117647059,-0.02433592797175506,-0.036975674970658526,-0.01579301320471553,6.0147536309699155e-06,-0.0,-0.0,-0.0,0.0,0.0,0.040201571443380844,-0.027854663213860414
3340.49,-0.04132641176470589,-0.024335643073375893,-0.03694008838465316,-0.016990768691329997,6.0147536309699155e-06,-0.0,-0.0,-0.0,0.0,0.0,0.04025635509073069,-0.02794679603068935
3341.37,-0.042170147058823534,-0.0244268359285683,-0.03690409275742933,-0.017743311130255235,5.993805078150411e-06,-0.0,-0.0,-0.0,0.0,0.0,0.040277663906582134,-0.02809734339653129
3342.24,-0.04265558823529412,-0.02462935273379115,-0.036868506171423954,-0.01802623550150297,5.99125849959894e-06,-0.0,-0.0,-0.0,0.0,0.0,0.04026527651678525,-0.028325104333236973
3343.11,-0.04278402941176471,-0.024738635130111784,-0.036832919585418566,-0.018045394281652923,5.99125849959894e-06,-0.0,-0.0,-0.0,0.0,0.0,0.040210492869435344,-0.02841723715006599
3343.98,-0.04256719999999999,-0.024943238383413828,-0.03679733299941319,-0.017623961616586165,5.986833778983496e-06,-0.0,-0.0,-0.0,0.0,0.0,0.04020116312043477,-0.028650140297505112
3344.86,-0.04203291764705882,-0.0250954516593993,-0.03676133737218937,-0.01693746598765952,5.967763368227964e-06,-0.0,-0.0,-0.0,0.0,0.0,0.040176796663787,-0.028816034689782947
3345.73,-0.041227017647058814,-0.025250378901536072,-0.036725750786183994,-0.015976638745522742,5.967763368227964e-06,-0.0,-0.0,-0.0,0.0,0.0,0.04012466233428741,-0.028956461670278398
3346.6,-0.04021069411764705,-0.025467647831398373,-0.03669016420017862,-0.014743046286248677,5.955980559845418e-06,-0.0,-0.0,-0.0,0.0,0.0,0.04008629719003452,-0.02917298774093769
3347.48,-0.03905372352941176,-0.0258199950334327,-0.03665416857295479,-0.013233728495979064,5.944268236856986e-06,-0.0,-0.0,-0.0,0.0,0.0,0.03997547050114287,-0.029452563185108284
3348.35,-0.0378255,-0.025982054001150636,-0.03661858198694942,-0.011843445998849362,5.944268236856986e-06,-0.0,-0.0,-0.0,0.0,0.0,0.03991878198421793,-0.029595567703759543
3349.22,-0.036586558823529416,-0.026247193071843103,-0.03658299540094405,-0.010339365751686314,5.925127340707341e-06,-0.0,-0.0,-0.0,0.0,0.0,0.03983283669789076,-0.029812376415086963
3350.1,-0.035382911764705885,-0.026509791488283814,-0.036546999773720217,-0.008873120276422071,5.92077310548601e-06,-0.0,-0.0,-0.0,0.0,0.0,0.03972201000899912,-0.03000221043175172
3350.97,-0.0342442705882353,-0.02671992394036873,-0.03651141318771485,-0.007524346647866571,5.92077310548601e-06,-0.0,-0.0,-0.0,0.0,0.0,0.039612442714299395,-0.030140409656995173
3351.84,-0.0331859294117647,-0.027048688829760067,-0.036475826601709456,-0.006137240582004634,5.897277974115033e-06,-0.0,-0.0,-0.0,0.0,0.0,0.03949309479409064,-0.030387437198904663
3352.72,-0.03221383529411765,-0.02740860974387139,-0.036439830974485644,-0.0048052255502462615,5.890504915119067e-06,-0.0,-0.0,-0.0,0.0,0.0,0.03933760120868724,-0.030629924397904473
3353.59,-0.03133136470588235,-0.027611615336417032,-0.03640424438848026,-0.003719749369465321,5.873782842744057e-06,-0.0,-0.0,-0.0,0.0,0.0,0.03928180918534995,-0.030814755312898737
3354.47,-0.030546382352941177,-0.02807478826374895,-0.03636824876125644,-0.002471594089192227,5.8630341138309825e-06,-0.0,-0.0,-0.0,0.0,0.0,0.03906015580756666,-0.031094330757069327
3355.34,-0.029877070588235292,-0.028378784121886554,-0.03633266217525105,-0.0014982864663487389,5.850287711373081e-06,-0.0,-0.0,-0.0,0.0,0.0,0.03890908588012212,-0.03128487800921822
3356.22,-0.029354529411764703,-0.028649884868832486,-0.03629666654802724,-0.0007046445429322173,5.842336371538869e-06,-0.0,-0.0,-0.0,0.0,0.0,0.038772369412678614,-0.031457320980731694
3357.09,-0.029020888235294116,-0.02910779938465235,-0.03626107996202185,8.691114935823266e-05,5.826792580002105e-06,-0.0,-0.0,-0.0,0.0,0.0,0.03855323482327905,-0.03173371943121875
3357.97,-0.028922476470588234,-0.029399254680773104,-0.036225084334798034,0.0004767782101848701,5.812468038938939e-06,-0.0,-0.0,-0.0,0.0,0.0,0.0384248636353444,-0.03193485585821467
3358.84,-0.029099329411764706,-0.029747241986884273,-0.03618949774879265,0.000647912575119567,5.787988021029797e-06,-0.0,-0.0,-0.0,0.0,0.0,0.03826544842839101,-0.03216103754521282
3359.72,-0.029574017647058824,-0.03027278919936841,-0.036153502121568835,0.0006987715523095843,5.778624036421901e-06,-0.0,-0.0,-0.0,0.0,0.0,0.03797496729331092,-0.03243416090198315
3360.59,-0.030343023529411768,-0.030529004885171938,-0.03611791553556345,0.00018598135576016958,5.761798732313428e-06,-0.0,-0.0,-0.0,0.0,0.0,0.03786539999861119,-0.03261842653564112
3361.47,-0.03137351176470589,-0.03100142892459394,-0.03608191990833963,-0.00037208284011194803,5.733252881920558e-06,-0.0,-0.0,-0.0,0.0,0.0,0.037604442429425074,-0.03286793110337749
3362.34,-0.032606317647058826,-0.03146574120268713,-0.03604633332233424,-0.0011405764443716965,5.72795472979639e-06,-0.0,-0.0,-0.0,0.0,0.0,0.037339002870430356,-0.03310443259218213
3363.22,-0.033964388235294116,-0.0316783059890115,-0.03601033769511043,-0.002286082246282614,5.710936031387834e-06,-0.0,-0.0,-0.0,0.0,0.0,0.03722817618153875,-0.03324422031426737
3364.09,-0.03536467647058824,-0.032275738831381816,-0.035974751109105044,-0.003088937639206424,5.685821791776248e-06,-0.0,-0.0,-0.0,0.0,0.0,0.03692056173914102,-0.03357164766785862
3364.97,-0.03673074705882353,-0.03284974515840227,-0.035938755481881225,-0.0038810019004212604,5.668362265965337e-06,-0.0,-0.0,-0.0,0.0,0.0,0.03658808167246608,-0.033851223112029205
3365.84,-0.03800364705882353,-0.03316894679088754,-0.03590316889587584,-0.00483470026793599,5.64851915907683e-06,-0.0,-0.0,-0.0,0.0,0.0,0.036394252586864295,-0.03401420988366408
3366.72,-0.03914905882352941,-0.0335687584560612,-0.035867173268652026,-0.005580300367468212,5.624169392302246e-06,-0.0,-0.0,-0.0,0.0,0.0,0.036156402080134015,-0.03421421333569157
3367.59,-0.04015900000000001,-0.034124343875834,-0.03583158668264664,-0.00603465612416601,5.614675156559792e-06,-0.0,-0.0,-0.0,0.0,0.0,0.03583415925303511,-0.03448518050198801
3368.47,-0.04104791764705883,-0.03439232200660418,-0.03579559105542282,-0.006655595640454655,5.597656458151236e-06,-0.0,-0.0,-0.0,0.0,0.0,0.035667919219697704,-0.03462496822407326
3369.34,-0.04184411764705883,-0.034855248175925085,-0.035760004469417433,-0.006988869471133745,5.569821041793175e-06,-0.0,-0.0,-0.0,0.0,0.0,0.035396020603702595,-0.034853602009840993
3370.22,-0.04257848823529412,-0.035424243372829345,-0.03572400884219362,-0.007154244862464777,5.540317324263221e-06,-0.0,-0.0,-0.0,0.0,0.0,0.03503132509972118,-0.03509593884239717
3371.1,-0.04327362352941177,-0.035692221503599665,-0.03568801321496979,-0.007581402025812103,5.523298625854656e-06,-0.0,-0.0,-0.0,0.0,0.0,0.03486508506638369,-0.03523572656448249
3371.97,-0.04393611176470588,-0.036224778894653344,-0.035652426628964416,-0.007711332870052538,5.4978607408084385e-06,-0.0,-0.0,-0.0,0.0,0.0,0.03455536015854824,-0.03549616767767394
3372.85,-0.0445540705882353,-0.03665197382242715,-0.035616431001740584,-0.00790209676580815,5.489454623337619e-06,-0.0,-0.0,-0.0,0.0,0.0,0.03427762118566073,-0.035683681869793676
3373.73,-0.04510056470588236,-0.03696247085052177,-0.03558043537451675,-0.008138093855360594,5.4705062404206435e-06,-0.0,-0.0,-0.0,0.0,0.0,0.03404340159749288,-0.03579800700468842
3374.6,-0.04554170588235295,-0.03749159918127495,-0.035544848788511385,-0.008050106701078003,5.436855632203702e-06,-0.0,-0.0,-0.0,0.0,0.0,0.033714699713393706,-0.03603603386859247
3375.48,-0.045847235294117654,-0.03778524454939091,-0.03550885316128755,-0.008061990744726744,5.4150967910410345e-06,-0.0,-0.0,-0.0,0.0,0.0,0.03350215757924044,-0.03615518198706491
3376.36,-0.04600078235294119,-0.03816463501068739,-0.03547285753406372,-0.007836147342253796,5.392275969940401e-06,-0.0,-0.0,-0.0,0.0,0.0,0.03324145820020742,-0.03631191689185818
3377.23,-0.04600705882352942,-0.03871127550436034,-0.03543727094805835,-0.00729578331916908,5.358625361723469e-06,-0.0,-0.0,-0.0,0.0,0.0,0.03287403926823917,-0.03652873887081292
3378.11,-0.045893911764705884,-0.038945885823248295,-0.035401275320834515,-0.006948025941457589,5.340738958744459e-06,-0.0,-0.0,-0.0,0.0,0.0,0.032699323425926456,-0.03662668210433609
3378.99,-0.04570821176470588,-0.039261779620475334,-0.0353652796936107,-0.006446432144230546,5.314045699460193e-06,-0.0,-0.0,-0.0,0.0,0.0,0.03243858149333134,-0.036719873919059606
3379.87,-0.04550614705882353,-0.039807760036443186,-0.03532928406638687,-0.005698387022380347,5.280008302643051e-06,-0.0,-0.0,-0.0,0.0,0.0,0.03202960064050887,-0.03689490608815906
3380.74,-0.045340111764705884,-0.04013430343829001,-0.035293697480381504,-0.005205808326415873,5.254633560762396e-06,-0.0,-0.0,-0.0,0.0,0.0,0.031781738093391444,-0.03701119563600486
3381.62,-0.045244564705882354,-0.0403414487025496,-0.03525770185315767,-0.004903116003332757,5.235815428979961e-06,-0.0,-0.0,-0.0,0.0,0.0,0.03159792104817682,-0.03707257168026893
3382.5,-0.045228576470588235,-0.040783562443724386,-0.03522170622593384,-0.0044450140268638486,5.201778032162817e-06,-0.0,-0.0,-0.0,0.0,0.0,0.0312654409815017,-0.037220237960722685
3383.38,-0.045272994117647056,-0.041016844020667305,-0.03518571059871001,-0.004256150096979751,5.180082334165715e-06,-0.0,-0.0,-0.0,0.0,0.0,0.03105351563493681,-0.037279639138753616
3384.25,-0.04533500588235294,-0.04126058225894175,-0.035150124012704634,-0.004074423623411191,5.157585158499728e-06,-0.0,-0.0,-0.0,0.0,0.0,0.030833761389169632,-0.037341234701943476
3385.13,-0.04535922352941176,-0.04164822153438635,-0.0351141283854808,-0.0037110019950254147,5.123547761682585e-06,-0.0,-0.0,-0.0,0.0,0.0,0.030501281322494515,-0.03743442651666705
3386.01,-0.04529191764705882,-0.04178867742540872,-0.03507813275825697,-0.003503240221650099,5.105724501869136e-06,-0.0,-0.0,-0.0,0.0,0.0,0.03032718226777014,-0.03743883217305613
3386.89,-0.04509488235294117,-0.042065318451038294,-0.03504213713103316,-0.0030295639019028778,5.078968099419308e-06,-0.0,-0.0,-0.0,0.0,0.0,0.03006582354758669,-0.03749215436545069
3387.77,-0.044755847058823524,-0.04233893548181528,-0.035006141503809325,-0.0024169115770082406,5.024696842310051e-06,-0.0,-0.0,-0.0,0.0,0.0,0.029765199842653068,-0.037503160063387844
3388.64,-0.04429316470588234,-0.04246566918131071,-0.03497055491780395,-0.0018274955245716346,5.007871538201582e-06,-0.0,-0.0,-0.0,0.0,0.0,0.02960084890060348,-0.037503160063387844
3389.52,-0.04375377647058823,-0.04271468897918077,-0.034934559290580126,-0.0010390874914074574,4.977242697568099e-06,-0.0,-0.0,-0.0,0.0,0.0,0.029313793088223156,-0.037503160063387844
3390.4,-0.04320444705882352,-0.04287507506610685,-0.034898563663356294,-0.00032937199271667467,4.95033901001347e-06,-0.0,-0.0,-0.0,0.0,0.0,0.02911536726163374,-0.037503160063387844
3391.28,-0.042717682352941176,-0.04300968646054568,-0.03486256803613246,0.0002920041076045071,4.932663035304789e-06,-0.0,-0.0,-0.0,0.0,0.0,0.028942706899818704,-0.037503160063387844
3392.16,-0.04235515294117647,-0.04326552779953718,-0.03482657240890864,0.0009103748583607074,4.898625638487681e-06,-0.0,-0.0,-0.0,0.0,0.0,0.028648832954873152,-0.037503160063387844
3393.04,-0.04215261176470589,-0.0433820078624641,-0.03479057678168481,0.001229396097758212,4.875787783416797e-06,-0.0,-0.0,-0.0,0.0,0.0,0.02846364558932653,-0.03747249656626398
3393.92,-0.04211068235294119,-0.043496811284348035,-0.03475458115446098,0.0013861289314068478,4.854045976224377e-06,-0.0,-0.0,-0.0,0.0,0.0,0.02825126984438318,-0.03741296914474826
3394.79,-0.04219475882352942,-0.04363197588643965,-0.03471899456845561,0.0014372170629102302,4.80079367359379e-06,-0.0,-0.0,-0.0,0.0,0.0,0.027986391609906992,-0.03732083632791933
3395.67,-0.04234441176470589,-0.04385068731725991,-0.03468299894123178,0.0015062755525540247,4.766187254063752e-06,-0.0,-0.0,-0.0,0.0,0.0,0.027709886212196107,-0.037301074397960085
3396.55,-0.04249081764705883,-0.04387686847413734,-0.03464700331400795,0.0013860508270785096,4.74916855565518e-06,-0.0,-0.0,-0.0,0.0,0.0,0.027599059523304402,-0.03725447849059829
3397.43,-0.04257344117647059,-0.04396757104639407,-0.034611007686784136,0.0013941298699234814,4.718283177556052e-06,-0.0,-0.0,-0.0,0.0,0.0,0.027321431476556985,-0.03710558877408039
3398.31,-0.042555652941176476,-0.04405416370495489,-0.0345750120595603,0.001498510763778417,4.6916360274670764e-06,-0.0,-0.0,-0.0,0.0,0.0,0.02712384094292631,-0.03703263089521134
3399.19,-0.04243367647058824,-0.04413123049151689,-0.03453901643233647,0.0016975540209286516,4.6718758877612145e-06,-0.0,-0.0,-0.0,0.0,0.0,0.026954625507137522,-0.036978529129195754
3400.07,-0.04223686470588235,-0.044202633839210664,-0.03450302080511264,0.001965769133328313,4.61617098710464e-06,-0.0,-0.0,-0.0,0.0,0.0,0.026692695421707463,-0.03682601332990971
3400.95,-0.04202014705882353,-0.0442546728083467,-0.03446702517788883,0.002234525749523167,4.593589669499427e-06,-0.0,-0.0,-0.0,0.0,0.0,0.026509420575814627,-0.03673282151518618
3401.83,-0.04185072941176471,-0.04429911849148464,-0.034431029550664995,0.0024483890797199342,4.5715913248413534e-06,-0.0,-0.0,-0.0,0.0,0.0,0.02633373843294689,-0.036639629700462625
3402.71,-0.04179172941176471,-0.04437748879474485,-0.03439503392344116,0.0025857593829801406,4.537553928024221e-06,-0.0,-0.0,-0.0,0.0,0.0,0.026068011996004215,-0.03649030617273426
3403.59,-0.041886094117647064,-0.04440916628637367,-0.03435903829621733,0.0025230721687266033,4.5190384429027454e-06,-0.0,-0.0,-0.0,0.0,0.0,0.025896898384459154,-0.03638891818068378
3404.47,-0.04214452941176472,-0.04442411266985137,-0.03432304266899352,0.002279583258086651,4.474883308294418e-06,-0.0,-0.0,-0.0,0.0,0.0,0.025701206026584864,-0.03624619469450346
3405.35,-0.042540829411764715,-0.04449519137335533,-0.034287047041769686,0.0019543619615906144,4.438010783343666e-06,-0.0,-0.0,-0.0,0.0,0.0,0.025419781628324787,-0.036073878770573296
3406.23,-0.04301652941176471,-0.044474776622870964,-0.034251051414545854,0.0014582472111062533,4.420992084935094e-06,-0.0,-0.0,-0.0,0.0,0.0,0.02530895493943308,-0.03598068695584972
3407.11,-0.04349440000000001,-0.04454446451419488,-0.03421505578732202,0.0010500645141948706,4.388134584246478e-06,-0.0,-0.0,-0.0,0.0,0.0,0.025036245893234756,-0.03581569958682552
3407.99,-0.04389731176470588,-0.04455644403382169,-0.0341790601600982,0.0006591322691158058,4.339964425376016e-06,-0.0,-0.0,-0.0,0.0,0.0,0.024836195859329648,-0.03566564754573923
3408.88,-0.04416698235294118,-0.044591059669874915,-0.03414265549165591,0.00042407731693373807,4.322400493075059e-06,-0.0,-0.0,-0.0,0.0,0.0,0.02466692113543155,-0.03556947011280559
3409.76,-0.044277176470588236,-0.04459413461478387,-0.03410665986443208,0.00031695814419563373,4.277117151627198e-06,-0.0,-0.0,-0.0,0.0,0.0,0.024408650656358735,-0.03535229593865118
3410.64,-0.04423775882352941,-0.04458643091654659,-0.03407066423720827,0.00034867209301717855,4.241724673108265e-06,-0.0,-0.0,-0.0,0.0,0.0,0.024218056597751322,-0.03519202943267885
3411.52,-0.04408931176470589,-0.04459936632183649,-0.034034668609984435,0.0005100545571306014,4.2202883026236655e-06,-0.0,-0.0,-0.0,0.0,0.0,0.024049693667598186,-0.03507464711479603
3412.4,-0.04389018823529412,-0.04465437572555926,-0.0339986729827606,0.0007641874902651405,4.186250905806521e-06,-0.0,-0.0,-0.0,0.0,0.0,0.02371721360092307,-0.03483520905779776
3413.28,-0.043699511764705885,-0.044660897342317846,-0.03396267735553677,0.0009613855776119604,4.131930749455118e-06,-0.0,-0.0,-0.0,0.0,0.0,0.023492613030353486,-0.03465514242718132
3414.16,-0.04356100588235295,-0.04469589593627931,-0.03392668172831296,0.0011348900539263629,4.1149120510465554e-06,-0.0,-0.0,-0.0,0.0,0.0,0.02332637299701602,-0.03456195061245779
3415.04,-0.0434917,-0.044725641997473746,-0.033890686101089126,0.0012339419974737448,4.0606435839841675e-06,-0.0,-0.0,-0.0,0.0,0.0,0.02302577654548765,-0.03432911259700769
3415.92,-0.04347569411764706,-0.044802458801911936,-0.033854690473865294,0.001326764684264875,4.033884391487468e-06,-0.0,-0.0,-0.0,0.0,0.0,0.02276439057189892,-0.03418258331201555
3416.81,-0.04346732352941177,-0.04483019962626919,-0.033818285805423016,0.0013628760968574238,4.013686801804407e-06,-0.0,-0.0,-0.0,0.0,0.0,0.022593021160850223,-0.03407743374657795
3417.69,-0.043402552941176474,-0.04480938623512026,-0.033782290178199184,0.0014068332939437891,3.958144604932561e-06,-0.0,-0.0,-0.0,0.0,0.0,0.022330561307476047,-0.033832171603208866
3418.57,-0.0432161705882353,-0.04483634011148808,-0.03374629455097535,0.001620169523252779,3.924107208115425e-06,-0.0,-0.0,-0.0,0.0,0.0,0.02211077980830374,-0.03367737658635846
3419.45,-0.04286002352941177,-0.04486034955155386,-0.03371029892375154,0.0020003260221420904,3.8799478150145455e-06,-0.0,-0.0,-0.0,0.0,0.0,0.021895103532568128,-0.0335237322346464
3420.33,-0.042317364705882356,-0.044911849572317405,-0.03367430329652771,0.0025944848664350498,3.8325372831101956e-06,-0.0,-0.0,-0.0,0.0,0.0,0.021562623465893164,-0.03328077142155398
3421.22,-0.041609200000000006,-0.044945587759000316,-0.03363789862808544,0.00333638775900031,3.798113097692869e-06,-0.0,-0.0,-0.0,0.0,0.0,0.021380668258561296,-0.03317101919556312
3422.1,-0.040791058823529416,-0.045020607948482776,-0.033601903000861605,0.004229549124953359,3.764075700875725e-06,-0.0,-0.0,-0.0,0.0,0.0,0.02112338750840925,-0.03302679124084761
3422.98,-0.03994145294117647,-0.04505216116689837,-0.03356590737363777,0.005110708225721898,3.7065431726876234e-06,-0.0,-0.0,-0.0,0.0,0.0,0.020818685833444196,-0.03279165189512087
3423.86,-0.03914533529411765,-0.04508717677955827,-0.03352991174641394,0.0059418414854406215,3.67250577587048e-06,-0.0,-0.0,-0.0,0.0,0.0,0.020652445800106636,-0.03269846008039729
3424.75,-0.03847655882352942,-0.04511655224084831,-0.03349350707797166,0.0066399934173188915,3.634417818404986e-06,-0.0,-0.0,-0.0,0.0,0.0,0.020351671484250374,-0.032465522356717125
3425.63,-0.037983529411764715,-0.04517470056475042,-0.03345751145074783,0.007191171152985704,3.5805490622650363e-06,-0.0,-0.0,-0.0,0.0,0.0,0.020088574283701605,-0.032298586254665224
3426.51,-0.03768068823529413,-0.04516752651981653,-0.033421515823524,0.007486838284522401,3.5452584938783993e-06,-0.0,-0.0,-0.0,0.0,0.0,0.01991621370934238,-0.03215708298815462
3427.39,-0.03754793529411765,-0.045243329375244765,-0.033385520196300186,0.007695394081127113,3.477183700244148e-06,-0.0,-0.0,-0.0,0.0,0.0,0.01958373364266743,-0.03193840434546515
3428.28,-0.03753838235294117,-0.0453206000272063,-0.033349115527857895,0.007782217674265131,3.431059820471497e-06,-0.0,-0.0,-0.0,0.0,0.0,0.019247475393416542,-0.03171786984313956
3429.16,-0.03759187647058823,-0.04531172859378142,-0.033313119900634076,0.007719852123193191,3.397022423654372e-06,-0.0,-0.0,-0.0,0.0,0.0,0.019077471521400626,-0.03157702714365283
3430.05,-0.03765051176470588,-0.04537280192040551,-0.033276715232191785,0.0077222901556996335,3.341897559053474e-06,-0.0,-0.0,-0.0,0.0,0.0,0.018808239435932617,-0.031407312478787835
3430.93,-0.03767444705882352,-0.04539993644112877,-0.03324071960496797,0.007725489382305245,3.2815705786779646e-06,-0.0,-0.0,-0.0,0.0,0.0,0.01851360000499565,-0.031177813884944637
3431.81,-0.037651170588235285,-0.045434952053788676,-0.03320472397774414,0.007783781465553391,3.247533181860821e-06,-0.0,-0.0,-0.0,0.0,0.0,0.01834735997165809,-0.03108462207022106
3432.7,-0.03759678235294117,-0.04537662538928585,-0.033168319309301864,0.007779843036344679,3.1603947323212887e-06,-0.0,-0.0,-0.0,0.0,0.0,0.018113024197921265,-0.030830371712375387
3433.58,-0.03754921176470589,-0.045401141680159726,-0.03313232368207803,0.007851929915453838,3.1085862055134265e-06,-0.0,-0.0,-0.0,0.0,0.0,0.017859989241400417,-0.03063986788155251
3434.46,-0.03755611764705883,-0.04543419970980209,-0.0330963280548542,0.007878082062743257,3.071235407794702e-06,-0.0,-0.0,-0.0,0.0,0.0,0.017677566423013266,-0.030528532385360903
3435.35,-0.037660805882352946,-0.04540290133042318,-0.03305992338641193,0.007742095448070231,3.0023870369600443e-06,-0.0,-0.0,-0.0,0.0,0.0,0.01738768199406509,-0.03024577994750649
3436.23,-0.03788987647058824,-0.04540233581641949,-0.033023927759188096,0.007512459345831252,2.9467046035228277e-06,-0.0,-0.0,-0.0,0.0,0.0,0.01720637847780525,-0.03010192187816043
3437.12,-0.03824530588235294,-0.0454305415672028,-0.03298752309074582,0.0071852356848498625,2.888959003862111e-06,-0.0,-0.0,-0.0,0.0,0.0,0.01697857300242598,-0.029940763626808323
3438.0,-0.03870269999999999,-0.04537133748456965,-0.032951527463521986,0.00666863748456966,2.820884210227824e-06,-0.0,-0.0,-0.0,0.0,0.0,0.016720203072331127,-0.029661188182637587
3438.88,-0.0392159294117647,-0.04535795453060185,-0.032915531836298154,0.006142025118837151,2.7694610035744586e-06,-0.0,-0.0,-0.0,0.0,0.0,0.016552767714210086,-0.029518385090692996
3439.77,-0.03972733529411765,-0.04529486559718166,-0.03287912716785588,0.0055675303030640125,2.7074561771298905e-06,-0.0,-0.0,-0.0,0.0,0.0,0.016350878314527934,-0.02929184397160772
3440.65,-0.04018095294117647,-0.045346412634154655,-0.03284313154063205,0.005165459692978186,2.6236704828369857e-06,-0.0,-0.0,-0.0,0.0,0.0,0.01607806981730765,-0.029108565369017028
3441.54,-0.04053551764705883,-0.04527865770365298,-0.03280672687218977,0.004743140056594153,2.5892462974196695e-06,-0.0,-0.0,-0.0,0.0,0.0,0.015965983734224067,-0.02896718915008987
3442.42,-0.040773711764705886,-0.04518683022073099,-0.03277073124496594,0.004413118456025107,2.4966978001928116e-06,-0.0,-0.0,-0.0,0.0,0.0,0.015759900178941327,-0.028707252206738816
3443.31,-0.04090531764705883,-0.045131191704418594,-0.03273432657652367,0.004225874057359767,2.4268041897013e-06,-0.0,-0.0,-0.0,0.0,0.0,0.015562898701364082,-0.028493041538082194
3444.19,-0.04096348235294117,-0.045100125762672506,-0.03269833094929984,0.0041366434097313345,2.385293578973352e-06,-0.0,-0.0,-0.0,0.0,0.0,0.015390575421138131,-0.028327677448850327
3445.08,-0.040995452941176465,-0.044949052201224984,-0.03266192628085756,0.0039535992600485195,2.2820210227213656e-06,-0.0,-0.0,-0.0,0.0,0.0,0.015166403254970876,-0.02799082766752281
3445.96,-0.041050682352941174,-0.04477811959583488,-0.03262593065363373,0.0037274372428937053,2.1824780248853635e-06,-0.0,-0.0,-0.0,0.0,0.0,0.01502682757064499,-0.027718286478159885
3446.85,-0.04116864117647059,-0.044710381877425924,-0.03258952598519145,0.003541740700955337,2.130841746759389e-06,-0.0,-0.0,-0.0,0.0,0.0,0.014914741487561405,-0.02757691025923273
3447.73,-0.04136955882352941,-0.044623713615314,-0.03255353035796762,0.0032541547917845845,2.045009479679499e-06,-0.0,-0.0,-0.0,0.0,0.0,0.014728426691678979,-0.027341908012322207
3448.62,-0.0416498,-0.044454141726039786,-0.03251712568952535,0.0028043417260397857,1.9576639792947634e-06,-0.0,-0.0,-0.0,0.0,0.0,0.014556113452181206,-0.027038434756893343
3449.5,-0.04198275294117647,-0.044331751761144615,-0.032481130062301515,0.002348998819968147,1.9066078840690676e-06,-0.0,-0.0,-0.0,0.0,0.0,0.014500700107735378,-0.026898647034808026
3450.39,-0.042325082352941176,-0.04418144414914709,-0.03244472539385924,0.0018563617962059145,1.806837570837076e-06,-0.0,-0.0,-0.0,0.0,0.0,0.0143159143713161,-0.026601953134921506
3451.28,-0.042627023529411764,-0.04401173490172957,-0.032408320725416946,0.0013847113723178053,1.7328499337041378e-06,-0.0,-0.0,-0.0,0.0,0.0,0.01420382828823244,-0.02635858303562672
3452.16,-0.042844099999999996,-0.04389979490057243,-0.032372325098193135,0.001055694900572432,1.67193821824664e-06,-0.0,-0.0,-0.0,0.0,0.0,0.014093001599340826,-0.026173822077213384
3453.05,-0.042947041176470586,-0.04364441150318132,-0.032335920429750836,0.0006973703267107306,1.551166194460347e-06,-0.0,-0.0,-0.0,0.0,0.0,0.013980915516257143,-0.02584473104355834
3453.94,-0.04292741176470588,-0.043466865674749576,-0.032299515761308566,0.0005394539100436954,1.4845407567425618e-06,-0.0,-0.0,-0.0,0.0,0.0,0.01391511145253287,-0.025639813744808122
3454.82,-0.04279771176470588,-0.04328072642046967,-0.03226352013408473,0.0004830146557637943,1.410271178033188e-06,-0.0,-0.0,-0.0,0.0,0.0,0.013834503530429223,-0.025411058942196762
3455.71,-0.0425868294117647,-0.04301456783446996,-0.032227115465642456,0.0004277384227052636,1.2878678579069588e-06,-0.0,-0.0,-0.0,0.0,0.0,0.013727154280397861,-0.025075927921689074
3456.59,-0.04233275882352941,-0.04289217786957478,-0.03219111983841862,0.0005594190460453674,1.2368117626812437e-06,-0.0,-0.0,-0.0,0.0,0.0,0.013671740935952007,-0.024936140199603708
3457.48,-0.042074729411764704,-0.042641266979501664,-0.03215471516997635,0.0005665375677369605,1.1251090064488126e-06,-0.0,-0.0,-0.0,0.0,0.0,0.013576005461517675,-0.02462788135118355
3458.37,-0.041846570588235286,-0.042399577572097794,-0.032118310501534075,0.0005530069838625071,1.0336512706958691e-06,-0.0,-0.0,-0.0,0.0,0.0,0.013483154066721062,-0.02433174831009082
3459.25,-0.041672064705882354,-0.042277204625901045,-0.03208231487431024,0.0006051399200186908,9.655764770616077e-07,-0.0,-0.0,-0.0,0.0,0.0,0.01342774072227523,-0.024191960588005504
3460.14,-0.041562588235294115,-0.041947957327136215,-0.03204591020586797,0.0003853690918420999,8.53650957614852e-07,-0.0,-0.0,-0.0,-0.0,0.0,0.013349387182713354,-0.023822747043002867
3461.03,-0.04151670588235294,-0.041600057641605154,-0.032009505537425674,8.335175925221205e-05,7.159542159454652e-07,-0.0,-0.0,-0.0,-0.0,0.0,0.013281922095669797,-0.02344574379253012
3461.92,-0.041522247058823535,-0.04141028165702122,-0.0319731008689834,-0.00011196540180231224,6.573802660593781e-07,-0.0,-0.0,-0.0,-0.0,0.0,0.013272886396566,-0.023285372753736013
3462.8,-0.04156010588235294,-0.04116542829205527,-0.03193710524175957,-0.0003946775902976679,5.595835438625269e-07,-0.0,-0.0,-0.0,-0.0,0.0,0.01321201089598923,-0.023017612734821998
3463.69,-0.04160930588235294,-0.04080922445175975,-0.031900700573317294,-0.0008000814305931872,4.3414714912088414e-07,-0.0,-0.0,-0.0,-0.0,0.0,0.013186405604735805,-0.022674177385721826
3464.58,-0.04165191764705881,-0.04063833549759266,-0.031864295904875016,-0.0010135821494661537,3.652987782862518e-07,-0.0,-0.0,-0.0,-0.0,0.0,0.013130362563194014,-0.02248567576048562
3465.46,-0.04167642352941176,-0.04035104296199863,-0.031828300277651184,-0.0013253805674131314,2.4202099873929614e-07,-0.0,-0.0,-0.0,-0.0,0.0,0.013106514399372392,-0.02221247842664132
3466.35,-0.04167847058823528,-0.04008111013847975,-0.03179189560920891,-0.0015973604497555305,1.3439508833341806e-07,-0.0,-0.0,-0.0,-0.0,0.0,0.013043384038123936,-0.02191780683480709
3467.24,-0.0416591588235294,-0.03984066135889984,-0.031755490940766636,-0.0018184974646295593,6.060804088463909e-08,-0.0,-0.0,-0.0,-0.0,0.0,0.013043384038123936,-0.021715783487023247
3468.13,-0.0416220294117647,-0.03950560589944588,-0.031719086272324344,-0.0021164235123188185,-7.708870078474744e-08,-0.0,-0.0,-0.0,-0.0,0.0,0.012999758508563577,-0.02137546402011079
3469.02,-0.04157018235294117,-0.039283925247030525,-0.03168268160388207,-0.0022862571059106412,-1.661305496544724e-07,-0.0,-0.0,-0.0,-0.0,0.0,0.012966883251976582,-0.021159318288103093
3469.9,-0.04150452352941176,-0.0389972803183734,-0.031646685976658234,-0.0025072432110383597,-2.569545042386984e-07,-0.0,-0.0,-0.0,-0.0,0.0,0.012966883251976582,-0.020910649178842278
3470.79,-0.0414231294117647,-0.03864298120799235,-0.031610281308215964,-0.0027801482037723493,-3.9465124590797826e-07,-0.0,-0.0,-0.0,-0.0,0.0,0.012966883251976582,-0.020594711590563076
3471.68,-0.04132146470588235,-0.038412805983482914,-0.031573876639773686,-0.0029086587223994334,-4.824989547257825e-07,-0.0,-0.0,-0.0,-0.0,0.0,0.012966883251976582,-0.020402947737188336
3472.57,-0.04119322941176471,-0.03814004601466974,-0.031537471971331395,-0.003053183397094969,-5.995593351336904e-07,-0.0,-0.0,-0.0,-0.0,0.0,0.01289959220422154,-0.02010127887908324
3473.46,-0.04103138823529412,-0.03784256401679673,-0.03150106730288912,-0.0031888242184973867,-7.251052759253563e-07,-0.0,-0.0,-0.0,-0.0,0.0,0.01289038246582923,-0.019832960815720644
3474.35,-0.040829682352941175,-0.03761564923318048,-0.03146466263444685,-0.0032140331197606925,-8.11165739468679e-07,-0.0,-0.0,-0.0,-0.0,0.0,0.01289038246582923,-0.019644459190484367
3475.23,-0.04058444705882353,-0.03729373138857372,-0.031428667007223014,-0.0032907156702498136,-9.466937336678428e-07,-0.0,-0.0,-0.0,-0.0,0.0,0.01289038246582923,-0.019360472461234297
3476.12,-0.04029653529411765,-0.036971471076900624,-0.03139226233878074,-0.0033250642172170247,-1.0677973324955677e-06,-0.0,-0.0,-0.0,-0.0,0.0,0.01289038246582923,-0.019076590264805893
3477.01,-0.03997297058823529,-0.03674685262111341,-0.031355857670338445,-0.003226117967121883,-1.149964799615364e-06,-0.0,-0.0,-0.0,-0.0,0.0,0.012875926686026818,-0.018875933080592676
3477.9,-0.03962755882352941,-0.0364878180916876,-0.03131945300189617,-0.0031397407318418113,-1.3220857267019516e-06,-0.0,-0.0,-0.0,-0.0,0.0,0.012813881679681874,-0.018593180642738353
3478.79,-0.03927973529411764,-0.03611391252738555,-0.03128304833345389,-0.003165822766732093,-1.485798627338326e-06,-0.0,-0.0,-0.0,-0.0,0.0,0.012813881679681874,-0.01825761058437918
3479.68,-0.038951970588235296,-0.035934105937985725,-0.03124664366501162,-0.0030178646502495715,-1.5546469981729581e-06,-0.0,-0.0,-0.0,-0.0,0.0,0.012813881679681874,-0.018116234365452028
3480.57,-0.03866623529411764,-0.03565369822204395,-0.031210238996569325,-0.00301253707207369,-1.6974777197359994e-06,-0.0,-0.0,-0.0,-0.0,0.0,0.012810086284429138,-0.017870387642379495
3481.46,-0.038440423529411766,-0.03539382900214773,-0.03117383432812705,-0.0030465945272640377,-1.839361881193907e-06,-0.0,-0.0,-0.0,-0.0,0.0,0.01273738089353452,-0.017576170366270707
3482.35,-0.03828559411764706,-0.03521403962484055,-0.031137429659684773,-0.003071554492806508,-1.92542234473723e-06,-0.0,-0.0,-0.0,-0.0,0.0,0.01273738089353452,-0.0174347941473435
3483.24,-0.0382044,-0.03489489477809183,-0.0311010249912425,-0.0033095052219081697,-2.0963648441409657e-06,-0.0,-0.0,-0.0,-0.0,0.0,0.01273738089353452,-0.017153977576938886
3484.13,-0.03819084705882353,-0.03469642326668163,-0.031064620322800208,-0.003494423792141897,-2.225712297188544e-06,-0.0,-0.0,-0.0,-0.0,0.0,0.012702562995109284,-0.016959058038493947
3485.02,-0.03823108235294118,-0.034522126183166975,-0.03102821565435793,-0.003708956169774208,-2.3466261728304398e-06,-0.0,-0.0,-0.0,-0.0,0.0,0.012660880107387164,-0.01678145637222504
3485.91,-0.03830506470588235,-0.034201046647396253,-0.030991810985915656,-0.004104018058486099,-2.518747099917011e-06,-0.0,-0.0,-0.0,-0.0,0.0,0.012660880107387164,-0.016498703934370747
3486.8,-0.03838891176470589,-0.03405584541904663,-0.03095540631747336,-0.004333066345659255,-2.6295104914284115e-06,-0.0,-0.0,-0.0,-0.0,0.0,0.012610934656631198,-0.016341945710717183
3487.69,-0.038457605882352947,-0.033828278052471544,-0.030919001649031087,-0.004629327829881402,-2.7690084286064025e-06,-0.0,-0.0,-0.0,-0.0,0.0,0.012584379321239809,-0.016126182729657036
3488.58,-0.038487935294117655,-0.033539017416909164,-0.030882596980588813,-0.0049489178772084905,-2.950757954218016e-06,-0.0,-0.0,-0.0,-0.0,0.0,0.012575349359694956,-0.015866209601867704
3489.47,-0.038461158823529414,-0.033415271081143796,-0.03084619231214654,-0.005045887742385617,-3.036818417761339e-06,-0.0,-0.0,-0.0,-0.0,0.0,0.012519306318153142,-0.015724833382940492
3490.36,-0.038365164705882346,-0.033157891218263305,-0.030809787643704244,-0.005207273487619041,-3.2187954056136014e-06,-0.0,-0.0,-0.0,-0.0,0.0,0.012495148804277507,-0.015481613248040047
3491.25,-0.03819569411764705,-0.03301513700031559,-0.03077338297526197,-0.005180557117331459,-3.3808245863980563e-06,-0.0,-0.0,-0.0,-0.0,0.0,0.0124313777489451,-0.015313425164422655
3492.14,-0.03795639411764705,-0.032833435745985885,-0.030736978306819696,-0.005122958371661164,-3.4886422758137514e-06,-0.0,-0.0,-0.0,-0.0,0.0,0.012423978210405012,-0.015162715772706958
3493.03,-0.037657723529411755,-0.032617628898542195,-0.0307005736383774,-0.00504009463086956,-3.687166444156932e-06,-0.0,-0.0,-0.0,-0.0,0.0,0.012354876962797747,-0.014916108372331196
3493.92,-0.03731517058823529,-0.03240579062483759,-0.030664168969935127,-0.0049093799633977,-3.902098437492804e-06,-0.0,-0.0,-0.0,-0.0,0.0,0.012277341503517752,-0.01466501892619677
3494.82,-0.036946852941176465,-0.032328326191548545,-0.03062735526027439,-0.00461852674962792,-4.006531359545401e-06,-0.0,-0.0,-0.0,-0.0,0.0,0.012220668764879952,-0.014569709115684023
3495.71,-0.036571170588235294,-0.03208925162453832,-0.030590950591832117,-0.004481918963696971,-4.17844523578676e-06,-0.0,-0.0,-0.0,-0.0,0.0,0.012201875390503039,-0.014350168479264156
3496.6,-0.03620472941176471,-0.03198228121379582,-0.03055454592338984,-0.004222448197968888,-4.359204441611105e-06,-0.0,-0.0,-0.0,-0.0,0.0,0.012108582681796353,-0.014188223819452655
3497.49,-0.035860947058823534,-0.03190569470852494,-0.030518141254947565,-0.003955252350298595,-4.479689090571756e-06,-0.0,-0.0,-0.0,-0.0,0.0,0.01205253964025454,-0.014093973006834518
3498.38,-0.03554941764705882,-0.03170090719966187,-0.030481736586505274,-0.0038485104473969522,-4.689282255837459e-06,-0.0,-0.0,-0.0,-0.0,0.0,0.011972373032060975,-0.013847308515456149
3499.27,-0.035275941176470586,-0.03155967899777625,-0.030445331918062996,-0.003716262178694335,-4.861629176718917e-06,-0.0,-0.0,-0.0,-0.0,0.0,0.011940453557170914,-0.013712487710603105
3500.16,-0.035043076470588234,-0.03147530301155841,-0.030408927249620722,-0.0035677734590298243,-5.006754932083153e-06,-0.0,-0.0,-0.0,-0.0,0.0,0.011872948785344577,-0.013598961045647076
3501.06,-0.034851276470588236,-0.0313593407502905,-0.030372113539959986,-0.0034919357202977327,-5.250431750205878e-06,-0.0,-0.0,-0.0,-0.0,0.0,0.011759603308068968,-0.013408341424621578
3501.95,-0.03470008823529412,-0.031277068430836004,-0.03033570887151771,-0.0034230198044581175,-5.388902803298379e-06,-0.0,-0.0,-0.0,-0.0,0.0,0.011695193949302145,-0.013300020494190682
3502.84,-0.034587617647058824,-0.03118198369549046,-0.030299304203075417,-0.003405633951568364,-5.567904426451652e-06,-0.0,-0.0,-0.0,-0.0,0.0,0.01161193192804907,-0.013159993954812444
3503.73,-0.03451147647058823,-0.031071904891697765,-0.030262899534633143,-0.0034395715788904623,-5.7943380208164915e-06,-0.0,-0.0,-0.0,-0.0,0.0,0.011506607080071176,-0.012982863088291
3504.62,-0.03446858235294117,-0.030995318386426884,-0.03022649486619087,-0.0034732639665142825,-5.914822669777144e-06,-0.0,-0.0,-0.0,-0.0,0.0,0.011450564038529362,-0.01288861227567286
3505.52,-0.03445446470588235,-0.030888667282246044,-0.030189681156530132,-0.0035657974236363056,-6.131956744300915e-06,-0.0,-0.0,-0.0,-0.0,0.0,0.011350915070753623,-0.012721026863977906
3506.41,-0.03446248235294117,-0.03078931781988888,-0.030153276488087858,-0.003673164533052293,-6.3451067787669505e-06,-0.0,-0.0,-0.0,-0.0,0.0,0.0112613474722024,-0.012570395871878564
3507.3,-0.034483241176470586,-0.030718919230499447,-0.030116871819645563,-0.0037643219459711393,-6.471287528639394e-06,-0.0,-0.0,-0.0,-0.0,0.0,0.011199122210880022,-0.012476145059260408
3508.19,-0.034504547058823526,-0.030737521394520344,-0.03008046715120329,-0.003767025664303182,-6.746681011978026e-06,-0.0,-0.0,-0.0,-0.0,0.0,0.011014656821502744,-0.012348505659264208
3509.09,-0.034512158823529406,-0.03064759467503886,-0.030043653441542553,-0.003864564148490547,-6.931126016536148e-06,-0.0,-0.0,-0.0,-0.0,0.0,0.010939587078186265,-0.012222256545797833
3509.98,-0.03449123529411764,-0.030588876205072956,-0.030007248773100275,-0.003902359089044686,-7.1016566169180815e-06,-0.0,-0.0,-0.0,-0.0,0.0,0.010865726047290922,-0.01212800573317972
3510.87,-0.034428270588235284,-0.030579807913509633,-0.029970844104658,-0.0038484626747256508,-7.364499588456621e-06,-0.0,-0.0,-0.0,-0.0,0.0,0.010682418688563938,-0.011973866458761388
3511.77,-0.034313164705882346,-0.03049315719053475,-0.029934030394997264,-0.0038200075153475947,-7.609057033471942e-06,-0.0,-0.0,-0.0,-0.0,0.0,0.010579576291096493,-0.011823060575210192
3512.66,-0.034140947058823534,-0.03046373051575836,-0.02989762572655499,-0.003677216543065173,-7.763965867849924e-06,-0.0,-0.0,-0.0,-0.0,0.0,0.01052353324955468,-0.011775935168901125
3513.55,-0.03391281764705882,-0.03045476088966026,-0.029861221058112696,-0.0034580567573985616,-8.02930842767731e-06,-0.0,-0.0,-0.0,-0.0,0.0,0.010339621534617085,-0.01162128770414913
3514.45,-0.03363618823529411,-0.030402525917323262,-0.02982440734845198,-0.003233662317970846,-8.230303402773062e-06,-0.0,-0.0,-0.0,-0.0,0.0,0.010257815897080367,-0.011525977893636451
3515.34,-0.033323705882352936,-0.03035923694517958,-0.029788002680009685,-0.002964468937173354,-8.40203577912471e-06,-0.0,-0.0,-0.0,-0.0,0.0,0.010168526570138703,-0.01143172708101829
3516.23,-0.03299101176470588,-0.030344641353857362,-0.02975159801156741,-0.0026463704108485205,-8.694117266897753e-06,-0.0,-0.0,-0.0,-0.0,0.0,0.010002103891174324,-0.011288915948087426
3517.13,-0.032653870588235295,-0.030300628493055936,-0.029714784301906674,-0.0023532420951793594,-8.870922976335244e-06,-0.0,-0.0,-0.0,-0.0,0.0,0.009936055503064246,-0.011217609687802632
3518.02,-0.03232675294117647,-0.030329208916547275,-0.0296783796334644,-0.001997544024629195,-9.083532622779775e-06,-0.0,-0.0,-0.0,-0.0,0.0,0.009799494427842519,-0.011147915645269312
3518.92,-0.03201998823529412,-0.030272989556440578,-0.029641565923803664,-0.001746998678853539,-9.370442244759922e-06,-0.0,-0.0,-0.0,-0.0,0.0,0.009663326853539508,-0.010994173595573769
3519.81,-0.03173860588235294,-0.03029960592320597,-0.02960516125536139,-0.0014389999591469665,-9.525351079137844e-06,-0.0,-0.0,-0.0,-0.0,0.0,0.009551240770455922,-0.010947048189264716
3520.7,-0.03148238235294117,-0.03023488329984156,-0.029568756586919112,-0.0012474990530996141,-9.795331724742277e-06,-0.0,-0.0,-0.0,-0.0,0.0,0.009430462285546335,-0.010799776319188622
3521.6,-0.031246982352941176,-0.030278402137095334,-0.029531942877258376,-0.0009685802158458413,-1.0024870347562493e-05,-0.0,-0.0,-0.0,-0.0,0.0,0.009272076970426466,-0.010723612097035859
3522.49,-0.031025876470588236,-0.03024546333847685,-0.0294955382088161,-0.000780413132111385,-1.0186166480248126e-05,-0.0,-0.0,-0.0,-0.0,0.0,0.009213723127013131,-0.010670657377714866
3523.39,-0.030812511764705886,-0.030205905122883965,-0.029458724499155365,-0.0006066066418219211,-1.0499465246405917e-05,-0.0,-0.0,-0.0,-0.0,0.0,0.009058911354866191,-0.010514905885545033
3524.28,-0.030602217647058824,-0.030214348723784517,-0.029422319830713074,-0.00038786892327430725,-1.0702793581736117e-05,-0.0,-0.0,-0.0,-0.0,0.0,0.008950316576410332,-0.010453050598497927
3525.18,-0.030393488235294117,-0.030156173221654228,-0.029385506121052354,-0.00023731501363988966,-1.0911125498980726e-05,-0.0,-0.0,-0.0,-0.0,0.0,0.008874946089378352,-0.010358228071754535
3526.07,-0.03018828235294118,-0.030175917075329378,-0.02934910145261006,-1.2365277611801895e-05,-1.1220943167736846e-05,-0.0,-0.0,-0.0,-0.0,0.0,0.008689879212569892,-0.010231094449796007
3526.97,-0.0299914,-0.03015880818246672,-0.029312287742949344,0.00016740818246671965,-1.1488185455779933e-05,-0.0,-0.0,-0.0,-0.0,0.0,0.008573013742871777,-0.010135784639283317
3527.86,-0.02980904705882353,-0.030138299142923056,-0.02927588307450705,0.0003292520840995246,-1.1643094290157937e-05,-0.0,-0.0,-0.0,-0.0,0.0,0.008460927659788136,-0.010041533826665163
3528.76,-0.029646958823529416,-0.030117705823246077,-0.029239069364846312,0.0004707469997166612,-1.1945902186469442e-05,-0.0,-0.0,-0.0,-0.0,0.0,0.008347582182512532,-0.00994622401615242
3529.65,-0.02950858823529412,-0.030064842482592013,-0.02920266469640404,0.000556254247297893,-1.2166108689953559e-05,-0.0,-0.0,-0.0,-0.0,0.0,0.008267915698208443,-0.009851973203534299
3530.55,-0.029393805882352943,-0.030025239723939865,-0.029165850986743302,0.0006314338415869224,-1.2357562439044247e-05,-0.0,-0.0,-0.0,-0.0,0.0,0.00817346830576082,-0.009756663393021578
3531.44,-0.029298588235294118,-0.030005085753795444,-0.029129446318301028,0.0007064975185013256,-1.2648716750195672e-05,-0.0,-0.0,-0.0,-0.0,0.0,0.00801006453906973,-0.009611313720718433
3532.34,-0.02921574705882353,-0.029963368000797522,-0.02909263260864029,0.0007476209419739928,-1.2822277341457044e-05,-0.0,-0.0,-0.0,-0.0,0.0,0.007945525607096353,-0.009543815269492016
3533.23,-0.029137317647058823,-0.02989085476803987,-0.029056227940198017,0.0007535371209810467,-1.3055545229004041e-05,-0.0,-0.0,-0.0,-0.0,0.0,0.00786113376485791,-0.009425176145451887
3534.13,-0.029056029411764706,-0.029845075555280744,-0.02901941423053728,0.0007890461435160374,-1.334529174125267e-05,-0.0,-0.0,-0.0,-0.0,0.0,0.007756309040769395,-0.009313214256428145
3535.03,-0.028966129411764706,-0.02976766333845274,-0.028982600520876544,0.0008015339266880354,-1.3501941124331505e-05,-0.0,-0.0,-0.0,-0.0,0.0,0.007699636302131613,-0.009217904445915432
3535.92,-0.028865664705882352,-0.02972504036993852,-0.028946195852434266,0.0008593756640561667,-1.3757009116365663e-05,-0.0,-0.0,-0.0,-0.0,0.0,0.007598857513370485,-0.009112746839491558
3536.82,-0.028756958823529414,-0.029646996604678188,-0.02890938214277353,0.0008900377811487739,-1.3993810671670926e-05,-0.0,-0.0,-0.0,-0.0,0.0,0.007510419735804647,-0.00898496028944623
3537.72,-0.028646082352941176,-0.02960950302483289,-0.028872568433112814,0.0009634206718917154,-1.4148655334971301e-05,-0.0,-0.0,-0.0,-0.0,0.0,0.007448667344966692,-0.008924491268435808
3538.61,-0.02854144705882353,-0.029533349698420447,-0.02883616376467052,0.0009919026395969165,-1.4444423796234863e-05,-0.0,-0.0,-0.0,-0.0,0.0,0.007336581261883059,-0.008774455309322
3539.51,-0.028451876470588236,-0.0294713359522063,-0.028799350055009783,0.0010194594816180652,-1.462145138781918e-05,-0.0,-0.0,-0.0,-0.0,0.0,0.007264530430839919,-0.008679145498809278
3540.4,-0.028384488235294113,-0.029380624937260905,-0.02876294538656751,0.0009961367019667919,-1.4823142993560137e-05,-0.0,-0.0,-0.0,-0.0,0.0,0.007187650487671239,-0.008549852067932972
3541.3,-0.028342847058823527,-0.029329721078869053,-0.028726131676906772,0.0009868740200455264,-1.510953836585242e-05,-0.0,-0.0,-0.0,-0.0,0.0,0.00707531386451296,-0.008425256985346699
3542.2,-0.028325794117647057,-0.029252274051067065,-0.028689317967246053,0.0009264799334200088,-1.523137677491372e-05,-0.0,-0.0,-0.0,-0.0,0.0,0.007018641125875187,-0.008329947174834
3543.09,-0.028327176470588234,-0.029075965097685192,-0.02865291329880376,0.0007487886270969579,-1.5454752037397005e-05,-0.0,-0.0,-0.0,-0.0,0.0,0.006999821932482934,-0.008173094871640928
3543.99,-0.02833665294117647,-0.02898722939267527,-0.028616099589143042,0.0006505764514988001,-1.572255453747875e-05,-0.0,-0.0,-0.0,-0.0,0.0,0.0068885295450556204,-0.008011730771039739
3544.89,-0.028341388235294116,-0.02889487464610778,-0.028579285879482306,0.0005534864108136632,-1.5900227951486704e-05,-0.0,-0.0,-0.0,-0.0,0.0,0.006846820360188226,-0.00791642096052699
3545.79,-0.028328329411764705,-0.02876589047762745,-0.02854247216982157,0.0004375610658627453,-1.606893738549829e-05,-0.0,-0.0,-0.0,-0.0,0.0,0.006814840162799142,-0.007794219679559711
3546.68,-0.028286482352941174,-0.028583651191603904,-0.028506067501379295,0.00029716883866272997,-1.6309906683419525e-05,-0.0,-0.0,-0.0,-0.0,0.0,0.006770319574040871,-0.0076057180543234884
3547.58,-0.028208688235294117,-0.028494232625109816,-0.02846925379171856,0.00028554438981569924,-1.6441349902185324e-05,-0.0,-0.0,-0.0,-0.0,0.0,0.006718114481314103,-0.007502894746220011
3548.48,-0.02809179411764706,-0.02844923224861382,-0.028432440082057822,0.00035743813096675986,-1.6632794400068018e-05,-0.0,-0.0,-0.0,-0.0,0.0,0.006629064697459103,-0.007407584935707278
3549.38,-0.02793718823529412,-0.028275151649962273,-0.028395626372397086,0.00033796341466815413,-1.6825997508533885e-05,-0.0,-0.0,-0.0,-0.0,0.0,0.006604769004038507,-0.007247947234862819
3550.27,-0.027751023529411768,-0.028198565144691393,-0.02835922170395481,0.0004475416152796251,-1.6946482157494537e-05,-0.0,-0.0,-0.0,-0.0,0.0,0.0065487259624966935,-0.007153696422244679
3551.17,-0.027541841176470593,-0.027990419792716287,-0.028322407994294075,0.0004485786162456949,-1.714320322134941e-05,-0.0,-0.0,-0.0,-0.0,0.0,0.006540817215598807,-0.0069763773966439735
3552.07,-0.02731894117647059,-0.027838623111046838,-0.02828559428463334,0.0005196819345762473,-1.7298747745875556e-05,-0.0,-0.0,-0.0,-0.0,0.0,0.006511881271368483,-0.0068344210205558255
3552.97,-0.02709084705882353,-0.027736744695219508,-0.02824878057497262,0.000645897636395977,-1.7414369636865176e-05,-0.0,-0.0,-0.0,-0.0,0.0,0.006464316429451453,-0.006723793935256595
3553.87,-0.026864270588235296,-0.027562444729624765,-0.028211966865311883,0.0006981741413894689,-1.7605334834067948e-05,-0.0,-0.0,-0.0,-0.0,0.0,0.006409255944881749,-0.006533174314231099
3554.77,-0.026643529411764708,-0.02743172480523935,-0.028175153155651146,0.0007881953934746402,-1.771540908400731e-05,-0.0,-0.0,-0.0,-0.0,0.0,0.006387815643304098,-0.006419835808354235
3555.66,-0.02643065882352941,-0.027256223837369045,-0.028138748487208872,0.0008255650138396346,-1.7840619778643184e-05,-0.0,-0.0,-0.0,-0.0,0.0,0.006387815643304098,-0.00628270884863281
3556.56,-0.026225999999999996,-0.027112866997566366,-0.028101934777548136,0.0008868669975663698,-1.8004232237593003e-05,-0.0,-0.0,-0.0,-0.0,0.0,0.006311314857156743,-0.006101619404559973
3557.46,-0.026029141176470583,-0.026978695014665502,-0.0280651210678874,0.0009495538381949185,-1.8073854185628067e-05,-0.0,-0.0,-0.0,-0.0,0.0,0.006311314857156743,-0.006006309594047224
3558.36,-0.0258399294117647,-0.026845933934694165,-0.028028307358226662,0.001006004522929465,-1.819831846930929e-05,-0.0,-0.0,-0.0,-0.0,0.0,0.006302792669579892,-0.005903833656551496
3559.26,-0.025659217647058818,-0.026684507306372635,-0.027991493648565926,0.0010252896593138175,-1.8344506938834317e-05,-0.0,-0.0,-0.0,-0.0,0.0,0.006234814071009389,-0.005713214035526086
3560.16,-0.025489170588235292,-0.026524165042235225,-0.02795467993890521,0.0010349944539999323,-1.842369081795903e-05,-0.0,-0.0,-0.0,-0.0,0.0,0.006234814071009389,-0.005591724381845678
3561.06,-0.025333,-0.026354222131894343,-0.027917866229244474,0.0010212221318943414,-1.850638252019745e-05,-0.0,-0.0,-0.0,-0.0,0.0,0.006234814071009389,-0.005460630574138708
3561.96,-0.025194294117647058,-0.02620371262694746,-0.027881052519583737,0.001009418509300402,-1.8609479744031614e-05,-0.0,-0.0,-0.0,-0.0,0.0,0.0061583132848620345,-0.00527244898015678
3562.86,-0.025076123529411767,-0.02606952323855959,-0.027844238809923,0.0009933997091478228,-1.8661696205057912e-05,-0.0,-0.0,-0.0,-0.0,0.0,0.0061583132848620345,-0.005177139169644032
3563.75,-0.024980123529411764,-0.02587351667690838,-0.027807834141480726,0.0008933931474966149,-1.8748035526441653e-05,-0.0,-0.0,-0.0,-0.0,0.0,0.0061583132848620345,-0.005019545487514953
3564.65,-0.024905870588235294,-0.025765520422378344,-0.02777102043181999,0.0008596498341430503,-1.8807061170228416e-05,-0.0,-0.0,-0.0,-0.0,0.0,0.0060818124987146805,-0.0048739212155299244
3565.55,-0.024850629411764705,-0.025678968533759842,-0.027734206722159253,0.0008283391219951371,-1.8841872144245947e-05,-0.0,-0.0,-0.0,-0.0,0.0,0.0060818124987146805,-0.00482626631027355
3566.45,-0.02480956470588235,-0.0254873608996387,-0.027697393012498534,0.0006777961937563526,-1.890017824963443e-05,-0.0,-0.0,-0.0,-0.0,0.0,0.006048950629765272,-0.004640670295433738
3567.35,-0.024776194117647057,-0.025360087277785676,-0.027660579302837798,0.0005838931601386196,-1.8924284988643907e-05,-0.0,-0.0,-0.0,-0.0,0.0,0.006005311712567326,-0.004508665443979908
3568.25,-0.02474325294117647,-0.025225867693014454,-0.02762376559317706,0.0004826147518379835,-1.89463050662985e-05,-0.0,-0.0,-0.0,-0.0,0.0,0.006005311712567326,-0.004413355633467179
3569.15,-0.024703600000000003,-0.025102305335724405,-0.027586951883516325,0.00039870533572440234,-1.8981116040316025e-05,-0.0,-0.0,-0.0,-0.0,0.0,0.005938416556380608,-0.004261795103352533
3570.05,-0.02465107647058824,-0.02496959514021379,-0.027550138173855588,0.00031851866962554973,-1.8984066147748794e-05,-0.0,-0.0,-0.0,-0.0,0.0,0.005928810926419971,-0.00415840812211
3570.95,-0.024581117647058826,-0.024835373216942826,-0.027513324464194872,0.00025425556988399947,-1.9003747725609115e-05,-0.0,-0.0,-0.0,-0.0,0.0,0.005928810926419971,-0.004063098311597299
3571.85,-0.02449108235294118,-0.024723574920059322,-0.027476510754534136,0.00023249256711814145,-1.9003810134551827e-05,-0.0,-0.0,-0.0,-0.0,0.0,0.005852310140272617,-0.003913730960493646
3572.75,-0.02438028823529412,-0.024636970814979793,-0.0274396970448734,0.0002566825796856721,-1.8986404647543064e-05,-0.0,-0.0,-0.0,-0.0,0.0,0.005852310140272617,-0.003866076055237272
3573.66,-0.024249800000000005,-0.02451980380376249,-0.027402474293994217,0.00027000380376248495,-1.8977040516090586e-05,-0.0,-0.0,-0.0,-0.0,0.0,0.005775809354125262,-0.0037117819918328298
3574.56,-0.024102111764705884,-0.02438553655867675,-0.027365660584333484,0.0002834247939708656,-1.895140027922544e-05,-0.0,-0.0,-0.0,-0.0,0.0,0.005775809354125262,-0.0036164721813201003
3575.46,-0.023940770588235297,-0.02427133254874931,-0.027328846874672748,0.0003305619605140121,-1.8924751513846193e-05,-0.0,-0.0,-0.0,-0.0,0.0,0.005755745110438458,-0.0035211623708073813
3576.36,-0.023770111764705885,-0.024145621824823434,-0.02729203316501201,0.00037551006011754887,-1.8872607594038025e-05,-0.0,-0.0,-0.0,-0.0,0.0,0.005699308567977908,-0.0033779990426769124
3577.26,-0.023594982352941177,-0.024087225871564286,-0.027255219455351275,0.0004922435186231096,-1.8811652118898296e-05,-0.0,-0.0,-0.0,-0.0,0.0,0.0056141813619326065,-0.0032734686331837553
3578.16,-0.023420552941176467,-0.024057259694148563,-0.027218405745690556,0.0006367067529720952,-1.8759435657872023e-05,-0.0,-0.0,-0.0,-0.0,0.0,0.0055575086232948325,-0.0032258137279274055
3579.06,-0.023252094117647056,-0.023893681856859552,-0.02718159203602982,0.0006415877392124958,-1.8688818691023406e-05,-0.0,-0.0,-0.0,-0.0,0.0,0.005531865559778226,-0.0030755952384247808
3579.96,-0.023094747058823528,-0.02384298938044235,-0.027144778326369082,0.0007482423216188215,-1.8615888041113054e-05,-0.0,-0.0,-0.0,-0.0,0.0,0.005469806209535844,-0.003001848136751258
3580.86,-0.022953170588235296,-0.023763097462583996,-0.027107964616708346,0.0008099268743487001,-1.8570361525055477e-05,-0.0,-0.0,-0.0,-0.0,0.0,0.00545817617752177,-0.002949303507731035
3581.76,-0.02283116470588235,-0.02369360225566231,-0.02707115090704761,0.0008624375497799583,-1.8446005318978587e-05,-0.0,-0.0,-0.0,-0.0,0.0,0.005393305423388489,-0.002853993697218287
3582.67,-0.022731388235294116,-0.023637493916743652,-0.02703392815616843,0.0009061056814495365,-1.8380297512985412e-05,-0.0,-0.0,-0.0,-0.0,0.0,0.005350016019157258,-0.002794026031703157
3583.57,-0.022655041176470585,-0.023611224910651485,-0.026997114446507695,0.0009561837341808994,-1.829205347067028e-05,-0.0,-0.0,-0.0,-0.0,0.0,0.0052698819237978,-0.0027266429686299888
3584.47,-0.02260170588235294,-0.023513113964179815,-0.026960300736846975,0.0009114080818268741,-1.8156157190286917e-05,-0.0,-0.0,-0.0,-0.0,0.0,0.005236670541881722,-0.0026343883308587554
3585.37,-0.02256935294117647,-0.023483112975790053,-0.02692348702718624,0.0009137600346135824,-1.8069129755243086e-05,-0.0,-0.0,-0.0,-0.0,0.0,0.005179997803243921,-0.0025867334256023814
3586.28,-0.02255454705882353,-0.02345928011823854,-0.026886264276307043,0.000904733059415009,-1.7941504935858726e-05,-0.0,-0.0,-0.0,-0.0,0.0,0.005081587670073828,-0.0025039824295289424
3587.18,-0.02255277647058824,-0.02341358345552302,-0.026849450566646324,0.0008608069849347817,-1.7806662852651045e-05,-0.0,-0.0,-0.0,-0.0,0.0,0.005010801492651718,-0.0024265662258106473
3588.08,-0.022558888235294117,-0.02332860615053678,-0.026812636856985587,0.0007697179152426625,-1.7733474343673912e-05,-0.0,-0.0,-0.0,-0.0,0.0,0.005007898287817442,-0.002377690698835253
3588.98,-0.022567523529411767,-0.023307513364602264,-0.02677582314732485,0.0007399898351904965,-1.7536815982450844e-05,-0.0,-0.0,-0.0,-0.0,0.0,0.004894552810541866,-0.0022823808883225298
3589.88,-0.02257358823529412,-0.02331261078072744,-0.026739009437664114,0.0007390225454333189,-1.7421569426184774e-05,-0.0,-0.0,-0.0,-0.0,0.0,0.004819503626811649,-0.002251476161609905
3590.79,-0.022572823529411763,-0.023279203739661233,-0.026701786686784936,0.0007063802102494701,-1.7292517130725137e-05,-0.0,-0.0,-0.0,-0.0,0.0,0.004781299134209654,-0.0022193580500659183
3591.69,-0.022561452941176466,-0.02321979384636002,-0.0266649729771242,0.0006583409051835534,-1.7083651286619937e-05,-0.0,-0.0,-0.0,-0.0,0.0,0.004706258556817866,-0.00212404823955317
3592.59,-0.02253666470588235,-0.02326025219645485,-0.026628159267463463,0.0007235874905725005,-1.692544902220208e-05,-0.0,-0.0,-0.0,-0.0,0.0,0.004610605320728631,-0.002107943350159332
3593.5,-0.022496694117647056,-0.023229882665987037,-0.026590936516584285,0.0007331885483399803,-1.680225685304007e-05,-0.0,-0.0,-0.0,-0.0,0.0,0.004553302884994868,-0.002059758945955677
3594.4,-0.022440882352941175,-0.02323698934098449,-0.026554122806923548,0.0007961069880433151,-1.6595703810929207e-05,-0.0,-0.0,-0.0,-0.0,0.0,0.00444146351694654,-0.0019941646002830586
3595.3,-0.02236963529411765,-0.023210855795849014,-0.02651730909726281,0.000841220501731365,-1.6441104378062492e-05,-0.0,-0.0,-0.0,-0.0,0.0,0.004398795203472881,-0.0019644491354429395
3596.2,-0.02228444117647059,-0.023168186988205535,-0.026480495387602093,0.0008837458117349449,-1.6295447779573914e-05,-0.0,-0.0,-0.0,-0.0,0.0,0.004367774134690153,-0.0019298367099513472
3597.11,-0.02218778823529412,-0.023185069195756473,-0.026443272636722893,0.0009972809604623517,-1.606303129684993e-05,-0.0,-0.0,-0.0,-0.0,0.0,0.004253169263222621,-0.0018717108323462552
3598.01,-0.022083076470588235,-0.023200166176659428,-0.026406458927062157,0.0011170897060711928,-1.593326460255199e-05,-0.0,-0.0,-0.0,-0.0,0.0,0.004192808708562597,-0.0018655088196196353
3598.92,-0.021974435294117647,-0.023251694986223866,-0.02636923617618298,0.001277259692106219,-1.5737436060000024e-05,-0.0,-0.0,-0.0,-0.0,0.0,0.004101719700626849,-0.0018655088196196353
3599.82,-0.021866488235294117,-0.023247608586183906,-0.026332422466522242,0.001381120350889789,-1.5523768104731793e-05,-0.0,-0.0,-0.0,-0.0,0.0,0.004002332748043682,-0.001801180929287924
3600.72,-0.021764047058823528,-0.023265227692076472,-0.026295608756861526,0.0015011806332529444,-1.5401929695670536e-05,-0.0,-0.0,-0.0,-0.0,0.0,0.003945660009405928,-0.001801180929287924
3601.63,-0.0216717,-0.02327001351974437,-0.026258386005982327,0.001598313519744373,-1.5144668873656528e-05,-0.0,-0.0,-0.0,-0.0,0.0,0.003836924660755524,-0.0017368530389562124
3602.53,-0.02159344117647059,-0.023281032034489533,-0.02622157229632159,0.0016875908580189433,-1.4959231493487111e-05,-0.0,-0.0,-0.0,-0.0,0.0,0.003786788914294046,-0.0017368530389562124
3603.44,-0.021532235294117647,-0.023266317041659608,-0.026184349545442413,0.0017340817475419608,-1.479557850543576e-05,-0.0,-0.0,-0.0,-0.0,0.0,0.0037619758843071577,-0.0017368530389562124
3604.34,-0.021489694117647055,-0.023288621439882314,-0.026147535835781676,0.001798927322235258,-1.4532965198806302e-05,-0.0,-0.0,-0.0,-0.0,0.0,0.0036486304070315534,-0.00168500636754609
3605.24,-0.021465829411764708,-0.02330116034547651,-0.026110722126120957,0.001835330933711802,-1.4390612896855934e-05,-0.0,-0.0,-0.0,-0.0,0.0,0.00358453613587769,-0.0016725251486245007
3606.15,-0.021458800000000004,-0.023348945005680796,-0.026073499375241758,0.001890145005680792,-1.4184351488063229e-05,-0.0,-0.0,-0.0,-0.0,0.0,0.003497180844435833,-0.0016725251486245007
3607.05,-0.021465676470588235,-0.023404282690206647,-0.02603668566558102,0.0019386062196184127,-1.3930985865141434e-05,-0.0,-0.0,-0.0,-0.0,0.0,0.003394060175358755,-0.0016639273240323426
3607.96,-0.021482499999999998,-0.023373895560857522,-0.025999462914701843,0.0018913955608575242,-1.3790194814670616e-05,-0.0,-0.0,-0.0,-0.0,0.0,0.0033367577396250124,-0.0016157429198287063
3608.86,-0.0215048,-0.023431557095216472,-0.025962649205041106,0.0019267570952164713,-1.3557249985179896e-05,-0.0,-0.0,-0.0,-0.0,0.0,0.003232385804564507,-0.0016081972582927893
3609.77,-0.021528182352941173,-0.023449514322736065,-0.025925426454161928,0.001921331969794892,-1.3275667884238152e-05,-0.0,-0.0,-0.0,-0.0,0.0,0.00317478262511521,-0.0016081972582927893
3610.67,-0.021548882352941175,-0.023457342521615885,-0.02588861274450119,0.0019084601686747103,-1.3112469526978799e-05,-0.0,-0.0,-0.0,-0.0,0.0,0.0031278594335419872,-0.0016081972582927893
3611.58,-0.021564164705882353,-0.02350279651819564,-0.025851389993622013,0.0019386318123132858,-1.2903559042124103e-05,-0.0,-0.0,-0.0,-0.0,0.0,0.0030428321566486147,-0.0016081972582927893
3612.48,-0.021572529411764706,-0.023504726431640664,-0.025814576283961277,0.0019321970198759586,-1.2644473529470024e-05,-0.0,-0.0,-0.0,-0.0,0.0,0.002937383473023081,-0.0015438693679610779
3613.39,-0.021573658823529414,-0.02352252370649518,-0.025777353533082095,0.0019488648829657645,-1.2503682478999205e-05,-0.0,-0.0,-0.0,-0.0,0.0,0.0028800810372893396,-0.0015438693679610779
3614.29,-0.021568164705882353,-0.023571143534998798,-0.02574053982342136,0.0020029788291164446,-1.2252962407869795e-05,-0.0,-0.0,-0.0,-0.0,0.0,0.0027922786943784385,-0.0015438693679610779
3615.2,-0.021557164705882353,-0.02355773472070431,-0.02570331707254218,0.0020005700148219563,-1.203568648149043e-05,-0.0,-0.0,-0.0,-0.0,0.0,0.0027661058629177876,-0.0015438693679610779
3616.11,-0.021541882352941175,-0.023582489340431834,-0.02566609432166298,0.002040606987490659,-1.1877759256954119e-05,-0.0,-0.0,-0.0,-0.0,0.0,0.0027018289461369456,-0.0015438693679610779
3617.01,-0.021523335294117648,-0.023656640135465316,-0.025629280612002245,0.0021333048413476677,-1.161487135097677e-05,-0.0,-0.0,-0.0,-0.0,0.0,0.0025884834688613407,-0.0015438693679610779
3617.92,-0.021502235294117652,-0.02368726729104671,-0.025592057861123067,0.002185031996929057,-1.14503945648817e-05,-0.0,-0.0,-0.0,-0.0,0.0,0.002518327466665094,-0.0015438693679610779
3618.82,-0.021479147058823533,-0.023680187676775825,-0.02555524415146233,0.0022010406179522914,-1.1250657754070735e-05,-0.0,-0.0,-0.0,-0.0,0.0,0.00248627554978902,-0.0015438693679610779
3619.73,-0.02145485294117647,-0.02371792032934353,-0.025518021400583152,0.0022630673881670615,-1.0984063931653454e-05,-0.0,-0.0,-0.0,-0.0,0.0,0.002404352292293559,-0.0015393097266845031
3620.64,-0.02143075882352941,-0.023687550798875717,-0.02548079864970397,0.0022567919753463082,-1.0860871762491487e-05,-0.0,-0.0,-0.0,-0.0,0.0,0.002347049856559817,-0.0014911253224808665
3621.54,-0.021409217647058824,-0.023727071415080826,-0.025443984940043234,0.002317853768022002,-1.062046194238597e-05,-0.0,-0.0,-0.0,-0.0,0.0,0.0022567731913469566,-0.001479541477629366
3622.45,-0.021393594117647057,-0.023711189477470307,-0.025406762189164055,0.0023175953598232497,-1.0404385001929338e-05,-0.0,-0.0,-0.0,-0.0,0.0,0.0022330746821882562,-0.001479541477629366
3623.35,-0.021388035294117643,-0.02373266834665082,-0.02536994847950332,0.002344633052533178,-1.0271848231642769e-05,-0.0,-0.0,-0.0,-0.0,0.0,0.0021725314819013106,-0.001479541477629366
3624.26,-0.021396952941176467,-0.023761796337615014,-0.025332725728624123,0.002364843396438547,-1.0004346175553358e-05,-0.0,-0.0,-0.0,-0.0,0.0,0.002103771619052248,-0.001479541477629366
3625.17,-0.021424323529411766,-0.023802417386125114,-0.02529550297774494,0.0023780938567133474,-9.764824471413667e-06,-0.0,-0.0,-0.0,-0.0,0.0,0.00202354667900925,-0.001479541477629366
3626.08,-0.021472958823529415,-0.023820214660979645,-0.025258280226865763,0.00234725583745023,-9.624033420942794e-06,-0.0,-0.0,-0.0,-0.0,0.0,0.001966244243275487,-0.001479541477629366
3626.98,-0.02154388823529412,-0.023802438199301806,-0.025221466517205027,0.0022585499640076848,-9.408871469008563e-06,-0.0,-0.0,-0.0,-0.0,0.0,0.0019448737486652407,-0.001479541477629366
3627.89,-0.021635994117647064,-0.023814979735393076,-0.02518424376632585,0.002178985617746012,-9.209784445424604e-06,-0.0,-0.0,-0.0,-0.0,0.0,0.0018742692606101845,-0.0014610419825179196
3628.8,-0.02174599411764706,-0.023735261437195846,-0.02514702101544665,0.001989267319548786,-9.080568711957345e-06,-0.0,-0.0,-0.0,-0.0,0.0,0.0018686655780248962,-0.0014152135872976545
3629.7,-0.021868823529411767,-0.023809431443317146,-0.02511020730578593,0.001940607913905379,-8.836891893834744e-06,-0.0,-0.0,-0.0,-0.0,0.0,0.0017553201007493484,-0.0014152135872976545
3630.61,-0.021998358823529414,-0.023803959689806847,-0.025072984554906735,0.0018056008662774327,-8.677095778442366e-06,-0.0,-0.0,-0.0,-0.0,0.0,0.0017212676883154756,-0.0014152135872976545
3631.52,-0.02212840588235294,-0.023806595518535065,-0.025035761804027553,0.0016781896361821244,-8.521536128925446e-06,-0.0,-0.0,-0.0,-0.0,0.0,0.0016791119301089784,-0.0014152135872976545
3632.43,-0.022254582352941178,-0.023803223909859773,-0.024998539053148375,0.0015486415569185945,-8.289740651892547e-06,-0.0,-0.0,-0.0,-0.0,0.0,0.0016428873734784773,-0.0014152135872976545
3633.33,-0.022373935294117648,-0.02382084301575235,-0.024961725343487638,0.0014469077216347007,-8.167902242831228e-06,-0.0,-0.0,-0.0,-0.0,0.0,0.0015862146348406957,-0.0014152135872976545
3634.24,-0.022485776470588234,-0.023799594728203848,-0.02492450259260846,0.0013138182576156142,-7.984277658891696e-06,-0.0,-0.0,-0.0,-0.0,0.0,0.0015660590683404664,-0.0014133577276616276
3635.15,-0.02259185294117647,-0.023771871830735203,-0.02488727984172926,0.0011800188895587337,-7.804042247652274e-06,-0.0,-0.0,-0.0,-0.0,0.0,0.0014917653298734122,-0.0013508856969659429
3636.06,-0.022695764705882356,-0.023734297230996466,-0.024850057090850083,0.0010385325251141102,-7.679380164333862e-06,-0.0,-0.0,-0.0,-0.0,0.0,0.0014898508977000664,-0.0013508856969659429
3636.97,-0.022801958823529412,-0.02376930802856601,-0.0248128343399709,0.0009673492050365981,-7.4681935886276564e-06,-0.0,-0.0,-0.0,-0.0,0.0,0.0014152645437260577,-0.0013508856969659429
3637.88,-0.02291463529411765,-0.02372980445184599,-0.024775611589091705,0.0008151691577283418,-7.328986697389378e-06,-0.0,-0.0,-0.0,-0.0,0.0,0.0014152645437260577,-0.0013508856969659429
3638.78,-0.02303673529411765,-0.023729199290564083,-0.02473879787943097,0.0006924639964464331,-7.189111957041907e-06,-0.0,-0.0,-0.0,-0.0,0.0,0.00137679803593147,-0.0013508856969659429
3639.69,-0.02316926470588235,-0.023663399950587333,-0.024701575128551787,0.0004941352447049817,-6.977946820643078e-06,-0.0,-0.0,-0.0,-0.0,0.0,0.0013386939506113552,-0.0012865578066342317
3640.6,-0.02331097058823529,-0.023700314019266595,-0.02466435237767261,0.0003893434310313047,-6.82540614866273e-06,-0.0,-0.0,-0.0,-0.0,0.0,0.0012622629714313487,-0.0012865578066342317
3641.51,-0.023458447058823526,-0.023660844056149963,-0.024627129626793413,0.00020239699732643723,-6.719812860809564e-06,-0.0,-0.0,-0.0,-0.0,0.0,0.0012622629714313487,-0.0012865578066342317
3642.42,-0.023606588235294115,-0.023659161616016392,-0.02458990687591423,5.2573380722276825e-05,-6.520465775490239e-06,-0.0,-0.0,-0.0,-0.0,0.0,0.0012243816946508389,-0.0012865578066342317
3643.33,-0.02374934117647059,-0.023626351868238398,-0.024552684125035053,-0.0001229893082321902,-6.4028190447100575e-06,-0.0,-0.0,-0.0,-0.0,0.0,0.0011857621852839942,-0.0012546105660489325
3644.24,-0.023880664705882352,-0.023554478449091885,-0.024515461374155875,-0.0003261862567904665,-6.274419473368865e-06,-0.0,-0.0,-0.0,-0.0,0.0,0.0011857621852839942,-0.00122222991630252
3645.15,-0.02399555882352941,-0.02351492613965144,-0.024478238623276676,-0.0004806326838779698,-6.086479861708377e-06,-0.0,-0.0,-0.0,-0.0,0.0,0.0011857621852839942,-0.00122222991630252
3646.06,-0.02409095294117647,-0.023532371570954745,-0.024441015872397498,-0.0005585813702217238,-5.997865036851316e-06,-0.0,-0.0,-0.0,-0.0,0.0,0.0011288637693270724,-0.00122222991630252
3646.96,-0.02416630588235294,-0.02351289819360757,-0.02440420216273676,-0.0006534076887453714,-5.8539118353870075e-06,-0.0,-0.0,-0.0,-0.0,0.0,0.0011092613991366398,-0.00122222991630252
3647.87,-0.024222964705882352,-0.02342693489608709,-0.02436697941185758,-0.0007960298097952623,-5.710856441630323e-06,-0.0,-0.0,-0.0,-0.0,0.0,0.0010913893811028896,-0.0011579020259708083
3648.78,-0.024265111764705884,-0.023444802566466867,-0.024329756660978384,-0.0008203091982390172,-5.640460916394851e-06,-0.0,-0.0,-0.0,-0.0,0.0,0.0010340869453690975,-0.0011579020259708083
3649.69,-0.024298723529411766,-0.02340659098428587,-0.024292533910099202,-0.0008921325451258962,-5.466916184347183e-06,-0.0,-0.0,-0.0,-0.0,0.0,0.0010327606129892854,-0.0011579020259708083
3650.6,-0.024330452941176473,-0.023336192764073498,-0.024255311159220024,-0.000994260177102975,-5.358699077698157e-06,-0.0,-0.0,-0.0,-0.0,0.0,0.0010327606129892854,-0.0011269763926938458
3651.51,-0.02436669411764706,-0.023298482152512207,-0.024218088408340825,-0.0010682119651348534,-5.255909346395774e-06,-0.0,-0.0,-0.0,-0.0,0.0,0.0009976018079357481,-0.0010935741356390967
3652.42,-0.024412841176470593,-0.02330030627566411,-0.024180865657461647,-0.0011125349008064833,-5.102421233242965e-06,-0.0,-0.0,-0.0,-0.0,0.0,0.0009562598268419309,-0.0010935741356390967
3653.33,-0.024472747058823532,-0.023260869521447246,-0.02414364290658247,-0.001211877537376286,-5.030036845136969e-06,-0.0,-0.0,-0.0,-0.0,0.0,0.0009562598268419309,-0.0010935741356390967
3654.24,-0.024548441176470592,-0.02322138993443113,-0.024106420155703287,-0.0013270512420394606,-4.9148196577851305e-06,-0.0,-0.0,-0.0,-0.0,0.0,0.0009562598268419309,-0.0010935741356390967
3655.15,-0.024640070588235297,-0.02313486490690179,-0.02406919740482409,-0.001505205681333506,-4.795265269182165e-06,-0.0,-0.0,-0.0,-0.0,0.0,0.0009389730398221791,-0.001029246245307385
3656.06,-0.024746129411764708,-0.023152732577281537,-0.02403197465394491,-0.0015933968344831705,-4.724869743946757e-06,-0.0,-0.0,-0.0,-0.0,0.0,0.0008816706040884372,-0.001029246245307385
3656.97,-0.02486393529411765,-0.023115141328134543,-0.02399475190306573,-0.001748793965983108,-4.586427031856451e-06,-0.0,-0.0,-0.0,-0.0,0.0,0.0008797590406945763,-0.001029246245307385
3657.89,-0.024990270588235296,-0.02307520204460828,-0.02395712011096809,-0.0019150685436270173,-4.4440888269848065e-06,-0.0,-0.0,-0.0,-0.0,0.0,0.0008797590406945763,-0.001029246245307385
3658.8,-0.025122111764705884,-0.022988782041854294,-0.02391989736008889,-0.002133329722851591,-4.371938802814186e-06,-0.0,-0.0,-0.0,-0.0,0.0,0.0008797590406945763,-0.0009822627624063514
3659.71,-0.025257164705882355,-0.022931980341056594,-0.023882674609209713,-0.002325184364825761,-4.279015264552824e-06,-0.0,-0.0,-0.0,-0.0,0.0,0.0008797590406945763,-0.0009649183549756736
3660.62,-0.025394105882352944,-0.022969003772225317,-0.023845451858330535,-0.0024251021101276277,-4.166030114681257e-06,-0.0,-0.0,-0.0,-0.0,0.0,0.0008032582545472219,-0.0009649183549756736
3661.53,-0.025532452941176474,-0.02292958660575261,-0.023808229107451336,-0.0026028663354238646,-4.113233470754654e-06,-0.0,-0.0,-0.0,-0.0,0.0,0.0008032582545472219,-0.0009649183549756736
3662.44,-0.025672082352941182,-0.022860947765876136,-0.023771006356572158,-0.0028111345870650457,-3.985730532364339e-06,-0.0,-0.0,-0.0,-0.0,0.0,0.0008032582545472219,-0.0009357713878663497
3663.35,-0.025812647058823534,-0.02278633040195004,-0.023733783605692976,-0.003026316656873494,-3.913659657417609e-06,-0.0,-0.0,-0.0,-0.0,0.0,0.0008032582545472219,-0.000900590464643962
3664.26,-0.02595309411764706,-0.022746897401814615,-0.02369656085481378,-0.003206196715832447,-3.845029350770961e-06,-0.0,-0.0,-0.0,-0.0,0.0,0.0008032582545472219,-0.000900590464643962
3665.18,-0.02609148823529412,-0.02278072707304801,-0.023658929062716157,-0.0033107611622461112,-3.7382756971173015e-06,-0.0,-0.0,-0.0,-0.0,0.0,0.0007295248843387973,-0.000900590464643962
3666.09,-0.02622543529411765,-0.022744076047609668,-0.02362170631183696,-0.0034813592465079805,-3.684204148624659e-06,-0.0,-0.0,-0.0,-0.0,0.0,0.0007267574683998675,-0.000900590464643962
3667.0,-0.026352317647058823,-0.022704625048147804,-0.02358448356095778,-0.003647692598911019,-3.597574515523872e-06,-0.0,-0.0,-0.0,-0.0,0.0,0.0007267574683998675,-0.000900590464643962
3667.91,-0.02646939411764706,-0.02260084333893847,-0.023547260810078602,-0.003868550778708589,-3.5081254666585827e-06,-0.0,-0.0,-0.0,-0.0,0.0,0.0007267574683998675,-0.0008362625743122504
3668.82,-0.026574700000000003,-0.022561426172465763,-0.023510038059199403,-0.00401327382753424,-3.4553288227319994e-06,-0.0,-0.0,-0.0,-0.0,0.0,0.0007267574683998675,-0.0008362625743122504
3669.74,-0.0266673,-0.022557534850561105,-0.02347240626710178,-0.004109765149438897,-3.350119680276808e-06,-0.0,-0.0,-0.0,-0.0,0.0,0.0006907466358406964,-0.0008362625743122504
3670.65,-0.026747211764705882,-0.02255860036578658,-0.023435183516222584,-0.004188611398919302,-3.2900511463463087e-06,-0.0,-0.0,-0.0,-0.0,0.0,0.000650256682252513,-0.0008362625743122504
3671.56,-0.026814958823529408,-0.022519178858441527,-0.023397960765343402,-0.004295779965087881,-3.232913630054381e-06,-0.0,-0.0,-0.0,-0.0,0.0,0.000650256682252513,-0.0008362625743122504
3672.47,-0.026870964705882353,-0.022479731567833,-0.023360738014464224,-0.0043912331380493545,-3.149992850285074e-06,-0.0,-0.0,-0.0,-0.0,0.0,0.000650256682252513,-0.0008362625743122504
3673.39,-0.026915070588235293,-0.02237552333474264,-0.023323106222366583,-0.004539547253492652,-3.0665954130380883e-06,-0.0,-0.0,-0.0,-0.0,0.0,0.000650256682252513,-0.0007719346839805389
3674.3,-0.026946388235294116,-0.022336123767151245,-0.023285883471487384,-0.004610264468142871,-3.031397650420353e-06,-0.0,-0.0,-0.0,-0.0,0.0,0.000650256682252513,-0.0007719346839805389
3675.21,-0.026963699999999993,-0.022373166818516796,-0.023248660720608206,-0.004590533181483197,-2.9380326973783603e-06,-0.0,-0.0,-0.0,-0.0,0.0,0.0005737558961051585,-0.0007719346839805389
3676.12,-0.026966070588235292,-0.02233375493272173,-0.023211437969729028,-0.0046323156555135615,-2.8905167310719973e-06,-0.0,-0.0,-0.0,-0.0,0.0,0.0005737558961051585,-0.0007719346839805389
3677.04,-0.026953482352941177,-0.02229389945515431,-0.023173806177631387,-0.004659582897786868,-2.831984485044055e-06,-0.0,-0.0,-0.0,-0.0,0.0,0.0005737558961051585,-0.0007719346839805389
3677.95,-0.026927111764705882,-0.02225445266851635,-0.023136583426752205,-0.004672659096189531,-2.7495676758426932e-06,-0.0,-0.0,-0.0,-0.0,0.0,0.0005737558961051585,-0.0007719346839805389
3678.86,-0.026889176470588236,-0.022215052782272232,-0.02309936067587301,-0.004674123688316004,-2.7140512605057204e-06,-0.0,-0.0,-0.0,-0.0,0.0,0.0005737558961051585,-0.0007719346839805389
3679.78,-0.02684249411764706,-0.022175196779001247,-0.02306172888377537,-0.004667297338645814,-2.6549933109133324e-06,-0.0,-0.0,-0.0,-0.0,0.0,0.0005737558961051585,-0.0007719346839805389
3680.69,-0.026789870588235294,-0.022196283773304324,-0.023024506132896187,-0.00459358681493097,-2.5962786839281337e-06,-0.0,-0.0,-0.0,-0.0,0.0,0.000497255109957804,-0.0007559439765920121
3681.6,-0.02673328823529412,-0.02210869980150931,-0.02298728338201701,-0.004624588433784809,-2.561080921310429e-06,-0.0,-0.0,-0.0,-0.0,0.0,0.000497255109957804,-0.0007077595723883755
3682.52,-0.026673676470588235,-0.022068679019947808,-0.02294965158991937,-0.004604997450640427,-2.4900234207486066e-06,-0.0,-0.0,-0.0,-0.0,0.0,0.000497255109957804,-0.0007076067936488273
3683.43,-0.026611129411764706,-0.02202926793504303,-0.02291242883904019,-0.004581861476721676,-2.4433083447328463e-06,-0.0,-0.0,-0.0,-0.0,0.0,0.000497255109957804,-0.0007076067936488273
3684.34,-0.02654450588235294,-0.02198985647950254,-0.02287520608816099,-0.0045546494028504,-2.396222633019688e-06,-0.0,-0.0,-0.0,-0.0,0.0,0.000497255109957804,-0.0007076067936488273
3685.26,-0.02647165294117647,-0.021950774177752926,-0.02283757429606335,-0.004520878763423542,-2.3257768869409465e-06,-0.0,-0.0,-0.0,-0.0,0.0,0.0004964700206399486,-0.0007076067936488273
3686.17,-0.026389888235294118,-0.021968694644776594,-0.022800351545184172,-0.004421193590517524,-2.3081780056320944e-06,-0.0,-0.0,-0.0,-0.0,0.0,0.00043916758490620677,-0.0007076067936488273
3687.09,-0.026296700000000003,-0.02194725675684235,-0.02276271975308653,-0.004349443243157652,-2.253974297025532e-06,-0.0,-0.0,-0.0,-0.0,0.0,0.00042075432381044955,-0.0007076067936488273
3688.0,-0.026190505882352944,-0.021907834473276898,-0.02272549700220735,-0.004282671409076046,-2.196060560330936e-06,-0.0,-0.0,-0.0,-0.0,0.0,0.00042075432381044955,-0.0007076067936488273
3688.92,-0.026071217647058827,-0.021868001943404287,-0.02268786521010971,-0.004203215703654541,-2.1604760091130272e-06,-0.0,-0.0,-0.0,-0.0,0.0,0.00042075432381044955,-0.0007076067936488273
3689.83,-0.02594042352941177,-0.021828589597104646,-0.02265064245923053,-0.004111833932307123,-2.112499538231782e-06,-0.0,-0.0,-0.0,-0.0,0.0,0.00042075432381044955,-0.0007076067936488273
3690.74,-0.02580102352941177,-0.02172645698300771,-0.022613419708351352,-0.004074566546404059,-2.0665853525066155e-06,-0.0,-0.0,-0.0,-0.0,0.0,0.00041914876356118855,-0.0006432789033171158
3691.66,-0.025656529411764706,-0.02174455658596483,-0.022575787916253708,-0.003911972825799876,-2.031000801288708e-06,-0.0,-0.0,-0.0,-0.0,0.0,0.0003612166307314577,-0.0006432789033171158
3692.57,-0.025510135294117647,-0.021722118828313933,-0.022538565165374513,-0.0037880164658037133,-1.9945199108089734e-06,-0.0,-0.0,-0.0,-0.0,0.0,0.0003442535376630951,-0.0006432789033171158
3693.49,-0.02536399411764706,-0.021682270772711686,-0.02250093337327689,-0.0036817233449353733,-1.9434096299365643e-06,-0.0,-0.0,-0.0,-0.0,0.0,0.0003442535376630951,-0.0006432789033171158
3694.41,-0.025218735294117643,-0.021642453084860406,-0.02246330158117925,-0.0035762822092572366,-1.922667100050288e-06,-0.0,-0.0,-0.0,-0.0,0.0,0.0003442535376630951,-0.0006432789033171158
3695.32,-0.025073294117647055,-0.021603031988973825,-0.022426078830300053,-0.00347026212867323,-1.8659410422464578e-06,-0.0,-0.0,-0.0,-0.0,0.0,0.0003442535376630951,-0.0006432789033171158
3696.24,-0.02492508823529412,-0.02156319945910123,-0.02238844703820243,-0.003361888776192888,-1.8303564910285638e-06,-0.0,-0.0,-0.0,-0.0,0.0,0.0003442535376630951,-0.0006432789033171158
3697.15,-0.024770364705882356,-0.021523799891509834,-0.02235122428732323,-0.003246564814372521,-1.7951587284108364e-06,-0.0,-0.0,-0.0,-0.0,0.0,0.0003442535376630951,-0.0006432789033171158
3698.07,-0.024604852941176474,-0.021483968641975035,-0.02231359249522559,-0.0031208842992014388,-1.7608545150080663e-06,-0.0,-0.0,-0.0,-0.0,0.0,0.0003442535376630951,-0.0006432789033171158
3698.98,-0.024424517647058826,-0.02144458667326497,-0.02227636974434641,-0.0029799309737938567,-1.7432556336992075e-06,-0.0,-0.0,-0.0,-0.0,0.0,0.0003442535376630951,-0.0006432789033171158
3699.9,-0.02422622941176471,-0.021473412170658988,-0.02223873795224877,-0.0027528172411057233,-1.688791863357294e-06,-0.0,-0.0,-0.0,-0.0,0.0,0.00026775275151574065,-0.0006354550236555221
3700.81,-0.02400842352941177,-0.021377515872510796,-0.02220151520136959,-0.002630907656900973,-1.6608742140394469e-06,-0.0,-0.0,-0.0,-0.0,0.0,0.00026775275151574065,-0.0005789510129854042
3701.73,-0.023772464705882356,-0.021337699557656253,-0.02216388340927195,-0.0024347651482261035,-1.641504680892649e-06,-0.0,-0.0,-0.0,-0.0,0.0,0.00026775275151574065,-0.0005789510129854042
3702.65,-0.02352244117647059,-0.021297867027783645,-0.02212625161717431,-0.0022245741486869447,-1.6059201296747278e-06,-0.0,-0.0,-0.0,-0.0,0.0,0.00026775275151574065,-0.0005789510129854042
3703.56,-0.023264935294117647,-0.021258467460192266,-0.02208902886629513,-0.0020064678339253815,-1.57072236705701e-06,-0.0,-0.0,-0.0,-0.0,0.0,0.00026775275151574065,-0.0005789510129854042
3704.48,-0.023008317647058824,-0.021218634930319655,-0.02205139707419749,-0.0017896827167391688,-1.5351378158391005e-06,-0.0,-0.0,-0.0,-0.0,0.0,0.00026775275151574065,-0.0005789510129854042
3705.4,-0.022761558823529413,-0.02117880240044704,-0.022013765282099848,-0.0015827564230823724,-1.499553264621185e-06,-0.0,-0.0,-0.0,-0.0,0.0,0.00026775275151574065,-0.0005789510129854042
3706.31,-0.02253285882352941,-0.02113941075174285,-0.02197654253122067,-0.0013934480717865613,-1.472274389187485e-06,-0.0,-0.0,-0.0,-0.0,0.0,0.00026775275151574065,-0.0005789510129854042
3707.23,-0.022328411764705885,-0.021099593798114425,-0.02193891073912303,-0.0012288179665914598,-1.452266082156526e-06,-0.0,-0.0,-0.0,-0.0,0.0,0.00026775275151574065,-0.0005789510129854042
3708.15,-0.02215159411764706,-0.021059761268241814,-0.02190127894702539,-0.001091832849405245,-1.416681530938619e-06,-0.0,-0.0,-0.0,-0.0,0.0,0.00026775275151574065,-0.0005789510129854042
3709.06,-0.022002729411764704,-0.020981738069478298,-0.021864056196146207,-0.0010209913422864064,-1.3955958252897427e-06,-0.0,-0.0,-0.0,-0.0,0.0,0.00026775275151574065,-0.0005403132697563008
3709.98,-0.021879417647058825,-0.02091622477557748,-0.021826424404048566,-0.0009631928714813436,-1.369394348473974e-06,-0.0,-0.0,-0.0,-0.0,0.0,0.00026775275151574065,-0.0005146231226536925
3710.9,-0.02177727647058824,-0.02095289573819767,-0.021788792611950925,-0.0008243807323905714,-1.3365161427008492e-06,-0.0,-0.0,-0.0,-0.0,0.0,0.00019125196536838617,-0.0005146231226536925
3711.81,-0.021690788235294124,-0.0209135137694876,-0.021751569861071747,-0.0007772744658065232,-1.3189172613919901e-06,-0.0,-0.0,-0.0,-0.0,0.0,0.00019125196536838617,-0.0005146231226536925
3712.73,-0.021614194117647062,-0.02087370792465098,-0.021713938068974106,-0.0007404861929960829,-1.3100177461623842e-06,-0.0,-0.0,-0.0,-0.0,0.0,0.00019125196536838617,-0.0005146231226536925
3713.65,-0.02154214705882353,-0.020833884294293593,-0.021676306276876466,-0.0007082627645299371,-1.2833327101740813e-06,-0.0,-0.0,-0.0,-0.0,0.0,0.00019125196536838617,-0.0005146231226536925
3714.57,-0.021470223529411765,-0.020794066360037125,-0.021638674484778825,-0.0006761571693746395,-1.2623437750975357e-06,-0.0,-0.0,-0.0,-0.0,0.0,0.00019125196536838617,-0.0005146231226536925
3715.48,-0.02139521764705882,-0.020754666792445746,-0.021601451733899643,-0.0006405508546130749,-1.2271460124798178e-06,-0.0,-0.0,-0.0,-0.0,0.0,0.00019125196536838617,-0.0005146231226536925
3716.4,-0.021315247058823525,-0.02071484935525815,-0.021563819941802006,-0.0006003977035653751,-1.2066541462763304e-06,-0.0,-0.0,-0.0,-0.0,-0.0,0.00019125196536838617,-0.0005146231226536925
3717.32,-0.02122870588235294,-0.020675025227831892,-0.021526188149704365,-0.0005536806545210493,-1.1794720414149659e-06,-0.0,-0.0,-0.0,-0.0,-0.0,0.00019125196536838617,-0.0005146231226536925
3718.24,-0.02113434705882353,-0.020570891989732453,-0.021488556357606742,-0.0005634550690910775,-1.1710695950584267e-06,-0.0,-0.0,-0.0,-0.0,-0.0,0.00019125196536838617,-0.000450295232321981
3719.15,-0.021030911764705885,-0.020531510021022364,-0.021451333606727543,-0.000499401743683521,-1.1534707137495592e-06,-0.0,-0.0,-0.0,-0.0,-0.0,0.00019125196536838617,-0.000450295232321981
3720.07,-0.020916829411764707,-0.020491679700426327,-0.021413701814629902,-0.0004251497113383802,-1.1200954391033676e-06,-0.0,-0.0,-0.0,-0.0,-0.0,0.00019125196536838617,-0.000450295232321981
3720.99,-0.020790152941176473,-0.020451866930840282,-0.02137607002253228,-0.0003382860103361904,-1.104271174435883e-06,-0.0,-0.0,-0.0,-0.0,-0.0,0.00019125196536838617,-0.000450295232321981
3721.91,-0.02064872352941176,-0.020412061630943865,-0.021338438230434638,-0.00023666189846789643,-1.0959165994095135e-06,-0.0,-0.0,-0.0,-0.0,-0.0,0.00019125196536838617,-0.000450295232321981
3722.83,-0.02049055294117647,-0.02037222910107125,-0.021300806438336997,-0.00011832384010521807,-1.060332048191604e-06,-0.0,-0.0,-0.0,-0.0,-0.0,0.00019125196536838617,-0.000450295232321981
3723.75,-0.0203144,-0.020332424585471687,-0.021263174646239356,1.802458547168692e-05,-1.0527617700192947e-06,-0.0,-0.0,-0.0,-0.0,-0.0,0.00019125196536838617,-0.000450295232321981
3724.67,-0.02012040588235294,-0.020292609847874683,-0.021225542854141716,0.00017220396552174166,-1.034969494410334e-06,-0.0,-0.0,-0.0,-0.0,-0.0,0.00019125196536838617,-0.000450295232321981
3725.58,-0.019910670588235292,-0.020253220799200465,-0.021188320103262537,0.0003425502109651729,-1.0102906489519778e-06,-0.0,-0.0,-0.0,-0.0,-0.0,0.00019125196536838617,-0.000450295232321981
3726.5,-0.019689629411764706,-0.020213413141567615,-0.021150688311164897,0.000523783729802909,-9.995783374925234e-07,-0.0,-0.0,-0.0,-0.0,-0.0,0.00019125196536838617,-0.000450295232321981
3727.42,-0.019464117647058823,-0.020146162373880186,-0.021113056519067256,0.0006820447268213632,-9.767766061861242e-07,-0.0,-0.0,-0.0,-0.0,-0.0,0.00019125196536838617,-0.0004228642116872565
3728.34,-0.019242994117647058,-0.02006945508264183,-0.021075424726969615,0.0008264609649947727,-9.633003862100255e-07,-0.0,-0.0,-0.0,-0.0,-0.0,0.00019125196536838617,-0.00038596734199026946
3729.26,-0.01903639411764706,-0.02002964103844489,-0.021037792934871975,0.00099324692079783,-9.462015106656507e-07,-0.0,-0.0,-0.0,-0.0,-0.0,0.00019125196536838617,-0.00038596734199026946
3730.18,-0.018854547058823532,-0.020064049196989536,-0.02100016114277435,0.0012095021381660041,-9.398052548390492e-07,-0.0,-0.0,-0.0,-0.0,-0.0,0.00011704046524654424,-0.00038596734199026946
3731.1,-0.01870643529411765,-0.020026512349398264,-0.02096252935067671,0.0013200770552806128,-9.10616959447747e-07,-0.0,-0.0,-0.0,-0.0,-0.0,0.00011475117922103169,-0.00038596734199026946
3732.02,-0.01859844117647059,-0.01998669761180126,-0.02092489755857907,0.0013882564353306717,-8.928246838387867e-07,-0.0,-0.0,-0.0,-0.0,-0.0,0.00011475117922103169,-0.00038596734199026946
3732.94,-0.01853324117647059,-0.019946888586751765,-0.02088726576648143,0.0014136474102811741,-8.807449557335407e-07,-0.0,-0.0,-0.0,-0.0,-0.0,0.00011475117922103169,-0.00038596734199026946
3733.86,-0.018509229411764704,-0.01990708021633536,-0.02084963397438379,0.0013978508045706557,-8.693198607261205e-07,-0.0,-0.0,-0.0,-0.0,-0.0,0.00011475117922103169,-0.00038596734199026946
3734.78,-0.018520564705882352,-0.019867270517269282,-0.020812002182286148,0.00134670581138693,-8.565661160396597e-07,-0.0,-0.0,-0.0,-0.0,-0.0,0.00011475117922103169,-0.00038596734199026946
3735.7,-0.018558135294117647,-0.019827462156544642,-0.020774370390188524,0.0012693268624269956,-8.451507127739387e-07,-0.0,-0.0,-0.0,-0.0,-0.0,0.00011475117922103169,-0.00038596734199026946
3736.62,-0.018610741176470588,-0.01978764741894764,-0.020736738598090883,0.0011769062424770507,-8.273584371649847e-07,-0.0,-0.0,-0.0,-0.0,-0.0,0.00011475117922103169,-0.00038596734199026946
3737.54,-0.018666611764705885,-0.019747843413045578,-0.020699106805993243,0.001081231648339693,-8.202978564988619e-07,-0.0,-0.0,-0.0,-0.0,-0.0,0.00011475117922103169,-0.00038596734199026946
3738.46,-0.018714917647058828,-0.0197080250043343,-0.020661475013895602,0.0009931073572754731,-7.988344666131919e-07,-0.0,-0.0,-0.0,-0.0,-0.0,0.00011475117922103169,-0.00038596734199026946
3739.38,-0.0187470705882353,-0.019668214953722316,-0.02062384322179796,0.0009211443654870179,-7.85729176023602e-07,-0.0,-0.0,-0.0,-0.0,-0.0,0.00011475117922103169,-0.00038596734199026946
3740.3,-0.018757564705882353,-0.01962840761856014,-0.02058621142970032,0.0008708429126777877,-7.753393352422156e-07,-0.0,-0.0,-0.0,-0.0,-0.0,0.00011475117922103169,-0.00038596734199026946
3741.22,-0.018744347058823527,-0.019588587178107394,-0.0205485796376027,0.0008442401192838671,-7.518442038712394e-07,-0.0,-0.0,-0.0,-0.0,-0.0,0.00011475117922103169,-0.00038596734199026946
3742.14,-0.01870857058823529,-0.019548790232786002,-0.020510947845505056,0.0008402196445507111,-7.518442038712394e-07,-0.0,-0.0,-0.0,-0.0,-0.0,0.00011475117922103169,-0.00038596734199026946
3743.06,-0.01865376470588235,-0.01949781062545575,-0.020473316053407416,0.0008440459195734017,-7.477613374172439e-07,-0.0,-0.0,-0.0,-0.0,-0.0,0.00011475117922103169,-0.00037478876284786526
3743.98,-0.018584529411764705,-0.019404844956680132,-0.020435684261309775,0.0008203155449154273,-7.283490725002632e-07,-0.0,-0.0,-0.0,-0.0,-0.0,0.00011475117922103169,-0.0003216394516585579
3744.91,-0.018504870588235297,-0.019381389773684327,-0.020397643427993693,0.0008765191854490303,-7.231957091231862e-07,-0.0,-0.0,-0.0,-0.0,-0.0,9.797168803945136e-05,-0.0003216394516585579
3745.83,-0.018416758823529413,-0.01940129578156071,-0.020360011635896052,0.0009845369580312978,-7.048539411292869e-07,-0.0,-0.0,-0.0,-0.0,-0.0,3.825039307367724e-05,-0.0003216394516585579
3746.75,-0.01831928823529412,-0.01936148417013778,-0.02032237984379841,0.00104219593484366,-6.901878395938125e-07,-0.0,-0.0,-0.0,-0.0,-0.0,3.825039307367724e-05,-0.0003216394516585579
3747.67,-0.018208870588235296,-0.019321678395786555,-0.02028474805170077,0.0011128078075512589,-6.813588097583107e-07,-0.0,-0.0,-0.0,-0.0,-0.0,3.825039307367724e-05,-0.0003216394516585579
3748.59,-0.018080600000000002,-0.01928187819007515,-0.02024711625960313,0.0012012781900751467,-6.780984197468688e-07,-0.0,-0.0,-0.0,-0.0,-0.0,3.825039307367724e-05,-0.0003216394516585579
3749.51,-0.017930447058823528,-0.019242063452478145,-0.02020948446750549,0.0013116163936546174,-6.603061441379151e-07,-0.0,-0.0,-0.0,-0.0,-0.0,3.825039307367724e-05,-0.0003216394516585579
3750.44,-0.017757670588235297,-0.019201831489198386,-0.020171443634189403,0.0014441609009630887,-6.578636783873344e-07,-0.0,-0.0,-0.0,-0.0,-0.0,3.825039307367724e-05,-0.0003216394516585579
3751.36,-0.017566382352941175,-0.019162024703528596,-0.020133811842091762,0.0015956423505874215,-6.48023329990887e-07,-0.0,-0.0,-0.0,-0.0,-0.0,3.825039307367724e-05,-0.0003216394516585579
3752.28,-0.017366182352941177,-0.01912221410342423,-0.020096180049994125,0.0017560317504830524,-6.343685470163583e-07,-0.0,-0.0,-0.0,-0.0,-0.0,3.825039307367724e-05,-0.0003216394516585579
3753.2,-0.01717117647058824,-0.01908239679369774,-0.0200585482578965,0.0019112203231095026,-6.140041419005675e-07,-0.0,-0.0,-0.0,-0.0,-0.0,3.825039307367724e-05,-0.0003216394516585579
3754.12,-0.0169976,-0.019042596717650094,-0.02002091646579886,0.0020449967176500924,-6.10873415645382e-07,-0.0,-0.0,-0.0,-0.0,-0.0,3.825039307367724e-05,-0.0003216394516585579
3755.05,-0.016860558823529413,-0.019002367196836064,-0.019982875632482758,0.0021418083733066515,-6.10873415645382e-07,-0.0,-0.0,-0.0,-0.0,-0.0,3.825039307367724e-05,-0.0003216394516585579
3755.97,-0.016770670588235295,-0.01896254675638332,-0.019945243840385134,0.0021918761681480256,-5.873782842744058e-07,-0.0,-0.0,-0.0,-0.0,-0.0,3.825039307367724e-05,-0.0003216394516585579
3756.89,-0.016731376470588238,-0.018958759209231395,-0.019907612048287494,0.002227382738643157,-5.873782842744058e-07,-0.0,-0.0,-0.0,-0.0,-0.0,2.240994904206799e-06,-0.0003216394516585579
3757.82,-0.016737570588235294,-0.018959021076395254,-0.01986957121497139,0.00222145048815996,-5.873782842744058e-07,-0.0,-0.0,-0.0,-0.0,-0.0,-3.825039307367724e-05,-0.0003216394516585579
3758.74,-0.01677590588235294,-0.018919200941966596,-0.01983193942287377,0.002143295059613654,-5.641891769895558e-07,-0.0,-0.0,-0.0,-0.0,-0.0,-3.825039307367724e-05,-0.0003216394516585579
3759.66,-0.016826741176470587,-0.018879403690621115,-0.01979430763077613,0.002052662514150528,-5.638831529034296e-07,-0.0,-0.0,-0.0,-0.0,-0.0,-3.825039307367724e-05,-0.0003216394516585579
3760.58,-0.016867523529411767,-0.018839606367615485,-0.01975667583867849,0.0019720828382037182,-5.635054686666426e-07,-0.0,-0.0,-0.0,-0.0,-0.0,-3.825039307367724e-05,-0.0003216394516585579
3761.51,-0.016876817647058822,-0.018799353729354325,-0.019718635005362386,0.0019225360822955027,-5.403880215324533e-07,-0.0,-0.0,-0.0,-0.0,-0.0,-3.825039307367724e-05,-0.0003216394516585579
3762.43,-0.016838317647058825,-0.018756187212314347,-0.019681003213264762,0.001917869565255522,-5.278371181469274e-07,-0.0,-0.0,-0.0,-0.0,-0.0,-5.868343430021637e-05,-0.00029784938961679986
3763.35,-0.016743923529411765,-0.01835932960595779,-0.019643371421167122,0.0016154060765460262,-0.0,-0.0,-0.0,-0.0,-0.0,-0.0,-0.0,-0.0
3764.28,-0.016595205882352946,-0.018319100085143765,-0.019605330587851022,0.001723894202790819,-0.0,-0.0,-0.0,-0.0,-0.0,-0.0,-0.0,-0.0
3765.2,-0.016402976470588238,-0.01827930313982239,-0.0195676987957534,0.0018763266692341518,-0.0,-0.0,-0.0,-0.0,-0.0,-0.0,-0.0,-0.0
3766.12,-0.016184964705882356,-0.018239506194500998,-0.019530067003655758,0.002054541488618642,-0.0,-0.0,-0.0,-0.0,-0.0,-0.0,-0.0,-0.0
3767.05,-0.015962129411764708,-0.01819927667368697,-0.019492026170339655,0.0022371472619222635,-0.0,-0.0,-0.0,-0.0,-0.0,-0.0,-0.0,-0.0
3767.97,-0.015754435294117648,-0.018159479728365596,-0.01945439437824203,0.0024050444342479486,-0.0,-0.0,-0.0,-0.0,-0.0,-0.0,-0.0,-0.0
3768.9,-0.015577094117647058,-0.01811925020755157,-0.01941635354492593,0.002542156089904511,-0.0,-0.0,-0.0,-0.0,-0.0,-0.0,-0.0,-0.0
3769.82,-0.015438164705882353,-0.018079453262230174,-0.01937872175282829,0.0026412885563478206,-0.0,-0.0,-0.0,-0.0,-0.0,-0.0,-0.0,-0.0
3770.74,-0.015338170588235292,-0.018039656316908802,-0.019341089960730667,0.0027014857286735104,-0.0,-0.0,-0.0,-0.0,-0.0,-0.0,-0.0,-0.0
3771.67,-0.015271288235294117,-0.017999426796094772,-0.019303049127414564,0.0027281385608006557,-0.0,-0.0,-0.0,-0.0,-0.0,-0.0,-0.0,-0.0
3772.59,-0.015227782352941177,-0.01795962985077338,-0.019265417335316923,0.0027318474978322033,-0.0,-0.0,-0.0,-0.0,-0.0,-0.0,-0.0,-0.0
3773.52,-0.015196888235294118,-0.017919400329959374,-0.01922737650200084,0.0027225120946652564,-0.0,-0.0,-0.0,-0.0,-0.0,-0.0,-0.0,-0.0
3774.44,-0.0151694,-0.01787960338463798,-0.0191897447099032,0.002710203384637979,-0.0,-0.0,-0.0,-0.0,-0.0,-0.0,-0.0,-0.0
3775.37,-0.015139576470588233,-0.017839373863823973,-0.019151703876587118,0.0026997973932357394,-0.0,-0.0,-0.0,-0.0,-0.0,-0.0,-0.0,-0.0
3776.29,-0.015106094117647057,-0.01779957691850258,-0.019114072084489474,0.002693482800855523,-0.0,-0.0,-0.0,-0.0,-0.0,-0.0,-0.0,-0.0
3777.22,-0.015072023529411763,-0.01775934739768857,-0.01907603125117339,0.0026873238682768082,-0.0,-0.0,-0.0,-0.0,-0.0,-0.0,-0.0,-0.0
3778.14,-0.015043752941176469,-0.01771955045236718,-0.01903839945907575,0.00267579751119071,-0.0,-0.0,-0.0,-0.0,-0.0,-0.0,-0.0,-0.0
3779.07,-0.015029082352941175,-0.017679320931553152,-0.019000358625759647,0.002650238578611977,-0.0,-0.0,-0.0,-0.0,-0.0,-0.0,-0.0,-0.0
3779.99,-0.015034694117647058,-0.017639523986231778,-0.018962726833662027,0.0026048298685847193,-0.0,-0.0,-0.0,-0.0,-0.0,-0.0,-0.0,-0.0
3780.92,-0.015063641176470587,-0.01759929446541775,-0.018924686000345924,0.0025356532889471636,-0.0,-0.0,-0.0,-0.0,-0.0,-0.0,-0.0,-0.0
3781.84,-0.015113482352941176,-0.017559497520096355,-0.018887054208248284,0.0024460151671551796,-0.0,-0.0,-0.0,-0.0,-0.0,-0.0,-0.0,-0.0
3782.77,-0.015175870588235293,-0.01751926799928235,-0.018849013374932198,0.0023433974110470563,-0.0,-0.0,-0.0,-0.0,-0.0,-0.0,-0.0,-0.0
3783.7,-0.015237800000000001,-0.017479038478468344,-0.018810972541616115,0.0022412384784683426,-0.0,-0.0,-0.0,-0.0,-0.0,-0.0,-0.0,-0.0
3784.62,-0.015284335294117648,-0.017439241533146948,-0.018773340749518475,0.0021549062390292997,-0.0,-0.0,-0.0,-0.0,-0.0,-0.0,-0.0,-0.0
3785.55,-0.015302035294117645,-0.01739901201233292,-0.01873529991620237,0.002096976718215276,-0.0,-0.0,-0.0,-0.0,-0.0,-0.0,-0.0,-0.0
3786.47,-0.015281994117647055,-0.01735921506701155,-0.018697668124104748,0.0020772209493644944,-0.0,-0.0,-0.0,-0.0,-0.0,-0.0,-0.0,-0.0
3787.4,-0.015222047058823527,-0.01731898554619752,-0.018659627290788648,0.002096938487373993,-0.0,-0.0,-0.0,-0.0,-0.0,-0.0,-0.0,-0.0
3788.33,-0.015127617647058821,-0.017278756025383514,-0.018621586457472566,0.002151138378324693,-0.0,-0.0,-0.0,-0.0,-0.0,-0.0,-0.0,-0.0
3789.25,-0.015011135294117645,-0.017238959080062122,-0.01858395466537492,0.0022278237859444765,-0.0,-0.0,-0.0,-0.0,-0.0,-0.0,-0.0,-0.0
3790.18,-0.014890441176470585,-0.017198729559248113,-0.01854591383205884,0.002308288382777527,-0.0,-0.0,-0.0,-0.0,-0.0,-0.0,-0.0,-0.0
3791.11,-0.01478636470588235,-0.017158500038434086,-0.018507872998742736,0.0023721353325517353,-0.0,-0.0,-0.0,-0.0,-0.0,-0.0,-0.0,-0.0
3792.03,-0.014719935294117645,-0.017118703093112694,-0.018470241206645095,0.0023987677989950485,-0.0,-0.0,-0.0,-0.0,-0.0,-0.0,-0.0,-0.0
3792.96,-0.014709611764705881,-0.017078473572298684,-0.018432200373329013,0.0023688618075928033,-0.0,-0.0,-0.0,-0.0,-0.0,-0.0,-0.0,-0.0
3793.89,-0.014768917647058821,-0.01703824405148468,-0.018394159540012927,0.0022693264044258577,-0.0,-0.0,-0.0,-0.0,-0.0,-0.0,-0.0,-0.0
3794.81,-0.014904888235294117,-0.016998447106163286,-0.018356527747915286,0.002093558870869169,-0.0,-0.0,-0.0,-0.0,-0.0,-0.0,-0.0,-0.0
3795.74,-0.015117617647058825,-0.016958217585349277,-0.018318486914599204,0.0018405999382904523,-0.0,-0.0,-0.0,-0.0,-0.0,-0.0,-0.0,-0.0
3796.67,-0.0154009,-0.01691798806453525,-0.0182804460812831,0.0015170880645352502,-0.0,-0.0,-0.0,-0.0,-0.0,-0.0,-0.0,-0.0
3797.6,-0.015743835294117648,-0.016877758543721245,-0.018242405247967018,0.0011339232496035967,-0.0,-0.0,-0.0,-0.0,-0.0,-0.0,-0.0,-0.0
3798.52,-0.016132923529411765,-0.01683796159839985,-0.018204773455869377,0.0007050380689880842,-0.0,-0.0,-0.0,-0.0,-0.0,-0.0,-0.0,-0.0
3799.45,-0.01655418823529412,-0.016797732077585843,-0.01816673262255329,0.0002435438422917248,-0.0,-0.0,-0.0,-0.0,-0.0,-0.0,-0.0,-0.0
