x_observed_cm-1,structural_frequency_cm-1,real_measured,imag_measured,real_fit,imag_fit,real_residual,imag_residual
2645.14,3188.142857142857,-0.0173118,-0.0525005,-0.0699599572913501,-0.00043253444725199763,0.0526481572913501,-0.052067965552748
2645.93,3189.4450549450544,-0.0172884,-0.0419936,-0.0689611705894375,-0.0004068037360773491,0.051672770589437506,-0.04158679626392265
2646.72,3190.7472527472523,-0.0129431,-0.0293483,-0.06794606617798127,-0.0003659496549528185,0.05500296617798127,-0.028982350345047182
2647.51,3192.0494505494507,-0.00198812,-0.0158067,-0.06691383796718517,-0.0003082120878312167,0.06492571796718517,-0.015498487912168783
2648.3,3193.3516483516487,0.0184785,-0.00453399,-0.06586365435133487,-0.00023157333786771872,0.08434215435133487,-0.004302416662132281
2649.08,3194.6373626373625,0.0505601,-0.00275159,-0.06480832091290328,-0.00013509612051626485,0.11536842091290328,-0.002616493879483735
2649.87,3195.93956043956,0.0897987,-0.0232339,-0.06371993990968586,-1.3664149430658856e-05,0.15351863990968584,-0.02322023585056934
2650.66,3197.241758241758,0.114865,-0.0756227,-0.06261109620489796,0.00013470844369584123,0.17747609620489796,-0.07575740844369584
2651.45,3198.543956043956,0.0960267,-0.140916,-0.061481020680740225,0.00031359364549507496,0.15750772068074023,-0.1412295936454951
2652.24,3199.8461538461534,0.0373354,-0.177096,-0.060329045861098364,0.0005271392489799853,0.09766444586109836,-0.17762313924898
2653.03,3201.1483516483518,-0.0258149,-0.169019,-0.059154671444812124,0.0007801717581393253,0.03333977144481212,-0.16979917175813933
2653.82,3202.4505494505497,-0.0689017,-0.129412,-0.05795765612937137,0.0010783171217889076,-0.010944043870628625,-0.1304903171217889
2654.61,3203.752747252747,-0.0819057,-0.07327,-0.05673814562735722,0.001428140999192723,-0.02516755437264278,-0.07469814099919272
2655.4,3205.054945054945,-0.0567481,-0.0158162,-0.0554968504230507,0.0018373092321015694,-0.0012512495769493037,-0.01765350923210157
2656.19,3206.3571428571427,0.00996998,0.0157591,-0.05423529169873381,0.0023147670378519114,0.06420527169873382,0.01344433296214809
2656.98,3207.6593406593406,0.0917004,-0.0133641,-0.0529561402672268,0.0028709313327897334,0.1446565402672268,-0.016235031332789734
2657.77,3208.961538461538,0.131361,-0.0972993,-0.05166368147821719,0.0035178832277911187,0.1830246814782172,-0.10081718322779112
2658.55,3210.247252747253,0.10952,-0.182328,-0.05038090112131039,0.004259302640132329,0.1599009011213104,-0.18658730264013232
2659.35,3211.565934065934,0.0549015,-0.236493,-0.04906807923006024,0.005141724821773164,0.10396957923006024,-0.24163472482177317
2660.14,3212.8681318681315,-0.00658216,-0.262324,-0.04778845202246027,0.0061521574054779204,0.041206292022460275,-0.2684761574054779
2660.93,3214.1703296703295,-0.0659243,-0.270673,-0.04654517259936618,0.007320056577721112,-0.019379127400633828,-0.2779930565777211
2661.72,3215.472527472527,-0.123514,-0.269348,-0.04536544235062744,0.008665314326862739,-0.07814855764937256,-0.2780133143268627
2662.51,3216.7747252747254,-0.184496,-0.261941,-0.04428628896077925,0.010206812990935843,-0.14020971103922075,-0.2721478129909358
2663.3,3218.0769230769233,-0.259719,-0.246338,-0.04335697917993369,0.011959465846089923,-0.21636202082006628,-0.2582974658460899
2664.09,3219.379120879121,-0.370921,-0.199093,-0.0426411370511429,0.01392941064830655,-0.3282798629488571,-0.21302241064830654
2664.88,3220.6813186813188,-0.489904,-0.000326525,-0.04221758104849592,0.01610680920155469,-0.4476864189515041,-0.01643333420155469
2665.67,3221.9835164835163,-0.280476,0.210009,-0.04217816405211992,0.018456078224892397,-0.2382978359478801,0.1915529217751076
2666.46,3223.285714285714,-0.155763,0.12382,-0.04262014111066027,0.02090445085503906,-0.11314285888933974,0.10291554914496094
2667.25,3224.587912087912,-0.157523,0.0770668,-0.04363042577994957,0.02333186018586242,-0.11389257422005042,0.053734939814137586
2668.04,3225.8901098901097,-0.177394,0.0747972,-0.04526072258783313,0.025568008516129642,-0.13213327741216685,0.04922919148387035
2668.83,3227.1923076923076,-0.194912,0.097906,-0.04749718761213762,0.02740447283278362,-0.1474148123878624,0.07050152716721639
2669.62,3228.494505494505,-0.204164,0.139809,-0.050235431552163555,0.028627406138414413,-0.15392856844783645,0.11118159386158558
2670.41,3229.796703296703,-0.199095,0.199432,-0.05327670697443516,0.029067012915212465,-0.14581829302556484,0.17036498708478753
2671.21,3231.1153846153848,-0.168712,0.276977,-0.05639455622061045,0.028635748943575956,-0.11231744377938954,0.24834125105642402
2672.0,3232.4175824175823,-0.0922674,0.367618,-0.05923402792655178,0.02738652368090319,-0.03303337207344822,0.3402314763190968
2672.79,3233.71978021978,0.0628373,0.443906,-0.061611492199651854,0.02546583386793788,0.12444879219965185,0.41844016613206214
2673.58,3235.0219780219777,0.310284,0.420304,-0.06339332393750147,0.023079944987904555,0.37367732393750147,0.39722405501209546
2674.37,3236.3241758241757,0.531474,0.188455,-0.06454052393435523,0.02044329157205675,0.5960145239343553,0.16801170842794327
2675.16,3237.626373626373,0.519354,-0.143011,-0.06508836693670172,0.017739745755997266,0.5844423669367017,-0.16075074575599727
2675.96,3238.945054945055,0.327929,-0.340564,-0.0651136229727583,0.015072143849919645,0.3930426229727583,-0.3556361438499196
2676.75,3240.247252747253,0.128412,-0.383277,-0.06471291123079348,0.012593867965375413,0.19312491123079348,-0.3958708679653754
2677.54,3241.5494505494503,-0.0153257,-0.343143,-0.06398411762501402,0.01031596420447553,0.04865841762501402,-0.35345896420447553
2678.33,3242.8516483516482,-0.0978552,-0.269868,-0.06301019243800274,0.008254553485072785,-0.034845007561997265,-0.27812255348507275
2679.13,3244.17032967033,-0.124582,-0.194033,-0.06184364382738409,0.006385168207197228,-0.06273835617261592,-0.20041816820719724
2679.92,3245.4725274725274,-0.106642,-0.141475,-0.06056729128584293,0.004741379407220192,-0.04607470871415707,-0.14621637940722018
2680.71,3246.7747252747254,-0.0663989,-0.132159,-0.05920766549509042,0.003280325823264152,-0.007191234504909577,-0.13543932582326415
2681.5,3248.076923076923,-0.0340625,-0.171668,-0.05779440281090556,0.001982176410291525,0.023731902810905557,-0.1736501764102915
2682.3,3249.3956043956046,-0.0368148,-0.251686,-0.05633053015710005,0.0008136277383782031,0.01951573015710005,-0.2524996277383782
2683.09,3250.6978021978025,-0.0992438,-0.361164,-0.05486803047899977,-0.0002144666882863966,-0.044375769521000225,-0.3609495333117136
2683.88,3252.0,-0.269658,-0.486821,-0.05339936276790249,-0.0011339289490399362,-0.2162586372320975,-0.4856870710509601
2684.68,3253.318681318681,-0.682087,-0.524422,-0.05191319812880724,-0.0019690780553086873,-0.6301738018711928,-0.5224529219446914
2685.47,3254.6208791208787,-1.17277,0.142027,-0.05045149788730649,-0.0027117136226008087,-1.1223185021126936,0.1447387136226008
2686.26,3255.923076923077,-0.519476,0.743776,-0.048998652201721865,-0.0033836685183390725,-0.4704773477982782,0.747159668518339
2687.05,3257.225274725275,-0.0988535,0.560634,-0.04755639351650565,-0.003994250621802503,-0.051297106483494344,0.5646282506218024
2687.85,3258.543956043956,0.0167967,0.38149,-0.04610753018874874,-0.004558184919568525,0.06290423018874874,0.3860481849195685
2688.64,3259.8461538461534,0.0432484,0.269982,-0.04468850783585082,-0.005068281534716945,0.08793690783585081,0.27505028153471694
2689.44,3261.164835164835,0.0408159,0.201175,-0.043263188819164994,-0.005543472545944145,0.084079088819165,0.20671847254594414
2690.23,3262.467032967033,0.026947,0.158948,-0.04186670463664273,-0.005976954448930177,0.06881370463664273,0.16492495444893018
2691.02,3263.7692307692305,0.00733515,0.135314,-0.04048048245020487,-0.006379229424746086,0.04781563245020487,0.14169322942474608
2691.82,3265.087912087912,-0.015942,0.12742,-0.0390863510133829,-0.006758602539682634,0.023144351013382896,0.13417860253968264
2692.61,3266.39010989011,-0.0406548,0.13668,-0.037718287448862756,-0.007108839863140787,-0.0029365125511372422,0.14378883986314078
2693.41,3267.708791208791,-0.0585842,0.167377,-0.03634073498584989,-0.007441672876160765,-0.022243465014150116,0.17481867287616076
2694.2,3269.0109890109884,-0.0486613,0.212354,-0.03498721984150228,-0.0077512304818800615,-0.01367408015849772,0.22010523048188005
2694.99,3270.3131868131863,-0.00943993,0.231389,-0.03363958420154699,-0.00804391881017777,0.02419965420154699,0.23943291881017778
2695.79,3271.631868131868,0.0113379,0.21467,-0.03227999199500829,-0.008325018850730032,0.04361789199500829,0.22299501885073003
2696.58,3272.9340659340655,6.39316e-05,0.195656,-0.030941584644791346,-0.008589152373416953,0.031005516244791347,0.20424515237341695
2697.38,3274.252747252747,-0.0298641,0.184935,-0.02958965070576791,-0.00884448815083716,-0.0002744492942320896,0.19377948815083715
2698.17,3275.554945054945,-0.0708728,0.177366,-0.02825721127846048,-0.009085936204886846,-0.04261558872153952,0.18645193620488684
2698.97,3276.873626373626,-0.119635,0.164847,-0.02690978147264539,-0.009320782378401449,-0.09272521852735462,0.17416778237840144
2699.76,3278.1758241758243,-0.171726,0.139742,-0.02558034461712884,-0.009544190028579813,-0.14614565538287116,0.14928619002857982
2700.56,3279.494505494505,-0.219824,0.0974982,-0.024234566850176685,-0.009762763703149963,-0.1955894331498233,0.10726096370314996
2701.35,3280.796703296703,-0.255963,0.0390392,-0.022905461786421652,-0.009971885380812257,-0.23305753821357833,0.04901108538081226
2702.15,3282.1153846153848,-0.275839,-0.0303287,-0.0215587738242059,-0.010177635166313093,-0.2542802261757941,-0.020151064833686907
2702.94,3283.4175824175823,-0.280695,-0.105424,-0.02022760472806539,-0.010375579932990653,-0.2604673952719346,-0.09504842006700935
2703.74,3284.7362637362635,-0.275264,-0.185019,-0.018877709572751325,-0.010571400406616999,-0.2563862904272487,-0.174447599593383
2704.53,3286.038461538462,-0.26478,-0.272977,-0.01754232861353769,-0.010760815819737729,-0.24723767138646233,-0.26221618418026227
2705.33,3287.3571428571427,-0.253411,-0.378313,-0.01618716599932933,-0.01094921018294806,-0.23722383400067065,-0.367363789817052
2706.12,3288.65934065934,-0.243684,-0.517008,-0.014845645021711616,-0.011132423581708295,-0.2288383549782884,-0.5058755764182917
2706.92,3289.978021978022,-0.235473,-0.718864,-0.013483363271820141,-0.011315630495505408,-0.22198963672817984,-0.7075483695044945
2707.71,3291.28021978022,-0.21898,-1.04876,-0.012133966990606815,-0.011494760997179845,-0.2068460330093932,-1.03726523900282
2708.51,3292.5989010989015,-0.129909,-1.68184,-0.010762897163764898,-0.01167485698350744,-0.1191461028362351,-1.6701651430164925
2709.31,3293.9175824175823,0.598748,-3.19199,-0.009386825806216623,-0.011854145947961664,0.6081348258062166,-3.1801358540520384
2710.1,3295.2197802197798,6.33944,-2.27756,-0.008022692090977966,-0.012030893475444657,6.347462692090978,-2.2655291065245553
2710.9,3296.5384615384614,2.84751,2.22707,-0.006635618374606314,-0.012210074452470854,2.8541456183746066,2.239280074452471
2711.7,3297.8571428571427,1.33347,1.6334,-0.005242507740682849,-0.012389963147268479,1.3387125077406827,1.6457899631472683
2712.49,3299.15934065934,0.850581,1.20614,-0.0038605788525858248,-0.01256880967842526,0.8544415788525859,1.2187088096784253
2713.29,3300.478021978022,0.606416,0.930459,-0.0024545483015202957,-0.01275167595014047,0.6088705483015202,0.9432106759501405
2714.08,3301.7802197802193,0.421223,0.726504,-0.0010592867633899689,-0.012934535375216494,0.42228228676338997,0.7394385353752165
2714.88,3303.098901098901,0.21175,0.547602,0.0003608014673263035,-0.013122596333252967,0.21138919853267368,0.560724596333253
2715.68,3304.4175824175823,-0.130046,0.344514,0.0017883627765381133,-0.013314174763684142,-0.1318343627765381,0.3578281747636841
2716.48,3305.7362637362635,-0.984347,-0.0349852,0.003223650419419695,-0.013509920694109903,-0.9875706504194197,-0.021475279305890098
2717.27,3307.0384615384614,-9.15248,-3.9582,0.004648816878571133,-0.013707984181198465,-9.157128816878572,-3.9444920158188017
2718.07,3308.357142857143,3.818,1.55158,0.006100174257793106,-0.013914108383211013,3.811899825742207,1.565494108383211
2718.87,3309.675824175824,2.11213,1.03693,0.007559959083187823,-0.01412660667467261,2.1045700409168124,1.0510566066746725
2719.67,3310.9945054945056,1.58652,0.905092,0.009028390555709885,-0.014346326928993902,1.5774916094442901,0.9194383269289939
2720.46,3312.296703296703,1.26783,0.865146,0.01048716020681538,-0.01457128111903315,1.2573428397931847,0.8797172811190331
2721.26,3313.6153846153848,0.986165,0.847589,0.011973405268578118,-0.014808142337324595,0.9741915947314218,0.8623971423373247
2722.06,3314.9340659340655,0.692426,0.801759,0.01346892139517427,-0.015055186778575425,0.6789570786048257,0.8168141867785754
2722.85,3316.2362637362635,0.394397,0.687155,0.01495504064792006,-0.015310273095545848,0.3794419593520799,0.7024652730955459
2723.65,3317.554945054945,0.129137,0.497138,0.01646958843318718,-0.015581112261235125,0.11266741156681281,0.5127191122612351
2724.45,3318.873626373626,-0.0807764,0.262351,0.017994019909711854,-0.015865929159741055,-0.09877041990971186,0.27821692915974106
2725.25,3320.1923076923076,-0.250926,0.0199151,0.01952854807132267,-0.016166232057938892,-0.27045454807132263,0.0360813320579389
2726.05,3321.5109890109893,-0.42734,-0.208315,0.02107339525202192,-0.01648367142798761,-0.4484133952520219,-0.1918313285720124
2726.84,3322.813186813187,-0.683205,-0.40084,0.02260928867426846,-0.016815726281203466,-0.7058142886742684,-0.3840242737187965
2727.64,3324.131868131868,-1.13078,-0.454799,0.02417536353845616,-0.017172765932210107,-1.154955363538456,-0.4376262340677899
2728.44,3325.4505494505493,-1.71082,0.0496582,0.025752523771758074,-0.017552887304371767,-1.7365725237717582,0.06721108730437177
2729.24,3326.7692307692305,-1.37629,1.0662,0.02734108082820716,-0.017958485956072773,-1.403631080828207,1.084158485956073
2730.04,3328.0879120879117,-0.517705,1.15361,0.028941387536945022,-0.01839219977267692,-0.5466463875369449,1.172002199772677
2730.84,3329.4065934065934,-0.117826,0.85239,0.03055384909677973,-0.018856936528380067,-0.14837984909677973,0.87124693652838
2731.64,3330.725274725274,0.0277735,0.595889,0.032178936400450865,-0.01935590469528163,-0.004405436400450866,0.6152449046952816
2732.43,3332.027472527472,0.0784425,0.41093,0.033796639969443654,-0.01988568985556448,0.044645860030556345,0.4308156898555645
2733.23,3333.346153846154,0.0900192,0.275185,0.0354485609562844,-0.020463578389762302,0.05457063904371559,0.29564857838976233
2734.03,3334.6648351648355,0.0821504,0.171496,0.03711508325171652,-0.02108743635201979,0.045035316748283476,0.1925834363520198
2734.83,3335.9835164835163,0.0619737,0.0897028,0.038797137950605826,-0.021762056554398418,0.023176562049394174,0.11146485655439842
2735.63,3337.302197802198,0.0318063,0.0246982,0.04049584448015692,-0.022492749779144075,-0.008689544480156915,0.04719094977914408
2736.43,3338.6208791208787,-0.00754075,-0.0242871,0.042212552822973426,-0.023285404700957926,-0.049753302822973425,-0.0010016952990420727
2737.23,3339.9395604395604,-0.0528984,-0.0536816,0.04394889474949312,-0.024146554641921864,-0.09684729474949312,-0.02953504535807814
2738.03,3341.258241758242,-0.0918852,-0.0600021,0.04570684600162503,-0.02508345178101576,-0.13759204600162503,-0.034918648218984244
2738.83,3342.576923076923,-0.104851,-0.0570344,0.04748880179286333,-0.026104149417777542,-0.15233980179286333,-0.030930250582222457
2739.63,3343.8956043956046,-0.0952774,-0.077135,0.0492976685051513,-0.027217592824753112,-0.14457506850515128,-0.04991740717524688
2740.43,3345.2142857142853,-0.0907998,-0.131053,0.05113697508784654,-0.02843371909581946,-0.14193677508784652,-0.10261928090418054
2741.23,3346.532967032967,-0.104057,-0.20891,0.05301100842039304,-0.029763566179178358,-0.15706800842039303,-0.17914643382082165
2742.03,3347.8516483516487,-0.130294,-0.307476,0.05492497781105807,-0.03121939093590878,-0.18521897781105806,-0.2762566090640912
2742.83,3349.1703296703295,-0.156283,-0.434396,0.056885214894600106,-0.03281479553432161,-0.2131682148946001,-0.4015812044656784
2743.63,3350.489010989011,-0.155335,-0.600931,0.058899416486608805,-0.03456486070416165,-0.2142344164866088,-0.5663661392958383
2744.43,3351.807692307692,-0.0767727,-0.79893,0.060976939472956265,-0.03648628323462007,-0.13774963947295626,-0.7624437167653799
2745.23,3353.1263736263736,0.126648,-0.953646,0.06312915857150343,-0.03859751347390612,0.06351884142849658,-0.9150484865260938
2746.03,3354.4450549450553,0.391227,-0.950646,0.06536989979325826,-0.04091888629960985,0.32585710020674175,-0.9097271137003902
2746.83,3355.763736263736,0.571107,-0.807263,0.06771596461159886,-0.04347273584699611,0.5033910353884011,-0.7637902641530039
2747.63,3357.0824175824177,0.631678,-0.638234,0.07018776212296186,-0.046283479906724656,0.5614902378770381,-0.5919505200932753
2748.43,3358.4010989010985,0.621502,-0.498182,0.07281006865939148,-0.04937765395428252,0.5486919313406086,-0.4488043460457175
2749.23,3359.71978021978,0.575462,-0.386685,0.07561293605386396,-0.05278386678235092,0.49984906394613604,-0.3339011332176491
2750.03,3361.038461538462,0.496976,-0.295447,0.07863277049901762,-0.056532639121336895,0.41834322950098235,-0.23891436087866313
2750.83,3362.3571428571427,0.372711,-0.24177,0.08191360278019895,-0.06065607284334042,0.2907973972198011,-0.18111392715665958
2751.64,3363.692307692307,0.226671,-0.279833,0.08555575003919608,-0.06524664296365977,0.14111524996080393,-0.21458635703634021
2752.44,3365.010989010989,0.153896,-0.40773,0.08953395479625238,-0.07022456659319262,0.06436204520374762,-0.3375054334068074
2753.24,3366.32967032967,0.185343,-0.532623,0.09396788336884405,-0.07567585262158946,0.09137511663115595,-0.45694714737841047
2754.04,3367.6483516483513,0.275539,-0.607282,0.09894909739719014,-0.08162924011496134,0.17658990260280982,-0.5256527598850387
2754.84,3368.967032967033,0.394628,-0.62676,0.10458605859510488,-0.0881075224155285,0.2900419414048951,-0.5386524775844714
2755.64,3370.2857142857138,0.523434,-0.581607,0.11100616465512654,-0.09512384131185542,0.41242783534487343,-0.48648315868814457
2756.45,3371.6208791208787,0.626074,-0.465096,0.11845591045294826,-0.1027745350983138,0.5076180895470518,-0.3623214649016862
2757.25,3372.9395604395604,0.659977,-0.30399,0.12692281666318928,-0.11084809231390265,0.5330541833368108,-0.19314190768609735
2758.05,3374.258241758242,0.618498,-0.151972,0.13668365946684968,-0.11938446343578672,0.4818143405331503,-0.032587536564213274
2758.85,3375.576923076923,0.534334,-0.0421369,0.14794804115954985,-0.12829464968946125,0.3863859588404501,0.08615774968946124
2759.65,3376.8956043956046,0.440914,0.0270805,0.16093870721965067,-0.13744160905013414,0.27997529278034927,0.16452210905013415
2760.46,3378.230769230769,0.35367,0.0710876,0.17608214064471567,-0.14674389020167639,0.17758785935528432,0.2178314902016764
2761.26,3379.5494505494507,0.274453,0.103956,0.19322221482305102,-0.15570536588211226,0.08123078517694898,0.25966136588211225
2762.06,3380.8681318681315,0.198248,0.135151,0.21271798949269827,-0.16410333538374453,-0.01446998949269826,0.2992543353837445
2762.86,3382.186813186813,0.11534,0.169664,0.23469910552357948,-0.17152663836125803,-0.11935910552357948,0.34119063836125807
2763.67,3383.521978021978,0.00979525,0.205652,0.2595350450534986,-0.17756333175812294,-0.2497397950534986,0.38321533175812295
2764.47,3384.840659340659,-0.140282,0.222251,0.2865494013641542,-0.18154008866220556,-0.4268314013641542,0.4037910886622056
2765.27,3386.1593406593406,-0.333517,0.156825,0.31584041303088406,-0.18301213810849062,-0.6493574130308841,0.3398371381084906
2766.07,3387.4780219780223,-0.463642,-0.0411705,0.34707847275777587,-0.18148214918727276,-0.8107204727577759,0.14031164918727276
2766.88,3388.813186813187,-0.42618,-0.245134,0.38022280318880586,-0.17644645351406502,-0.8064028031888059,-0.06868754648593497
2767.68,3390.1318681318676,-0.318382,-0.33685,0.4138932557929135,-0.1677292182807852,-0.7322752557929135,-0.1691207817192148
2768.48,3391.4505494505493,-0.230622,-0.350699,0.4478818707406937,-0.15514386271013136,-0.6785038707406936,-0.19555513728986862
2769.29,3392.785714285714,-0.173007,-0.332834,0.4819988479701268,-0.13847204374899627,-0.6550058479701268,-0.19436195625100375
2770.09,3394.104395604396,-0.133702,-0.302032,0.5148451761372816,-0.11828175723691012,-0.6485471761372816,-0.1837502427630899
2770.89,3395.4230769230767,-0.0996674,-0.262613,0.5463924289096886,-0.09465488107875522,-0.6460598289096886,-0.16795811892124476
2771.7,3396.758241758241,-0.0564111,-0.21352,0.576671989107249,-0.06756486045572968,-0.6330830891072491,-0.1459551395442703
2772.5,3398.076923076923,0.0191161,-0.153997,0.6047287577195266,-0.03802337673941661,-0.5856126577195266,-0.11597362326058339
2773.31,3399.412087912088,0.172083,-0.097843,0.6311684399278037,-0.005609340570811527,-0.4590854399278037,-0.09223365942918847
2774.11,3400.7307692307695,0.478676,-0.13261,0.6553311012804631,0.028628425012628994,-0.17665510128046313,-0.161238425012629
2774.91,3402.0494505494503,0.890897,-0.558962,0.6776021455121082,0.06491293464513014,0.21329485448789187,-0.6238749346451301
2775.72,3403.384615384615,0.751859,-1.47649,0.6982928329643651,0.10366430297350344,0.05356616703563499,-1.5801543029735035
2776.52,3404.7032967032965,-0.149759,-1.9911,0.7169482873837422,0.14394713439035245,-0.8667072873837421,-2.1350471343903523
2777.33,3406.0384615384614,-1.18701,-1.81067,0.7340504984732621,0.18687722455127553,-1.921060498473262,-1.9975472245512755
2778.13,3407.357142857143,-1.94174,-0.880913,0.7491260353804914,0.23157493811760588,-2.690866035380491,-1.1124879381176058
2778.94,3408.6923076923076,-1.62157,0.291851,0.7624082195114859,0.2793996361812925,-2.383978219511486,0.01245136381870754
2779.74,3410.0109890109884,-0.774833,0.583395,0.7733156777273891,0.32944642299105403,-1.5481486777273892,0.25394857700894596
2780.54,3411.32967032967,-0.265196,0.361343,0.7816417789361201,0.3825760159234629,-1.04683777893612,-0.021233015923462883
2781.35,3412.664835164835,-0.0370506,0.0705128,0.7868938923391657,0.43978594850786734,-0.8239444923391658,-0.36927314850786735
2782.15,3413.9835164835167,0.0636501,-0.201912,0.7882280648460374,0.4998774078714045,-0.7245779648460373,-0.7017894078714045
2782.96,3415.3186813186812,0.114001,-0.469161,0.7847611270881374,0.5644563539238645,-0.6707601270881374,-1.0336173539238644
2783.76,3416.637362637363,0.152334,-0.764822,0.7754870952135962,0.6318497260152689,-0.6231530952135962,-1.3966717260152688
2784.57,3417.9725274725274,0.207882,-1.13716,0.7588879769461006,0.7033925757396794,-0.5510059769461005,-1.8405525757396792
2785.38,3419.3076923076924,0.323928,-1.66816,0.7336123879973467,0.7775378841310966,-0.40968438799734674,-2.445697884131097
2786.18,3420.626373626373,0.604947,-2.53405,0.6987045102654449,0.8521436928923366,-0.09375751026544488,-3.386193692892337
2786.98,3421.945054945055,1.42088,-4.23649,0.6526195625918533,0.9264048349028959,0.7682604374081466,-5.162894834902896
2787.79,3423.28021978022,5.33387,-9.01089,0.5935881573219527,0.9989068820926517,4.740281842678048,-10.009796882092651
2788.6,3424.6153846153843,20.1074,31.223,0.5217213038493289,1.065800849645878,19.58567869615067,30.15719915035412
2789.4,3425.934065934066,-2.97316,8.52619,0.4386207072265581,1.1231604068159486,-3.411780707226558,7.403029593184051
2790.21,3427.2692307692305,-2.82282,4.25162,0.3437682764693056,1.1691443038784588,-3.1665882764693056,3.0824756961215414
2791.01,3428.587912087912,-2.55955,2.45864,0.24214486976049526,1.199797710366029,-2.8016948697604955,1.258842289633971
2791.82,3429.923076923077,-2.2906,1.38541,0.13484941169196812,1.213895142247653,-2.425449411691968,0.1715148577523471
2792.63,3431.2582417582416,-2.00763,0.651531,0.02735891839410423,1.2101959076308053,-2.034988918394104,-0.5586649076308053
2793.43,3432.576923076923,-1.72056,0.11181,-0.07480984119598955,1.1897077700106047,-1.6457501588040104,-1.0778977700106047
2794.24,3433.9120879120874,-1.42359,-0.325756,-0.17048864552392798,1.1538349616410362,-1.2531013544760718,-1.479590961641036
2795.05,3435.247252747253,-1.0536,-0.724488,-0.25554282340210294,1.105600747190654,-0.7980571765978972,-1.830088747190654
2795.85,3436.565934065934,-0.446407,-1.01222,-0.32746833715029766,1.0490944359702703,-0.11893866284970234,-2.06131443597027
2796.66,3437.9010989010985,0.296551,-0.736839,-0.3874893460005583,0.9862252151617439,0.6840403460005583,-1.723064215161744
2797.47,3439.2362637362635,0.399776,-0.114367,-0.4349615924591025,0.9206762116462168,0.8347375924591025,-1.035043211646217
2798.27,3440.5549450549447,0.167098,0.143832,-0.47048946490389043,0.8557429242563401,0.6375874649038904,-0.7119109242563402
2799.08,3441.8901098901097,-0.00863132,0.187409,-0.49630644267289004,0.791674704647189,0.48767512267289004,-0.6042657046471891
2799.89,3443.225274725274,-0.112219,0.17503,-0.5134121689167215,0.7306080188262607,0.40119316891672147,-0.5555780188262607
2800.69,3444.543956043956,-0.176118,0.156118,-0.5232283164569459,0.6740541681057259,0.3471103164569459,-0.517936168105726
2801.5,3445.879120879121,-0.220881,0.145153,-0.5273847450237747,0.6210385656996427,0.30650374502377475,-0.4758855656996427
2802.31,3447.2142857142853,-0.257299,0.148592,-0.5269573895213993,0.5724503282100861,0.26965838952139926,-0.4238583282100861
2803.12,3448.5494505494503,-0.289999,0.173702,-0.5230089980918872,0.528245126385195,0.23300999809188716,-0.35454312638519503
2803.92,3449.868131868132,-0.3164,0.234212,-0.5165226185323339,0.4887154047524708,0.20012261853233393,-0.2545034047524708
2804.73,3451.2032967032965,-0.312567,0.356549,-0.5080596521641139,0.4526186075536614,0.19549265216411388,-0.0960696075536614
2805.54,3452.5384615384614,-0.174606,0.55725,-0.4982797957890699,0.42017373984801243,0.32367379578906985,0.1370762601519876
2806.35,3453.873626373626,0.26813,0.579267,-0.4876585793596306,0.3910612089995189,0.7557885793596306,0.18820579100048107
2807.16,3455.208791208791,0.481526,0.121314,-0.4765734425021751,0.3649587154410814,0.9580994425021752,-0.24364471544108138
2807.96,3456.5274725274726,0.306421,-0.17632,-0.46545977981827985,0.34182498187677135,0.7718807798182798,-0.5181449818767714
2808.77,3457.862637362637,0.118941,-0.280383,-0.4542673902546702,0.3207825207154317,0.5732083902546702,-0.6011655207154316
2809.58,3459.197802197802,-0.0352209,-0.318185,-0.44330953518333016,0.301850059442506,0.40808863518333016,-0.6200350594425059
2810.39,3460.5329670329666,-0.183185,-0.329415,-0.4327144528551223,0.2847584911812089,0.2495294528551223,-0.6141734911812089
2811.2,3461.8681318681315,-0.357061,-0.312093,-0.4225706633948476,0.26925683957566665,0.0655096633948476,-0.5813498395756667
2812.0,3463.186813186813,-0.593229,-0.217295,-0.4130481339773276,0.2552801157564199,-0.18018086602267241,-0.47257511575641986
2812.81,3464.5219780219777,-0.862896,0.130013,-0.4039329677275445,0.2422683343999046,-0.4589630322724555,-0.11225533439990462
2813.62,3465.8571428571427,-0.644553,0.816155,-0.3953459304156757,0.23021192132910298,-0.24920706958432437,0.585943078670897
2814.43,3467.192307692307,0.0664888,0.8268,-0.3872633616954819,0.21894059462191826,0.45375216169548194,0.6078594053780817
2815.24,3468.527472527472,0.299243,0.480731,-0.37964349048209245,0.20830725478925266,0.6788864904820924,0.27242374521074736
2816.05,3469.8626373626375,0.300903,0.258902,-0.3724308682933476,0.19818889394562883,0.6733338682933476,0.06071310605437119
2816.86,3471.1978021978025,0.250759,0.141658,-0.36556109325319763,0.18848685555777425,0.6163200932531976,-0.046828855557774246
2817.67,3472.532967032967,0.195447,0.101048,-0.35896560977213027,0.17912620722431832,0.5544126097721302,-0.07807820722431832
2818.48,3473.868131868132,0.199222,0.127785,-0.3525762664561902,0.17005412438950074,0.5517982664561902,-0.04226912438950073
2819.29,3475.2032967032965,0.288481,0.0812409,-0.34632929040259197,0.16123734622664476,0.634810290402592,-0.07999644622664476
2820.1,3476.5384615384614,0.303331,-0.0225037,-0.3401683913811514,0.15265891490807237,0.6434993913811514,-0.1751626149080724
2820.9,3477.8571428571427,0.284199,-0.0931969,-0.33412231696551964,0.14441608959688879,0.6183213169655196,-0.23761298959688879
2821.71,3479.1923076923076,0.267509,-0.142343,-0.32800401371170285,0.13630730856235085,0.5955130137117028,-0.27865030856235085
2822.52,3480.5274725274726,0.259742,-0.181528,-0.3218634402323453,0.12844704881510394,0.5816054402323453,-0.30997504881510396
2823.33,3481.862637362637,0.262289,-0.215422,-0.31568463944144914,0.12084781050427583,0.5779736394414492,-0.33626981050427585
2824.14,3483.197802197802,0.275906,-0.245274,-0.3094601955766358,0.11352223781753615,0.5853661955766358,-0.3587962378175361
2824.95,3484.5329670329666,0.301105,-0.270721,-0.30318966529266356,0.1064814181690794,0.6042946652926635,-0.3772024181690794
2825.76,3485.868131868132,0.337906,-0.290888,-0.2968779281198551,0.09973379986699163,0.6347839281198551,-0.39062179986699164
2826.57,3487.203296703297,0.386264,-0.305623,-0.2905336150487794,0.09328463628593141,0.6767976150487793,-0.3989076362859314
2827.39,3488.5549450549447,0.447286,-0.316205,-0.2840890426161519,0.08706180462860919,0.7313750426161519,-0.4032668046286092
2828.2,3489.8901098901097,0.525415,-0.325329,-0.27771372213132417,0.08121577123279909,0.8031287221313241,-0.4065447712327991
2829.01,3491.225274725275,0.63149,-0.336351,-0.27134166377076774,0.07566462606956773,0.9028316637707677,-0.41201562606956776
2829.82,3492.5604395604396,0.788744,-0.351889,-0.26498498025668626,0.07040178802112072,1.0537289802566863,-0.42229078802112074
2830.63,3493.8956043956046,1.04945,-0.368479,-0.2586549399787645,0.06541873504192787,1.3081049399787645,-0.43389773504192786
2831.44,3495.230769230769,1.55004,-0.34648,-0.25236167514340313,0.060705467991950535,1.802401675143403,-0.40718546799195054
2832.25,3496.565934065934,2.69931,0.0605705,-0.24611402450964015,0.05625093732906637,2.94542402450964,0.004319562670933627
2833.06,3497.9010989010985,3.64058,3.71116,-0.23991947710577893,0.05204341754567181,3.880499477105779,3.6591165824543284
2833.87,3499.2362637362635,-1.07784,3.7621,-0.23378418801879006,0.04807082348454776,-0.8440558119812098,3.7140291765154525
2834.68,3500.571428571428,-1.44379,2.10284,-0.22771304267092368,0.044320968834037744,-1.2160769573290762,2.0585190311659622
2835.49,3501.906593406593,-1.41384,1.6648,-0.22170975116542152,0.040781770854668706,-1.1921302488345784,1.6240182291453313
2836.31,3503.2582417582416,-1.75782,1.8311,-0.21570416310438284,0.03740136242424376,-1.5421158368956172,1.7936986375757562
2837.12,3504.593406593406,-5.99997,2.88957,-0.2098444658613886,0.03425063171191779,-5.790125534138611,2.855319368288082
2837.93,3505.928571428571,0.717875,-2.27815,-0.20405783717618506,0.03127617059298804,0.9219328371761851,-2.309426170592988
2838.74,3507.2637362637356,0.302703,-0.692676,-0.19834441413072174,0.028467511645678206,0.5010474141307217,-0.7211435116456781
2839.55,3508.5989010989015,0.162511,-0.336112,-0.19270371766145183,0.025814732750551628,0.35521471766145185,-0.36192673275055165
2840.37,3509.9505494505493,0.119146,-0.197489,-0.18706643612491378,0.023278408463140457,0.3062124361249138,-0.22076740846314047
2841.18,3511.2857142857138,0.116136,-0.137045,-0.18156860681178777,0.02091151266360694,0.2977046068117878,-0.15795651266360694
2841.99,3512.6208791208787,0.134913,-0.118748,-0.17613923333360462,0.018673989209773756,0.31105223333360466,-0.13742198920977378
2842.8,3513.956043956044,0.167716,-0.133566,-0.17077620727456716,0.016558136283755603,0.3384922072745672,-0.1501241362837556
2843.61,3515.291208791209,0.209355,-0.184738,-0.16547717631252531,0.014556770260742508,0.3748321763125253,-0.19929477026074252
2844.43,3516.642857142857,0.251414,-0.285973,-0.1601753030540351,0.01264047220571693,0.4115893030540351,-0.2986134722057169
2845.24,3517.9780219780214,0.270751,-0.464104,-0.15499716821679918,0.01084970099663074,0.42574816821679917,-0.47495370099663076
2846.05,3519.313186813187,0.197378,-0.754821,-0.14987491331253008,0.009154665740758766,0.34725291331253005,-0.7639756657407587
2846.86,3520.6483516483518,-0.151171,-1.12607,-0.1448056174445001,0.007550014304642555,-0.006365382555499899,-1.1336200143046424
2847.68,3521.9999999999995,-0.935385,-1.18949,-0.139724622593228,0.006012544546650803,-0.7956603774067721,-1.1955025445466507
2848.49,3523.3351648351645,-1.55239,-0.534202,-0.1347527828597526,0.004575116836301338,-1.4176372171402474,-0.5387771168363013
2849.3,3524.67032967033,-1.52488,0.184034,-0.1298247566119696,0.0032142174984935157,-1.3950552433880303,0.1808197825015065
2850.12,3526.0219780219777,-1.27283,0.59184,-0.12487734957758206,0.001910452841081281,-1.1479526504224178,0.5899295471589188
2850.93,3527.3571428571427,-1.04108,0.808631,-0.12002808699873513,0.0006919578341752081,-0.9210519130012649,0.8079390421658248
2851.74,3528.692307692307,-0.867825,0.944661,-0.11521327353636707,-0.00046095407478088934,-0.752611726463633,0.9451219540747808
2852.56,3530.043956043956,-0.747389,1.05191,-0.11037092055772307,-0.001564453667907903,-0.6370180794422768,1.0534744536679077
2853.37,3531.3791208791204,-0.674157,1.15372,-0.10561599007479905,-0.002594499184953386,-0.568541009925201,1.1563144991849534
2854.18,3532.7142857142853,-0.649732,1.25985,-0.10088613639175137,-0.0035675434290662333,-0.5488458636082486,1.2634175434290662
2855.0,3534.065934065934,-0.683964,1.36881,-0.09612026350843195,-0.004496998039776989,-0.5878437364915681,1.373306998039777
2855.81,3535.4010989010985,-0.789011,1.46301,-0.09143148921397196,-0.005362421499444769,-0.6975795107860281,1.4683724214994447
2856.63,3536.752747252747,-0.958611,1.50343,-0.08670087334390095,-0.0061872553992989715,-0.871910126656099,1.509617255399299
2857.44,3538.087912087912,-1.13233,1.45608,-0.08204068493683578,-0.0069532441124448285,-1.0502893150631643,1.463033244112445
2858.25,3539.4230769230767,-1.19185,1.35533,-0.07739006492846365,-0.0076724314543076405,-1.1144599350715365,1.3630024314543077
2859.07,3540.7747252747254,-1.00806,1.27362,-0.07268862745191085,-0.008354383548194108,-0.9353713725480891,1.281974383548194
2859.88,3542.1098901098903,-0.559014,1.06956,-0.06804792705046772,-0.00898385740820054,-0.4909660729495323,1.0785438574082007
2860.7,3543.461538461538,-0.249356,0.641316,-0.06335020393387414,-0.009577664738855171,-0.18600579606612586,0.6508936647388551
2861.51,3544.7967032967035,-0.184014,0.33484,-0.05870690070683271,-0.010122436246532487,-0.1253070992931673,0.3449624362465325
2862.33,3546.1483516483513,-0.162851,0.182317,-0.05400016201942409,-0.01063262433691653,-0.1088508379805759,0.19294962433691654
2863.14,3547.4835164835163,-0.132662,0.10057,-0.04934160934657236,-0.011096646767614932,-0.08332039065342764,0.11166664676761494
2863.96,3548.835164835165,-0.0931438,0.0468442,-0.04461295792915676,-0.011526715305475943,-0.04853084207084324,0.058370915305475946
2864.77,3550.1703296703295,-0.0482143,0.00217933,-0.03992629993676161,-0.011912967215692793,-0.00828800006323839,0.014092297215692794
2865.58,3551.5054945054944,-0.000236452,-0.0437069,-0.03522080319345358,-0.012261395447376353,0.03498435119345358,-0.03144550455262365
2866.4,3552.8571428571427,0.049159,-0.098928,-0.030434653641391418,-0.012576008073343387,0.07959365364139143,-0.08635199192665662
2867.21,3554.1923076923076,0.0963517,-0.17249,-0.025681201428770395,-0.012849428645739666,0.1220329014287704,-0.15964057135426035
2868.03,3555.5439560439563,0.130636,-0.274043,-0.020839572415796453,-0.013088601522506738,0.15147557241579646,-0.26095439847749324
2868.85,3556.895604395604,0.128062,-0.404456,-0.015964671075665543,-0.013290005616651043,0.14402667107566555,-0.3911659943833489
2869.66,3558.230769230769,0.0645769,-0.533491,-0.011112940250119607,-0.013451849729917892,0.07568984025011961,-0.5200391502700822
2870.48,3559.5824175824173,-0.0365118,-0.612146,-0.006160836040589784,-0.01357799735591747,-0.030350963959410213,-0.5985680026440825
2871.29,3560.9175824175823,-0.114883,-0.642229,-0.001225356295978225,-0.013665132737988514,-0.11365764370402177,-0.6285638672620115
2872.11,3562.269230769231,-0.145973,-0.667005,0.0038193201224628326,-0.013715052123685553,-0.14979232012246282,-0.6532899478763144
2872.92,3563.6043956043954,-0.138779,-0.713084,0.008854164324183317,-0.013726075294247714,-0.14763316432418333,-0.6993579247057523
2873.74,3564.9560439560437,-0.105677,-0.783048,0.014007704000076615,-0.0136978855689118,-0.11968470400007661,-0.7693501144310881
2874.56,3566.307692307692,-0.0605843,-0.866775,0.019222509946538013,-0.013629389019687785,-0.07980680994653802,-0.8531456109803122
2875.37,3567.642857142857,-0.0309121,-0.953843,0.024438329617473997,-0.013521325524758238,-0.055350429617473995,-0.9403216744752417
2876.19,3568.9945054945056,-0.0599961,-1.04214,0.029788635362251348,-0.013370052464755672,-0.08978473536225134,-1.0287699475352443
2877.01,3570.3461538461543,-0.20018,-1.12354,0.03521436909631487,-0.013175524420813559,-0.23539436909631486,-1.1103644755791864
2877.82,3571.6813186813188,-0.49061,-1.13676,0.040653006007058234,-0.012939652337869215,-0.5312630060070582,-1.1238203476621307
2878.64,3573.0329670329666,-0.868629,-0.949623,0.04624413448103876,-0.012655188690219435,-0.9148731344810388,-0.9369678113097806
2879.46,3574.3846153846152,-1.11009,-0.541529,0.051926710923927144,-0.012323162674351087,-1.1620167109239272,-0.529205837325649
2880.27,3575.71978021978,-1.10175,-0.126559,0.05763550250240748,-0.011946738078949012,-1.1593855025024076,-0.11461226192105099
2881.09,3577.071428571429,-0.967785,0.149741,0.06351755505627366,-0.01151465230455713,-1.0313025550562736,0.16125565230455713
2881.91,3578.4230769230767,-0.828178,0.308225,0.06950945609655879,-0.011029048041178519,-0.8976874560965588,0.3192540480411785
2882.72,3579.758241758241,-0.72336,0.405886,0.07554278077048904,-0.010494446870591229,-0.798902780770489,0.4163804468705913
2883.54,3581.10989010989,-0.658475,0.484229,0.08177359393199074,-0.009894997292755711,-0.7402485939319907,0.49412399729275575
2884.36,3582.4615384615386,-0.631686,0.57409,0.08813569916041827,-0.009234003896533893,-0.7198216991604183,0.5833240038965339
2885.18,3583.8131868131863,-0.643066,0.713367,0.0946370947370567,-0.00850822011948174,-0.7377030947370568,0.7218752201194817
2885.99,3585.1483516483513,-0.689114,0.985571,0.10120423849318436,-0.007724185396800906,-0.7903182384931844,0.9932951853968008
2886.81,3586.5,-0.656462,1.66553,0.10800817169093743,-0.006858652729615,-0.7644701716909375,1.672388652729615
2887.63,3587.8516483516482,1.09196,2.88071,0.11497827248249295,-0.0059165577749944465,0.9769817275175071,2.8866265577749948
2888.45,3589.2032967032965,2.08166,0.243332,0.12212468475694846,-0.004893146048244562,1.9595353152430515,0.24822514604824455
2889.26,3590.538461538462,1.11223,-0.259823,0.12936760973652367,-0.0037972613603957928,0.9828623902634763,-0.2560257386396042
2890.08,3591.8901098901097,0.726019,-0.259672,0.13689729364693917,-0.002596136001095317,0.5891217063530608,-0.2570758639989047
2890.9,3593.2417582417584,0.552694,-0.229851,0.14463779063239937,-0.0012964025534755452,0.4080562093676007,-0.22855459744652445
2891.72,3594.593406593406,0.466673,-0.211369,0.15260227306051435,0.00010896023764930818,0.3140707269394857,-0.2114779602376493
2892.54,3595.945054945055,0.426421,-0.208213,0.16080485704484107,0.0016277152596532174,0.2656161429551589,-0.20984071525965323
2893.36,3597.2967032967035,0.418386,-0.22222,0.169260692488486,0.0032684570576479444,0.249125307511514,-0.22548845705764795
2894.17,3598.631868131868,0.444643,-0.258357,0.1778779639287929,0.005018269048257917,0.2667650360712071,-0.2633752690482579
2894.99,3599.983516483516,0.530764,-0.325653,0.18688678601095338,0.006930825807068164,0.34387721398904664,-0.3325838258070682
2895.81,3601.3351648351645,0.77461,-0.411218,0.19620132842618454,0.008997105902470881,0.5784086715738155,-0.42021510590247085
2896.63,3602.686813186813,1.35708,-0.148836,0.20584197367696713,0.011230216747906557,1.1512380263230328,-0.16006621674790655
2897.45,3604.038461538461,1.12896,0.724095,0.2158307609488853,0.013644797754626015,0.9131292390511146,0.710450202245374
2898.27,3605.3901098901097,0.644876,0.73339,0.22619155680056563,0.01625723441615734,0.4186844431994344,0.7171327655838426
2899.09,3606.7417582417584,0.5033,0.633317,0.23695024577160648,0.019085908201820434,0.26634975422839346,0.6142310917981796
2899.91,3608.093406593406,0.472228,0.589234,0.24813494336727904,0.02215148918107543,0.22409305663272094,0.5670825108189246
2900.73,3609.445054945055,0.478496,0.589572,0.2597762341397854,0.025477279824786342,0.21871976586021458,0.5640947201752137
2901.55,3610.7967032967035,0.497904,0.622959,0.2719074378446384,0.02908962032999779,0.22599656215536162,0.5938693796700023
2902.36,3612.131868131868,0.516358,0.68117,0.2844072228105853,0.03296841989114219,0.2319507771894147,0.6482015801088579
2903.18,3613.4835164835163,0.520864,0.752385,0.297623518427502,0.03724302415920919,0.22324048157249798,0.7151419758407908
2904.0,3614.8351648351645,0.500692,0.815506,0.31144869486400534,0.0419061864376849,0.1892433051359947,0.773599813562315
2904.82,3616.186813186813,0.453352,0.842062,0.3259302981374378,0.047002121958925,0.1274217018625622,0.7950598780410749
2905.64,3617.538461538461,0.385184,0.811129,0.34112047177249927,0.052581588386569206,0.04406352822750076,0.7585474116134308
2906.46,3618.8901098901097,0.302834,0.726116,0.3570764592620429,0.05870306228341618,-0.05424245926204291,0.6674129377165838
2907.28,3620.2417582417584,0.207397,0.614763,0.37386115364730244,0.0654341654550909,-0.16646415364730244,0.549328834544909
2908.1,3621.593406593406,0.100749,0.511103,0.39154369191478916,0.07285340213641855,-0.2907946919147891,0.4382495978635814
2908.92,3622.945054945055,-0.011648,0.436601,0.4102000872911824,0.08105228468034187,-0.4218480872911824,0.35554871531965815
2909.74,3624.2967032967026,-0.127671,0.396887,0.4299138851037074,0.09013794710285397,-0.5575848851037074,0.30674905289714605
2910.57,3625.6648351648355,-0.256064,0.388877,0.4510387413170682,0.100366366322104,-0.7071027413170683,0.288510633677896
2911.39,3627.0164835164833,-0.425081,0.404378,0.47316722656199295,0.11164159656508776,-0.8982482265619929,0.29273640343491225
2912.21,3628.368131868132,-0.709754,0.408603,0.49665656704594163,0.12425749366218741,-1.2064105670459417,0.2843455063378126
2913.03,3629.71978021978,-1.25874,0.141485,0.521626209031891,0.13842535826296581,-1.780366209031891,0.0030596417370341855
2913.85,3631.0714285714284,-1.14191,-1.07243,0.548204948465221,0.15439863082540664,-1.690114948465221,-1.2268286308254066
2914.67,3632.423076923077,-0.100717,-0.983415,0.5765300314964492,0.1724829117439163,-0.6772470314964492,-1.1558979117439163
2915.49,3633.774725274725,0.119987,-0.583435,0.6067450742824232,0.1930486836847031,-0.4867580742824232,-0.7764836836847031
2916.31,3635.1263736263736,0.148069,-0.366475,0.6389960806960199,0.21654750989575172,-0.49092708069601987,-0.5830225098957518
2917.13,3636.478021978022,0.149856,-0.238163,0.67342442905154,0.24353268631532277,-0.52356842905154,-0.4816956863153228
2917.95,3637.82967032967,0.154192,-0.149805,0.7101550597317934,0.2746855498722681,-0.5559630597317934,-0.4244905498722681
2918.78,3639.1978021978025,0.167726,-0.079599,0.7497691352170901,0.3113248806987431,-0.5820431352170901,-0.39092388069874306
2919.6,3640.5494505494503,0.19335,-0.0155695,0.7913337185532608,0.35362599327824396,-0.5979837185532608,-0.36919549327824397
2920.42,3641.901098901099,0.233934,0.0515629,0.8352144070109063,0.4033023073555703,-0.6012804070109063,-0.3517394073555703
2921.24,3643.2527472527468,0.293088,0.132551,0.8811166408471234,0.4619753792701574,-0.5880286408471234,-0.32942437927015744
2922.06,3644.6043956043954,0.374201,0.244338,0.92842293432008,0.5316516842585379,-0.55422193432008,-0.2873136842585379
2922.89,3645.972527472527,0.474716,0.416554,0.9765726565335573,0.6158947590617785,-0.5018566565335573,-0.1993407590617785
2923.71,3647.3241758241757,0.567195,0.695811,1.0224269650774331,0.7156437547168825,-0.45523196507743313,-0.019832754716882506
2924.53,3648.6758241758243,0.563674,1.11771,1.0633364852709408,0.8351921331642751,-0.4996624852709408,0.2825178668357249
2925.35,3650.027472527472,0.345082,1.61281,1.0941762803410027,0.9780667593165916,-0.7490942803410027,0.6347432406834085
2926.17,3651.379120879121,-0.0505494,2.0523,1.1071332129669254,1.14727472854802,-1.1576826129669253,0.9050252714519798
2927.0,3652.747252747253,-0.477336,2.59449,1.0904868136330954,1.3464365370380629,-1.5678228136330954,1.248053462961937
2927.82,3654.098901098901,-1.02657,4.22129,1.0294990884729633,1.5672538499115802,-2.056069088472963,2.6540361500884195
2928.64,3655.4505494505493,43.6734,26.985,0.9070747107772459,1.8002753811139756,42.766325289222756,25.184724618886023
2929.46,3656.802197802198,1.21053,-2.83272,0.7090802866237816,2.022163893799024,0.5014497133762185,-4.854883893799024
2930.29,3658.1703296703295,0.428286,-1.2043,0.42964252347829635,2.2000108202607724,-0.0013565234782963453,-3.4043108202607724
2931.11,3659.521978021978,0.20504,-0.676388,0.09500404954337009,2.292099862302688,0.11003595045662991,-2.9684878623026876
2931.93,3660.873626373626,0.109067,-0.418391,-0.2568057202609909,2.278054431070841,0.36587272026099094,-2.696445431070841
2932.76,3662.2417582417584,0.0620469,-0.262955,-0.5811561264588129,2.1601919980768884,0.6432030264588129,-2.4231469980768883
2933.58,3663.593406593406,0.0380361,-0.154299,-0.8344989832903829,1.9705816655353257,0.8725350832903829,-2.1248806655353256
2934.4,3664.945054945055,0.0244215,-0.067921,-1.0086995023210434,1.7462733722713877,1.0331210023210435,-1.8141943722713876
2935.23,3666.313186813187,0.0110947,0.00921717,-1.111313350300898,1.5163850234453295,1.122408050300898,-1.5071678534453294
2936.05,3667.6648351648355,-0.0156638,0.0826084,-1.1558285192258226,1.3063163420935417,1.1401647192258226,-1.2237079420935417
2936.87,3669.0164835164833,-0.0760808,0.141551,-1.1607017649344369,1.1220595781511935,1.084620964934437,-0.9805085781511935
2937.7,3670.384615384615,-0.172903,0.140334,-1.1395085242669232,0.9636787628206634,0.9666055242669231,-0.8233447628206635
2938.52,3671.7362637362635,-0.234323,0.046907,-1.1030478102400132,0.8331617377475665,0.8687248102400131,-0.7862547377475665
2939.35,3673.1043956043954,-0.204226,-0.0636048,-1.0575224459155217,0.724009370736603,0.8532964459155217,-0.787614170736603
2940.17,3674.456043956044,-0.129979,-0.134154,-1.0085376246905213,0.6353393609432518,0.8785586246905213,-0.7694933609432518
2940.99,3675.807692307692,-0.0521028,-0.176227,-0.9583625648893379,0.5625112443752541,0.9062597648893379,-0.7387382443752541
2941.82,3677.1758241758243,0.0211473,-0.208705,-0.9080725963470339,0.5021358420328061,0.9292198963470338,-0.7108408420328062
2942.64,3678.527472527472,0.0922731,-0.24162,-0.8598523915173562,0.4533994856976989,0.9521254915173561,-0.6950194856976989
2943.47,3679.895604395604,0.165594,-0.278876,-0.8130585039704777,0.4132597495292014,0.9786525039704778,-0.6921357495292014
2944.29,3681.247252747253,0.245141,-0.320088,-0.7690692208810066,0.3812369612256726,1.0142102208810067,-0.7013249612256726
2945.12,3682.6153846153843,0.333127,-0.360216,-0.7269038874005236,0.35539451412158296,1.0600308874005235,-0.7156105141215829
2945.94,3683.967032967033,0.425468,-0.388748,-0.6875824780034542,0.3354688996420916,1.1130504780034542,-0.7242168996420916
2946.77,3685.3351648351645,0.504118,-0.394581,-0.650110433033344,0.32027827408853893,1.154228433033344,-0.7148592740885389
2947.59,3686.686813186813,0.536588,-0.382529,-0.615349088478138,0.3096654095790571,1.151937088478138,-0.6921944095790571
2948.42,3688.054945054945,0.499276,-0.383563,-0.5824247620489076,0.30297035651324056,1.0817007620489076,-0.6865333565132405
2949.24,3689.406593406593,0.398371,-0.431162,-0.5521389217002293,0.3000609049708177,0.9505099217002293,-0.7312229049708177
2950.07,3690.7747252747254,0.252441,-0.537789,-0.5238099064803472,0.30064579303037664,0.7762509064803472,-0.8384347930303766
2950.89,3692.126373626373,0.0710663,-0.707708,-0.49823727097556186,0.3045476315962482,0.5693035709755618,-1.0122556315962483
2951.72,3693.494505494505,-0.140824,-0.96929,-0.47498980131784585,0.31172502461356,0.33416580131784585,-1.28101502461356
2952.54,3694.846153846154,-0.33358,-1.42458,-0.4548994271743381,0.3218716623963169,0.12131942717433813,-1.7464516623963169
2953.37,3696.2142857142853,-0.130319,-2.24127,-0.4378422507190344,0.3350664860489369,0.3075232507190344,-2.576336486048937
2954.19,3697.565934065934,1.20336,-2.36617,-0.4246770700186871,0.3507528433688617,1.628037070018687,-2.7169228433688617
2955.02,3698.934065934066,1.51468,-1.18687,-0.41561331860228434,0.3689483830579465,1.9302933186022844,-1.5558183830579466
2955.85,3700.3021978021975,1.10312,-0.625666,-0.4114139930487666,0.38893219788592276,1.5145339930487667,-1.0145981978859229
2956.67,3701.653846153846,0.769882,-0.410246,-0.4125914046502567,0.4096760719986563,1.1824734046502567,-0.8199220719986563
2957.5,3703.0219780219777,0.54437,-0.297493,-0.4196217767110437,0.43066475837202567,0.9639917767110437,-0.7281577583720257
2958.33,3704.3901098901097,0.389648,-0.217582,-0.4327465666502567,0.45036501105069454,0.8223945666502567,-0.6679470110506945
2959.15,3705.7417582417584,0.280953,-0.149028,-0.4515598488007502,0.46712129689156756,0.7325128488007502,-0.6161492968915676
2959.98,3707.10989010989,0.203381,-0.0839181,-0.4759102722471992,0.4798328122014977,0.6792912722471992,-0.5637509122014976
2960.8,3708.4615384615386,0.147205,-0.0180948,-0.5041048317331557,0.4868545861228234,0.6513098317331557,-0.5049493861228234
2961.63,3709.8296703296705,0.105041,0.0521521,-0.5352516943369232,0.48737026254528804,0.6402926943369232,-0.43521816254528806
2962.46,3711.197802197802,0.0693133,0.131783,-0.5671485061022491,0.4808231824022177,0.6364618061022491,-0.3490401824022177
2963.28,3712.5494505494507,0.0280312,0.22831,-0.5975266176068725,0.4676280272255262,0.6255578176068726,-0.2393180272255262
2964.11,3713.9175824175827,-0.0467043,0.350784,-0.6254652759897568,0.4482645498212715,0.5787609759897567,-0.09748054982127152
2964.94,3715.285714285714,-0.230818,0.482358,-0.6493381978421533,0.42409027602916405,0.41852019784215333,0.05826772397083596
2965.77,3716.653846153846,-0.606731,0.402007,-0.668425335334961,0.39654619113623724,0.06169433533496094,0.005460808863762767
2966.59,3718.0054945054944,-0.65477,-0.0872447,-0.682368960534881,0.3674230223400409,0.02759896053488109,-0.4546677223400409
2967.42,3719.3736263736264,-0.321059,-0.263966,-0.6916903590043398,0.33725860817465647,0.37063135900433986,-0.6012246081746564
2968.25,3720.741758241758,-0.0865924,-0.212352,-0.6966420891926107,0.30740786629328476,0.6100496891926107,-0.5197598662932847
2969.08,3722.10989010989,0.0562424,-0.117147,-0.6978223437966746,0.27860586043846947,0.7540647437966747,-0.39575286043846947
2969.9,3723.4615384615386,0.148348,-0.01435,-0.6959143541604389,0.2516549040005484,0.8442623541604389,-0.2660049040005484
2970.73,3724.82967032967,0.20338,0.0850975,-0.6914871215866357,0.22617356549179218,0.8948671215866357,-0.1410760654917922
2971.56,3726.197802197802,0.230378,0.168315,-0.6851076514098033,0.20262315509564718,0.9154856514098033,-0.03430815509564719
2972.39,3727.5659340659336,0.244206,0.226019,-0.6772592234634579,0.18101518061180352,0.9214652234634579,0.045003819388196475
2973.21,3728.9175824175823,0.260299,0.258473,-0.6684563839884852,0.1615147438748696,0.9287553839884852,0.0969582561251304
2974.04,3730.285714285714,0.28808,0.271417,-0.6588076912508352,0.14354130628715592,0.9468876912508352,0.1278756937128441
2974.87,3731.6538461538457,0.331359,0.269969,-0.6486746573084374,0.12721427838782162,0.9800336573084374,0.1427547216121784
2975.7,3733.0219780219777,0.391703,0.256084,-0.6382603560295332,0.1123945917161438,1.0299633560295334,0.14368940828385618
2976.53,3734.39010989011,0.470839,0.228139,-0.6277211054628666,0.09894295920277284,1.0985601054628666,0.12919604079722719
2977.36,3735.7582417582416,0.571796,0.180315,-0.6171755008690328,0.08672557302400918,1.188971500869033,0.09358942697599082
2978.19,3737.1263736263736,0.69917,0.0999967,-0.60671215120475,0.07561731266479704,1.30588215120475,0.02437938733520295
2979.02,3738.494505494505,0.857135,-0.0386792,-0.5963960985219867,0.06550329022341501,1.4535310985219867,-0.10418249022341501
2979.84,3739.846153846154,1.0384,-0.288788,-0.5863946886351359,0.05638554022236371,1.6247946886351359,-0.3451735402223637
2980.67,3741.214285714286,1.17548,-0.748956,-0.5764962323269964,0.047948900662019386,1.7519762323269965,-0.7969049006620194
2981.5,3742.5824175824173,0.996655,-1.486,-0.5668456741961144,0.04022592140759558,1.5635006741961144,-1.5262259214075955
2982.33,3743.9505494505493,0.105952,-2.04981,-0.5574564207068998,0.03314200117264077,0.6634084207068999,-2.082952001172641
2983.16,3745.318681318681,-0.905948,-1.72108,-0.5483355798458834,0.026630905165689306,-0.35761242015411654,-1.7477109051656892
2983.99,3746.6868131868127,-1.30946,-1.0505,-0.5394855349786534,0.020633913245319227,-0.7699744650213467,-1.0711339132453193
2984.82,3748.054945054945,-1.37881,-0.550907,-0.5309051627462751,0.015099001313906887,-0.847904837253725,-0.5660060013139069
2985.65,3749.423076923077,-1.40389,-0.231627,-0.522590772442937,0.009980079167979786,-0.8812992275570631,-0.2416070791679798
2986.48,3750.7912087912086,-1.51608,-0.05227,-0.5145368283201707,0.005236295573333757,-1.0015431716798293,-0.057506295573333754
2987.31,3752.1593406593406,-1.75572,-0.105894,-0.5067365031746638,0.0008314136117165555,-1.2489834968253362,-0.10672541361171656
2988.14,3753.527472527472,-1.83196,-0.524442,-0.4991821010637237,-0.003266745254547815,-1.3327778989362764,-0.5211752547454521
2988.97,3754.895604395604,-1.50045,-0.830125,-0.4918653786531314,-0.007086792525788907,-1.0085846213468685,-0.8230382074742111
2989.8,3756.2637362637365,-1.20788,-0.840123,-0.48477778814358563,-0.010654204819884966,-0.7231022118564144,-0.829468795180115
2990.63,3757.631868131868,-1.07061,-0.7896,-0.47791065959348555,-0.01399170271469137,-0.5926993404065145,-0.7756082972853086
2991.46,3759.0,-1.03007,-0.768687,-0.47125533646141926,-0.017119582140482356,-0.5588146635385808,-0.7515674178595176
2992.29,3760.3681318681315,-1.0502,-0.800395,-0.4648032750882364,-0.02005600389427689,-0.5853967249117636,-0.7803389961057231
2993.12,3761.7362637362635,-1.11629,-0.90627,-0.45854611643051585,-0.022817246413210576,-0.6577438835694842,-0.8834527535867894
2993.95,3763.104395604395,-1.21598,-1.13064,-0.45247573649050643,-0.02541792644826299,-0.7635042635094936,-1.105222073551737
2994.78,3764.472527472528,-1.30334,-1.56154,-0.44658428044024473,-0.027871191773545162,-0.8567557195597553,-1.5336688082264547
2995.61,3765.8406593406594,-1.19736,-2.32279,-0.4408641843155494,-0.030188889579086095,-0.7564958156844506,-2.2926011104209136
2996.44,3767.2087912087914,-0.4461,-3.31857,-0.43530818728483833,-0.0323817137427307,-0.010791812715161664,-3.286188286257269
2997.27,3768.576923076923,1.09421,-3.80305,-0.42990933682217125,-0.03445933376629652,1.5241193368221713,-3.7685906662337034
2998.1,3769.945054945055,2.59689,-3.62969,-0.42466098858865414,-0.03643050779497353,3.0215509885886545,-3.5932594922050267
2998.94,3771.32967032967,4.08881,-4.10366,-0.4194961601048461,-0.03832517384043725,4.508306160104846,-4.065334826159562
2999.77,3772.697802197802,4.83202,-10.6467,-0.4145317216093497,-0.04010551042690712,5.246551721609349,-10.606594489573093
3000.6,3774.0659340659336,-6.39835,-3.43898,-0.4096995804434862,-0.041801216346466,-5.988650419556514,-3.397178783653534
3001.43,3775.4340659340655,-2.85083,-0.816006,-0.4049942639570608,-0.04341827722279164,-2.4458357360429392,-0.7725877227772083
3002.26,3776.802197802198,-1.70184,-0.492062,-0.40041056670228736,-0.04496215853654072,-1.3014294332977125,-0.44709984146345927
3003.09,3778.17032967033,-1.21218,-0.393732,-0.3959435389210417,-0.046437858379332994,-0.8162364610789583,-0.347294141620667
3003.92,3779.5384615384614,-0.967862,-0.349955,-0.39158847482934517,-0.04784995418166037,-0.5762735251706548,-0.30210504581833963
3004.76,3780.923076923077,-0.842373,-0.329656,-0.38729036304625997,-0.04921859555218559,-0.45508263695374007,-0.2804374044478144
3005.59,3782.291208791209,-0.790615,-0.32549,-0.38314724525747945,-0.050515088517473064,-0.4074677547425205,-0.27497491148252695
3006.42,3783.6593406593406,-0.802832,-0.338136,-0.3791032739939307,-0.051759618764230006,-0.4237287260060693,-0.28637638123577
3007.25,3785.0274725274726,-0.905403,-0.375221,-0.3751546067397721,-0.052955448999632185,-0.5302483932602279,-0.32226555100036786
3008.09,3786.412087912088,-1.24329,-0.452814,-0.3712516631251094,-0.05411917807323162,-0.8720383368748906,-0.39869482192676836
3008.92,3787.78021978022,-3.15408,-0.0131103,-0.367483859585926,-0.05522590286815614,-2.786596140414074,0.04211560286815614
3009.75,3789.1483516483513,0.877004,1.42649,-0.36380088104096586,-0.056292312471552655,1.2408048810409658,1.4827823124715527
3010.58,3790.5164835164833,0.287566,0.377278,-0.36019957972876443,-0.05732078186503704,0.6477655797287645,0.43459878186503703
3011.42,3791.901098901099,0.0704829,0.171717,-0.35663498478043554,-0.05832526315468571,0.42711788478043555,0.23004226315468573
3012.25,3793.2692307692305,-0.0390831,0.0885544,-0.3531890841058364,-0.059283901665874106,0.3141059841058364,0.1478383016658741
3013.08,3794.6373626373625,-0.110435,0.042766,-0.3498162544203641,-0.06021076129592465,0.23938125442036412,0.10297676129592465
3013.91,3796.005494505494,-0.166957,0.0116312,-0.3465139028765552,-0.061107603912594455,0.1795569028765552,0.07273880391259445
3014.75,3797.3901098901097,-0.21968,-0.0138245,-0.3432409933435374,-0.06198636626872785,0.12356099334353743,0.04816186626872784
3015.58,3798.7582417582416,-0.276066,-0.038138,-0.340073069577117,-0.06282766825973632,0.06400706957711705,0.02468966825973632
3016.41,3800.126373626373,-0.343758,-0.063744,-0.33696851256570026,-0.06364356309832833,-0.006789487434299746,-0.0001004369016716633
3017.25,3801.510989010989,-0.434013,-0.0901382,-0.33388887056129335,-0.06444477868107792,-0.10012412943870663,-0.025693421318922077
3018.08,3802.879120879121,-0.566663,-0.106971,-0.33090539445653633,-0.06521349296826512,-0.2357576055434637,-0.04175750703173488
3018.91,3804.2472527472523,-0.769916,-0.064176,-0.327979095440452,-0.06596054797546293,-0.44193690455954804,0.00178454797546293
3019.75,3805.631868131868,-0.979847,0.194867,-0.32507383688258035,-0.06669566263759673,-0.6547731631174196,0.26156266263759675
3020.58,3806.9999999999995,-0.795846,0.579883,-0.3222569793764517,-0.06740236300905517,-0.47358902062354835,0.6472853630090551
3021.42,3808.3846153846152,-0.445404,0.552161,-0.3194588850223128,-0.06809865808716083,-0.12594511497768723,0.6202596580871609
3022.25,3809.752747252747,-0.29955,0.374584,-0.3167445154360683,-0.0687688745065638,0.017194515436068314,0.4433528745065638
3023.09,3811.137362637363,-0.253209,0.224654,-0.31404684922560233,-0.06943002575256595,0.060837849225602314,0.2940840257525659
3023.92,3812.5054945054944,-0.235968,0.109269,-0.3114285939629931,-0.07006716905763896,0.0754605939629931,0.17933616905763897
3024.75,3813.8736263736264,-0.226283,0.0176837,-0.3088559006638465,-0.07068901905085904,0.08257290066384648,0.08837271905085904
3025.59,3815.258241758242,-0.219004,-0.0577548,-0.3062971835500514,-0.0713035065243017,0.08729318355005142,0.0135487065243017
3026.42,3816.6263736263736,-0.214357,-0.122111,-0.3038120220415098,-0.07189666756505234,0.08945502204150982,-0.05021433243494766
3027.26,3818.0109890109893,-0.214407,-0.17921,-0.3013392238107312,-0.07248343392911187,0.08693222381073121,-0.10672656607088814
3028.09,3819.379120879121,-0.222153,-0.232287,-0.29893642837036066,-0.07305042805656753,0.07678342837036067,-0.15923657194343246
3028.93,3820.763736263736,-0.242038,-0.284419,-0.29654453029109545,-0.07361188141134009,0.05450653029109545,-0.2108071185886599
3029.76,3822.1318681318685,-0.282183,-0.338962,-0.29421933851987614,-0.07415495508517901,0.012036338519876122,-0.264807044914821
3030.6,3823.5164835164833,-0.362454,-0.399239,-0.2919037100420502,-0.07469324340372265,-0.07055028995794982,-0.3245457565962774
3031.43,3824.884615384615,-0.548124,-0.451693,-0.28965172446004617,-0.07521440315923618,-0.2584722755399538,-0.37647859684076385
3032.27,3826.2692307692305,-0.987445,-0.20042,-0.2874080865520947,-0.0757314475742808,-0.7000369134479053,-0.12468855242571919
3033.1,3827.6373626373625,-0.510089,0.446946,-0.285225240413603,-0.07623249039012307,-0.22486375958639704,0.5231784903901231
3033.94,3829.021978021978,-0.198164,0.198296,-0.2830496329025688,-0.07673001359654082,0.08488563290256879,0.27502601359654083
3034.77,3830.3901098901097,-0.171342,0.0652287,-0.28093215971977137,-0.07721255285303884,0.10959015971977137,0.14244125285303882
3035.61,3831.7747252747254,-0.176437,0.00963427,-0.27882091215117105,-0.07769210342890956,0.10238391215117104,0.08732637342890956
3036.45,3833.15934065934,-0.179066,-0.015315,-0.2767407339224085,-0.07816315018118034,0.0976747339224085,0.06284815018118034
3037.28,3834.5274725274726,-0.173869,-0.0305286,-0.27471502407603615,-0.0786205644783252,0.10084602407603616,0.0480919644783252
3038.12,3835.912087912088,-0.161683,-0.0481945,-0.2726941776422401,-0.0790756836801971,0.11101117764224008,0.0308811836801971
3038.95,3837.2802197802193,-0.146527,-0.077657,-0.27072555752346,-0.07951796677799691,0.12419855752346001,0.0018609667779969086
3039.79,3838.664835164835,-0.136456,-0.127509,-0.26876098933299064,-0.07995835660092691,0.13230498933299065,-0.0475506433990731
3040.63,3840.0494505494507,-0.147399,-0.205367,-0.26682364139958414,-0.08039175451847887,0.11942464139958414,-0.12497524548152113
3041.46,3841.4175824175823,-0.210613,-0.310539,-0.2649354139699807,-0.08081338113340213,0.05432241396998072,-0.22972561886659787
3042.3,3842.802197802198,-0.373587,-0.405897,-0.2630501437010283,-0.08123364276727328,-0.1105368562989717,-0.3246633572327267
3043.14,3844.1868131868127,-0.638682,-0.377464,-0.26119008908777175,-0.08164765755234675,-0.3774919109122282,-0.29581634244765326
3043.97,3845.5549450549447,-0.843048,-0.145862,-0.25937633273840843,-0.0820508295186952,-0.5836716672615916,-0.06381117048130479
3044.81,3846.9395604395604,-0.844032,0.133137,-0.257564570595011,-0.08245308774718274,-0.586467429404989,0.21559008774718275
3045.65,3848.3241758241757,-0.727171,0.309832,-0.2557762152194498,-0.08284974582068567,-0.4713947847805502,0.39268174582068566
3046.48,3849.6923076923076,-0.596271,0.387242,-0.25403158661679626,-0.08323637418147625,-0.34223941338320374,0.4704783741814762
3047.32,3851.0769230769233,-0.485882,0.405137,-0.25228810349056957,-0.08362247579236008,-0.2335938965094304,0.4887594757923601
3048.16,3852.461538461538,-0.398631,0.389434,-0.2505663904885299,-0.08400354091664326,-0.1480646095114701,0.47343754091664325
3048.99,3853.8296703296696,-0.329297,0.353398,-0.24888605521181167,-0.08437529128370912,-0.08041094478818833,0.4377732912837091
3049.83,3855.2142857142853,-0.271845,0.304258,-0.24720611595451025,-0.08474684804234345,-0.02463888404548975,0.3890048480423434
3050.67,3856.598901098901,-0.221203,0.247088,-0.24554646224623977,-0.08511386155877325,0.02434346224623976,0.33220186155877324
3051.51,3857.9835164835167,-0.173999,0.186393,-0.2439066281221722,-0.08547648303910668,0.06990762812217222,0.2718694830391067
3052.34,3859.3516483516482,-0.128817,0.126096,-0.2423053411570372,-0.08583061539835107,0.11348834115703721,0.2119266153983511
3053.18,3860.7362637362635,-0.0858571,0.0689561,-0.2407035827901546,-0.08618492940826813,0.15484648279015462,0.15514102940826813
3054.02,3862.120879120879,-0.0460854,0.0161416,-0.2391203356931884,-0.08653526653799504,0.19303493569318841,0.10267686653799504
3054.86,3863.5054945054944,-0.0103621,-0.032698,-0.23755518836453113,-0.086881754462734,0.22719308836453111,0.054183754462734
3055.7,3864.8901098901097,0.0210788,-0.0791274,-0.23600774167953772,-0.08722451567193767,0.2570865416795377,0.008097115671937674
3056.53,3866.258241758242,0.0488296,-0.125882,-0.23449572394214258,-0.08755965098166249,0.2833253239421426,-0.038322349018337504
3057.37,3867.642857142857,0.0745724,-0.177695,-0.23298232889289833,-0.08789534771621459,0.3075547288928983,-0.0897996522837854
3058.21,3869.0274725274726,0.102417,-0.244827,-0.23148551108964555,-0.08822765529095769,0.3339025110896455,-0.1565993447090423
3059.05,3870.4120879120883,0.147466,-0.359188,-0.23000491632821868,-0.08855667789990158,0.3774709163282187,-0.27063132210009844
3059.89,3871.796703296703,0.365397,-0.70518,-0.2285402006516388,-0.0888825156823368,0.5939372006516388,-0.6162974843176632
3060.73,3873.1813186813188,0.480513,0.74282,-0.2270910299779621,-0.08920526491310414,0.7076040299779621,0.8320252649131041
3061.56,3874.5494505494503,0.136064,0.120183,-0.2256740622992362,-0.08952122886614965,0.3617380622992362,0.20970422886614964
3062.4,3875.934065934066,0.138254,-0.0255591,-0.22425484150016695,-0.08983810934487682,0.36250884150016693,0.06427900934487682
3063.24,3877.318681318681,0.15838,-0.0983069,-0.22285022282304945,-0.09015216765860909,0.3812302228230494,-0.008154732341390913
3064.08,3878.7032967032965,0.187337,-0.147014,-0.22145990817627081,-0.0904634863653927,0.4087969081762708,-0.05655051363460731
3064.92,3880.087912087912,0.226261,-0.182932,-0.22008360771301375,-0.09077214496453281,0.44634460771301376,-0.0921598550354672
3065.76,3881.472527472528,0.277158,-0.207282,-0.21872103954468025,-0.09107822003332659,0.49587903954468027,-0.1162037799666734
3066.6,3882.8571428571427,0.340103,-0.216155,-0.21737192946625794,-0.09138178535665592,0.557474929466258,-0.1247732146433441
3067.44,3884.2417582417584,0.410077,-0.203565,-0.21603601069304196,-0.09168291204986874,0.6261130106930419,-0.11188208795013126
3068.28,3885.6263736263736,0.475074,-0.167073,-0.21471302360818126,-0.09198166867534117,0.6897870236081812,-0.07509133132465882
3069.12,3887.010989010989,0.520552,-0.114575,-0.2134027155205149,-0.09227812135309638,0.7339547155205149,-0.02229687864690362
3069.96,3888.395604395604,0.538975,-0.0634889,-0.21210484043222694,-0.09257233386582248,0.751079840432227,0.029083433865822475
3070.8,3889.78021978022,0.53293,-0.030759,-0.21081915881585056,-0.09286436775861379,0.7437491588158506,0.062105367758613785
3071.64,3891.164835164835,0.507621,-0.0248587,-0.20954543740018688,-0.09315428243373924,0.7171664374001869,0.06829558243373925
3072.48,3892.5494505494503,0.462249,-0.0446725,-0.20828344896472095,-0.09344213524072034,0.670532448964721,0.048769635240720345
3073.32,3893.934065934066,0.388138,-0.078766,-0.20703297214214936,-0.09372798156198277,0.5951709721421493,0.014961981561982765
3074.16,3895.318681318681,0.276438,-0.102036,-0.2057937912286441,-0.09401187489433138,0.4822317912286441,-0.00802412510566862
3075.0,3896.7032967032965,0.133527,-0.0795121,-0.20456569600149566,-0.09429386692648128,0.33809269600149566,0.014781766926481282
3075.84,3898.087912087912,-0.0127485,0.0155245,-0.20334848154381482,-0.09457400761286067,0.19059998154381483,0.11009850761286066
3076.68,3899.472527472527,-0.130898,0.190068,-0.20214194807596164,-0.09485234524389337,0.07124394807596166,0.28492034524389337
3077.52,3900.8571428571427,-0.20446,0.451992,-0.2009459007934059,-0.09512892651295092,-0.0035140992065940957,0.547120926512951
3078.36,3902.2417582417584,-0.223014,0.8595,-0.1997601497107427,-0.09540379658015435,-0.023253850289257277,0.9549037965801543
3079.2,3903.626373626373,-0.115716,1.66958,-0.19858450951157633,-0.09567699913319588,0.08286850951157633,1.765256999133196
3080.04,3905.010989010989,1.38644,4.59524,-0.19741879940402346,-0.09594857644533981,1.5838587994040234,4.69118857644534
3080.89,3906.4120879120874,2.61121,-5.21518,-0.19624913964486168,-0.09622177425143766,2.8074591396448616,-5.118958225748562
3081.73,3907.796703296703,0.12251,-2.04272,-0.19510287779816687,-0.09649020436191114,0.3176128777981669,-1.946229795638089
3082.57,3909.1813186813188,-0.113708,-1.20713,-0.19396602747273817,-0.09675712855467189,0.08025802747273816,-1.1103728714453283
3083.41,3910.5659340659336,-0.174808,-0.817405,-0.19283842468072676,-0.09702258395979811,0.01803042468072677,-0.7203824160402019
3084.25,3911.9505494505493,-0.191424,-0.580244,-0.1917199093110465,-0.0972866065460892,0.0002959093110464772,-0.48295739345391075
3085.09,3913.335164835165,-0.189766,-0.412618,-0.1906103250139082,-0.09754923116496089,0.0008443250139082148,-0.3150687688350391
3085.94,3914.7362637362635,-0.1782,-0.282144,-0.18949646652534063,-0.0978135937519912,0.011296466525340637,-0.1843304062480088
3086.78,3916.120879120879,-0.160459,-0.173748,-0.18840439166072498,-0.09807350707120874,0.02794539166072499,-0.07567449292879128
3087.62,3917.505494505494,-0.138852,-0.079627,-0.18732079857892558,-0.09833212105543124,0.04846879857892558,0.018705121055431234
3088.46,3918.8901098901097,-0.115284,0.00438154,-0.1862455449399698,-0.09858946647690366,0.07096154493996981,0.10297100647690366
3089.3,3920.2747252747254,-0.0914865,0.0804047,-0.18517849164541078,-0.09884557318314097,0.09369199164541078,0.17925027318314096
3090.15,3921.6758241758243,-0.0688978,0.149388,-0.18410694376856707,-0.09910349744565819,0.11520914376856707,0.24849149744565818
3090.99,3923.060439560439,-0.0483346,0.211731,-0.18305598000584572,-0.09935719883007268,0.13472138000584571,0.31108819883007266
3091.83,3924.445054945055,-0.0296131,0.268004,-0.18201281629769525,-0.0996097461420832,0.15239971629769525,0.3676137461420832
3092.67,3925.8296703296705,-0.0112335,0.319792,-0.1809773256466847,-0.0998611658429801,0.1697438256466847,0.4196531658429801
3093.51,3927.214285714286,0.0100091,0.37077,-0.17994938386159942,-0.10011148362402952,0.18995848386159941,0.4708814836240295
3094.36,3928.6153846153848,0.0402844,0.428615,-0.17891676475303922,-0.10036368519778605,0.21920116475303922,0.528978685197786
3095.2,3929.9999999999995,0.0937116,0.510277,-0.17790364526464947,-0.10061186087772941,0.2716152452646495,0.6108888608777294
3096.04,3931.3846153846152,0.21642,0.662881,-0.17689771676856628,-0.1008590076330938,0.3933177167685663,0.7637400076330938
3096.89,3932.7857142857138,0.710367,1.09204,-0.1758870166626053,-0.10110807260430466,0.8862540166626053,1.1931480726043047
3097.73,3934.1703296703295,1.17237,-3.67558,-0.17489521378049594,-0.10135321787478291,1.347265213780496,-3.5742267821252174
3098.57,3935.554945054945,-0.458617,-0.624049,-0.17391026678265473,-0.10159740115167451,-0.2847067332173453,-0.5224515988483255
3099.42,3936.956043956044,-0.360257,-0.235648,-0.17292046414566167,-0.10184353357815644,-0.18733653585433832,-0.13380446642184357
3100.26,3938.3406593406594,-0.319246,-0.0917951,-0.1719489900240798,-0.10208584440804705,-0.14729700997592018,0.010290744408047045
3101.1,3939.7252747252746,-0.304197,-0.00888394,-0.170984057638255,-0.10232725471332399,-0.133212942361745,0.09344331471332398
3101.95,3941.126373626373,-0.301389,0.0572918,-0.17001419483554303,-0.10257064199813232,-0.131374805164457,0.15986244199813232
3102.79,3942.510989010989,-0.300994,0.126093,-0.16906212307577362,-0.10281029845582543,-0.13193187692422637,0.22890329845582544
3103.63,3943.8956043956046,-0.288701,0.208201,-0.16811629822738092,-0.10304911092888333,-0.12058470177261907,0.31125011092888333
3104.48,3945.296703296703,-0.241554,0.300676,-0.167165476536802,-0.1032899254458622,-0.07438852346319799,0.4039659254458622
3105.32,3946.6813186813188,-0.142082,0.372187,-0.1662319374183433,-0.10352709324223702,0.024149937418343287,0.475714093242237
3106.17,3948.0824175824177,-0.0160956,0.379568,-0.1652933613373394,-0.10376627843330499,0.14919776133733942,0.483334278433305
3107.01,3949.467032967033,0.0811726,0.326988,-0.16437174331683915,-0.10400186967337784,0.24554434331683916,0.4309898696733778
3107.86,3950.868131868132,0.13059,0.256591,-0.1634450513604977,-0.1042394926379383,0.2940350513604977,0.3608304926379383
3108.7,3952.2527472527468,0.147181,0.195305,-0.16253500441651542,-0.1044735718794412,0.3097160044165154,0.29977857187944124
3109.55,3953.653846153846,0.14809,0.148651,-0.16161984950682573,-0.10470969622745993,0.30970984950682573,0.25336069622745994
3110.39,3955.038461538461,0.143146,0.113988,-0.16072103749366465,-0.10494232468971817,0.3038670374936646,0.21893032468971818
3111.23,3956.4230769230767,0.136915,0.0874359,-0.1598276887537173,-0.10517425385386135,0.29674268875371734,0.19261015385386135
3112.08,3957.8241758241757,0.131249,0.0655546,-0.15892918619601512,-0.10540824653186168,0.2901781861960151,0.17096284653186167
3112.93,3959.225274725274,0.126456,0.0453251,-0.15803611821284172,-0.10564155159506144,0.2844921182128417,0.15096665159506145
3113.77,3960.60989010989,0.121262,0.0239918,-0.1571588197159352,-0.10587144982709373,0.2784208197159352,0.12986324982709374
3114.61,3961.9945054945056,0.111925,0.000107006,-0.15628667884994696,-0.10610070290413962,0.26821167884994696,0.10620770890413962
3115.46,3963.395604395604,0.0932848,-0.0227907,-0.1554093315421876,-0.1063320413569793,0.2486941315421876,0.0835413413569793
3116.3,3964.78021978022,0.0665977,-0.035479,-0.15454734961314043,-0.10656003435255842,0.2211450496131404,0.07108103435255843
3117.15,3966.1813186813188,0.0424876,-0.034958,-0.1536801382848321,-0.1067901226040957,0.19616773828483208,0.0718321226040957
3118.0,3967.5824175824173,0.0274419,-0.0284018,-0.15281791856758364,-0.10701960032129335,0.18025981856758364,0.07861780032129334
3118.84,3968.967032967033,0.0200413,-0.0220738,-0.15197067856829277,-0.10724579006871474,0.17201197856829278,0.08517199006871473
3119.69,3970.368131868132,0.017365,-0.0179563,-0.1511181784777984,-0.10747408873762346,0.1684831784777984,0.08951778873762345
3120.53,3971.7527472527477,0.0176626,-0.0161304,-0.15028041198799297,-0.10769913556341984,0.16794301198799297,0.09156873556341984
3121.38,3973.153846153846,0.0201851,-0.0163588,-0.14943736733687224,-0.10792629967744441,0.16962246733687225,0.0915674996774444
3122.23,3974.554945054945,0.0246755,-0.0186021,-0.1485989816031722,-0.10815290930017124,0.1732744816031722,0.08955080930017124
3123.07,3975.9395604395604,0.0310143,-0.0231662,-0.14777497442548898,-0.10837631841792177,0.17878927442548898,0.08521011841792177
3123.92,3977.3406593406594,0.0389387,-0.0307497,-0.14694566516817675,-0.10860185640491024,0.18588436516817675,0.07785215640491024
3124.76,3978.725274725275,0.0477148,-0.042414,-0.14613050763537752,-0.10882422620036192,0.19384530763537752,0.06641022620036191
3125.61,3980.1263736263736,0.0557344,-0.0593375,-0.14531003410808685,-0.10904873196040929,0.20104443410808687,0.04971123196040929
3126.46,3981.5274725274726,0.0601805,-0.0821362,-0.14449391632904995,-0.10927273286631653,0.20467441632904995,0.027136532866316523
3127.31,3982.928571428571,0.05725,-0.109752,-0.14368209664493609,-0.1094962381990586,0.20093209664493608,-0.00025576180094140366
3128.15,3984.313186813187,0.0434979,-0.138453,-0.14288399491693174,-0.10971663606581222,0.18638189491693175,-0.02873636393418777
3129.0,3985.714285714286,0.0180737,-0.162195,-0.1420805536553397,-0.10993918280301176,0.1601542536553397,-0.05225581719698824
3129.85,3987.1153846153843,-0.0158636,-0.174932,-0.14128124428569522,-0.11016126043310553,0.1254176442856952,-0.06477073956689447
3130.69,3988.5,-0.0518763,-0.173379,-0.14049534530442903,-0.11038027279561394,0.08861904530442903,-0.06299872720438607
3131.54,3989.9010989010985,-0.0826616,-0.158511,-0.1397040926262089,-0.11060144264963162,0.05704249262620889,-0.04790955735036839
3132.39,3991.3021978021975,-0.102788,-0.135284,-0.13891681427789027,-0.11082216808415633,0.03612881427789026,-0.024461831915843654
3133.24,3992.703296703296,-0.110836,-0.11064,-0.13813345936269425,-0.11104245698895629,0.027297459362694246,0.00040245698895628734
3134.08,3994.0879120879117,-0.109568,-0.0903677,-0.13736312591220368,-0.11125973295014518,0.027795125912203678,0.02089203295014519
3134.93,3995.4890109890107,-0.103758,-0.0769843,-0.13658742398220824,-0.11147917667084045,0.03282942398220824,0.034494876670840446
3135.78,3996.89010989011,-0.0976175,-0.0699672,-0.13581549858787934,-0.11169820639684691,0.03819799858787934,0.04173100639684692
3136.63,3998.2912087912086,-0.0936301,-0.0673276,-0.13504730224613148,-0.11191682933651842,0.04141720224613149,0.04458922933651842
3137.47,3999.675824175824,-0.09276,-0.066908,-0.13429176133712062,-0.11213248750396473,0.04153176133712062,0.04522448750396474
3138.32,4001.0769230769233,-0.095056,-0.0668804,-0.13353084135531212,-0.11235032244459028,0.03847484135531212,0.04546992244459028
3139.17,4002.478021978022,-0.100094,-0.0657569,-0.13277351329386436,-0.1125677712055709,0.03267951329386436,0.04681087120557091
3140.02,4003.879120879121,-0.107128,-0.0622258,-0.13201973279807558,-0.11278484038416835,0.024891732798075578,0.05055904038416835
3140.87,4005.2802197802193,-0.115001,-0.0550241,-0.13126945625632722,-0.11300153643443298,0.01626845625632721,0.057977436434432976
3141.72,4006.6813186813183,-0.121863,-0.0430024,-0.13052264078436024,-0.11321786567097092,0.00865964078436024,0.07021546567097092
3142.56,4008.065934065934,-0.12482,-0.0255561,-0.12978797033790646,-0.11343129553851947,0.004967970337906455,0.08787519553851947
3143.41,4009.4670329670325,-0.119867,-0.00367755,-0.12904791169002933,-0.11364691368876556,0.009180911690029325,0.10996936368876556
3144.26,4010.868131868132,-0.102968,0.0185505,-0.12831119014804723,-0.11386218309950566,0.02534319014804723,0.13241268309950566
3145.11,4012.269230769231,-0.0730388,0.0334767,-0.12757776557999123,-0.11407710956443322,0.05453896557999123,0.1475538095644332
3145.96,4013.6703296703295,-0.0352672,0.0329496,-0.12684759850858945,-0.11429169875493217,0.09158039850858946,0.14724129875493217
3146.81,4015.0714285714284,-0.000106822,0.0141198,-0.12612065009777856,-0.11450595622320577,0.12601382809777856,0.12862575622320577
3147.66,4016.472527472527,0.022837,-0.0182566,-0.12539688213955014,-0.11471988740531197,0.14823388213955013,0.09646328740531197
3148.51,4017.8736263736264,0.0295196,-0.0556515,-0.12467625704112102,-0.11493349762410836,0.15419585704112101,0.05928199762410836
3149.36,4019.2747252747254,0.0209191,-0.0904714,-0.12395873781242331,-0.11514679209210858,0.1448778378124233,0.02467539209210859
3150.21,4020.675824175824,0.000333577,-0.117632,-0.12324428805389716,-0.1153597759142557,0.12357786505389716,-0.002272224085744304
3151.06,4022.076923076923,-0.0282767,-0.134027,-0.12253287194458481,-0.11557245409061218,0.09425617194458481,-0.01845454590938783
3151.91,4023.4780219780214,-0.0606262,-0.137866,-0.12182445423051438,-0.11578483151897205,0.061198254230514386,-0.022081168481027938
3152.76,4024.8791208791213,-0.091991,-0.128662,-0.12111900021336286,-0.11599691299739628,0.029128000213362856,-0.012665087002603714
3153.61,4026.28021978022,-0.117455,-0.107695,-0.1204164757393971,-0.11620870322667395,0.0029614757393970903,0.008513703226673955
3154.46,4027.6813186813188,-0.132796,-0.0783562,-0.11971684718867408,-0.1164202068127135,-0.01307915281132592,0.038064006812713505
3155.31,4029.0824175824173,-0.135676,-0.045719,-0.11902008146450603,-0.11663142826886348,-0.01665591853549396,0.07091242826886349
3156.16,4030.4835164835163,-0.126364,-0.0152939,-0.11832614598317234,-0.11684237201816769,-0.008037854016827661,0.10154847201816769
3157.01,4031.8846153846157,-0.107452,0.0083906,-0.11763500866387772,-0.11705304239555539,0.01018300866387771,0.1254436423955554
3157.86,4033.285714285714,-0.0828644,0.0226023,-0.11694663791894777,-0.11726344364996905,0.034082237918947766,0.13986574364996904
3158.71,4034.686813186813,-0.0568314,0.0264262,-0.11626100264425265,-0.11747357994643254,0.059429602644252656,0.14389977994643255
3159.56,4036.0879120879117,-0.0333182,0.0203839,-0.11557807220985894,-0.11768345536805996,0.08225987220985895,0.13806735536805997
3160.41,4037.4890109890107,-0.0158639,0.0061543,-0.11489781645089682,-0.11789307391800888,0.09903391645089682,0.12404737391800888
3161.26,4038.89010989011,-0.0074387,-0.0133674,-0.11422020565864127,-0.1181024395213782,0.10678150565864127,0.10473503952137819
3162.11,4040.2912087912086,-0.00984376,-0.033885,-0.11354521057179975,-0.11831155602705348,0.10370145057179975,0.08442655602705348
3162.96,4041.6923076923076,-0.0225491,-0.0501272,-0.11287280236799846,-0.11852042720950143,0.09032370236799846,0.06839322720950143
3163.81,4043.093406593406,-0.0418666,-0.0575767,-0.1122029526554677,-0.11872905677051396,0.0703363526554677,0.061152356770513956
3164.66,4044.494505494505,-0.06197,-0.0547973,-0.11153563346491448,-0.11893744834090517,0.04956563346491448,0.06414014834090517
3165.52,4045.912087912088,-0.0777016,-0.0441264,-0.11086301066205581,-0.11914805300849649,0.033161410662055815,0.07502165300849648
3166.37,4047.3131868131863,-0.0867676,-0.029877,-0.1102006992252764,-0.11935597651802092,0.023433099225276394,0.08947897651802092
3167.22,4048.7142857142853,-0.0896774,-0.0159255,-0.10954083654659957,-0.11956367255971145,0.01986343654659957,0.10363817255971146
3168.07,4050.1153846153848,-0.0883521,-0.00456776,-0.10888339627357477,-0.1197711444957755,0.020531296273574764,0.1152033844957755
3168.92,4051.5164835164833,-0.084927,0.00337205,-0.10822835243819484,-0.1199783956252731,0.02330135243819484,0.1233504456252731
3169.77,4052.9175824175823,-0.0812248,0.00801994,-0.10757567944980977,-0.12018542918555554,0.026350879449809766,0.12820536918555553
3170.63,4054.335164835165,-0.0786985,0.0100617,-0.10691771503863812,-0.12039468025688274,0.028219215038638112,0.13045638025688275
3171.48,4055.7362637362635,-0.0785093,0.0106347,-0.10626973560392142,-0.12060128568366171,0.027760435603921413,0.1312359856836617
3172.33,4057.1373626373625,-0.0814652,0.0114879,-0.10562405215376404,-0.12080768293250341,0.024158852153764038,0.1322955829325034
3173.18,4058.538461538461,-0.0874947,0.0152219,-0.10498064054328236,-0.12101387500689653,0.01748594054328237,0.13623577500689654
3174.03,4059.9395604395604,-0.0943795,0.0248777,-0.10433947697173823,-0.12121986485527206,0.009959976971738227,0.14609756485527206
3174.89,4061.3571428571427,-0.0968095,0.0414609,-0.103693034194039,-0.12142807526219321,0.00688353419403899,0.1628889752621932
3175.74,4062.758241758241,-0.0893338,0.0604423,-0.103056322406894,-0.1216336669947482,0.013722522406893992,0.1820759669947482
3176.59,4064.1593406593406,-0.0725109,0.0739274,-0.10242178899368146,-0.1218390650608379,0.029910888993681453,0.1957664650608379
3177.45,4065.5769230769224,-0.0524894,0.0779977,-0.10178198447996092,-0.12204668527610912,0.049292584479960926,0.20004438527610913
3178.3,4066.9780219780223,-0.0346298,0.0741785,-0.1011517656578412,-0.12225170197991427,0.0665219656578412,0.19643020197991426
3179.15,4068.379120879121,-0.0210231,0.0655384,-0.10052365844884417,-0.12245653312003349,0.07950055844884417,0.18799493312003349
3180.01,4069.7967032967035,-0.0118582,0.0543101,-0.09989028874855077,-0.12266358783774484,0.08803208874855077,0.17697368783774484
3180.86,4071.197802197802,-0.0068561,0.0417239,-0.09926636462498842,-0.12286805348021565,0.09241026462498841,0.16459195348021566
3181.71,4072.598901098901,-0.00590984,0.028466,-0.09864448810612284,-0.123072341234342,0.09273464810612284,0.151538341234342
3182.56,4073.9999999999995,-0.0092542,0.0151535,-0.09802463852309361,-0.12327645355877868,0.0887704385230936,0.13842995355877868
3183.42,4075.4175824175823,-0.0173881,0.00278603,-0.09739953860972952,-0.12348279113482044,0.08001143860972952,0.12626882113482044
3184.27,4076.8186813186812,-0.0306712,-0.00680319,-0.09678370526897612,-0.12368655781049262,0.06611250526897612,0.11688336781049262
3185.13,4078.236263736264,-0.0483555,-0.0107872,-0.09616262796275643,-0.1238925504871194,0.04780712796275643,0.11310535048711941
3185.98,4079.6373626373625,-0.067257,-0.00634601,-0.09555073059479977,-0.12409598095053548,0.028293730594799768,0.11774997095053548
3186.83,4081.0384615384614,-0.0817996,0.00665908,-0.09494076051148337,-0.12429924770052017,0.013141160511483369,0.13095832770052018
3187.69,4082.4560439560437,-0.0873379,0.0238661,-0.09432555628802733,-0.12450474147017815,0.006987656288027333,0.14837084147017815
3188.54,4083.8571428571427,-0.0838266,0.039056,-0.09371940603313167,-0.12470768552986981,0.009892806033131668,0.1637636855298698
3189.4,4085.2747252747254,-0.0749248,0.0485035,-0.093108028381865,-0.12491285722532885,0.018183228381864994,0.17341635722532886
3190.25,4086.675824175824,-0.0645252,0.0518743,-0.09250562295730233,-0.12511548724228588,0.027980422957302326,0.17698978724228587
3191.1,4088.076923076923,-0.0549983,0.0505174,-0.09190505171099031,-0.12531796428240533,0.03690675171099031,0.17583536428240532
3191.96,4089.4945054945056,-0.0473455,0.0459904,-0.09129926340717012,-0.1255226697913973,0.043953763407170124,0.1715130697913973
3192.81,4090.895604395604,-0.0418324,0.0395287,-0.09070232840790593,-0.12572484519036464,0.04886992840790593,0.16525354519036464
3193.67,4092.313186813187,-0.0384399,0.0320238,-0.09010018340436748,-0.12592924955896775,0.051660283404367485,0.15795304955896775
3194.52,4093.7142857142853,-0.0370708,0.0241599,-0.08950681449422784,-0.12613113125424852,0.05243601449422784,0.15029103125424853
3195.38,4095.131868131868,-0.037587,0.0165588,-0.08890824273962245,-0.12633524237820623,0.05132124273962244,0.14289404237820624
3196.23,4096.532967032967,-0.03971,0.00987376,-0.08831837158768817,-0.12653683804291918,0.048608371587688166,0.1364105980429192
3197.09,4097.950549450549,-0.0428171,0.00472059,-0.08772330484856425,-0.12674066355596544,0.04490620484856425,0.13146125355596544
3197.95,4099.368131868131,-0.0458259,0.00130464,-0.08712997563515248,-0.1269443482337414,0.04130407563515248,0.1282489882337414
3198.8,4100.7692307692305,-0.0476047,-0.0010935,-0.08654523669245455,-0.12714552789388922,0.03894053669245455,0.12605202789388922
3199.66,4102.186813186813,-0.0479127,-0.00396354,-0.08595531323426502,-0.1273489379638142,0.03804261323426501,0.12338539796381419
3200.51,4103.587912087913,-0.0477266,-0.0084712,-0.08537390864361621,-0.1275498497085648,0.03764730864361621,0.11907864970856481
3201.37,4105.005494505494,-0.0484063,-0.0147225,-0.08478732700203709,-0.12775299219357042,0.03638102700203709,0.11303049219357042
3202.22,4106.406593406593,-0.0508788,-0.0220863,-0.08420919437534553,-0.1279536428507348,0.03333039437534553,0.10586734285073479
3203.08,4107.824175824176,-0.055539,-0.0297566,-0.08362589223165302,-0.12815652454644627,0.028086892231653025,0.09839992454644628
3203.93,4109.225274725274,-0.0624701,-0.0369801,-0.0830509707560981,-0.12835692072361843,0.020580870756098102,0.09137682072361843
3204.79,4110.642857142857,-0.0715916,-0.0430247,-0.0824708873597979,-0.1285595482072466,0.010879287359797901,0.0855348482072466
3205.65,4112.06043956044,-0.0826501,-0.0470842,-0.08189240027011403,-0.12876205026072265,-0.0007576997298859717,0.08167785026072266
3206.5,4113.461538461538,-0.0950762,-0.0482434,-0.08132219386691261,-0.1289620759392154,-0.013754006133087388,0.08071867593921542
3207.36,4114.879120879121,-0.107758,-0.0456025,-0.08074683706227963,-0.1291643332733794,-0.02701116293772038,0.0835618332733794
3208.22,4116.296703296703,-0.118871,-0.0386731,-0.0801730329075632,-0.12936646983727568,-0.03869796709243681,0.09069336983727568
3209.07,4117.697802197802,-0.126081,-0.028027,-0.07960741262270507,-0.12956613878207227,-0.04647358737729493,0.10153913878207227
3209.93,4119.115384615384,-0.127404,-0.0157776,-0.0790366535605395,-0.12976803967233996,-0.04836734643946049,0.11399043967233996
3210.79,4120.532967032967,-0.122453,-0.00515468,-0.07846740509732794,-0.12996982423387476,-0.043985594902672065,0.12481514423387477
3211.64,4121.934065934066,-0.112965,0.000952716,-0.0779062467200279,-0.13016914956493897,-0.0350587532799721,0.13112186556493896
3212.5,4123.351648351648,-0.101935,0.00133346,-0.07733996127505822,-0.13037070707680964,-0.024595038724941773,0.13170416707680965
3213.36,4124.7692307692305,-0.0921872,-0.0034156,-0.07677514590971257,-0.13057215249545875,-0.015412054090287425,0.12715655249545876
3214.22,4126.186813186812,-0.0855769,-0.0116795,-0.07621178739473508,-0.13077348719423434,-0.009365112605264916,0.11909398719423435
3215.07,4127.587912087913,-0.0829993,-0.0215982,-0.07565639830706458,-0.1309723733190705,-0.007342901692935416,0.1093741733190705
3215.93,4129.005494505494,-0.0847192,-0.0313878,-0.07509589788255826,-0.13117349186177077,-0.009623302117441737,0.09978569186177078
3216.79,4130.423076923077,-0.0905859,-0.0393029,-0.07453681572486867,-0.13137450366295123,-0.016049084275131326,0.09207160366295122
3217.65,4131.840659340659,-0.0999631,-0.043494,-0.073979139232733,-0.1315754100131264,-0.025983960767267,0.08808141001312639
3218.5,4133.241758241758,-0.111356,-0.0420443,-0.07342931640766445,-0.1317738778679241,-0.037926683592335544,0.0897295778679241
3219.36,4134.659340659341,-0.121938,-0.0335346,-0.07287439805951704,-0.13197457829850523,-0.04906360194048297,0.09843997829850523
3220.22,4136.076923076923,-0.127651,-0.0183026,-0.07232084861346577,-0.13217517701803,-0.055330151386534215,0.11387257701803
3221.08,4137.494505494506,-0.124757,0.000381849,-0.07176865605894696,-0.13237567524018115,-0.05298834394105305,0.13275752424018114
3221.93,4138.895604395604,-0.112375,0.0170558,-0.07122420604764637,-0.1325737445063799,-0.04115079395235363,0.1496295445063799
3222.79,4140.313186813187,-0.0933944,0.0270195,-0.07067467637608693,-0.1327740464359232,-0.02271972362391307,0.1597935464359232
3223.65,4141.7307692307695,-0.0724551,0.0286663,-0.0701264685452826,-0.13297425138679933,-0.0023286314547174003,0.16164055138679934
3224.51,4143.148351648352,-0.0533574,0.0231252,-0.06957957110072849,-0.13317436050135392,0.01622217110072849,0.1562995605013539
3225.37,4144.565934065934,-0.0381455,0.0125718,-0.06903397272219863,-0.13337437490485315,0.030888472722198634,0.14594617490485315
3226.23,4145.983516483517,-0.0275563,-0.000953951,-0.06848966222175712,-0.13357429570579374,0.04093336222175712,0.13262034470579373
3227.09,4147.401098901099,-0.0217264,-0.0158585,-0.06794662854180791,-0.13377412399620575,0.04622022854180791,0.11791562399620575
3227.95,4148.818681318681,-0.0206236,-0.030825,-0.06740486075317659,-0.13397386085194915,0.04678126075317659,0.10314886085194915
3228.8,4150.219780219781,-0.0241183,-0.0444979,-0.06687062591323009,-0.13417118637762715,0.042752325913230096,0.08967328637762714
3229.66,4151.6373626373625,-0.031764,-0.0553234,-0.06633134321501066,-0.1343707445611625,0.03456734321501066,0.0790473445611625
3230.52,4153.054945054945,-0.0423571,-0.061649,-0.06579329449448218,-0.13457021443158573,0.023436194494482178,0.07292121443158572
3231.38,4154.472527472528,-0.0536671,-0.0623561,-0.06525646931625688,-0.13476959700309443,0.011589369316256877,0.07241349700309443
3232.24,4155.89010989011,-0.0628668,-0.0577398,-0.06472085736429956,-0.1349688932751055,0.001854057364299555,0.07722909327510549
3233.1,4157.307692307692,-0.0677453,-0.0497767,-0.06418644844020321,-0.13516810423251668,-0.00355885155979678,0.08539140423251668
3233.96,4158.725274725275,-0.06775,-0.0412315,-0.0636532324614972,-0.1353672308459619,-0.004096767538502799,0.09413573084596188
3234.82,4160.142857142857,-0.0639071,-0.0343392,-0.06312119945998247,-0.135566274072062,-0.0007859005400175229,0.10122707407206201
3235.68,4161.56043956044,-0.0579182,-0.0301635,-0.06259033958009606,-0.13576523485367004,0.00467213958009606,0.10560173485367004
3236.54,4162.978021978021,-0.0513563,-0.0287664,-0.06206064307730466,-0.13596411412011214,0.01070434307730466,0.10719771412011214
3237.4,4164.395604395604,-0.0453407,-0.0296569,-0.06153210031652536,-0.13616291278742204,0.016191400316525363,0.10650601278742204
3238.26,4165.813186813187,-0.0405388,-0.032132,-0.06100470177057382,-0.13636163175857224,0.02046590177057382,0.10422963175857225
3239.12,4167.230769230769,-0.0372568,-0.0354469,-0.060478438018638725,-0.13656027192369957,0.023221638018638725,0.10111337192369957
3239.98,4168.648351648351,-0.0355026,-0.0388933,-0.05995329974478139,-0.136758834160327,0.02445069974478139,0.097865534160327
3240.84,4170.065934065934,-0.0350147,-0.0418689,-0.059429277736463615,-0.13695731933357977,0.024414577736463612,0.09508841933357977
3241.7,4171.483516483516,-0.0353021,-0.0439781,-0.05890636288309804,-0.1371557282963981,0.02360426288309804,0.09317762829639811
3242.56,4172.9010989010985,-0.0357527,-0.0451374,-0.058384546174622784,-0.13735406188974567,0.022631846174622786,0.09221666188974567
3243.42,4174.318681318681,-0.035817,-0.0456157,-0.05786381870010314,-0.13755232094281303,0.022046818700103138,0.09193662094281302
3244.29,4175.752747252747,-0.0352034,-0.0459472,-0.0573381355588381,-0.13775281032339043,0.022134735558838096,0.09180561032339044
3245.15,4177.17032967033,-0.0339836,-0.0467396,-0.05681957261985077,-0.1379509218942054,0.022835972619850764,0.09121132189420542
3246.01,4178.587912087913,-0.0325672,-0.0484622,-0.05630207266342015,-0.1381489613528336,0.02373487266342015,0.08968676135283361
3246.87,4180.005494505494,-0.0315752,-0.0512966,-0.055785627162660355,-0.13834692948320665,0.024210427162660357,0.08705032948320665
3247.73,4181.423076923077,-0.0316743,-0.0550716,-0.055270227683138926,-0.13854482705844628,0.023595927683138923,0.08347322705844629
3248.59,4182.84065934066,-0.0334074,-0.0592722,-0.05475586588161308,-0.1387426548410444,0.021348465881613085,0.0794704548410444
3249.45,4184.258241758242,-0.0370348,-0.0631123,-0.05424253350478447,-0.13894041358304046,0.017207733504784467,0.07582811358304047
3250.31,4185.675824175824,-0.0424027,-0.0656859,-0.05373022238807425,-0.13913810402619606,0.011327522388074246,0.07345220402619605
3251.18,4187.109890109889,-0.0488942,-0.0661934,-0.05321298505710828,-0.1393380244480378,0.004318785057108282,0.0731446244480378
3252.04,4188.527472527472,-0.0555168,-0.0641924,-0.05270270395740473,-0.13953557970546338,-0.0028140960425952696,0.07534317970546338
3252.9,4189.945054945055,-0.0611395,-0.0597681,-0.05219342005303859,-0.13973306883756953,-0.008946079946961408,0.07996496883756954
3253.76,4191.3626373626375,-0.0647927,-0.0535352,-0.05168512552344056,-0.13993049254656356,-0.013107574476559435,0.08639529254656356
3254.62,4192.780219780219,-0.0659072,-0.0464699,-0.05117781263092339,-0.14012785152519525,-0.014729387369076606,0.09365795152519524
3255.49,4194.214285714285,-0.0644082,-0.0396625,-0.05066559175638511,-0.14032744020999735,-0.013742608243614889,0.10066494020999735
3256.35,4195.631868131868,-0.0606764,-0.0340913,-0.05016023044400687,-0.140524671036134,-0.010516169555993125,0.10643337103613401
3257.21,4197.049450549451,-0.0554337,-0.0304696,-0.04965582795524535,-0.14072183916262793,-0.005777872044754655,0.11025223916262793
3258.07,4198.467032967033,-0.0496084,-0.0291546,-0.04915237687393803,-0.1409189452458131,-0.00045602312606196627,0.11176434524581311
3258.94,4199.9010989010985,-0.0441898,-0.0300988,-0.04864403228050848,-0.14111828079203395,0.00445423228050848,0.11101948079203396
3259.8,4201.318681318681,-0.0400601,-0.0328414,-0.04814247292529476,-0.1413152640201472,0.008082372925294762,0.10847386402014722
3260.66,4202.736263736263,-0.0378072,-0.0365753,-0.04764184310686257,-0.1415121871295216,0.009834643106862571,0.1049368871295216
3261.52,4204.153846153846,-0.0375663,-0.0403213,-0.047142135713849634,-0.14170905074237716,0.009575835713849637,0.10138775074237716
3262.39,4205.587912087912,-0.0389775,-0.0431911,-0.046637549157717534,-0.14190814355594292,0.007660049157717536,0.09871704355594291
3263.25,4207.005494505494,-0.0413132,-0.0446436,-0.04613967609685999,-0.14210488933578816,0.0048264760968599885,0.09746128933578815
3264.11,4208.423076923077,-0.0437351,-0.0446141,-0.045642704484766844,-0.14230157744420724,0.001907604484766845,0.09768747744420725
3264.98,4209.857142857143,-0.0455642,-0.0434662,-0.04514086439725307,-0.14250049454531022,-0.0004233356027469326,0.09903429454531021
3265.84,4211.274725274726,-0.0464558,-0.0418124,-0.0446456855703767,-0.14269706842036858,-0.0018101144296232968,0.10088466842036858
3266.7,4212.692307692308,-0.0464392,-0.0402976,-0.04415138785654974,-0.142893586378502,-0.002287812143450259,0.102595986378502
3267.57,4214.126373626374,-0.0458523,-0.0394191,-0.04365223227912756,-0.14309233311286126,-0.002200067720872438,0.10367323311286127
3268.43,4215.543956043955,-0.0452126,-0.0394116,-0.04315968706792661,-0.14328874029863312,-0.0020529129320733877,0.10387714029863312
3269.3,4216.978021978022,-0.0450635,-0.0402049,-0.04266229103769702,-0.14348737611179493,-0.0024012089623029823,0.10328247611179493
3270.16,4218.395604395604,-0.0458174,-0.041453,-0.042171472102514505,-0.14368367476296107,-0.003645927897485496,0.10223067476296108
3271.02,4219.813186813187,-0.0476281,-0.0426368,-0.041681501721092605,-0.14387992027543817,-0.0059465982789073946,0.10124312027543816
3271.89,4221.247252747253,-0.0503259,-0.0432276,-0.04118669099994118,-0.1440783941867362,-0.009139209000058816,0.1008507941867362
3272.75,4222.664835164835,-0.0534554,-0.0428688,-0.04069840861446512,-0.14427453440849985,-0.012756991385534877,0.10140573440849986
3273.62,4224.098901098901,-0.0564111,-0.0415152,-0.0402052928430809,-0.14447290287291317,-0.0162058071569191,0.10295770287291317
3274.48,4225.516483516483,-0.0586389,-0.0394715,-0.039718673522157154,-0.14466893990229204,-0.018920226477842847,0.10519743990229205
3275.35,4226.950549450549,-0.0598274,-0.0373113,-0.03922722773169379,-0.14486720501560424,-0.02060017226830621,0.10755590501560425
3276.21,4228.368131868132,-0.0600265,-0.0356984,-0.03874224703987389,-0.14506314089806707,-0.021284252960126114,0.10936474089806708
3277.08,4229.802197802198,-0.0596482,-0.0351687,-0.03825244675686858,-0.14526130470340887,-0.02139575324313142,0.11009260470340887
3277.94,4231.21978021978,-0.0593495,-0.035946,-0.03776908074223345,-0.14545714143317437,-0.021580419257766548,0.10951114143317436
3278.81,4232.653846153846,-0.0598301,-0.0378463,-0.03728090197623843,-0.14565520592262313,-0.02254919802376157,0.10780890592262313
3279.67,4234.071428571428,-0.0616108,-0.0403065,-0.03679912715835724,-0.14585094544421284,-0.024811672841642762,0.10554444544421285
3280.54,4235.505494505494,-0.0648615,-0.0425259,-0.036312546389943176,-0.1460489125603351,-0.028548953610056826,0.10352301256033508
3281.4,4236.923076923077,-0.0693181,-0.0436629,-0.03583233974819438,-0.1462445567700709,-0.033485760251805614,0.10258165677007089
3282.27,4238.357142857143,-0.0743394,-0.0430578,-0.03534733391731294,-0.14644242840741045,-0.03899206608268706,0.10338462840741044
3283.13,4239.774725274725,-0.079039,-0.0403929,-0.03486867287955293,-0.1466379791548592,-0.04417032712044707,0.1062450791548592
3284.0,4241.208791208791,-0.0824217,-0.0357468,-0.034385219374245685,-0.1468357571613725,-0.048036480625754316,0.11108895716137251
3284.86,4242.626373626374,-0.0835665,-0.0296195,-0.033908081805813936,-0.14703121625074014,-0.049658418194186066,0.11741171625074015
3285.73,4244.06043956044,-0.0817935,-0.0228917,-0.03342615845125566,-0.14722890242918152,-0.04836734154874434,0.12433720242918152
3286.6,4245.494505494506,-0.0768218,-0.0167267,-0.03294499634960474,-0.14742654309555786,-0.04387680365039526,0.13069984309555785
3287.46,4246.912087912087,-0.0689037,-0.012397,-0.03247010769217041,-0.14762186772991676,-0.03643359230782959,0.13522486772991676
3288.33,4248.346153846153,-0.058884,-0.0110274,-0.03199044321382855,-0.1478194191954708,-0.026893556786171446,0.13679201919547082
3289.2,4249.780219780219,-0.0481139,-0.0132924,-0.03151152386653362,-0.14801692644605957,-0.01660237613346638,0.13472452644605956
3290.06,4251.197802197802,-0.0381843,-0.0191697,-0.031038836491755865,-0.1482121204574752,-0.007145463508244132,0.1290424204574752
3290.93,4252.631868131868,-0.0305291,-0.027883,-0.030561383168944342,-0.14840954103974643,3.228316894434216e-05,0.12052654103974643
3291.8,4254.065934065934,-0.0260563,-0.0380892,-0.030084659313840613,-0.1486069186575571,0.004028359313840612,0.1105177186575571
3292.66,4255.483516483516,-0.0249604,-0.0482402,-0.02961412694800338,-0.14880198574043407,0.004653726948003381,0.10056178574043408
3293.53,4256.917582417583,-0.0267714,-0.056954,-0.02913883841389643,-0.1489992791318078,0.0023674384138964305,0.0920452791318078
3294.39,4258.3351648351645,-0.0305687,-0.0632632,-0.028669714964361156,-0.14919426374024664,-0.001898985035638845,0.08593106374024663
3295.26,4259.769230769231,-0.0352374,-0.0667026,-0.028195841801964272,-0.1493914744816956,-0.00704155819803573,0.0826888744816956
3296.13,4261.2032967032965,-0.0396872,-0.0672817,-0.02772267299538745,-0.1495886442432676,-0.011964527004612549,0.0823069442432676
3297.0,4262.6373626373625,-0.0430047,-0.0653963,-0.02725020364063455,-0.14978577340957552,-0.01575449635936545,0.08438947340957552
3297.86,4264.054945054945,-0.044557,-0.0617209,-0.026783847650308466,-0.14998059719746498,-0.017773152349691533,0.08825969719746499
3298.73,4265.489010989011,-0.0440557,-0.0570844,-0.026312754769589834,-0.15017764676467207,-0.01774294523041017,0.09309324676467207
3299.6,4266.923076923076,-0.0415807,-0.0523295,-0.0258423469574856,-0.1503746568590436,-0.0157383530425144,0.09804515685904361
3300.47,4268.357142857142,-0.0375448,-0.0481637,-0.025372619490520408,-0.15057162784734532,-0.012172180509479595,0.10240792784734531
3301.33,4269.774725274725,-0.0325924,-0.0450372,-0.024908955268168772,-0.15076629672176003,-0.007683444731831229,0.10572909672176004
3302.2,4271.208791208791,-0.0274469,-0.0430835,-0.024440566809482586,-0.15096319102021008,-0.0030063331905174143,0.10787969102021008
3303.07,4272.642857142857,-0.0227571,-0.0421454,-0.02397284483963132,-0.15116004728319238,0.0012157448396313206,0.10901464728319238
3303.94,4274.076923076923,-0.0189869,-0.0418672,-0.023505784807340245,-0.1513568658606216,0.004518884807340244,0.10948966586062162
3304.81,4275.510989010989,-0.0163755,-0.0418123,-0.023039382203258383,-0.15155364709833644,0.006663882203258382,0.10974134709833644
3305.68,4276.945054945055,-0.0149549,-0.041566,-0.022573632559472184,-0.15175039133815657,0.0076187325594721834,0.11018439133815658
3306.54,4278.3626373626375,-0.014602,-0.0408018,-0.022113873770994684,-0.15194483811828233,0.0075118737709946835,0.11114303811828233
3307.41,4279.796703296703,-0.0150977,-0.0393124,-0.02164940942819587,-0.15214150978763766,0.006551709428195869,0.11282910978763766
3308.28,4281.2307692307695,-0.0161807,-0.0370161,-0.02118558493554059,-0.15233814545723354,0.0050048849355405906,0.11532204545723354
3309.15,4282.6648351648355,-0.0175905,-0.0339476,-0.02072239598567762,-0.15253474545341433,0.003131895985677622,0.11858714545341434
3310.02,4284.098901098901,-0.0191012,-0.0302427,-0.020259838310362623,-0.1527313100987791,0.0011586383103626245,0.12248861009877911
3310.89,4285.532967032967,-0.0205518,-0.0261158,-0.019797907680011037,-0.15292783971223337,-0.0007538923199889615,0.12681203971223337
3311.76,4286.967032967033,-0.021868,-0.0218286,-0.01933659990325668,-0.15312433460904049,-0.002531400096743318,0.13129573460904048
3312.63,4288.4010989010985,-0.0230757,-0.0176501,-0.018875910826516955,-0.1533207951008716,-0.004199789173483046,0.1356706951008716
3313.49,4289.818681318681,-0.0242952,-0.0138085,-0.01842112107002846,-0.15351496391375707,-0.005874078929971539,0.13970646391375707
3314.36,4291.252747252747,-0.0257131,-0.010447,-0.017961650087301544,-0.1537113569032292,-0.0077514499126984555,0.1432643569032292
3315.23,4292.686813186813,-0.0275311,-0.00759458,-0.017502785612534398,-0.15390771639823791,-0.010028314387465601,0.14631313639823793
3316.1,4294.120879120879,-0.0299043,-0.00516806,-0.01704452363862631,-0.15410404269661415,-0.012859776361373691,0.14893598269661415
3316.97,4295.554945054944,-0.0328893,-0.00300621,-0.01658686019417501,-0.15430033609283636,-0.016302439805824992,0.15129412609283635
3317.84,4296.989010989011,-0.0364198,-0.000925611,-0.016129791343074917,-0.1544965968780766,-0.020290008656925086,0.1535709858780766
3318.71,4298.423076923077,-0.040316,0.00122222,-0.015673313184123114,-0.15469282534024503,-0.024642686815876884,0.15591504534024503
3319.58,4299.857142857142,-0.0443213,0.00351126,-0.015217421850627412,-0.15488902176403477,-0.02910387814937259,0.15840028176403476
3320.45,4301.291208791208,-0.0481484,0.0059261,-0.014762113510022172,-0.15508518643096506,-0.03338628648997783,0.16101128643096504
3321.32,4302.725274725275,-0.0515215,0.00836844,-0.014307384363488567,-0.15528131961942437,-0.03721411563651143,0.16364975961942438
3322.19,4304.15934065934,-0.0542077,0.0106753,-0.013853230645580717,-0.15547742160471228,-0.04035446935441928,0.16615272160471228
3323.06,4305.593406593406,-0.0560376,0.0126408,-0.013399648623854293,-0.15567349265908142,-0.042637951376145705,0.16831429265908143
3323.93,4307.027472527472,-0.056918,0.014037,-0.012946634598503391,-0.155869533051778,-0.04397136540149661,0.169906533051778
3324.8,4308.461538461539,-0.0568417,0.0146349,-0.01249418490199987,-0.1560655430490824,-0.04434751509800013,0.1707004430490824
3325.68,4309.912087912087,-0.0558942,0.0142271,-0.012037105017601387,-0.1562637753823323,-0.04385709498239861,0.1704908753823323
3326.55,4311.346153846154,-0.0542534,0.012656,-0.01158577948604697,-0.15645972503417716,-0.04266762051395303,0.16911572503417716
3327.42,4312.780219780219,-0.0521767,0.00984456,-0.011135007430012368,-0.15665564507501117,-0.04104169256998763,0.16650020507501118
3328.29,4314.214285714285,-0.0499718,0.00582611,-0.010684785307931455,-0.156851535759608,-0.03928701469206854,0.162677645759608
3329.16,4315.648351648351,-0.0479493,0.000757044,-0.010235109608784234,-0.1570473973399674,-0.03771419039121576,0.1578044413399674
3330.03,4317.082417582418,-0.0463694,-0.00509373,-0.009785976851763887,-0.15724323006535204,-0.03658342314823611,0.15214950006535205
3330.9,4318.516483516483,-0.0453988,-0.0113822,-0.009337383585950241,-0.15743903418232302,-0.036061416414049766,0.14605683418232301
3331.77,4319.950549450549,-0.0450921,-0.0177413,-0.008889326389984482,-0.1576348099347762,-0.03620277361001552,0.13989350993477617
3332.65,4321.4010989010985,-0.0454004,-0.0238312,-0.008436660995189558,-0.15783280737417277,-0.03696373900481044,0.13400160737417277
3333.52,4322.8351648351645,-0.0461988,-0.0293709,-0.007989671856138143,-0.15802852679965312,-0.038209128143861855,0.12865762679965312
3334.39,4324.2692307692305,-0.047317,-0.0341426,-0.007543208658898785,-0.15822421857935381,-0.03977379134110121,0.12408161857935382
3335.26,4325.7032967032965,-0.0485649,-0.0380043,-0.007097268097535015,-0.15841988294682263,-0.04146763190246498,0.12041558294682264
3336.13,4327.1373626373625,-0.0497435,-0.0408973,-0.006651846894114591,-0.158615520133111,-0.04309165310588541,0.117718220133111
3337.0,4328.571428571428,-0.0506542,-0.0428165,-0.006206941798409554,-0.15881113036680708,-0.04444725820159045,0.11599463036680707
3337.88,4330.021978021978,-0.0511106,-0.0438265,-0.005757444600168693,-0.15900896180586593,-0.045353155399831306,0.11518246180586594
3338.75,4331.456043956044,-0.0509566,-0.0440654,-0.0053135679185825,-0.15920451850710785,-0.0456430320814175,0.11513911850710784
3339.62,4332.89010989011,-0.0500945,-0.0437407,-0.004870197721055666,-0.15940004892958579,-0.045224302278944334,0.11565934892958579
3340.49,4334.324175824176,-0.0485131,-0.0431087,-0.004427330865569325,-0.15959555329231956,-0.04408576913443068,0.11648685329231956
3341.37,4335.774725274725,-0.0463073,-0.0424377,-0.003979882458309152,-0.1597932785421644,-0.04232741754169085,0.11735557854216441
3342.24,4337.208791208791,-0.0436771,-0.0419608,-0.003538018661975669,-0.1599887311399188,-0.04013908133802434,0.1180279311399188
3343.11,4338.642857142857,-0.0409033,-0.0418316,-0.003096648903031945,-0.16018415832367794,-0.037806651096968055,0.11835255832367794
3343.98,4340.076923076923,-0.0383047,-0.0420944,-0.0026557701431575292,-0.1603795603033751,-0.03564892985684247,0.1182851603033751
3344.86,4341.527472527473,-0.0361873,-0.0426753,-0.0022103202313682735,-0.16057718285469846,-0.033976979768631725,0.11790188285469846
3345.73,4342.961538461538,-0.0347929,-0.043394,-0.0017704200125161114,-0.16077253476356268,-0.033022479987483894,0.11737853476356268
3346.6,4344.395604395604,-0.034257,-0.0439941,-0.001331001793847434,-0.16096786208744224,-0.032925998206152565,0.11697376208744223
3347.48,4345.846153846153,-0.0345806,-0.0441882,-0.0008870201322709881,-0.1611654097480514,-0.033693579867729015,0.11697720974805141
3348.35,4347.280219780219,-0.0356206,-0.0437144,-0.00044856257748286665,-0.1613606882269478,-0.035172037422517136,0.1176462882269478
3349.22,4348.714285714285,-0.0371066,-0.0423951,-1.0578245233257982e-05,-0.16155594272078944,-0.03709602175476674,0.11916084272078944
3350.1,4350.164835164835,-0.0386855,-0.0401878,0.0004319619045680227,-0.16175341731821702,-0.039117461904568024,0.12156561731821702
3350.97,4351.598901098901,-0.0399907,-0.0372112,0.0008690030119766594,-0.16194862415513572,-0.04085970301197665,0.12473742415513572
3351.84,4353.0329670329675,-0.0407184,-0.0337337,0.001305579460076596,-0.16214380758849636,-0.0420239794600766,0.12841010758849636
3352.72,4354.483516483516,-0.040692,-0.0301262,0.0017467041833783455,-0.16234121089412168,-0.04243870418337835,0.1322150108941217
3353.59,4355.917582417583,-0.0398924,-0.0267879,0.002182354421046282,-0.16253634782223508,-0.04207475442104629,0.13574844782223508
3354.47,4357.368131868131,-0.0384502,-0.0240722,0.0026225479419955955,-0.16273370446915117,-0.04107274794199559,0.13866150446915118
3355.34,4358.802197802198,-0.0366043,-0.0222289,0.0030572831037277808,-0.16292879564166668,-0.03966158310372778,0.14069989564166668
3356.22,4360.252747252747,-0.0346449,-0.0213757,0.003496556593352254,-0.16312610638038083,-0.03814145659335225,0.14175040638038083
3357.09,4361.686813186813,-0.0328558,-0.0214988,0.003930387633743662,-0.1633211525317016,-0.03678618763374366,0.1418223525317016
3357.97,4363.1373626373625,-0.0314637,-0.0224747,0.0043687520829614294,-0.1635184180974906,-0.03583245208296143,0.1410437180974906
3358.84,4364.571428571428,-0.0306237,-0.0241026,0.004801689780360614,-0.16371341994714822,-0.03542538978036061,0.13961081994714822
3359.72,4366.021978021978,-0.0303874,-0.0261497,0.00523915600363176,-0.16391064106043177,-0.03562655600363176,0.13776094106043177
3360.59,4367.456043956044,-0.0307133,-0.028392,0.0056712109637058195,-0.16410559931345045,-0.03638451096370582,0.13571359931345045
3361.47,4368.906593406593,-0.0314872,-0.0306494,0.006107789602594112,-0.16430277668015397,-0.03759498960259411,0.13365337668015398
3362.34,4370.34065934066,-0.032557,-0.0328099,0.006538972261807156,-0.16449769202740358,-0.03909597226180716,0.13168779202740358
3363.22,4371.791208791208,-0.0337734,-0.0348312,0.006974673788455364,-0.16469482633931068,-0.040748073788455366,0.12986362633931067
3364.09,4373.225274725275,-0.0350252,-0.0367232,0.007404994417462184,-0.16488969945785045,-0.04243019441746218,0.12816649945785047
3364.97,4374.675824175823,-0.0362569,-0.0385148,0.007839829137983357,-0.16508679139294502,-0.04409672913798336,0.126571991392945
3365.84,4376.10989010989,-0.0374637,-0.0402177,0.008269297844941546,-0.16528162294635707,-0.045732997844941545,0.12506392294635707
3366.72,4377.560439560439,-0.0386666,-0.0418034,0.008703275902728177,-0.16547867316915618,-0.047369875902728176,0.12367527316915619
3367.59,4378.994505494506,-0.0398784,-0.0431993,0.009131902636530229,-0.16567346380786951,-0.04901030263653023,0.12247416380786952
3368.47,4380.445054945055,-0.0410747,-0.0443062,0.009565034015484253,-0.16587047296974652,-0.05063973401548425,0.12156427296974653
3369.34,4381.879120879121,-0.0421784,-0.0450299,0.009992828568912229,-0.16606522333135226,-0.05217122856891222,0.12103532333135227
3370.22,4383.32967032967,-0.0430646,-0.0453161,0.010425123096597565,-0.16626219207085083,-0.053489723096597566,0.12094609207085083
3371.1,4384.780219780219,-0.0435839,-0.0451806,0.010857000472667449,-0.16645914072098872,-0.05444090047266745,0.12127854072098872
3371.97,4386.214285714285,-0.0435994,-0.044722,0.011283562460122992,-0.16665383172354778,-0.054882962460122996,0.12193183172354778
3372.85,4387.664835164835,-0.0430293,-0.044114,0.011714617467059235,-0.16685074088748647,-0.054743917467059235,0.12273674088748647
3373.73,4389.115384615385,-0.0418817,-0.0435746,0.012145262519642652,-0.1670476304258993,-0.05402696251964265,0.1234730304258993
3374.6,4390.54945054945,-0.0402714,-0.0433187,0.012570613207240969,-0.1672422634399467,-0.05284201320724097,0.12392356343994669
3375.48,4392.0,-0.0384106,-0.0435036,0.013000450036796223,-0.16743911440105086,-0.051411050036796226,0.12393551440105086
3376.36,4393.450549450549,-0.0365712,-0.0441848,0.013429883942770067,-0.16763594618698577,-0.050001083942770065,0.12345114618698577
3377.23,4394.884615384615,-0.0350294,-0.0452942,0.013854044104680035,-0.1678305225432301,-0.04888344410468004,0.1225363225432301
3378.11,4396.3351648351645,-0.0340047,-0.0466485,0.014282683607482978,-0.16802731663441733,-0.04828738360748298,0.12137881663441732
3378.99,4397.785714285714,-0.03361,-0.0479855,0.014710927055816399,-0.1682240919877857,-0.0483209270558164,0.1202385919877857
3379.87,4399.236263736263,-0.0338235,-0.0490201,0.015138776712810467,-0.16842084874684835,-0.04896227671281046,0.11940074874684835
3380.74,4400.670329670329,-0.0344903,-0.0495081,0.015561379536747716,-0.16861535149427642,-0.05005167953674772,0.11910725149427642
3381.62,4402.120879120879,-0.0353521,-0.0493028,0.015988452742604704,-0.16881207169702667,-0.0513405527426047,0.11950927169702666
3382.5,4403.571428571428,-0.0361007,-0.0483933,0.016415138817719242,-0.1690087737261659,-0.05251583881771924,0.1206154737261659
3383.38,4405.021978021978,-0.0364452,-0.0469165,0.016841439956795864,-0.16920545771976397,-0.05328663995679586,0.12228895771976397
3384.25,4406.456043956044,-0.03618,-0.0451366,0.017262520498177558,-0.16939988907261547,-0.053442520498177555,0.12426328907261547
3385.13,4407.906593406594,-0.0352391,-0.0433926,0.017688062595358597,-0.16959653760515545,-0.052927162595358596,0.12620393760515544
3386.01,4409.357142857143,-0.0337209,-0.0420237,0.018113226216508443,-0.1697931685069565,-0.051834126216508444,0.1277694685069565
3386.89,4410.807692307692,-0.0318728,-0.0412869,0.01853801349049632,-0.1699897819108935,-0.05041081349049632,0.12870288191089352
3387.77,4412.258241758242,-0.030035,-0.0412914,0.018962426530078267,-0.17018637794857658,-0.04899742653007827,0.12889497794857657
3388.64,4413.692307692308,-0.0285569,-0.0419503,0.019381650868063746,-0.170380722996681,-0.04793855086806374,0.128430422996681
3389.52,4415.142857142857,-0.02771,-0.0430469,0.019805325906970407,-0.17057728488537247,-0.047515325906970406,0.12753038488537247
3390.4,4416.593406593406,-0.0276183,-0.0442587,0.020228632931201487,-0.17077382979374742,-0.047846932931201486,0.1265151297937474
3391.28,4418.043956043956,-0.0282333,-0.045239,0.02065157399075223,-0.17097035784851317,-0.048884873990752226,0.12573135784851316
3392.16,4419.494505494505,-0.0293502,-0.0457059,0.02107415112025271,-0.17116686917518245,-0.05042435112025271,0.12546096917518246
3393.04,4420.945054945055,-0.0306596,-0.0455043,0.021496366339114295,-0.17136336389808784,-0.05215596633911429,0.12585906389808785
3393.92,4422.395604395604,-0.0318169,-0.0446359,0.02191822165167103,-0.17155984214039433,-0.05373512165167103,0.12692394214039432
3394.79,4423.82967032967,-0.0325165,-0.0432565,0.02233493130733333,-0.1717540715941464,-0.05485143130733333,0.1284975715941464
3395.67,4425.280219780219,-0.0325565,-0.0416425,0.022756076794447026,-0.17195051742399275,-0.055312576794447024,0.13030801742399276
3396.55,4426.7307692307695,-0.0318843,-0.0401332,0.023176868277019987,-0.17214694713450984,-0.055061168277019984,0.13201374713450983
3397.43,4428.181318681318,-0.0306123,-0.0390547,0.023597307700646428,-0.17234336084433743,-0.05420960770064642,0.13328866084433744
3398.31,4429.631868131868,-0.0289978,-0.0386415,0.024017396996536333,-0.17253975867101282,-0.05301519699653633,0.13389825867101282
3399.19,4431.082417582417,-0.0273834,-0.0389736,0.024437138081647564,-0.17273614073098262,-0.05182053808164756,0.13376254073098262
3400.07,4432.5329670329675,-0.0261083,-0.0399494,0.024856532858819683,-0.1729325071396155,-0.050964832858819684,0.1329831071396155
3400.95,4433.983516483516,-0.0254153,-0.0413109,0.025275583216903905,-0.17312885801121386,-0.050690883216903904,0.13181795801121388
3401.83,4435.434065934066,-0.0253848,-0.0427162,0.02569429103089401,-0.17332519345902644,-0.05107909103089401,0.13060899345902643
3402.71,4436.884615384615,-0.0259166,-0.0438355,0.026112658162052396,-0.17352151359525922,-0.052029258162052394,0.12968601359525922
3403.59,4438.3351648351645,-0.0267675,-0.0444392,0.026530686458038154,-0.17371781853108756,-0.05329818645803815,0.12927861853108757
3404.47,4439.785714285714,-0.0276251,-0.0444515,0.026948377753031466,-0.1739141083766674,-0.054573477753031466,0.1294626083766674
3405.35,4441.236263736263,-0.028192,-0.0439563,0.027365733867858233,-0.17411038324114708,-0.05555773386785823,0.13015408324114708
3406.23,4442.686813186813,-0.0282582,-0.0431654,0.027782756610111446,-0.17430664323267783,-0.05604095661011145,0.13114124323267784
3407.11,4444.1373626373625,-0.0277479,-0.0423601,0.028199447774272773,-0.17450288845842504,-0.05594734777427277,0.13214278845842503
3407.99,4445.587912087912,-0.0267328,-0.0418201,0.028615809141832288,-0.17469911902457924,-0.05534860914183229,0.13287901902457924
3408.88,4447.054945054945,-0.0254151,-0.0417558,0.02903656825479546,-0.1748975646805413,-0.05445166825479546,0.13314176468054129
3409.76,4448.505494505494,-0.0240807,-0.0422535,0.0294522716246498,-0.17509376607862506,-0.0535329716246498,0.13284026607862506
3410.64,4449.956043956044,-0.0230286,-0.0432467,0.029867650485337738,-0.17528995313111334,-0.052896250485337734,0.13204325313111334
3411.52,4451.406593406593,-0.0224929,-0.0445266,0.030282706567412703,-0.1754861259403926,-0.0527756065674127,0.1309595259403926
3412.4,4452.857142857143,-0.022576,-0.0457918,0.03069744158901653,-0.17568228460792631,-0.05327344158901653,0.12989048460792632
3413.28,4454.307692307692,-0.0232167,-0.0467284,0.031111857255991936,-0.17587842923426586,-0.054328557255991936,0.12915002923426586
3414.16,4455.758241758242,-0.0242064,-0.0470974,0.031525955261993296,-0.17607455991905985,-0.0557323552619933,0.12897715991905984
3415.04,4457.208791208791,-0.0252479,-0.0467989,0.03193973728859682,-0.17627067676106448,-0.057187637288596826,0.12947177676106447
3415.92,4458.659340659341,-0.0260387,-0.0458953,0.032353205005407996,-0.1764667798581525,-0.058391905005408,0.1305714798581525
3416.81,4460.126373626374,-0.0263521,-0.0445895,0.03277105322382076,-0.1766650975184635,-0.059123153223820765,0.13207559751846348
3417.69,4461.576923076923,-0.0260918,-0.0431654,0.033183893757771685,-0.17686117326240422,-0.05927569375777168,0.13369577326240423
3418.57,4463.027472527473,-0.0253126,-0.0419156,0.03359642493849785,-0.1770572355509216,-0.05890902493849785,0.1351416355509216
3419.45,4464.478021978021,-0.0242024,-0.0410664,0.03400864838865391,-0.17725328447844102,-0.05821104838865391,0.13618688447844102
3420.33,4465.928571428572,-0.0230389,-0.0407148,0.03442056571945126,-0.17744932013855175,-0.057459465719451264,0.13673452013855175
3421.22,4467.395604395604,-0.0221132,-0.0408108,0.03483685420531298,-0.17764757007690757,-0.05695005420531298,0.13683677007690756
3422.1,4468.846153846153,-0.0216453,-0.0411819,0.03524816065244413,-0.1778435793315252,-0.056893460652444126,0.1366616793315252
3422.98,4470.2967032967035,-0.0217328,-0.041548,0.03565916576405599,-0.17803957559560302,-0.05739196576405599,0.13649157559560302
3423.86,4471.747252747253,-0.0223116,-0.0416135,0.036069871106462384,-0.17823555895946402,-0.058381471106462385,0.13662205895946403
3424.75,4473.214285714285,-0.0231664,-0.0411524,0.03648494024471086,-0.17843375637747025,-0.05965134024471086,0.13728135637747024
3425.63,4474.6648351648355,-0.0239872,-0.0400782,0.03689504734155241,-0.17862971406464404,-0.06088224734155241,0.13855151406464403
3426.51,4476.115384615385,-0.0244513,-0.0384721,0.037304859320206434,-0.1788256591188432,-0.061756159320206436,0.1403535591188432
3427.39,4477.565934065934,-0.0243093,-0.0365666,0.03771437770365595,-0.17902159162726164,-0.06202367770365595,0.14245499162726163
3428.28,4479.0329670329675,-0.0234468,-0.0346896,0.038128252630566316,-0.17921973796926277,-0.06157505263056631,0.14453013796926278
3429.16,4480.483516483516,-0.0219129,-0.033189,0.03853718505692083,-0.1794156455045518,-0.06045008505692083,0.1462266455045518
3430.05,4481.950549450549,-0.0199087,-0.0323556,0.038950470429955725,-0.17961376676415164,-0.058859170429955726,0.14725816676415165
3430.93,4483.4010989010985,-0.0177467,-0.0323613,0.03935882293306883,-0.1798096496699152,-0.057105522933068836,0.14744834966991519
3431.81,4484.851648351648,-0.0157855,-0.0332203,0.03976688933255121,-0.18000552045652365,-0.05555238933255121,0.14678522045652365
3432.7,4486.318681318681,-0.0143563,-0.0347839,0.04017930334265463,-0.18020360480548242,-0.054535603342654636,0.1454197048054824
3433.58,4487.7692307692305,-0.0136909,-0.0367673,0.04058679869722562,-0.18039945146590786,-0.05427769869722562,0.14363215146590785
3434.46,4489.21978021978,-0.013869,-0.0388096,0.0409940123166641,-0.18059528625418428,-0.0548630123166641,0.14178568625418428
3435.35,4490.686813186813,-0.0147997,-0.0405524,0.041405568268731374,-0.1807933344448032,-0.05620526826873137,0.14024093444480318
3436.23,4492.1373626373625,-0.0162436,-0.0417202,0.041812219539528,-0.1809891455973062,-0.058055819539528,0.13926894559730618
3437.12,4493.604395604395,-0.0178719,-0.0421787,0.042223209649648166,-0.18118717004635862,-0.06009510964964816,0.13900847004635863
3438.0,4495.054945054945,-0.0193446,-0.0419549,0.04262930428116762,-0.18138295788363987,-0.06197390428116761,0.13942805788363988
3438.88,4496.505494505494,-0.0203859,-0.0412178,0.043035124266236485,-0.1815787342467745,-0.06342102426623648,0.1403609342467745
3439.77,4497.972527472527,-0.0208375,-0.0402278,0.04344527790792283,-0.18177672374967313,-0.06428277790792283,0.14154892374967312
3440.65,4499.423076923077,-0.0206794,-0.0392695,0.04385054965666457,-0.18197247726730834,-0.06452994965666457,0.14270297726730835
3441.54,4500.89010989011,-0.0200189,-0.0385895,0.044260151631714456,-0.18217044382105202,-0.06427905163171446,0.14358094382105202
3442.42,4502.340659340659,-0.0190546,-0.0383463,0.04466488066176403,-0.18236617480027756,-0.06371948066176403,0.14401987480027756
3443.31,4503.807692307692,-0.0180234,-0.0385838,0.04507393651267891,-0.18256411871280354,-0.0630973365126789,0.14398031871280353
3444.19,4505.258241758242,-0.0171432,-0.0392313,0.045478128267171965,-0.18275982745551106,-0.06262132826717197,0.14352852745551106
3445.08,4506.725274725274,-0.0165628,-0.0401313,0.045886643461749206,-0.18295774902955336,-0.0624494434617492,0.14282644902955335
3445.96,4508.175824175824,-0.016332,-0.0410862,0.046290303310585375,-0.18315343583254248,-0.06262230331058538,0.1420672358325425
3446.85,4509.642857142857,-0.0163996,-0.0419142,0.04669828324318333,-0.1833513353657381,-0.06309788324318333,0.1414371353657381
3447.73,4511.093406593406,-0.0166414,-0.0424954,0.047101416484263595,-0.18354700052082018,-0.0637428164842636,0.14105160052082016
3448.62,4512.56043956044,-0.0169046,-0.0427949,0.0475088664770402,-0.18374487830581263,-0.0644134664770402,0.14094997830581263
3449.5,4514.010989010989,-0.0170545,-0.0428589,0.04791147833747971,-0.1839405220999119,-0.06496597833747972,0.1410816220999119
3450.39,4515.478021978021,-0.0170095,-0.0427897,0.0483184036416061,-0.18413837842445227,-0.0653279036416061,0.14134867842445226
3451.28,4516.945054945055,-0.0167656,-0.042709,0.04872506708123323,-0.18433622406534977,-0.06549066708123323,0.14162722406534978
3452.16,4518.395604395604,-0.0163863,-0.0427222,0.04912690507577166,-0.18453183628675054,-0.06551320507577166,0.14180963628675053
3453.05,4519.8626373626375,-0.0159543,-0.0428938,0.049533051587442416,-0.1847296608906508,-0.06548735158744241,0.14183586089065078
3453.94,4521.32967032967,-0.0155918,-0.0432231,0.04993894009796887,-0.18492747502116907,-0.06553074009796887,0.14170437502116906
3454.82,4522.78021978022,-0.0154072,-0.0436434,0.05034001564373896,-0.18512305629124892,-0.06574721564373896,0.14147965629124892
3455.71,4524.247252747253,-0.015462,-0.0440336,0.050745394833295286,-0.18532084979772315,-0.06620739483329528,0.14128724979772314
3456.59,4525.697802197802,-0.0157445,-0.0442497,0.05114596925023657,-0.18551641080909115,-0.06689046925023656,0.14126671080909114
3457.48,4527.1648351648355,-0.0161643,-0.0441659,0.05155084409732964,-0.185714183960642,-0.06771514409732965,0.14154828396064198
3458.37,4528.631868131868,-0.0165704,-0.0437168,0.051955467208902234,-0.1859119469775159,-0.06852586720890223,0.1421951469775159
3459.25,4530.082417582417,-0.0167925,-0.0429216,0.052355297693475675,-0.18610747803852548,-0.06914779769347568,0.14318587803852548
3460.14,4531.54945054945,-0.0166865,-0.0418813,0.05275942382199951,-0.18630522109663067,-0.06944592382199952,0.14442392109663066
3461.03,4533.016483516483,-0.0161705,-0.0407525,0.053163301879100795,-0.1865029542167991,-0.06933380187910079,0.1457504542167991
3461.92,4534.483516483517,-0.015238,-0.0397093,0.053566933074706544,-0.18670067746377852,-0.06880493307470655,0.14699137746377852
3462.8,4535.934065934066,-0.0139532,-0.0389104,0.05396578754926094,-0.18689616945673404,-0.06791898754926094,0.14798576945673403
3463.69,4537.4010989010985,-0.0124335,-0.0384757,0.05436893136021119,-0.1870938732586026,-0.06680243136021119,0.1486181732586026
3464.58,4538.868131868132,-0.01083,-0.0384724,0.054771831878858195,-0.1872915673776487,-0.0656018318788582,0.14881916737764872
3465.46,4540.318681318681,-0.00930816,-0.038911,0.05516996737274035,-0.18748703075559436,-0.06447812737274035,0.14857603075559436
3466.35,4541.785714285714,-0.00802911,-0.0397424,0.055572387535935144,-0.18768470580350669,-0.06360149753593515,0.1479423058035067
3467.24,4543.252747252746,-0.00713029,-0.0408611,0.05597456790692931,-0.18788237135435049,-0.06310485790692931,0.1470212713543505
3468.13,4544.719780219781,-0.00670451,-0.0421138,0.056376509641677425,-0.1880800274692704,-0.06308101964167742,0.1459662274692704
3469.02,4546.186813186813,-0.00678101,-0.0433173,0.0567782138886484,-0.18827767420891442,-0.0635592238886484,0.14496037420891442
3469.9,4547.6373626373625,-0.00731426,-0.044287,0.05717517222229482,-0.188473091039744,-0.06448943222229482,0.144186091039744
3470.79,4549.104395604395,-0.00818763,-0.04487,0.0575764075460584,-0.18867071931248416,-0.0657640375460584,0.14380071931248417
3471.68,4550.571428571428,-0.00923334,-0.0449741,0.057977408770535956,-0.1888683383883013,-0.06721074877053596,0.1438942383883013
3472.57,4552.038461538462,-0.010265,-0.0445825,0.058378177014942606,-0.18906594832591186,-0.0686431770149426,0.14448344832591187
3473.46,4553.505494505494,-0.0111115,-0.0437516,0.0587787133913064,-0.1892635491835596,-0.0698902133913064,0.14551194918355959
3474.35,4554.972527472527,-0.0116435,-0.0425933,0.05917901900452745,-0.1894611410190205,-0.07082251900452745,0.1468678410190205
3475.23,4556.423076923077,-0.0117867,-0.0412501,0.05957460098879893,-0.189656503906942,-0.07136130098879893,0.14840640390694199
3476.12,4557.89010989011,-0.0115234,-0.0398711,0.05997445092442588,-0.18985407796928355,-0.07149785092442588,0.14998297796928356
3477.01,4559.357142857143,-0.0108857,-0.0385931,0.060374073357270824,-0.19005164317937218,-0.07125977335727082,0.15145854317937218
3477.9,4560.824175824176,-0.00994453,-0.0375267,0.0607734693643654,-0.19024919959316167,-0.0707179993643654,0.15272249959316167
3478.79,4562.291208791208,-0.00879712,-0.0367474,0.06117264001589453,-0.19044674726616026,-0.06996976001589453,0.15369934726616025
3479.68,4563.758241758242,-0.0075531,-0.0362924,0.061571586375250405,-0.19064428625343458,-0.0691246863752504,0.15435188625343457
3480.57,4565.225274725275,-0.00632116,-0.0361597,0.06197030949908685,-0.19084181660961413,-0.06829146949908685,0.15468211660961412
3481.46,4566.692307692308,-0.00519647,-0.0363134,0.06236881043737255,-0.19103933838889509,-0.06756528043737255,0.1547259383888951
3482.35,4568.15934065934,-0.00425099,-0.0366921,0.06276709023344527,-0.1912368516450448,-0.06701808023344527,0.1545447516450448
3483.24,4569.626373626373,-0.00353705,-0.0372193,0.06316514992406369,-0.19143435643140594,-0.06670219992406369,0.15421505643140593
3484.13,4571.093406593407,-0.00308503,-0.0378167,0.06356299053946014,-0.1916318528009004,-0.06664802053946015,0.15381515280090038
3485.02,4572.56043956044,-0.00286182,-0.038415,0.06396061310339107,-0.19182934080603295,-0.06682243310339107,0.15341434080603294
3485.91,4574.027472527472,-0.00284013,-0.038957,0.06435801863318999,-0.192026820498896,-0.06719814863318999,0.153069820498896
3486.8,4575.494505494506,-0.00298319,-0.0394021,0.06475520813981708,-0.19222429193117305,-0.06773839813981708,0.15282219193117305
3487.69,4576.961538461538,-0.00325167,-0.039725,0.06515218262790905,-0.1924217551541423,-0.06840385262790905,0.1526967551541423
3488.58,4578.428571428572,-0.00360846,-0.0399128,0.06554894309582997,-0.1926192102186811,-0.06915740309582996,0.1527064102186811
3489.47,4579.895604395604,-0.00402105,-0.0399612,0.06594549053571974,-0.19281665717526933,-0.06996654053571974,0.15285545717526933
3490.36,4581.3626373626375,-0.0044618,-0.0398698,0.06634182593354321,-0.1930140960739934,-0.07080362593354321,0.15314429607399338
3491.25,4582.82967032967,-0.00490587,-0.0396407,0.06673795026913792,-0.1932115269645495,-0.07164382026913793,0.1535708269645495
3492.14,4584.296703296703,-0.00532903,-0.0392771,0.06713386451626294,-0.19340894989624788,-0.07246289451626294,0.15413184989624787
3493.03,4585.763736263736,-0.00570535,-0.0387844,0.06752956964264573,-0.19360636491801614,-0.07323491964264572,0.15482196491801614
3493.92,4587.2307692307695,-0.00600622,-0.0381728,0.06792506661002873,-0.19380377207840266,-0.07393128661002873,0.15563097207840265
3494.82,4588.714285714286,-0.00620105,-0.0374602,0.06832479665872258,-0.1940033893515684,-0.07452584665872258,0.1565431893515684
3495.71,4590.181318681319,-0.00626009,-0.0366753,0.06871987785754988,-0.19420078084635722,-0.07497996785754987,0.15752548084635723
3496.6,4591.648351648351,-0.00615949,-0.0358582,0.06911475375773576,-0.19439816462370196,-0.07527424375773577,0.15853996462370196
3497.49,4593.115384615384,-0.00588651,-0.0350602,0.06950942529748068,-0.1945955407306662,-0.07539593529748068,0.15953534073066622
3498.38,4594.582417582417,-0.00544528,-0.0343383,0.06990389340922948,-0.19479290921395184,-0.07534917340922948,0.16045460921395183
3499.27,4596.049450549451,-0.00486001,-0.0337486,0.07029815901971517,-0.19499027011990216,-0.07515816901971517,0.16124167011990218
3500.16,4597.516483516483,-0.00417476,-0.0333376,0.07069222305000385,-0.19518762349450605,-0.07486698305000385,0.16185002349450606
3501.06,4599.0,-0.00344891,-0.0331336,0.07109051071008515,-0.19538718671058425,-0.07453942071008515,0.16225358671058426
3501.95,4600.4670329670325,-0.00274943,-0.0331407,0.07148417208143663,-0.19558452507571325,-0.07423360208143663,0.16244382507571326
3502.84,4601.934065934066,-0.00214033,-0.0333384,0.07187763461234849,-0.19578185604586767,-0.07401796461234848,0.16244345604586768
3503.73,4603.4010989010985,-0.00167353,-0.0336833,0.07227089920158694,-0.1959791796656449,-0.07394442920158695,0.1622958796656449
3504.62,4604.868131868132,-0.00138136,-0.0341169,0.07266396674246595,-0.19617649597930362,-0.07404532674246594,0.1620595959793036
3505.52,4606.351648351648,-0.00127302,-0.0345738,0.07306125129701996,-0.19637602194531037,-0.07433427129701996,0.16180222194531035
3506.41,4607.818681318681,-0.00133449,-0.0349916,0.0734539252103759,-0.19657332369730676,-0.0747884152103759,0.16158172369730678
3507.3,4609.285714285715,-0.00153252,-0.0353184,0.07384640473283549,-0.1967706182744428,-0.07537892473283549,0.1614522182744428
3508.19,4610.752747252747,-0.00182176,-0.0355238,0.07423869073625286,-0.1969679057196488,-0.07606045073625287,0.16144410571964882
3509.09,4612.236263736264,-0.00215429,-0.0356026,0.07463518853931156,-0.19716740266863006,-0.07678947853931156,0.16156480266863005
3509.98,4613.7032967032965,-0.00247915,-0.0355482,0.0750270879491729,-0.19736467589853474,-0.0775062379491729,0.16181647589853473
3510.87,4615.170329670329,-0.00276115,-0.0353809,0.075418796433815,-0.19756194212384068,-0.078179946433815,0.16218104212384069
3511.77,4616.653846153846,-0.00298053,-0.035129,0.07581471285093812,-0.19776141774300482,-0.07879524285093811,0.16263241774300483
3512.66,4618.120879120878,-0.00313346,-0.0348202,0.07620603991179825,-0.19795867000621434,-0.07933949991179826,0.16313847000621434
3513.55,4619.587912087913,-0.00322772,-0.0344746,0.0765971785947445,-0.19815591538930172,-0.07982489859474451,0.16368131538930172
3514.45,4621.071428571428,-0.00327595,-0.0341015,0.07699252138277256,-0.198355370057697,-0.08026847138277256,0.16425387005769698
3515.34,4622.538461538462,-0.00328815,-0.0336998,0.0773832837192103,-0.1985526017262294,-0.0806714337192103,0.1648528017262294
3516.23,4624.005494505494,-0.00326606,-0.033263,0.07777386017956642,-0.19874982663633828,-0.08103992017956642,0.1654868266363383
3517.13,4625.489010989011,-0.00320152,-0.032785,0.07816863695687092,-0.19894926072455488,-0.08137015695687091,0.16616426072455487
3518.02,4626.956043956044,-0.00307729,-0.032268,0.07855884205756553,-0.1991464721621392,-0.08163613205756552,0.16687847216213922
3518.92,4628.43956043956,-0.00287341,-0.0317265,0.07895324496670188,-0.19934589270697434,-0.08182665496670188,0.16761939270697435
3519.81,4629.906593406593,-0.00257427,-0.0311892,0.07934308198913591,-0.19954309083069266,-0.08191735198913591,0.16835389083069266
3520.7,4631.3736263736255,-0.00217697,-0.0306956,0.07973273720990379,-0.1997402823929923,-0.08190970720990379,0.1690446823929923
3521.6,4632.857142857142,-0.00169661,-0.0302889,0.08012658651538149,-0.1999396829575552,-0.08182319651538149,0.1696507829575552
3522.49,4634.324175824176,-0.00116818,-0.0300062,0.0805158784983757,-0.20013686143915393,-0.0816840584983757,0.17013066143915392
3523.39,4635.807692307692,-0.000642212,-0.029868,0.0809093621001393,-0.2003362488536212,-0.0815515741001393,0.1704682488536212
3524.28,4637.274725274726,-0.000176154,-0.0298712,0.08129829403081906,-0.2005334144073884,-0.08147444803081906,0.17066221440738838
3525.18,4638.758241758242,0.000177476,-0.0299872,0.08169141513112449,-0.2007327888252059,-0.0815139391311245,0.1707455888252059
3526.07,4640.225274725275,0.000382977,-0.0301659,0.08207999015752057,-0.2009299416017642,-0.08169701315752056,0.1707640416017642
3526.97,4641.708791208791,0.000429323,-0.0303455,0.08247275192105576,-0.20112930317412653,-0.08204342892105576,0.17078380317412653
3527.86,4643.175824175824,0.000333355,-0.0304644,0.08286097315432274,-0.2013264433218922,-0.08252761815432275,0.1708620433218922
3528.76,4644.659340659341,0.000136542,-0.0304728,0.08325337870876019,-0.20152579219778233,-0.08311683670876019,0.17105299219778233
3529.65,4646.126373626374,-0.000102726,-0.0303427,0.08364124922371818,-0.20172291986300386,-0.08374397522371818,0.17138021986300386
3530.55,4647.60989010989,-0.000319498,-0.0300726,0.08403330166025798,-0.20192225618923212,-0.08435279966025798,0.17184965618923212
3531.44,4649.076923076923,-0.000454626,-0.029688,0.08442082449592572,-0.20211937151602863,-0.08487545049592572,0.17243137151602864
3532.34,4650.56043956044,-0.00046515,-0.0292366,0.0848125268698297,-0.202318695437271,-0.08527767686982969,0.173082095437271
3533.23,4652.027472527472,-0.000332663,-0.0287795,0.08519970502994705,-0.20251579856766952,-0.08553236802994704,0.17373629856766953
3534.13,4653.510989010989,-6.69536e-05,-0.0283795,0.085591060361063,-0.20271511022650496,-0.085658013961063,0.17433561022650496
3535.03,4654.994505494506,0.000295978,-0.0280892,0.08598224233126216,-0.2029144157730996,-0.08568626433126215,0.1748252157730996
3535.92,4656.461538461538,0.000701019,-0.0279401,0.08636890808788163,-0.20311150083742444,-0.08566788908788163,0.17517140083742444
3536.82,4657.945054945055,0.00108491,-0.0279366,0.08675974748802885,-0.20331079433201568,-0.08567483748802886,0.17537419433201568
3537.72,4659.428571428571,0.00138977,-0.0280549,0.08715041575661844,-0.2035100818190079,-0.08576064575661844,0.1754551818190079
3538.61,4660.895604395604,0.00157524,-0.0282493,0.08753657569910349,-0.20370714912655338,-0.08596133569910348,0.17545784912655338
3539.51,4662.379120879121,0.00162615,-0.0284629,0.08792690579326982,-0.20390642476741397,-0.08630075579326982,0.17544352476741398
3540.4,4663.846153846154,0.0015552,-0.0286539,0.08831273274844856,-0.2041034804272135,-0.08675753274844855,0.17544958042721348
3541.3,4665.32967032967,0.00139583,-0.028784,0.08870272755125906,-0.2043027443564818,-0.08730689755125906,0.1755187443564818
3542.2,4666.813186813187,0.0011924,-0.0288172,0.08909255485064269,-0.20450200244746175,-0.08790015485064269,0.17568480244746176
3543.09,4668.28021978022,0.000991526,-0.0287565,0.08947788671542523,-0.20469904085092078,-0.08848636071542522,0.1759425408509208
3543.99,4669.763736263736,0.000830266,-0.0286248,0.08986738299433965,-0.20489828742889157,-0.08903711699433965,0.17627348742889157
3544.89,4671.247252747253,0.000729192,-0.0284578,0.0902567138987983,-0.2050975282673503,-0.0895275218987983,0.1766397282673503
3545.79,4672.730769230769,0.000688712,-0.0282938,0.09064588013297739,-0.2052967633988737,-0.0899571681329774,0.1770029633988737
3546.68,4674.197802197802,0.000691061,-0.0281653,0.0910305610479373,-0.20549377922623113,-0.0903395000479373,0.17732847922623113
3547.58,4675.681318681319,0.00070546,-0.028091,0.09141940184837269,-0.20569300310320357,-0.09071394184837268,0.17760200310320357
3548.48,4677.164835164835,0.000695602,-0.0280716,0.09180808005937176,-0.20589222136922936,-0.09111247805937175,0.17782062136922935
3549.38,4678.648351648351,0.000628827,-0.0280896,0.09219659636923885,-0.20609143405596866,-0.09156776936923886,0.17800183405596867
3550.27,4680.115384615385,0.000484363,-0.0281127,0.09258063728899425,-0.20628842781256745,-0.09209627428899425,0.17817572781256746
3551.17,4681.5989010989015,0.000258855,-0.0281012,0.09296883362591597,-0.20648762949594207,-0.09270997862591597,0.17838642949594208
3552.07,4683.082417582417,-3.20176e-05,-0.0280171,0.0933568700957824,-0.2066868256933261,-0.09338888769578241,0.17866972569332612
3552.97,4684.565934065934,-0.000356041,-0.0278329,0.09374474737147309,-0.2068860164354941,-0.09410078837147309,0.1790531164354941
3553.87,4686.04945054945,-0.0006717,-0.0275379,0.09413246612206944,-0.20708520175300343,-0.09480416612206943,0.17954730175300343
3554.77,4687.532967032967,-0.000935916,-0.0271404,0.0945200270128809,-0.20728438167619606,-0.09545594301288089,0.18014398167619605
3555.66,4689.0,-0.00111251,-0.0266667,0.09490312708121923,-0.2074813432139053,-0.09601563708121923,0.18081464321390528
3556.56,4690.483516483516,-0.00117895,-0.0261557,0.09529037596917324,-0.2076805124977435,-0.09646932596917324,0.1815248124977435
3557.46,4691.9670329670325,-0.00112962,-0.0256524,0.09567746896365927,-0.20787967647668726,-0.09680708896365926,0.18222727647668727
3558.36,4693.450549450549,-0.000976336,-0.0252004,0.09606440671520586,-0.20807883518023718,-0.09704074271520585,0.18287843518023716
3559.26,4694.934065934066,-0.000745888,-0.0248355,0.09645118987070109,-0.20827798863768732,-0.09719707787070109,0.1834424886376873
3560.16,4696.417582417582,-0.000474931,-0.0245802,0.09683781907341782,-0.20847713687812697,-0.09731275007341782,0.18389693687812697
3561.06,4697.9010989010985,-0.000204519,-0.024442,0.09722429496303987,-0.20867627993044274,-0.09742881396303987,0.18423427993044275
3561.96,4699.384615384615,2.7285e-05,-0.0244127,0.09761061817568616,-0.2088754178233196,-0.09758333317568615,0.18446271782331958
3562.86,4700.868131868132,0.00019017,-0.0244722,0.09799678934393616,-0.20907455058524302,-0.09780661934393615,0.18460235058524302
3563.75,4702.3351648351645,0.000265646,-0.0245924,0.09837852081805681,-0.20927146574288394,-0.09811287481805682,0.18467906574288395
3564.65,4703.818681318681,0.000247254,-0.024743,0.09876439145323605,-0.2094705883837975,-0.09851713745323605,0.1847275883837975
3565.55,4705.302197802198,0.000139658,-0.0248961,0.09915011191387373,-0.20966970597772433,-0.09901045391387372,0.18477360597772433
3566.45,4706.785714285714,-4.44444e-05,-0.0250291,0.09953568281867468,-0.20986881855237016,-0.09958012721867468,0.18483971855237016
3567.35,4708.2692307692305,-0.000288075,-0.0251263,0.09992110478292626,-0.2100679261352496,-0.10020917978292626,0.18494162613524961
3568.25,4709.752747252747,-0.000572744,-0.025178,0.10030637841852078,-0.21026702875368722,-0.10087912241852078,0.1850890287536872
3569.15,4711.236263736264,-0.000880606,-0.0251799,0.10069150433397993,-0.2104661264348195,-0.10157211033397993,0.18528622643481948
3570.05,4712.719780219781,-0.00119528,-0.0251315,0.10107648313447784,-0.21066521920559608,-0.10227176313447783,0.18553371920559608
3570.95,4714.2032967032965,-0.00150254,-0.0250347,0.10146131542186403,-0.21086430709278164,-0.10296385542186402,0.18582960709278165
3571.85,4715.686813186813,-0.00178999,-0.0248934,0.1018460017946872,-0.2110633901229574,-0.1036359917946872,0.1861699901229574
3572.75,4717.17032967033,-0.00204708,-0.0247133,0.10223054284821667,-0.21126246832252243,-0.10427762284821668,0.18654916832252244
3573.66,4718.670329670329,-0.00226983,-0.0245023,0.10261920943400327,-0.21146375361741868,-0.10488903943400327,0.18696145361741867
3574.56,4720.153846153846,-0.00244902,-0.0242682,0.10300346002350806,-0.2116628221812913,-0.10545248002350806,0.1873946221812913
3575.46,4721.6373626373625,-0.00257952,-0.0240202,0.10338756706656847,-0.2118618859929593,-0.10596708706656847,0.1878416859929593
3576.36,4723.120879120879,-0.00266113,-0.0237679,0.10377153114552762,-0.21206094507810652,-0.10643266114552762,0.1882930450781065
3577.26,4724.604395604396,-0.00269629,-0.0235198,0.10415535283956107,-0.21225999946224205,-0.10685164283956107,0.18874019946224205
3578.16,4726.087912087912,-0.00269015,-0.0232829,0.10453903272469828,-0.21245904917070177,-0.10722918272469828,0.18917614917070177
3579.06,4727.571428571428,-0.00264839,-0.0230618,0.10492257137384489,-0.21265809422865,-0.10757096137384489,0.18959629422865001
3579.96,4729.054945054945,-0.00257704,-0.0228595,0.10530596935680284,-0.21285713466108042,-0.10788300935680284,0.1899976346610804
3580.86,4730.538461538462,-0.00248103,-0.0226778,0.10568922724029213,-0.21305617049281766,-0.10817025724029213,0.19037837049281767
3581.76,4732.021978021979,-0.00236467,-0.0225184,0.10607234558797182,-0.21325520174851897,-0.10843701558797182,0.19073680174851898
3582.67,4733.521978021978,-0.00223134,-0.0223835,0.10645957950826078,-0.21345643983502352,-0.10869091950826078,0.19107293983502352
3583.57,4735.005494505494,-0.00208466,-0.0222768,0.10684241892830505,-0.21365546196179408,-0.10892707892830505,0.1913786619617941
3584.47,4736.48901098901,-0.00192962,-0.0222027,0.10722512049150217,-0.2138544795857754,-0.10915474049150217,0.1916517795857754
3585.37,4737.972527472527,-0.00177325,-0.0221662,0.1076076847494401,-0.21405349273096597,-0.1093809347494401,0.19188729273096597
3586.28,4739.472527472528,-0.00162513,-0.0221709,0.10799436067906341,-0.21425471260393708,-0.10961949067906342,0.1920838126039371
3587.18,4740.956043956044,-0.00149688,-0.0222185,0.10837665045902971,-0.21445371681379463,-0.10987353045902971,0.19223521681379463
3588.08,4742.43956043956,-0.00140192,-0.0223065,0.1087588045768414,-0.21465271661615676,-0.1101607245768414,0.19234621661615675
3588.98,4743.923076923077,-0.00135314,-0.0224282,0.10914082357233781,-0.21485171203438405,-0.11049396357233782,0.19242351203438404
3589.88,4745.406593406594,-0.00136143,-0.022572,0.10952270798247891,-0.21505070309168162,-0.11088413798247891,0.1924787030916816
3590.79,4746.906593406593,-0.00143399,-0.0227223,0.10990869926101736,-0.21525190075036824,-0.11134268926101736,0.19252960075036823
3591.69,4748.39010989011,-0.00157264,-0.0228612,0.11029031461932264,-0.2154508831069883,-0.11186295461932264,0.1925896831069883
3592.59,4749.873626373626,-0.00177313,-0.0229698,0.11067179699192152,-0.21564986117162346,-0.11244492699192152,0.19268006117162345
3593.5,4751.373626373626,-0.00202478,-0.0230312,0.11105738338357042,-0.21585104576291567,-0.11308216338357042,0.19281984576291566
3594.4,4752.857142857143,-0.00231169,-0.0230317,0.11143859989573215,-0.2160500152641467,-0.11375028989573216,0.1930183152641467
3595.3,4754.34065934066,-0.002614,-0.0229634,0.11181968499641877,-0.2162489805409702,-0.11443368499641877,0.1932855805409702
3596.2,4755.824175824176,-0.00290961,-0.0228246,0.11220063920290249,-0.216447941615532,-0.1151102492029025,0.193623341615532
3597.11,4757.324175824176,-0.00317606,-0.0226215,0.1125856936751309,-0.21664910911859184,-0.11576175367513089,0.19402760911859185
3598.01,4758.807692307692,-0.00338883,-0.0223705,0.11296638619401675,-0.21684806180840296,-0.11635521619401674,0.19447756180840298
3598.92,4760.307692307692,-0.00353955,-0.0220835,0.11335117711477284,-0.21704922087808645,-0.11689072711477284,0.19496572087808645
3599.82,4761.791208791209,-0.00361935,-0.0217813,0.1137316100052043,-0.2172481652709542,-0.1173509600052043,0.1954668652709542
3600.72,4763.274725274725,-0.00362602,-0.0214867,0.11411191455838103,-0.21744710557059688,-0.11773793455838102,0.19596040557059688
3601.63,4764.774725274725,-0.00356412,-0.0212221,0.11449631474494253,-0.21764825217803507,-0.11806043474494253,0.19642615217803508
3602.53,4766.258241758242,-0.0034446,-0.0210073,0.11487636271223527,-0.21784718431004954,-0.11832096271223527,0.19683988431004953
3603.44,4767.758241758242,-0.00328411,-0.0208582,0.11526050447852276,-0.21804832270219962,-0.11854461447852277,0.19719012270219963
3604.34,4769.241758241758,-0.00310291,-0.0207851,0.11564029786544805,-0.21824724675154306,-0.11874320786544805,0.19746214675154306
3605.24,4770.725274725274,-0.00292351,-0.0207919,0.11601996540547431,-0.21844616681315865,-0.11894347540547431,0.19765426681315865
3606.15,4772.225274725275,-0.00276873,-0.0208754,0.11640372401971259,-0.21864729306426267,-0.11917245401971259,0.19777189306426268
3607.05,4773.708791208791,-0.0026597,-0.0210261,0.11678313994296749,-0.21884620516833891,-0.11944283994296749,0.19782010516833892
3607.96,4775.208791208791,-0.00261389,-0.0212283,0.1171666451349408,-0.21904732341518784,-0.11978053513494079,0.19781902341518784
3608.86,4776.692307692308,-0.00264371,-0.0214613,0.11754581139505829,-0.21924622764394275,-0.12018952139505829,0.19778492764394276
3609.77,4778.192307692308,-0.00275513,-0.0217013,0.11792906512981044,-0.21944733796912674,-0.12068419512981043,0.19774603796912674
3610.67,4779.675824175824,-0.00294649,-0.0219229,0.11830798366012243,-0.21964623440371156,-0.12125447366012243,0.19772333440371156
3611.58,4781.175824175824,-0.00320817,-0.0221014,0.1186909878823036,-0.2198473368887505,-0.1218991578823036,0.1977459368887505
3612.48,4782.65934065934,-0.00352313,-0.0222158,0.11906966059610427,-0.22004622560926623,-0.12259279059610427,0.19783042560926622
3613.39,4784.15934065934,-0.00386735,-0.022251,0.11945241723023636,-0.2202473203346264,-0.12331976723023637,0.1979963203346264
3614.29,4785.642857142857,-0.00421234,-0.0222004,0.11983084602104283,-0.22044620142014018,-0.12404318602104282,0.19824580142014017
3615.2,4787.142857142857,-0.00452814,-0.0220673,0.12021335697178097,-0.22064728846525078,-0.12474149697178097,0.19857998846525077
3616.11,4788.642857142857,-0.0047871,-0.0218658,0.12059574511546331,-0.2208483716787038,-0.1253828451154633,0.1989825716787038
3617.01,4790.126373626374,-0.00496762,-0.0216196,0.12097381086597905,-0.22104724143708132,-0.12594143086597906,0.19942764143708133
3617.92,4791.626373626374,-0.0050582,-0.0213592,0.12135595615171466,-0.22124831708773274,-0.12641415615171467,0.19988911708773274
3618.82,4793.10989010989,-0.00505933,-0.021118,0.12173378263324655,-0.22144717940456818,-0.12679311263324655,0.20032917940456818
3619.73,4794.60989010989,-0.00498438,-0.0209273,0.12211568691708709,-0.22164824756932144,-0.12710006691708708,0.20072094756932143
3620.64,4796.109890109889,-0.00485784,-0.0208111,0.12249747072939025,-0.2218493119991878,-0.12735531072939024,0.2010382119991878
3621.54,4797.593406593406,-0.00471147,-0.020782,0.12287494107488588,-0.22204816327496213,-0.12758641107488589,0.20126616327496213
3622.45,4799.093406593406,-0.00457902,-0.0208391,0.12325648663887619,-0.22224922033265596,-0.1278355066388762,0.20141012033265596
3623.35,4800.576923076923,-0.00449039,-0.0209685,0.12363372225102237,-0.22244806435421632,-0.12812411225102238,0.20147956435421632
3624.26,4802.076923076923,-0.00446612,-0.021146,0.1240150313756968,-0.22264911411421173,-0.1284811513756968,0.20150311411421173
3625.17,4803.576923076923,-0.00451393,-0.0213426,0.1243962223051416,-0.22285016023303383,-0.1289101523051416,0.20150756023303384
3626.08,4805.076923076923,-0.00462835,-0.0215304,0.12477729548965372,-0.22305120272914986,-0.12940564548965372,0.20152080272914985
3626.98,4806.56043956044,-0.00479286,-0.0216884,0.125154065684595,-0.2232500324218392,-0.129946925684595,0.2015616324218392
3627.89,4808.06043956044,-0.00498463,-0.0218062,0.1255349060026179,-0.2234510677667835,-0.1305195360026179,0.2016448677667835
3628.8,4809.56043956044,-0.00518022,-0.0218848,0.12591562990800492,-0.22365209954352178,-0.13109584990800494,0.20176729954352177
3629.7,4811.043956043955,-0.00536037,-0.0219348,0.12629205596582135,-0.2238509186878937,-0.13165242596582136,0.2019161186878937
3630.61,4812.543956043956,-0.00551322,-0.0219728,0.12667254963455016,-0.2240519434208335,-0.13218576963455017,0.2020791434208335
3631.52,4814.043956043955,-0.00563597,-0.0220174,0.12705292820279238,-0.22425296463903888,-0.13268889820279237,0.20223556463903888
3632.43,4815.543956043955,-0.00573392,-0.0220849,0.1274331921051084,-0.22445398236017391,-0.1331671121051084,0.20236908236017392
3633.33,4817.027472527472,-0.00581858,-0.022186,0.1278091649241805,-0.22465278767292607,-0.1336277449241805,0.20246678767292606
3634.24,4818.527472527472,-0.0059048,-0.0223238,0.1281892020378023,-0.22485379849041723,-0.13409400203780228,0.20252999849041722
3635.15,4820.027472527472,-0.00600709,-0.0224931,0.1285691257713532,-0.225054805862974,-0.1345762157713532,0.202561705862974
3636.06,4821.527472527472,-0.00613581,-0.0226811,0.1289489365507071,-0.2252558098078201,-0.1350847465507071,0.20257470980782008
3636.97,4823.027472527472,-0.00629432,-0.0228701,0.1293286347995953,-0.2254568103420712,-0.1356229547995953,0.2025867103420712
3637.88,4824.527472527472,-0.0064767,-0.0230412,0.12970822093961945,-0.2256578074827356,-0.13618492093961945,0.20261660748273558
3638.78,4826.010989010989,-0.00666807,-0.0231793,0.13008352594678493,-0.22585659254232227,-0.13675159594678493,0.20267729254232225
3639.69,4827.510989010989,-0.00684805,-0.023291,0.13046289034594216,-0.2260575829832427,-0.13731094034594216,0.20276658298324268
3640.6,4829.010989010989,-0.00699504,-0.0233716,0.13084214388384346,-0.22625857008078137,-0.13783718388384347,0.20288697008078138
3641.51,4830.510989010989,-0.0070929,-0.0234317,0.13122128697372806,-0.2264595538515261,-0.13831418697372808,0.2030278538515261
3642.42,4832.010989010989,-0.00713559,-0.0234917,0.13160032002677124,-0.22666053431196082,-0.13873591002677124,0.2031688343119608
3643.33,4833.510989010989,-0.00712892,-0.0235727,0.13197924345209802,-0.22686151147846717,-0.13910816345209803,0.20328881147846717
3644.24,4835.010989010989,-0.00708893,-0.0236901,0.13235805765679545,-0.2270624853673247,-0.13944698765679545,0.20337238536732472
3645.15,4836.510989010989,-0.00703813,-0.0238503,0.13273676304592572,-0.22726345599471207,-0.13977489304592572,0.20341315599471207
3646.06,4838.010989010989,-0.00700001,-0.0240485,0.133115360022538,-0.22746442337670708,-0.140115370022538,0.20341592337670708
3646.96,4839.494505494506,-0.0069946,-0.0242704,0.13348969035379346,-0.22766317914949905,-0.14048429035379345,0.20339277914949905
3647.87,4840.994505494506,-0.00703465,-0.0244939,0.13386807288692423,-0.22786414012377373,-0.14090272288692424,0.20337024012377375
3648.78,4842.494505494506,-0.00712289,-0.0246931,0.13424634820038356,-0.22806509790012297,-0.14136923820038355,0.20337199790012297
3649.69,4843.994505494506,-0.00725095,-0.0248422,0.13462451668931705,-0.22826605249423154,-0.14187546668931705,0.20342385249423153
3650.6,4845.494505494506,-0.00739979,-0.0249199,0.13500257874691998,-0.228467003921688,-0.14240236874691997,0.203547103921688
3651.51,4846.994505494506,-0.00754124,-0.0249136,0.135380534764449,-0.22866795219798494,-0.142921774764449,0.20375435219798493
3652.42,4848.494505494506,-0.0076421,-0.0248233,0.13575838513123356,-0.22886889733851917,-0.14340048513123357,0.20404559733851918
3653.33,4849.994505494506,-0.00766903,-0.0246629,0.13613613023468893,-0.2290698393585935,-0.14380516023468892,0.2044069393585935
3654.24,4851.494505494505,-0.00759476,-0.0244603,0.1365137704603272,-0.2292707782734167,-0.1441085304603272,0.2048104782734167
3655.15,4852.994505494506,-0.00740406,-0.0242542,0.13689130619176954,-0.2294717140981044,-0.14429536619176953,0.2052175140981044
3656.06,4854.494505494506,-0.00709767,-0.0240881,0.13726873781075682,-0.22967264684767957,-0.14436640781075682,0.20558454684767957
3656.97,4855.994505494505,-0.00669335,-0.0240031,0.1376460656971626,-0.22987357653707352,-0.14433941569716258,0.20587047653707352
3657.89,4857.510989010989,-0.00622429,-0.0240311,0.1380274349808093,-0.23007671114936462,-0.1442517249808093,0.20604561114936462
3658.8,4859.010989010989,-0.00573381,-0.0241888,0.13840455540470967,-0.23027763472960494,-0.14413836540470967,0.20608883472960493
3659.71,4860.510989010989,-0.00526893,-0.0244746,0.1387815732286582,-0.23047855529407463,-0.1440505032286582,0.20600395529407461
3660.62,4862.010989010989,-0.00487314,-0.0248687,0.13915848882515025,-0.23067947285734355,-0.14403162882515025,0.20581077285734356
3661.53,4863.510989010989,-0.00457944,-0.0253353,0.13953530256486987,-0.23088038743389333,-0.14411474256486986,0.20554508743389333
3662.44,4865.010989010989,-0.00440505,-0.0258281,0.13991201481670032,-0.2310812990381173,-0.1443170648167003,0.2052531990381173
3663.35,4866.510989010989,-0.00434871,-0.0262969,0.14028862594773606,-0.231282207684322,-0.14463733594773606,0.204985307684322
3664.26,4868.010989010989,-0.00439031,-0.0266958,0.14066513632329297,-0.2314831133867275,-0.14505544632329298,0.2047873133867275
3665.18,4869.527472527472,-0.00449447,-0.0269899,0.14104568212404847,-0.23168622386602328,-0.14554015212404847,0.20469632386602327
3666.09,4871.027472527473,-0.00461682,-0.0271612,0.14142199098030603,-0.2318871236911848,-0.14603881098030602,0.2047259236911848
3667.0,4872.527472527472,-0.00471162,-0.0272095,0.14179820017041578,-0.23208802061484657,-0.14650982017041578,0.20487852061484657
3667.91,4874.027472527472,-0.00473945,-0.0271513,0.14217431005266834,-0.2322889146508879,-0.14691376005266835,0.20513761465088792
3668.82,4875.527472527473,-0.00467194,-0.0270148,0.14255032098362924,-0.23248980581310452,-0.14722226098362926,0.20547500581310452
3669.74,4877.043956043955,-0.0044945,-0.026834,0.14293036367654827,-0.23269290166313172,-0.14742486367654828,0.20585890166313173
3670.65,4878.543956043956,-0.00420565,-0.0266438,0.1433061766901319,-0.23289378708755049,-0.1475118266901319,0.2062499870875505
3671.56,4880.043956043955,-0.00381513,-0.0264757,0.1436818918157258,-0.2330946696791853,-0.1474970218157258,0.2066189696791853
3672.47,4881.543956043955,-0.00334158,-0.0263558,0.1440575094030803,-0.23329554945150327,-0.1473990894030803,0.20693974945150329
3673.39,4883.06043956044,-0.00280351,-0.0263082,0.14443715585945466,-0.23349863384154523,-0.14724066585945467,0.20719043384154523
3674.3,4884.56043956044,-0.0022278,-0.0263458,0.14481257835059783,-0.23369950798469524,-0.14704037835059783,0.20735370798469524
3675.21,4886.06043956044,-0.00165571,-0.0264649,0.14518790434653,-0.23390037934859417,-0.14684361434653,0.2074354793485942
3676.12,4887.56043956044,-0.0011211,-0.0266589,0.1455631341903493,-0.23410124794639,-0.14668423419034932,0.20744234794639
3677.04,4889.076923076923,-0.000656434,-0.0269095,0.14594239004458262,-0.23430432109288352,-0.14659882404458263,0.2073948210928835
3677.95,4890.576923076923,-0.000288419,-0.0271866,0.14631742755969673,-0.23450518416756627,-0.14660584655969675,0.20731858416756627
3678.86,4892.076923076923,-3.19287e-05,-0.0274486,0.14669236994593635,-0.23470604451526444,-0.14672429864593634,0.20725744451526446
3679.78,4893.593406593407,0.0001161,-0.0276479,0.14707133621892315,-0.23490910936052892,-0.14695523621892315,0.20726120936052891
3680.69,4895.093406593406,0.00018055,-0.0277397,0.14744608831949285,-0.23510996426308023,-0.14726553831949285,0.20737026426308022
3681.6,4896.593406593406,0.000206227,-0.0276936,0.14782074629987915,-0.23531081647707197,-0.14761451929987915,0.207617216477072
3682.52,4898.10989010989,0.000248796,-0.0275038,0.1481994260621822,-0.23551387313807792,-0.1479506300621822,0.20801007313807793
3683.43,4899.609890109889,0.000361035,-0.0271916,0.1485738957709418,-0.23571471998350974,-0.14821286077094178,0.20852311998350972
3684.34,4901.10989010989,0.00057928,-0.0268008,0.14894827235392114,-0.23591556417812853,-0.14836899235392115,0.20911476417812852
3685.26,4902.626373626374,0.000915981,-0.0263857,0.14932666863260816,-0.2361186127697807,-0.14841068763260815,0.20973291276978068
3686.17,4904.126373626374,0.00135956,-0.0259989,0.1497008589295262,-0.23631945167107607,-0.1483412989295262,0.21032055167107608
3687.09,4905.642857142857,0.00187992,-0.0256821,0.15007906753907518,-0.23652249493633817,-0.14819914753907518,0.21084039493633816
3688.0,4907.142857142857,0.0024362,-0.0254612,0.15045307286044698,-0.23672332859382184,-0.14801687286044699,0.21126212859382185
3688.92,4908.65934065934,0.00298384,-0.0253463,0.15083109511952267,-0.23692636658245478,-0.14784725511952268,0.2115800665824548
3689.83,4910.15934065934,0.00348025,-0.0253324,0.15120491676353257,-0.23712719504505714,-0.14772466676353257,0.21179479504505713
3690.74,4911.65934065934,0.00388883,-0.0254016,0.1515786475502078,-0.2373280209424501,-0.1476898175502078,0.2119264209424501
3691.66,4913.175824175823,0.00418194,-0.0255263,0.1519563932310551,-0.23753105112231698,-0.1477744532310551,0.21200475112231698
3692.57,4914.675824175824,0.00434382,-0.025671,0.15232994226136265,-0.2377318718970221,-0.14798612226136265,0.2120608718970221
3693.49,4916.192307692307,0.00437263,-0.0257966,0.15270750483099887,-0.23793489692199643,-0.1483348748309989,0.21213829692199643
3694.41,4917.708791208791,0.00428207,-0.0258644,0.1530849758274494,-0.23813791937351442,-0.1488029058274494,0.2122735193735144
3695.32,4919.208791208791,0.00410111,-0.0258426,0.15345825410734593,-0.23833873253936683,-0.14935714410734593,0.21249613253936683
3696.24,4920.725274725274,0.00387065,-0.0257118,0.15383554390550994,-0.23854174990754723,-0.14996489390550993,0.21282994990754722
3697.15,4922.225274725275,0.00363727,-0.0254701,0.15420864358035624,-0.23874255806859113,-0.15057137358035624,0.21327245806859113
3698.07,4923.741758241758,0.00344437,-0.025134,0.15458575343837735,-0.2389455704003593,-0.15114138343837735,0.2138115704003593
3698.98,4925.241758241758,0.00332358,-0.0247352,0.15495867574684613,-0.23914637360274,-0.15163509574684614,0.21441117360273998
3699.9,4926.758241758242,0.00328911,-0.0243121,0.15533560691118467,-0.2393493809444775,-0.15204649691118466,0.2150372809444775
3700.81,4928.258241758242,0.00333718,-0.0239013,0.15570835308046085,-0.23955017923380664,-0.15237117308046086,0.21564887923380666
3701.73,4929.774725274725,0.00345044,-0.0235295,0.15608510678603063,-0.23975318163135922,-0.15263466678603063,0.21622368163135922
3702.65,4931.291208791209,0.00360506,-0.0232096,0.1564617717402258,-0.23995618156046142,-0.1528567117402258,0.21674658156046142
3703.56,4932.791208791208,0.00377797,-0.0229417,0.1568342555022463,-0.2401569725514069,-0.15305628550224631,0.21721527255140688
3704.48,4934.307692307692,0.00395222,-0.022716,0.15721074483199798,-0.24035996760422665,-0.15325852483199798,0.21764396760422666
3705.4,4935.824175824176,0.00411936,-0.0225187,0.1575871463261525,-0.24056296022243734,-0.15346778632615252,0.21804426022243734
3706.31,4937.324175824176,0.00427939,-0.0223359,0.1579593703885661,-0.240763744015057,-0.15367998038856612,0.21842784401505702
3707.23,4938.840659340659,0.00444,-0.0221554,0.1583355980672767,-0.24096673182371905,-0.1538955980672767,0.21881133182371906
3708.15,4940.357142857143,0.00461341,-0.0219683,0.15871173881354636,-0.24116971723103192,-0.15409832881354635,0.21920141723103193
3709.06,4941.857142857142,0.00480326,-0.0217853,0.15908370584668435,-0.24137049392366472,-0.15428044584668435,0.2195851939236647
3709.98,4943.373626373626,0.00501483,-0.021614,0.15945967456162158,-0.24157347458701836,-0.15444484456162158,0.21995947458701837
3710.9,4944.89010989011,0.00524804,-0.021465,0.1598355572348703,-0.24177645288171334,-0.1545875172348703,0.22031145288171333
3711.81,4946.39010989011,0.00549671,-0.0213493,0.1602072698723904,-0.24197722257101467,-0.1547105598723904,0.22062792257101466
3712.73,4947.906593406593,0.00574885,-0.0212752,0.16058298227395867,-0.242180196186219,-0.15483413227395867,0.220904996186219
3713.65,4949.423076923077,0.00598818,-0.0212461,0.1609586095124006,-0.24238316746489755,-0.1549704295124006,0.22113706746489756
3714.57,4950.93956043956,0.00619626,-0.0212596,0.1613341518789501,-0.2425861364176778,-0.15513789187895008,0.2213265364176778
3715.48,4952.43956043956,0.00635525,-0.0213062,0.16170552905429064,-0.24278689690843264,-0.15535027905429064,0.22148069690843264
3716.4,4953.956043956044,0.00645071,-0.0213706,0.1620809034601183,-0.24298986126605226,-0.1556301934601183,0.22161926126605228
3717.32,4955.472527472528,0.00647405,-0.0214332,0.1624561938566714,-0.2431928233291799,-0.1559821438566714,0.22175962332917992
3718.24,4956.98901098901,0.00642405,-0.0214732,0.16283140052991066,-0.2433957831082033,-0.15640735052991067,0.22192258310820331
3719.15,4958.489010989011,0.00630726,-0.0214714,0.1632024467855624,-0.24359653456579822,-0.15689518678556238,0.22212513456579822
3720.07,4960.005494505494,0.00613672,-0.0214139,0.16357748776719605,-0.24379948983208902,-0.15744076776719604,0.222385589832089
3720.99,4961.521978021978,0.00592957,-0.0212939,0.1639524458725513,-0.24400244284497524,-0.15802287587255132,0.22270854284497524
3721.91,4963.038461538461,0.00570372,-0.0211132,0.16432732138243566,-0.2442053936146117,-0.15862360138243567,0.2230921936146117
3722.83,4964.554945054945,0.00547476,-0.0208803,0.16470211457638262,-0.24440834215109525,-0.15922735457638262,0.22352804215109526
3723.75,4966.071428571428,0.0052536,-0.0206088,0.1650768257326595,-0.2446112884644659,-0.1598232257326595,0.22400248846446588
3724.67,4967.587912087912,0.00504565,-0.0203141,0.1654514551282743,-0.24481423256470694,-0.1604058051282743,0.22450013256470694
3725.58,4969.087912087912,0.00485162,-0.0200099,0.1658219323031002,-0.24501496858336863,-0.1609703123031002,0.22500506858336863
3726.5,4970.604395604395,0.00466947,-0.0197066,0.1661963998846646,-0.2452179083108632,-0.16152692988466458,0.22551130831086322
3727.42,4972.120879120879,0.00449709,-0.0194099,0.16657078652614374,-0.2454208458547354,-0.16207369652614373,0.22601094585473538
3728.34,4973.6373626373625,0.00433477,-0.0191217,0.16694509249959338,-0.24562378122474615,-0.1626103224995934,0.22650208122474616
3729.26,4975.153846153847,0.0041868,-0.0188418,0.16731931807584527,-0.2458267144306016,-0.16313251807584528,0.22698491443060162
3730.18,4976.670329670329,0.00406186,-0.0185707,0.1676934635245138,-0.24602964548195355,-0.1636316035245138,0.22745894548195356
3731.1,4978.186813186813,0.00397199,-0.0183116,0.1680675291140039,-0.2462325743883998,-0.1640955391140039,0.22792097438839978
3732.02,4979.7032967032965,0.00393032,-0.0180727,0.1684415151115163,-0.2464355011594842,-0.16451119511151632,0.2283628011594842
3732.94,4981.21978021978,0.00394801,-0.0178677,0.16881542178305547,-0.24663842580469758,-0.16486741178305547,0.2287707258046976
3733.86,4982.736263736264,0.00403085,-0.0177155,0.1691892493934359,-0.2468413483334776,-0.1651583993934359,0.2291258483334776
3734.78,4984.252747252747,0.00417604,-0.0176377,0.1695629982062887,-0.2470442687552094,-0.1653869582062887,0.2294065687552094
3735.7,4985.7692307692305,0.00437012,-0.0176548,0.16993666848406838,-0.24724718707922572,-0.16556654848406838,0.22959238707922572
3736.62,4987.285714285714,0.00458843,-0.0177817,0.17031026048805992,-0.24745010331480766,-0.1657218304880599,0.22966840331480765
3737.54,4988.802197802198,0.00479719,-0.0180218,0.17068377447838418,-0.24765301747118457,-0.16588658447838417,0.22963121747118456
3738.46,4990.318681318681,0.00495833,-0.0183624,0.17105721071400526,-0.2478559295575346,-0.16609888071400525,0.2294935295575346
3739.38,4991.8351648351645,0.00503682,-0.0187729,0.1714305694527368,-0.24805883958298502,-0.1663937494527368,0.22928593958298502
3740.3,4993.351648351649,0.00500912,-0.0192057,0.17180385095124823,-0.24826174755661268,-0.16679473095124822,0.22905604755661269
3741.22,4994.868131868131,0.00487098,-0.0196017,0.1721770554650711,-0.24846465348744395,-0.1673060754650711,0.22886295348744395
3742.14,4996.384615384615,0.00464163,-0.0198993,0.17255018324860605,-0.24866755738445578,-0.16790855324860604,0.22876825738445578
3743.06,4997.9010989010985,0.00436049,-0.0200486,0.17292323455512806,-0.2488704592565753,-0.16856274455512807,0.2288218592565753
3743.98,4999.417582417583,0.00408507,-0.020016,0.17329620963679337,-0.24907335911268041,-0.16921113963679338,0.2290573591126804
3744.91,5000.950549450549,0.00388075,-0.0197916,0.17367316157934992,-0.2492784623620068,-0.16979241157934993,0.2294868623620068
3745.83,5002.4670329670325,0.00381023,-0.0193919,0.17404598414160938,-0.2494813581908483,-0.17023575414160938,0.2300894581908483
3746.75,5003.983516483517,0.00392276,-0.0188582,0.174418731231528,-0.24968425203011207,-0.17049597123152802,0.23082605203011208
3747.67,5005.5,0.00424477,-0.0182511,0.1747914030968361,-0.2498871438884821,-0.1705466330968361,0.2316360438884821
3748.59,5007.016483516483,0.00477256,-0.017643,0.17516399998417592,-0.2500900337745946,-0.1703914399841759,0.2324470337745946
3749.51,5008.5329670329675,0.00546844,-0.0171073,0.17553652213910717,-0.25029292169703876,-0.17006808213910718,0.23318562169703877
3750.44,5010.065934065934,0.00626186,-0.016706,0.1759130177419914,-0.25049801293590007,-0.16965115774199138,0.23379201293590007
3751.36,5011.582417582417,0.00705693,-0.0164778,0.17628539035881377,-0.2507008969354745,-0.16922846035881378,0.2342230969354745
3752.28,5013.0989010989015,0.00774729,-0.0164275,0.17665768897610157,-0.2509037789969586,-0.16891039897610158,0.23447627899695858
3753.2,5014.615384615384,0.00823641,-0.0165239,0.17702991383513303,-0.25110665912875496,-0.16879350383513303,0.23458275912875495
3754.12,5016.131868131868,0.00845873,-0.0167054,0.17740206517613438,-0.25130953733922057,-0.16894333517613438,0.23460413733922056
3755.05,5017.6648351648355,0.00839527,-0.0168958,0.17777818716334104,-0.25151461880333353,-0.16938291716334103,0.23461881880333355
3755.97,5019.181318681318,0.00807773,-0.0170251,0.17815019139216,-0.25171749317536773,-0.17007246139216,0.23469239317536772
3756.89,5020.697802197802,0.00757861,-0.0170491,0.17852212281993823,-0.2519203656509593,-0.17094351281993822,0.2348712656509593
3757.82,5022.2307692307695,0.00699028,-0.0169621,0.17889802322910192,-0.2521254413430204,-0.17190774322910193,0.2351633413430204
3758.74,5023.747252747252,0.00639926,-0.0167967,0.17926980897704806,-0.25232831002981954,-0.17287054897704807,0.23553161002981954
3759.66,5025.263736263736,0.00586403,-0.0166126,0.17964152263160607,-0.25253117684466037,-0.17377749263160608,0.23591857684466036
3760.58,5026.780219780219,0.00540273,-0.0164765,0.18001316442576906,-0.2527340417955868,-0.17461043442576907,0.23625754179558678
3761.51,5028.313186813187,0.00499374,-0.0164411,0.18038877300500783,-0.2529391099140741,-0.17539503300500783,0.2364980099140741
3762.43,5029.82967032967,0.00458807,-0.0165285,0.1807602709985422,-0.2531419711410873,-0.1761722009985422,0.23661347114108727
3763.35,5031.346153846153,0.00412842,-0.016723,0.18113169782713237,-0.25334483052814477,-0.17700327782713238,0.23662183052814478
3764.28,5032.879120879121,0.00356887,-0.016975,0.18150708980798536,-0.25354989304650527,-0.17793821980798535,0.23657489304650528
3765.2,5034.395604395604,0.00288975,-0.0172126,0.18187837422533906,-0.2537527487574375,-0.17898862422533907,0.23654014875743748
3766.12,5035.912087912087,0.00210478,-0.0173577,0.18224958816421263,-0.2539556026519867,-0.18014480816421263,0.23659790265198669
3767.05,5037.445054945055,0.00126063,-0.017342,0.18262476563601554,-0.2541606596419674,-0.18136413563601553,0.23681865964196738
3767.97,5038.961538461538,0.000430279,-0.0171208,0.1829958385351207,-0.2543635099074112,-0.1825655595351207,0.2372427099074112
3768.9,5040.494505494506,-0.000297824,-0.0166819,0.18337087389308732,-0.25456856324454163,-0.18366869789308732,0.23788666324454164
3769.82,5042.010989010989,-0.000833291,-0.0160509,0.18374180665854736,-0.2547714099118629,-0.18457509765854738,0.23872050991186292
3770.74,5043.527472527472,-0.001099,-0.0152911,0.1841126700708599,-0.25497425480127944,-0.1852116700708599,0.23968315480127944
3771.67,5045.06043956044,-0.00104658,-0.0144969,0.18448749434486275,-0.25517930272714395,-0.18553407434486274,0.24068240272714395
3772.59,5046.576923076923,-0.000669678,-0.0137812,0.18485821896574403,-0.25538214406420945,-0.18552789696574404,0.24160094406420946
3773.52,5048.10989010989,-1.1413e-05,-0.0132559,0.18523290338891682,-0.25558718841439615,-0.1852443163889168,0.24233128841439616
3774.44,5049.626373626374,0.000837982,-0.0130085,0.1856034901052141,-0.25579002622927294,-0.1847655081052141,0.24278152622927293
3775.37,5051.15934065934,0.00175532,-0.0130818,0.18597803557020548,-0.25599506703410935,-0.18422271557020548,0.24291326703410934
3776.29,5052.675824175824,0.00260831,-0.0134617,0.18634848526119208,-0.25619790135663867,-0.18374017526119207,0.24273620135663868
3777.22,5054.208791208791,0.00328223,-0.0140793,0.18672289265303524,-0.2564029386461296,-0.18344066265303524,0.24232363864612963
3778.14,5055.725274725274,0.003701,-0.0148286,0.18709320619049127,-0.25660576950583575,-0.18339220619049126,0.24177716950583575
3779.07,5057.258241758242,0.00383987,-0.015586,0.18746747638668562,-0.2568108033096679,-0.18362760638668563,0.2412248033096679
3779.99,5058.774725274725,0.00372381,-0.0162354,0.18783765463497815,-0.2570136307357621,-0.18411384463497815,0.2407782307357621
3780.92,5060.307692307692,0.0034171,-0.0166874,0.1882117885055691,-0.2572186610833075,-0.1847946885055691,0.2405312610833075
3781.84,5061.824175824176,0.00300773,-0.0168904,0.18858183232173134,-0.25742148510469226,-0.18557410232173133,0.24053108510469226
3782.77,5063.357142857142,0.00259044,-0.016835,0.18895583072939007,-0.2576265120250126,-0.18636539072939007,0.2407915120250126
3783.7,5064.89010989011,0.002251,-0.0165516,0.18932976136300114,-0.25783153723333785,-0.18707876136300114,0.24127993723333785
3784.62,5066.406593406593,0.00205299,-0.0161027,0.18969960476330056,-0.25803435619213605,-0.18764661476330055,0.24193165619213605
3785.55,5067.93956043956,0.00202871,-0.0155703,0.19007340121662308,-0.258239378016333,-0.1880446912166231,0.242669078016333
3786.47,5069.456043956044,0.00217528,-0.0150417,0.19044311229805475,-0.25844219364142706,-0.18826783229805474,0.24340049364142707
3787.4,5070.989010989011,0.00245761,-0.0145923,0.19081677541564496,-0.2586472121097979,-0.18835916541564496,0.2440549121097979
3788.33,5072.521978021978,0.002818,-0.0142733,0.19119037182175483,-0.258852228901782,-0.18837237182175484,0.244578928901782
3789.25,5074.038461538461,0.00319086,-0.0141032,0.1915598856294709,-0.2590550395695891,-0.18836902562947092,0.24495183956958907
3790.18,5075.571428571428,0.0035187,-0.0140691,0.1919333499556302,-0.25926005304772026,-0.18841464995563018,0.24519095304772026
3791.11,5077.104395604396,0.00376489,-0.0141346,0.19230674819760812,-0.259465064870399,-0.18854185819760813,0.245330464870399
3792.03,5078.620879120879,0.00392023,-0.0142528,0.1926760665866099,-0.2596678706428233,-0.1887558365866099,0.2454150706428233
3792.96,5080.153846153846,0.00400195,-0.0143802,0.19304933398862908,-0.2598728791929648,-0.18904738398862908,0.2454926791929648
3793.89,5081.686813186813,0.00404688,-0.0144879,0.19342253592589057,-0.26007788610826016,-0.18937565592589056,0.24558998610826016
3794.81,5083.2032967032965,0.00410083,-0.0145669,0.19379166072789283,-0.26028068704623814,-0.18969083072789283,0.24571378704623814
3795.74,5084.736263736263,0.00420758,-0.0146301,0.19416473304964643,-0.2604856907296669,-0.18995715304964644,0.24585559072966687
3796.67,5086.2692307692305,0.00439921,-0.0147072,0.19453774051831527,-0.260690692798535,-0.19013853051831528,0.24598349279853501
3797.6,5087.802197802197,0.00468958,-0.0148386,0.19491068333681427,-0.2608956932595577,-0.19022110333681427,0.24605709325955769
3798.52,5089.318681318681,0.00507154,-0.0150657,0.1952795526044257,-0.2610984878390921,-0.19020801260442569,0.24603278783909213
3799.45,5090.851648351648,0.00551828,-0.0154223,0.19565236741769776,-0.26130348512154056,-0.19013408741769777,0.24588118512154056
3800.38,5092.384615384615,0.00598804,-0.0159272,0.19602511818231766,-0.26150848081600975,-0.19003707818231766,0.24558128081600974
3801.31,5093.917582417582,0.00643176,-0.0165785,0.19639780509783852,-0.2617134749290763,-0.18996604509783852,0.24513497492907632
3802.24,5095.450549450549,0.00680183,-0.0173532,0.1967704283629823,-0.2619184674672831,-0.1899685983629823,0.24456526746728308
3803.16,5096.9670329670325,0.0070608,-0.0182087,0.19713898249293088,-0.2621212542414805,-0.19007818249293087,0.24391255424148048
3804.09,5098.5,0.00718824,-0.0190891,0.19751147972930108,-0.2623262436662205,-0.19032323972930107,0.24323714366622048
3805.02,5100.032967032967,0.00718466,-0.0199331,0.1978839139044062,-0.26253123153545677,-0.1906992539044062,0.24259813153545676
3805.95,5101.565934065934,0.00707141,-0.0206836,0.1982562852136931,-0.2627362178555978,-0.1911848752136931,0.2420526178555978
3806.88,5103.0989010989015,0.00688658,-0.0212961,0.1986285938517984,-0.2629412026330192,-0.1917420138517984,0.2416451026330192
3807.81,5104.631868131868,0.00667744,-0.0217446,0.19900084001255197,-0.263146185874063,-0.19232340001255196,0.24140158587406302
3808.74,5106.164835164835,0.0064913,-0.0220236,0.19937302388898237,-0.2633511675850392,-0.19288172388898236,0.24132756758503918
3809.66,5107.681318681318,0.00636675,-0.0221457,0.19974114469337437,-0.2635539436922729,-0.19337439469337436,0.24140824369227293
3810.59,5109.214285714286,0.00632798,-0.0221357,0.2001132052416399,-0.26375892237819765,-0.19378522524163988,0.24162322237819764
3811.52,5110.747252747253,0.00638326,-0.0220217,0.2004852040778512,-0.2639638995527227,-0.1941019440778512,0.2419421995527227
3812.45,5112.280219780219,0.00652749,-0.0218327,0.2008571413918789,-0.26416887522202936,-0.1943296513918789,0.24233617522202935
3813.38,5113.813186813187,0.00674742,-0.0215935,0.20122901737281226,-0.2643738493922673,-0.19448159737281226,0.24278034939226734
3814.31,5115.346153846153,0.00702733,-0.0213227,0.2016008322089624,-0.2645788220695541,-0.1945735022089624,0.24325612206955408
3815.24,5116.87912087912,0.0073529,-0.0210362,0.2019725860878678,-0.2647837932599766,-0.1946196860878678,0.24374759325997658
3816.17,5118.412087912088,0.00771263,-0.0207505,0.20234427919629744,-0.2649887629695903,-0.19463164919629744,0.24423826296959028
3817.1,5119.945054945055,0.00809603,-0.0204857,0.2027159117202542,-0.26519373120441947,-0.19461988172025418,0.24470803120441947
3818.03,5121.478021978022,0.00848996,-0.0202659,0.2030874838449803,-0.2653986979704581,-0.1945975238449803,0.24513279797045812
3818.96,5123.010989010989,0.00887367,-0.0201176,0.20345899575495963,-0.2656036632736693,-0.19458532575495963,0.24548606327366929
3819.89,5124.543956043955,0.00921504,-0.0200642,0.20383044763392283,-0.26580862711998593,-0.19461540763392282,0.24574442711998593
3820.82,5126.076923076923,0.00946937,-0.0201186,0.20420183966485075,-0.2660135895153107,-0.19473246966485075,0.2458949895153107
3821.75,5127.60989010989,0.0095825,-0.020275,0.2045731720299776,-0.266218550465516,-0.1949906720299776,0.24594355046551603
3822.68,5129.142857142857,0.00949868,-0.0205022,0.20494444491079597,-0.26642350997644487,-0.19544576491079596,0.24592130997644487
3823.61,5130.675824175824,0.00917258,-0.0207409,0.20531565848805994,-0.2666284680539105,-0.19614307848805995,0.2458875680539105
3824.54,5132.208791208791,0.00858262,-0.0209078,0.20568681294178848,-0.2668334247036963,-0.1971041929417885,0.2459256247036963
3825.47,5133.741758241757,0.00774276,-0.0209066,0.2060579084512702,-0.267038379931557,-0.1983151484512702,0.246131779931557
3826.41,5135.291208791208,0.00670867,-0.0206438,0.2064329345187793,-0.2672455375399691,-0.1997242645187793,0.2466017375399691
3827.34,5136.824175824176,0.00557631,-0.0200482,0.2068039120457144,-0.26745048992599063,-0.2012276020457144,0.24740228992599064
3828.27,5138.357142857142,0.00447163,-0.0190883,0.20717483116381988,-0.26765544090723703,-0.20270320116381987,0.24856714090723703
3829.2,5139.89010989011,0.00353252,-0.0177848,0.20754569204948983,-0.26786039048934707,-0.20401317204948982,0.2500755904893471
3830.13,5141.423076923077,0.00288558,-0.0162142,0.207916494878406,-0.2680653386779314,-0.205030914878406,0.2518511386779314
3831.06,5142.956043956044,0.00262263,-0.0145013,0.2082872398255406,-0.2682702854785719,-0.2056646098255406,0.2537689854785719
3831.99,5144.48901098901,0.00278164,-0.0128015,0.20865792706516118,-0.2684752308968228,-0.20587628706516117,0.25567373089682277
3832.93,5146.038461538461,0.00333741,-0.0112762,0.2090325417244676,-0.26868237863011796,-0.2056951317244676,0.25740617863011794
3833.86,5147.571428571428,0.00420425,-0.0100655,0.20940311345320978,-0.2688873212854245,-0.20519886345320978,0.25882182128542447
3834.79,5149.104395604395,0.0052499,-0.00926669,0.20977362799489088,-0.2690922625748956,-0.20452372799489088,0.2598255725748956
3835.72,5150.6373626373625,0.00631643,-0.00892081,0.21014408552098524,-0.2692972025039747,-0.20382765552098522,0.2603763925039747
3836.65,5152.17032967033,0.00724334,-0.00900953,0.21051448620227933,-0.2695021410780779,-0.20327114620227935,0.2604926110780779
3837.58,5153.7032967032965,0.00788747,-0.0094609,0.21088483020887513,-0.2697070783025941,-0.20299736020887513,0.2602461783025941
3838.52,5155.252747252747,0.00813839,-0.0101603,0.2112590989897868,-0.26991421778721625,-0.2031207089897868,0.25975391778721624
3839.45,5156.785714285714,0.00792868,-0.0109635,0.21162932954971855,-0.2701191523142504,-0.20370064954971856,0.25915565231425036
3840.38,5158.318681318681,0.00724105,-0.011711,0.21199950394299158,-0.2703240855077609,-0.20475845394299158,0.25861308550776085
3841.31,5159.851648351648,0.00611323,-0.0122435,0.21236962233699772,-0.27052901737302976,-0.20625639233699772,0.25828551737302974
3842.25,5161.4010989010985,0.00464015,-0.0124203,0.21274366376299284,-0.27073615146236085,-0.20810351376299283,0.25831585146236086
3843.18,5162.934065934065,0.00297003,-0.012142,0.21311367006031293,-0.2709410806727471,-0.21014364006031291,0.2587990806727471
3844.12,5164.483516483516,0.00128974,-0.0113741,0.2134875985229074,-0.27114821208930745,-0.2121978585229074,0.25977411208930745
3845.05,5166.016483516483,-0.000203949,-0.0101645,0.21385749339225238,-0.27135313866585,-0.2140614423922524,0.26118863866584996
3845.98,5167.549450549451,-0.00134368,-0.00864417,0.21422733309287217,-0.2715580639402815,-0.2155710130928722,0.2629138939402815
3846.92,5169.0989010989015,-0.00202929,-0.0070048,0.2146010936693976,-0.2717651913943275,-0.2166303836693976,0.2647603913943275
3847.85,5170.631868131868,-0.00224848,-0.00545625,0.21497082293337202,-0.27197011406602734,-0.21721930293337202,0.26651386406602734
3848.78,5172.1648351648355,-0.00207153,-0.00418094,0.2153404975186968,-0.2721750354509743,-0.2174120275186968,0.2679940954509743
3849.71,5173.697802197802,-0.00162451,-0.00330095,0.2157101175868568,-0.27237995555421873,-0.2173346275868568,0.2690790055542187
3850.65,5175.247252747253,-0.00105508,-0.00286687,0.2160836568287618,-0.27258707780210983,-0.21713873682876178,0.2697202078021098
3851.58,5176.780219780219,-0.000504329,-0.00286428,0.21645316776261475,-0.2727919953433553,-0.21695749676261475,0.2699277153433553
3852.52,5178.32967032967,-9.03462e-05,-0.00322939,0.21682659702343168,-0.2729991150118922,-0.2169169432234317,0.2697697250118922
3853.45,5179.862637362637,9.80429e-05,-0.00386399,0.21719599946816073,-0.27320403001125837,-0.21709795656816072,0.2693400400112584
3854.39,5181.412087912087,2.78668e-06,-0.00464642,0.21756931939742846,-0.27341114712067666,-0.21756653271742846,0.26876472712067667
3855.32,5182.945054945055,-0.00040125,-0.00543784,0.21793861399312114,-0.2736160595980852,-0.21833986399312114,0.2681782195980852
3856.25,5184.478021978021,-0.00109972,-0.0060881,0.2183078551894197,-0.2738209708286148,-0.2194075751894197,0.2677328708286148
3857.19,5186.027472527472,-0.00202784,-0.00644654,0.21868101261695175,-0.27402808414359847,-0.22070885261695175,0.26758154414359847
3858.12,5187.56043956044,-0.00306002,-0.00638377,0.21905014691321595,-0.2742329928816345,-0.22211016691321595,0.2678492228816345
3859.06,5189.109890109889,-0.00401101,-0.00582618,0.2194231966090392,-0.274440103687171,-0.2234342066090392,0.26861392368717096
3859.99,5190.642857142857,-0.00466135,-0.00479424,0.21979222463284961,-0.27464500995215085,-0.22445357463284962,0.26985076995215085
3860.93,5192.192307692308,-0.00481144,-0.00342341,0.22016516722879917,-0.27485211826779016,-0.22497660722879917,0.27142870826779014
3861.86,5193.725274725275,-0.00434605,-0.00194549,0.22053408960281462,-0.2750570220789614,-0.2248801396028146,0.2731115320789614
3862.8,5195.274725274726,-0.00327681,-0.000629215,0.22090692572577522,-0.2752641279240627,-0.2241837357257752,0.27463491292406267
3863.74,5196.824175824176,-0.00173792,0.000291741,0.22127970856276785,-0.2754712325345413,-0.22301762856276786,0.2757629735345413
3864.67,5198.357142857143,5.70505e-05,0.000668364,0.2216484733397347,-0.2756761326942188,-0.2215914228397347,0.2763444966942188
3865.61,5199.906593406594,0.00186872,0.000448264,0.2220211506365397,-0.27588323486289623,-0.22015243063653972,0.2763314988628962
3866.54,5201.43956043956,0.00347079,-0.000338358,0.22238981130076574,-0.276088132616117,-0.21891902130076574,0.275749774616117
3867.48,5202.989010989011,0.00466898,-0.00159951,0.22276238367208992,-0.27629523236188436,-0.21809340367208993,0.27469572236188433
3868.41,5204.521978021978,0.00530804,-0.00319483,0.2231309408293711,-0.27650012772724786,-0.2178229008293711,0.2733052977272479
3869.35,5206.071428571428,0.00527949,-0.00494086,0.2235034088851386,-0.27670722506881357,-0.2182239188851386,0.2717663650688136
3870.29,5207.620879120879,0.0045386,-0.0066146,0.22387582473306966,-0.2769143212088585,-0.21933722473306966,0.2702997212088585
3871.22,5209.153846153846,0.00313104,-0.00796956,0.2242442274819605,-0.27711921302063036,-0.2211131874819605,0.2691496530206304
3872.16,5210.7032967032965,0.00121592,-0.00877575,0.2246165399219606,-0.27732630678424613,-0.22340061992196059,0.2685505567842461
3873.1,5212.252747252747,-0.000938095,-0.00888217,0.22498880060770435,-0.2775333993602004,-0.22592689560770435,0.26865122936020036
3874.03,5213.785714285715,-0.00300361,-0.00827579,0.22535705028970382,-0.2777382876593702,-0.2283606602897038,0.2694624976593702
3874.97,5215.3351648351645,-0.00468249,-0.00709795,0.2257292084646033,-0.2779453778862662,-0.2304116984646033,0.2708474278862662
3875.91,5216.884615384615,-0.00578776,-0.0055979,0.22610131533356767,-0.27815246693915985,-0.23188907533356767,0.27255456693915986
3876.84,5218.417582417583,-0.00627497,-0.00404785,0.22646941327462058,-0.2783573517661253,-0.23274438327462058,0.2743095017661253
3877.78,5219.967032967033,-0.00621531,-0.00266693,0.22684141851944187,-0.2785644384969372,-0.23305672851944187,0.27589750849693717
3878.72,5221.516483516483,-0.00573877,-0.00158547,0.2272133729014661,-0.27877152406720884,-0.2329521429014661,0.27718605406720886
3879.65,5223.049450549451,-0.00498047,-0.000848154,0.22758132041218898,-0.2789764054617862,-0.23256179041218897,0.2781282514617862
3880.59,5224.5989010989015,-0.0040463,-0.000438976,0.22795317404653576,-0.2791834887365648,-0.23199947404653576,0.2787445127365648
3881.53,5226.148351648352,-0.00299832,-0.000311194,0.22832497725611636,-0.27939057086407243,-0.23132329725611636,0.2790793768640724
3882.47,5227.697802197802,-0.00185394,-0.000415071,0.22869673018633307,-0.2795976518487052,-0.23055067018633307,0.27918258084870523
3883.41,5229.247252747252,-0.000594742,-0.000721197,0.2290684329820282,-0.27980473169483855,-0.2296631749820282,0.27908353469483854
3884.34,5230.78021978022,0.000816573,-0.00123896,0.2294361322968109,-0.2800096074477585,-0.2286195592968109,0.2787706474477585
3885.28,5232.32967032967,0.00240993,-0.00202684,0.22980773578528702,-0.2802166850419306,-0.227397805785287,0.2781898450419306
3886.22,5233.879120879121,0.00417533,-0.00318858,0.23017928956891018,-0.2804237615105568,-0.22600395956891017,0.2772351815105568
3887.16,5235.428571428571,0.0060315,-0.00484888,0.23055079379031293,-0.2806308368579297,-0.22451929379031293,0.2757819568579297
3888.1,5236.978021978021,0.00781063,-0.00710921,0.2309222485915803,-0.28083791108832046,-0.2231116185915803,0.2737287010883205
3889.04,5238.527472527472,0.00927195,-0.00999597,0.23129365411425262,-0.2810449842059803,-0.22202170411425262,0.27104901420598027
3889.97,5240.060439560439,0.0101455,-0.013422,0.23166106015758606,-0.2812498533272443,-0.22151556015758606,0.2678278533272443
3890.91,5241.609890109889,0.0101912,-0.0171771,0.2320323680660331,-0.2814569242438401,-0.2218411680660331,0.2642798242438401
3891.85,5243.15934065934,0.00925387,-0.0209493,0.2324036271157791,-0.28166399406029247,-0.2231497571157791,0.26071469406029246
3892.79,5244.708791208791,0.00730055,-0.024364,0.23277483744621785,-0.28187106278077234,-0.22547428744621786,0.25750706278077234
3893.73,5246.258241758242,0.00444107,-0.0270308,0.2331459991962112,-0.28207813040943064,-0.22870492919621122,0.2550473304094306
3894.67,5247.807692307692,0.000936668,-0.0285931,0.23351711250409196,-0.2822851969503988,-0.23258044450409196,0.2536920969503988
3895.61,5249.357142857143,-0.00280276,-0.0287861,0.23388817750766627,-0.2824922624077883,-0.23669093750766626,0.2537061624077883
3896.55,5250.906593406594,-0.00624221,-0.0275036,0.23425919434421622,-0.2826993267856915,-0.2405014043442162,0.25519572678569147
3897.49,5252.456043956044,-0.00878207,-0.0248693,0.23463016315050203,-0.2829063900881811,-0.24341223315050203,0.2580370900881811
3898.43,5254.005494505494,-0.00986654,-0.0212834,0.23500108406276524,-0.2831134523193108,-0.24486762406276524,0.2618300523193108
3899.37,5255.554945054944,-0.00912798,-0.0174078,0.2353719572167303,-0.28332051348311493,-0.2444999372167303,0.26591271348311496
3900.31,5257.104395604395,-0.0065242,-0.0140648,0.23574278274760752,-0.2835275735836089,-0.24226698274760752,0.2694627735836089
3901.25,5258.653846153846,-0.00240566,-0.0120565,0.2361135607900956,-0.28373463262478904,-0.2385192207900956,0.271678132624789
3902.19,5260.2032967032965,0.00252854,-0.0119677,0.23648429147838362,-0.283941690610633,-0.23395575147838363,0.271973990610633
3903.13,5261.752747252747,0.00737558,-0.0140222,0.23685497494615396,-0.28414874754509944,-0.22947939494615396,0.27012654754509946
3904.06,5263.285714285714,0.0112167,-0.01804,0.23722166863370348,-0.2843536007154247,-0.22600496863370348,0.2663136007154247
3905.01,5264.851648351649,0.0132841,-0.0234846,0.23759620075235027,-0.28456285827564254,-0.22431210075235028,0.2610782582756425
3905.95,5266.4010989010985,0.0130742,-0.0295627,0.2379667433556275,-0.28476991207954394,-0.2248925433556275,0.25520721207954394
3906.89,5267.950549450549,0.0104106,-0.0353384,0.23833723926809477,-0.28497696484771823,-0.22792663926809478,0.24963856484771824
3907.83,5269.5,0.00547221,-0.0398465,0.2387076886209351,-0.2851840165840321,-0.2332354786209351,0.24533751658403208
3908.77,5271.049450549451,-0.00119877,-0.0422116,0.23907809154483925,-0.2853910672923341,-0.24027686154483924,0.24317946729233408
3909.71,5272.598901098901,-0.00872097,-0.0417841,0.23944844817000718,-0.28559811697645504,-0.24816941817000718,0.24381401697645505
3910.65,5274.148351648351,-0.015955,-0.0382862,0.23981875862615107,-0.28580516564020764,-0.2557737586261511,0.24751896564020764
3911.59,5275.697802197802,-0.0216666,-0.0319372,0.240189023042497,-0.2860122132873868,-0.261855623042497,0.2540750132873868
3912.53,5277.247252747253,-0.024768,-0.0234947,0.2405592415477878,-0.2862192599217699,-0.2653272415477878,0.2627245599217699
3913.48,5278.813186813187,-0.0245802,-0.0141576,0.24093335203231533,-0.28642850815474125,-0.26551355203231536,0.27227090815474125
3914.42,5280.3626373626375,-0.0210204,-0.0053246,0.24130347861479434,-0.286635552764119,-0.26232387861479434,0.281310952764119
3915.36,5281.912087912088,-0.0146299,0.00172057,0.24167355967091914,-0.28684259637196685,-0.2563034596709191,0.28856316637196683
3916.3,5283.461538461539,-0.00643009,0.0060837,0.24204359532751582,-0.2870496389819921,-0.24847368532751582,0.2931333389819921
3917.24,5285.010989010989,0.00232862,0.00740539,0.24241358571093782,-0.2872566805978845,-0.24008496571093782,0.2946620705978845
3918.18,5286.560439560439,0.0104247,0.00585886,0.24278353094706898,-0.2874637212233174,-0.23235883094706897,0.29332258122331745
3919.13,5288.126373626374,0.0168601,0.00204329,0.24315736602841223,-0.28767296340600224,-0.22629726602841224,0.2897162534060022
3920.07,5289.675824175824,0.0209711,-0.00316568,0.243527220868786,-0.28788000205102715,-0.222556120868786,0.28471432205102715
3921.01,5291.225274725275,0.0224716,-0.00876626,0.2438970309380426,-0.28808703971654803,-0.2214254309380426,0.279320779716548
3921.95,5292.774725274725,0.0214536,-0.0137675,0.2442667963602018,-0.2882940764061701,-0.2228131963602018,0.2745265764061701
3922.9,5294.340659340659,0.0183575,-0.0173182,0.24464045022097128,-0.28850331462589934,-0.22628295022097128,0.27118511462589934
3923.84,5295.89010989011,0.0139051,-0.0188314,0.2450101262474767,-0.28871034936418694,-0.2311050262474767,0.26987894936418694
3924.78,5297.43956043956,0.00898084,-0.0180901,0.24537975799750036,-0.28891738313733,-0.23639891799750037,0.27082728313733
3925.72,5298.98901098901,0.00445781,-0.0152994,0.2457493455932331,-0.28912441594886756,-0.2412915355932331,0.27382501594886755
3926.67,5300.554945054945,0.000999796,-0.011041,0.24612282023464752,-0.289333650263711,-0.24512302423464752,0.278292650263711
3927.61,5302.104395604396,-0.00109317,-0.00611694,0.24649231942008007,-0.28954068115245385,-0.24758548942008007,0.28342374115245383
3928.55,5303.653846153847,-0.00192845,-0.00132616,0.24686177481638166,-0.2897477110901484,-0.24879022481638166,0.2884215510901484
3929.5,5305.21978021978,-0.00193194,0.00274304,0.24723511622162406,-0.2899569425112527,-0.24916705622162405,0.2926999825112527
3930.44,5306.7692307692305,-0.00167089,0.00582664,0.24760448393776616,-0.2901639705472327,-0.24927537393776616,0.2959906105472327
3931.38,5308.318681318681,-0.00166622,0.00798293,0.24797380822590767,-0.29037099764257646,-0.24964002822590767,0.29835392764257646
3932.33,5309.884615384615,-0.00225593,0.00950402,0.24834701749378385,-0.2905802262016224,-0.25060294749378387,0.3000842462016224
3933.27,5311.434065934066,-0.00353156,0.0107904,0.2487162548238613,-0.2907872514160426,-0.2522478148238613,0.3015776514160426
3934.21,5312.983516483517,-0.00533783,0.0122273,0.2490854490830948,-0.29099427570009606,-0.2544232790830948,0.30322157570009606
3935.16,5314.54945054945,-0.00731611,0.0140801,0.24945852730031953,-0.29120350142833035,-0.2567746373003195,0.30528360142833033
3936.1,5316.098901098901,-0.00897843,0.0164123,0.24982763531564986,-0.29141052385196675,-0.25880606531564987,0.30782282385196674
3937.05,5317.6648351648355,-0.00981004,0.0190304,0.25020062661072695,-0.2916197477068496,-0.26001066661072697,0.3106501477068496
3937.99,5319.214285714285,-0.0093999,0.0214687,0.2505696488547375,-0.29182676828360793,-0.2599695488547375,0.31329546828360794
3938.93,5320.763736263736,-0.00758881,0.0230376,0.2509386286148937,-0.29203378794681634,-0.2585274386148937,0.31507138794681633
3939.88,5322.32967032967,-0.00459888,0.0229623,0.25131149064534253,-0.2922430090220559,-0.2559103706453425,0.3152053090220559
3940.83,5323.895604395604,-0.00108164,0.0206059,0.2516843095202232,-0.29245222917097335,-0.2527659495202232,0.31305812917097336
3941.77,5325.445054945055,0.00197621,0.0157203,0.2520531616255438,-0.29265924609410077,-0.25007695162554383,0.3083795460941008
3942.71,5326.994505494506,0.00349866,0.00862019,0.2524219717094049,-0.29286626211687145,-0.2489233117094049,0.3014864521168714
3943.66,5328.56043956044,0.00263985,0.000185675,0.2527946627265784,-0.2930754795262891,-0.2501548127265784,0.2932611545262891
3944.6,5330.109890109889,-0.000952059,-0.00831954,0.2531633886649213,-0.29328249374857107,-0.2541154476649213,0.28496295374857106
3945.55,5331.675824175824,-0.00702389,-0.015534,0.2535359948729032,-0.29349170934492713,-0.26055988487290316,0.27795770934492714
3946.49,5333.225274725274,-0.0147699,-0.0202752,0.2539046371230052,-0.29369872177971473,-0.2686745371230052,0.27342352177971474
3947.44,5334.791208791209,-0.0229879,-0.0217369,0.2542771589822566,-0.2939079355760824,-0.2772650589822566,0.2721710355760824
3948.39,5336.357142857142,-0.0302717,-0.0195988,0.25464963861683765,-0.29411714847259385,-0.28492133861683766,0.2745183484725938
3949.33,5337.906593406593,-0.0352031,-0.014074,0.25501815596572064,-0.29432415824558744,-0.2902212559657206,0.28025015824558747
3950.28,5339.472527472528,-0.0365445,-0.00591518,0.25539055193721366,-0.2945333693615334,-0.29193505193721364,0.2886181893615334
3951.22,5341.021978021978,-0.0334408,0.00362908,0.2557589867277803,-0.29474037737904135,-0.2891997867277803,0.29836945737904136
3952.17,5342.587912087912,-0.0256246,0.0129426,0.25613129948834834,-0.2949495867272021,-0.28175589948834834,0.30789218672720214
3953.12,5344.153846153846,-0.0135792,0.0202833,0.25650357059304857,-0.29515879519158367,-0.2700827705930486,0.31544209519158367
3954.06,5345.7032967032965,0.00142475,0.024132,0.2568718821649267,-0.29536580059485396,-0.2554471321649267,0.31949780059485394
3955.01,5347.269230769231,0.0174847,0.0235658,0.2572440707320161,-0.2955750073104388,-0.2397593707320161,0.3191408073104388
3955.96,5348.8351648351645,0.0324225,0.0185236,0.2576162179798423,-0.2957842131517244,-0.2251937179798423,0.3143078131517244
3956.9,5350.384615384615,0.0442388,0.00985005,0.2579844073287155,-0.29599121596879924,-0.21374560732871553,0.30584126596879924
3957.85,5351.950549450549,0.0515129,-0.000904388,0.25835647270497614,-0.2962004200800213,-0.20684357270497614,0.2952960320800213
3958.79,5353.5,0.0536246,-0.011837,0.2587245812618037,-0.29640742119135627,-0.2050999812618037,0.2845704211913563
3959.74,5355.065934065933,0.0507719,-0.0210683,0.2590965652057673,-0.2966166235848422,-0.20832466520576728,0.2755483235848422
3960.69,5356.631868131868,0.0438383,-0.0270436,0.25946850838304997,-0.2968258251195366,-0.21563020838304997,0.2697822251195366
3961.64,5358.197802197802,0.034192,-0.0287277,0.2598404109034412,-0.29703502579851215,-0.22564841090344118,0.26830732579851213
3962.58,5359.747252747253,0.0234703,-0.0257166,0.26020835875056364,-0.2972420235258232,-0.23673805875056364,0.2715254235258232
3963.53,5361.313186813187,0.0133601,-0.0182909,0.26058018071006483,-0.2974512225114525,-0.24722008071006485,0.2791603225114525
3964.48,5362.879120879121,0.00536486,-0.00741537,0.26095196233853857,-0.2976604206504674,-0.25558710233853854,0.2902450506504674
3965.43,5364.445054945055,0.00055189,0.0053454,0.26132370374420893,-0.2978696179458864,-0.26077181374420894,0.3032150179458864
3966.37,5365.994505494506,-0.000682204,0.0180373,0.26169149259828395,-0.2980766123371359,-0.26237369659828397,0.31611391233713587
3967.32,5367.56043956044,0.00125098,0.028665,0.2620631543020418,-0.29828580796316545,-0.2608121743020418,0.32695080796316545
3968.27,5369.126373626374,0.00518559,0.0356148,0.2624347761042206,-0.29849500275454205,-0.2572491861042206,0.33410980275454205
3969.22,5370.692307692308,0.00947461,0.0380168,0.2628063581115064,-0.2987041967142307,-0.2533317481115064,0.3367209967142307
3970.17,5372.258241758242,0.0124069,0.0359098,0.26317790043020367,-0.29891338984518334,-0.25077100043020367,0.33482318984518333
3971.11,5373.807692307692,0.0126182,0.0301558,0.2635454928168931,-0.2991203801303639,-0.2509272928168931,0.3292761801303639
3972.06,5375.373626373626,0.00935503,0.0221674,0.26391695649081026,-0.2993295716212936,-0.2545619264908103,0.3214969716212936
3973.01,5376.93956043956,0.00255077,0.0135737,0.26428838079167705,-0.29953876229223325,-0.26173761079167707,0.3131124622922333
3973.96,5378.505494505494,-0.00724963,0.00592879,0.2646597658242935,-0.2997479521460826,-0.2719093958242935,0.3056767421460826
3974.91,5380.071428571428,-0.0190368,0.000508853,0.2650311116930877,-0.2999571411857287,-0.2840679116930877,0.30046599418572867
3975.86,5381.6373626373625,-0.0314971,-0.00181211,0.26540241850211604,-0.30016632941404564,-0.29689951850211604,0.29835421941404566
3976.81,5383.2032967032965,-0.0431626,-0.000635003,0.26577368635506543,-0.30037551683389485,-0.3089362863550654,0.29974051383389483
3977.76,5384.769230769231,-0.0525595,0.00392229,0.26614491535525536,-0.30058470344812516,-0.31870441535525534,0.30450699344812515
3978.71,5386.3351648351645,-0.0583723,0.0112167,0.2665161056056385,-0.3007938892595727,-0.3248884056056385,0.3120105892595727
3979.65,5387.884615384615,-0.0596324,0.0201295,0.26688335055073475,-0.30100087232772804,-0.3265157505507348,0.32113037232772806
3980.6,5389.450549450549,-0.0559042,0.029206,0.26725446401411257,-0.3012100565504451,-0.3231586640141126,0.3304160565504451
3981.55,5391.016483516483,-0.0474152,0.0368967,0.26762553903329145,-0.3014192399787837,-0.31504073903329144,0.33831593997878373
3982.5,5392.582417582417,-0.0350607,0.0418595,0.26799657570977914,-0.3016284226155306,-0.30305727570977914,0.34348792261553057
3983.45,5394.148351648351,-0.0202507,0.0432403,0.26836757414472573,-0.3018376044634601,-0.28861827414472574,0.3450779044634601
3984.4,5395.714285714285,-0.00463104,0.0408305,0.2687385344389248,-0.3020467855253346,-0.2733695744389248,0.3428772855253346
3985.35,5397.280219780219,0.0102279,0.0350541,0.2691094566928141,-0.302255965803904,-0.2588815566928141,0.337310065803904
3986.3,5398.846153846154,0.0230771,0.0268042,0.26948034100647905,-0.3024651453019065,-0.24640324100647906,0.3292693453019065
3987.25,5400.412087912087,0.0331157,0.0172083,0.2698511874796519,-0.30267432402206795,-0.23673548747965192,0.31988262402206796
3988.2,5401.978021978021,0.040001,0.00740416,0.27022199621171566,-0.30288350196710256,-0.23022099621171566,0.31028766196710256
3989.15,5403.543956043956,0.043783,-0.00162337,0.2705927673017041,-0.3030926791397126,-0.2268097673017041,0.3014693091397126
3990.1,5405.109890109889,0.0448068,-0.00913338,0.27096350084830345,-0.3033018555425885,-0.22615670084830344,0.29416847554258846
3991.06,5406.692307692308,0.0436112,-0.0146593,0.2713380988152773,-0.3035132330231368,-0.2277268988152773,0.28885393302313683
3992.01,5408.258241758242,0.0408334,-0.0179992,0.27170875717716997,-0.30372240788653676,-0.23087535717716998,0.28572320788653677
3992.96,5409.824175824176,0.0371286,-0.0191832,0.2720793782906905,-0.30393158198823134,-0.2349507782906905,0.2847483819882313
3993.91,5411.39010989011,0.0331005,-0.0184249,0.27244996225314816,-0.3041407553308643,-0.23934946225314815,0.2857158553308643
3994.86,5412.956043956044,0.0292522,-0.0160694,0.27282050916151224,-0.30434992791706816,-0.24356830916151223,0.28828052791706815
3995.81,5414.521978021978,0.0259577,-0.0125421,0.27319101911241356,-0.30455909974946327,-0.24723331911241356,0.29201699974946327
3996.76,5416.087912087913,0.0234504,-0.00830697,0.27356149220214654,-0.30476827083065927,-0.25011109220214656,0.29646130083065925
3997.71,5417.653846153846,0.0218214,-0.00383854,0.27393192852667,-0.30497744116325404,-0.25211052852667,0.30113890116325404
3998.66,5419.21978021978,0.0210202,0.000395753,0.274302328181609,-0.30518661074983444,-0.253282128181609,0.30558236374983444
3999.62,5420.802197802197,0.0208463,0.00394999,0.27467658962681657,-0.30539798136632745,-0.2538302896268166,0.30934797136632747
4000.57,5422.368131868132,0.0209369,0.00642468,0.2750469158446458,-0.3056071494608098,-0.2541100158446458,0.3120318294608098
4001.52,5423.934065934066,0.0207578,0.00751074,0.2754172056787718,-0.30581631681699784,-0.2546594056787718,0.31332705681699785
4002.47,5425.499999999999,0.0196199,0.00705656,0.27578745922349607,-0.30602548343743396,-0.25616755922349604,0.31308204343743395
4003.42,5427.065934065934,0.0167489,0.00514371,0.2761576765727928,-0.3062346493246496,-0.25940877657279277,0.31137835932464963
4004.38,5428.648351648351,0.011423,0.00213492,0.27653175427334503,-0.30644601621577694,-0.265108754273345,0.3085809362157769
4005.33,5430.214285714285,0.00317244,-0.00135442,0.2769018991338687,-0.3066551806364493,-0.2737294591338687,0.3053007606364493
4006.28,5431.78021978022,-0.00801418,-0.0045966,0.2772720080799196,-0.3068643443314558,-0.28528618807991957,0.3022677443314558
4007.24,5433.362637362637,-0.0215526,-0.00697828,0.277645976520556,-0.3070757090149394,-0.299198576520556,0.3000974290149394
4008.19,5434.928571428572,-0.0362551,-0.00823274,0.27801601353976785,-0.30728487125849346,-0.31427111353976783,0.29905213125849345
4009.14,5436.494505494505,-0.0504627,-0.00856159,0.2783860149225521,-0.30749403278383874,-0.3288487149225521,0.29893244278383874
4010.09,5438.06043956044,-0.0622879,-0.00858893,0.27875598076062974,-0.30770319359343135,-0.34104388076062975,0.29911426359343135
4011.05,5439.642857142857,-0.0699388,-0.00917122,0.27912980496122053,-0.3079145553711552,-0.3490686049612205,0.2987433353711552
4012.0,5441.208791208791,-0.072092,-0.0111676,0.2794996996120356,-0.30812371474909733,-0.35159169961203557,0.29695611474909733
4012.95,5442.774725274725,-0.0682486,-0.0152842,0.2798695589923724,-0.3083328734186166,-0.3481181589923724,0.29304867341861657
4013.91,5444.357142857142,-0.0589418,-0.0220127,0.2802432758922288,-0.3085442330411543,-0.3391850758922288,0.2865315330411543
4014.86,5445.923076923077,-0.0456831,-0.0316019,0.2806130646338021,-0.3087533902936656,-0.32629616463380207,0.2771514902936656
4015.81,5447.489010989011,-0.0306424,-0.0439911,0.2809828183763035,-0.30896254684498997,-0.3116252183763035,0.26497144684498997
4016.77,5449.071428571428,-0.0161685,-0.0587258,0.2813564288011066,-0.3091739043343552,-0.2975249288011066,0.2504481043343552
4017.72,5450.6373626373625,-0.00432084,-0.0749373,0.2817261124477055,-0.30938305948312644,-0.2860469524477055,0.23444575948312646
4018.68,5452.21978021978,0.00344607,-0.0914386,0.2820996522206763,-0.3095944155600108,-0.27865358222067627,0.21815581556001085
4019.63,5453.785714285715,0.00638947,-0.106904,0.2824692661308095,-0.3098035693157797,-0.2760797961308095,0.20289956931577968
4020.58,5455.351648351648,0.00440874,-0.12003,0.2828388454883512,-0.3100127223822251,-0.2784301054883512,0.1899827223822251
4021.54,5456.934065934066,-0.00209551,-0.129618,0.2832122801445652,-0.3102240763620284,-0.2853077901445652,0.1806060763620284
4022.49,5458.499999999999,-0.0123193,-0.134556,0.28358179029926067,-0.31043322804962015,-0.29590109029926065,0.17587722804962014
4023.45,5460.082417582417,-0.025006,-0.133786,0.2839551552030075,-0.31064458064078926,-0.3089611552030075,0.17685858064078927
4024.4,5461.648351648351,-0.0382094,-0.126397,0.2843245965081879,-0.31085373095887625,-0.3225339965081879,0.18445673095887624
4025.36,5463.2307692307695,-0.049003,-0.112154,0.2846978920152981,-0.3110650821708181,-0.3337008920152981,0.19891108217081807
4026.31,5464.796703296703,-0.0537238,-0.0926155,0.28506726482188544,-0.3112742311286696,-0.3387910648218854,0.21865873112866957
4027.27,5466.379120879121,-0.0496882,-0.0721123,0.28544049128576643,-0.31148558097071133,-0.33512869128576644,0.2393732809707113
4028.22,5467.945054945055,-0.0378902,-0.0564609,0.28580979594229533,-0.3116947285775181,-0.3236999959422953,0.25523382857751814
4029.18,5469.527472527472,-0.0232695,-0.0491061,0.28618295371395164,-0.31190607705890805,-0.30945245371395164,0.26279997705890806
4030.13,5471.093406593406,-0.0111146,-0.0489992,0.28655219056658937,-0.3121152233237834,-0.29766679056658935,0.26311602332378337
4031.09,5472.675824175824,-0.0039204,-0.0526132,0.2869252799946434,-0.3123265704536915,-0.2908456799946434,0.25971337045369147
4032.04,5474.241758241758,-0.00151302,-0.0567386,0.2872944493872093,-0.3125357153856714,-0.2888074693872093,0.2557971153856714
4033.0,5475.824175824176,-0.00256619,-0.0594781,0.28766747081792127,-0.3127470611731903,-0.2902336608179213,0.2532689611731903
4033.95,5477.39010989011,-0.00563278,-0.0599885,0.2880365730919078,-0.31295620478123476,-0.2936693530919078,0.25296770478123476
4034.91,5478.972527472527,-0.00947883,-0.0579962,0.288409526869196,-0.3131675492353806,-0.297888356869196,0.2551713492353806
4035.87,5480.554945054944,-0.013065,-0.0534694,0.28878244677180775,-0.31337889302273003,-0.30184744677180775,0.25990949302273003
