wavenumber_cm-1,real,imag,abs_chi,intensity_abs2,phase_rad,imag_smooth,intensity_smooth
2645.14,-0.0173118,-0.0525005,0.055281108160835556,0.0030560009194899995,-1.8893143008807334,-0.04745360470588235,0.005315867364390742
2645.93,-0.0172884,-0.0419936,0.04541311721870675,0.0020623512155199994,-1.9613406092369616,-0.05478275176470588,0.007062980563783094
2646.72,-0.0129431,-0.0293483,0.032075637959361,0.0010288465505000001,-1.9861549483168979,-0.06163678117647059,0.008602852946343094
2647.51,-0.00198812,-0.0158067,0.01593123931225691,0.00025380438602440005,-1.695916337419231,-0.06616098705882353,0.009687494657366624
2648.3,0.0184785,-0.00453399,0.019026613665339923,0.0003620120275700999,-0.2406122310095818,-0.06738272235294118,0.010218143814601916
2649.08,0.0505601,-0.00275159,0.05063491838186471,0.0025638949595381006,-0.05436852953241984,-0.06522482235294118,0.010242526056752507
2649.87,0.0897987,-0.0232339,0.09275570403430723,0.008603620630899998,-0.2531810539262335,-0.06120955176470588,0.010083217163489
2650.66,0.114865,-0.0756227,0.1375236742538898,0.018912760980289996,-0.5822308507409923,-0.058907410588235294,0.010408603140517236
2651.45,0.0960267,-0.140916,0.17052403399195673,0.029078446168890014,-0.9726312790708669,-0.06154263411764706,0.011800771680634883
2652.24,0.0373354,-0.177096,0.1809887435979376,0.032756925309159995,-1.3630187818088777,-0.06917954588235294,0.014282073390311942
2653.03,-0.0258149,-0.169019,0.17097903796375158,0.029233831423010004,-1.7223587574830583,-0.08062068705882354,0.01762800059829606
2653.82,-0.0689017,-0.129412,0.14661142522631038,0.021494910006889998,-2.060043291851182,-0.09432514,0.02161790408392933
2654.61,-0.0819057,-0.07327,0.10989557130517134,0.012077036592489999,-2.411788255685451,-0.10931727529411765,0.02616826184119201
2655.4,-0.0567481,-0.0158162,0.05891094156478914,0.003470499036050001,-2.8697815966922127,-0.12489457000000001,0.03131191132780554
2656.19,0.00996998,0.0157591,0.018648049067138364,0.0003477497340104,-5.276469852919687,-0.14014100588235295,0.037199438771185644
2656.98,0.0917004,-0.0133641,0.09266910234252838,0.00858756252897,-6.427903036989803,-0.15326477647058823,0.0442307769226033
2657.77,0.131361,-0.0972993,0.16347130054382636,0.026722866101490005,-6.920708817360541,-0.16052773529411762,0.05354299162317447
2658.55,0.10952,-0.182328,0.21269257152989618,0.045238129984,-7.313065439663145,-0.15225776617647058,0.06595049689762655
2659.35,0.0549015,-0.236493,0.2427820293004612,0.05894311375125,-7.625873632172997,-0.1294868838235294,0.07124541697691127
2660.14,-0.00658216,-0.262324,0.2624065658596705,0.06885720580626559,-7.879068088732779,-0.11226106029411764,0.07185480951491069
2660.93,-0.0659243,-0.270673,0.278585509780193,0.07760988625949,-8.092887151319987,-0.10011524852941175,0.07239939052575481
2661.72,-0.123514,-0.269348,0.2963174873341093,0.08780405330000002,-8.283936677844881,-0.09140541323529411,0.0738691679240695
2662.51,-0.184496,-0.261941,0.3203932919038724,0.10265186149699998,-8.46761562983609,-0.08471587205882353,0.07646362519136068
2663.3,-0.259719,-0.246338,0.3579614074240406,0.128136369205,-8.665815323031548,-0.07741881911764706,0.08004490434683066
2664.09,-0.370921,-0.199093,0.420975546665124,0.17722041088999999,-8.932161960819409,-0.06490140147058823,0.0842110442950677
2664.88,-0.489904,-0.000326525,0.48990410881577184,0.2400060358345756,-9.424111452735868,-0.04288514852941176,0.08882616966986241
2665.67,-0.280476,0.210009,0.3503863106015987,0.122770566657,-10.06748451788964,-0.010535383823529407,0.0946154718488483
2666.46,-0.155763,0.12382,0.19898116636757363,0.039593504569000015,-10.096417103420908,0.02948808676470588,0.10297182181096831
2667.25,-0.157523,0.0770668,0.1753647261887065,0.03075278719124,-9.879781843812491,0.069642675,0.11497619870895269
2668.04,-0.177394,0.0747972,0.19251818709888163,0.03706325236383999,-9.823803018778543,0.09665020441176471,0.12911561126433563
2668.83,-0.194912,0.097906,0.21811985828896918,0.047576272579999995,-9.89027085092673,0.10408179264705882,0.14102012127239447
2669.62,-0.204164,0.139809,0.24744594435350928,0.06122949537700001,-10.025221213337375,0.09945691029411764,0.14813008631004151
2670.41,-0.199095,0.199432,0.2818012449386979,0.079411941649,-10.21102173793873,0.091401675,0.1502038822669827
2671.21,-0.168712,0.276977,0.32431465812232413,0.10517999747299998,-10.44847648374793,0.0829281455882353,0.1467192695987174
2672.0,-0.0922674,0.367618,0.3790201406610999,0.14365626702675996,-10.7496667430241,0.06707276470588235,0.1374485838196859
2672.79,0.0628373,0.443906,0.44833142105733575,0.20100106310729007,-11.13619542133803,0.04330558823529412,0.13335440224062706
2673.58,0.310284,0.420304,0.5224285722201649,0.2729316130720001,-11.631504528310474,0.027700000000000002,0.1328717073712153
2674.37,0.531474,0.188455,0.5638970648097045,0.31797989970100005,-12.225613185829765,0.015392600000000003,0.13234947372480177
2675.16,0.519354,-0.143011,0.5386842520781538,0.290180723437,-12.835074494966964,0.0008946470588235365,0.13197105629929648
2675.96,0.327929,-0.340564,0.472780358239426,0.22352126713699996,-13.37066724903171,-0.019669588235294112,0.13297840332959296
2676.75,0.128412,-0.383277,0.4042164030231826,0.163390900473,-13.81388381551217,-0.049138588235294114,0.13762894870356002
2677.54,-0.0153257,-0.343143,0.34348507322661054,0.11798199552949,-14.181800000320639,-0.08950641176470589,0.1511759005480306
2678.33,-0.0978552,-0.269868,0.28706162681737873,0.08240437759104001,-14.485025793663832,-0.1366475294117647,0.1885336130292071
2679.13,-0.124582,-0.194033,0.23058508150572105,0.05316947981300002,-14.707944450230372,-0.1499175882352941,0.2621750762411036
2679.92,-0.106642,-0.141475,0.17716571843615797,0.031387691789000007,-14.783087256224118,-0.1322781764705882,0.29876666386726297
2680.71,-0.0663989,-0.132159,0.14790136984561705,0.02187481520221,-14.602746109157643,-0.12402347058823529,0.3017755393582188
2681.5,-0.0340625,-0.171668,0.1750147311806923,0.03063015613024999,-14.333043568731181,-0.11266847058823529,0.29164829521291824
2682.3,-0.0368148,-0.251686,0.2543642508196464,0.06470117209503999,-14.282409665356841,-0.08837476470588236,0.2789765293887747
2683.09,-0.0992438,-0.361164,0.37455142068137987,0.14028876673444,-14.405336733443248,-0.05650776470588236,0.26830688534058705
2683.88,-0.269658,-0.486821,0.5565160581735267,0.3097101230050001,-14.643011798311196,-0.024612176470588238,0.2602245151664694
2684.68,-0.682087,-0.524422,0.8603842802219251,0.7402611096530002,-15.052507448649736,0.003532352941176462,0.2543646144307066
2685.47,-1.17277,0.142027,1.1813387074116382,1.395561141629,-15.828480263460555,0.02690223529411763,0.2504872983232337
2686.26,-0.519476,0.743776,0.9072254696336518,0.8230580527520001,-16.669087621569272,0.04635594117647057,0.24855581334382426
2687.05,-0.0988535,0.560634,0.5692824399349149,0.32408249641825,-17.10422909228863,0.06452370588235293,0.24855931198086192
2687.85,0.0167967,0.38149,0.381859593608554,0.14581674923089,-17.322760377842737,0.08478917647058823,0.2500644489356549
2688.64,0.0432484,0.269982,0.27342403776288576,0.07476070442655998,-17.437600048972296,0.10849841176470587,0.25141737984560514
2689.44,0.0408159,0.201175,0.20527376431928654,0.042137318317809994,-17.478930083223474,0.1359311176470588,0.2503297671856857
2690.23,0.026947,0.158948,0.16121602746935557,0.02599060751300001,-17.44669625434997,0.16868523529411766,0.24432932646149805
2691.02,0.00733515,0.135314,0.1355126673839848,0.018363683021522494,-17.3329149500566,0.20820029411764707,0.22817536738436922
2691.82,-0.015942,0.12742,0.12841340959572722,0.01649000376400001,-17.15429255559609,0.2494819411764706,0.18677657574218332
2692.61,-0.0406548,0.13668,0.14259815974633053,0.02033423516304,-16.989648365216397,0.25082429411764706,0.10712515956600688
2693.41,-0.0585842,0.167377,0.17733349547854743,0.031447168618640005,-16.942072799721647,0.21529288235294117,0.06159337091235981
2694.2,-0.0486613,0.212354,0.21785808094649597,0.04746214343368999,-17.053496946424374,0.1880496,0.045931370533594515
2694.99,-0.00943993,0.231389,0.2315814793963561,0.0536299815994049,-17.237985409203905,0.16790543529411767,0.041297509785050396
2695.79,0.0113379,0.21467,0.2149691998319992,0.04621175687641,-17.33152605184112,0.1502401,0.04142964387552864
2696.58,6.39316e-05,0.195656,0.1956560104449886,0.03828127442324949,-17.279086349853465,0.13220486470588233,0.044239442962775107
2697.38,-0.0298641,0.184935,0.18733077348318936,0.03509281869381,-17.11865741306314,0.11197151176470588,0.04918130723006922
2698.17,-0.0708728,0.177366,0.19100170610714448,0.03648165173583999,-16.898610993943027,0.08795439411764705,0.05660843710697967
2698.97,-0.119635,0.164847,0.20368374170267,0.041487066633999994,-16.650970744827884,0.05820539411764705,0.06783478164380319
2699.76,-0.171726,0.139742,0.22139929006209572,0.049017645639999996,-16.391032189658056,0.019753158823529397,0.0858550715706832
2700.56,-0.219824,0.0974982,0.24047554964952256,0.05782848997923999,-16.125422442608006,-0.032378664705882354,0.11766482542988083
2701.35,-0.255963,0.0390392,0.2589229933892314,0.06704111650563997,-15.859315790819213,-0.10656184117647058,0.18239350981613434
2702.15,-0.275839,-0.0303287,0.27750132245574977,0.07700698396469001,-15.598452420291514,-0.21910472352941177,0.34661893053858106
2702.94,-0.280695,-0.105424,0.29983979522571713,0.08990390280099998,-15.348682415946492,-0.4194964882352941,0.9643299641107923
2703.74,-0.275264,-0.185019,0.3316659464838077,0.110002300057,-15.116173354879347,-0.5649797823529411,3.631241598980013
2704.53,-0.26478,-0.272977,0.38029579399330726,0.144624890929,-14.907323340635703,-0.44485419411764704,4.397892255821554
2705.33,-0.253411,-0.378313,0.45534367338308324,0.20733786088999998,-14.727366572281424,-0.3592051352941177,4.657283794007681
2706.12,-0.243684,-0.517008,0.5715585393640795,0.32667916392,-14.577620776301812,-0.29795260588235295,4.78297642168574
2706.92,-0.235473,-0.718864,0.7564476083807786,0.5722129842249998,-14.453714924668263,-0.2514398411764706,4.85265151992674
2707.71,-0.21898,-1.04876,1.0713775142310948,1.1478497779999999,-14.343008549142676,-0.2144395,4.890734366265902
2708.51,-0.129909,-1.68184,1.686849766245056,2.8454621338809996,-14.214256057758552,-0.1845240411764706,4.907067595465806
2709.31,0.598748,-3.19199,3.2476605930429367,10.547299327604,-13.951743368974064,-0.16247447058823533,4.910514352780353
2710.1,6.33944,-2.27756,6.736154620196897,45.37577906720001,-12.911278316036288,-0.15833101176470585,4.962294298534886
2710.9,2.84751,2.22707,3.61499017771833,13.068153985000002,-11.902632938007688,-0.38028283529411766,10.804955186202118
2711.7,1.33347,1.6334,2.108586683278636,4.4461378009,-11.680221667344068,-0.27295595294117647,11.79553751593571
2712.49,0.850581,1.20614,1.4758935385592689,2.1782617371610002,-11.609787796587588,-0.1897063647058823,12.109006874812767
2713.29,0.606416,0.930459,1.110627892562131,1.2334943157370002,-11.573170717042895,-0.10605342352941176,12.286039702750651
2714.08,0.421223,0.726504,0.8397838279849167,0.7052368777450001,-11.52100427194097,-0.012876364705882354,12.390960733691298
2714.88,0.21175,0.547602,0.5871166944517929,0.344706012904,-11.364550609557078,0.09867357647058825,12.422906542052825
2715.68,-0.130046,0.344514,0.36824157602313184,0.135601858312,-10.634634053752984,0.24476763529411766,12.321542372974942
2716.48,-0.984347,-0.0349852,0.9849685175821812,0.9701629806280395,-9.389251383202794,0.4729526352941177,11.738038352976709
2717.27,-9.15248,-3.9582,9.971721886936077,99.4352373904,-9.016594725365248,0.6361701647058824,9.084393852306885
2718.07,3.818,1.55158,4.121228517857267,16.984524496400002,-5.897186301972259,0.5205984588235294,8.320111434012647
2718.87,2.11213,1.03693,2.3529379426155717,5.536316961799999,-5.826811589646072,0.42568758235294113,8.062301002705825
2719.67,1.58652,0.905092,1.8265369525043833,3.336237238864,-5.764747870957205,0.34248434705882347,7.947462936686059
2720.46,1.26783,0.865146,1.5348845266716322,2.3558705102160005,-5.684380746675471,0.2641726411764706,7.911812787385352
2721.26,0.986165,0.847589,1.3003570740938815,1.6909285201460003,-5.573213350777199,0.19468422941176472,7.957710943918059
2722.06,0.692426,0.801759,1.0593730502315981,1.1222712595570001,-5.424744987300874,0.1653934176470588,8.109750061348837
2722.85,0.394397,0.687155,0.7922947605746234,0.6277309876339999,-5.233438602421074,0.20784553529411762,8.28006504639519
2723.65,0.129137,0.497138,0.5136365989812253,0.263822555813,-4.966533038660722,0.2777628999999999,8.317045723953836
2724.45,-0.0807764,0.262351,0.27450477955394514,0.07535287399796002,-4.4137054582346416,0.5607387823529412,2.5114700938347774
2725.25,-0.250926,0.0199151,0.2517150545438433,0.06336046868401,-3.220793063515482,0.5045216647058823,1.5333130686126153
2726.05,-0.42734,-0.208315,0.47540994396941255,0.226014614825,-2.688020009781646,0.46769813529411763,1.21794246443063
2726.84,-0.683205,-0.40084,0.7921122253980176,0.6274417776249999,-2.6110060198035288,0.4306447823529412,1.0266244057088443
2727.64,-1.13078,-0.454799,1.2188131681275027,1.4855055388010003,-2.7591917097201897,0.3898418411764706,0.8901708207688535
2728.44,-1.71082,0.0496582,1.7115405368343573,2.92937100922724,-3.170610470343401,0.34526029999999996,0.791403692043767
2729.24,-1.37629,1.0662,1.7409642742170213,3.0309566040999996,-3.8007098812076148,0.2995508411764706,0.7254831262935276
2730.04,-0.517705,1.15361,1.2644502754655875,1.598834499125,-4.290558797792974,0.25770130588235296,0.6885958167937025
2730.84,-0.117826,0.85239,0.8604950193789619,0.740451678376,-4.575029284059212,0.22530015294117647,0.673410957916533
2731.64,0.0277735,0.595889,0.5965358896355272,0.35585506762324987,-4.758963786911551,0.2063382058823529,0.6696868560333267
2732.43,0.0784425,0.41093,0.4183499620010142,0.17501669070625003,-4.9010099467172665,0.20181176470588233,0.6667978081686413
2733.23,0.0900192,0.275185,0.2895345240099011,0.08383024059364,-5.028539391834173,0.20952823529411763,0.6543868067775096
2734.03,0.0821504,0.171496,0.1901566886442862,0.036159566236160005,-5.1591139932227525,0.2253980588235294,0.6189737311812766
2734.83,0.0619737,0.0897028,0.10902904117495485,0.01188733181953,-5.316966592669727,0.23986211764705884,0.534795243448806
2735.63,0.0318063,0.0246982,0.040269613890997265,0.0016216418029299999,-5.622926859130155,0.21885422352941175,0.36903918508320366
2736.43,-0.00754075,-0.0242871,0.025430810780871695,0.0006467261369725,-8.155028585417071,0.13058387058823528,0.20328434136585072
2737.23,-0.0528984,-0.0536816,0.0753654755250705,0.005679954901120001,-8.632031459007779,0.027375576470588234,0.13189684312238015
2738.03,-0.0918852,-0.0600021,0.10974125014528494,0.01204314198345,-8.84628854619882,-0.06976089411764708,0.12623399100410307
2738.83,-0.104851,-0.0570344,0.11935935231208321,0.014246654984360002,-8.926586385444796,-0.16091001176470587,0.15974136403920602
2739.63,-0.0952774,-0.077135,0.12258707589203684,0.015027591175759998,-8.744220747072314,-0.24100271764705883,0.2116101694591325
2740.43,-0.0907998,-0.131053,0.15943491615402192,0.025419492489039998,-8.459891407116723,-0.3046761294117647,0.2641987880488007
2741.23,-0.104057,-0.20891,0.2333907610617867,0.054471247349,-8.316103980542337,-0.35230730588235293,0.30950468029608547
2742.03,-0.130294,-0.307476,0.33394313439865775,0.111518017012,-8.254795925196424,-0.38688876470588235,0.3461260161377602
2742.83,-0.156283,-0.434396,0.4616538323300263,0.21312426090500006,-8.199334303316629,-0.41108777647058825,0.3743060256004701
2743.63,-0.155335,-0.600931,0.6206827120083176,0.3852470289860001,-8.10693532515661,-0.42703835882352936,0.3939311637327071
2744.43,-0.0767727,-0.79893,0.802610236892908,0.6441831923652899,-7.949781880425441,-0.4381023823529412,0.4052068265279941
2745.23,0.126648,-0.953646,0.9620189235248962,0.92548040922,-7.721950228522084,-0.4510336117647059,0.4121270093601441
2746.03,0.391227,-0.950646,1.0280011589706501,1.056786382845,-7.4635684041974475,-0.47166276470588236,0.42246119034435825
2746.83,0.571107,-0.807263,0.9888562871408565,0.9778367566180001,-7.238265892533441,-0.49845617647058826,0.4402854077915488
2747.63,0.631678,-0.638234,0.8979753529134304,0.80635973444,-7.073745987158747,-0.5264696470588235,0.46494974164778174
2748.43,0.621502,-0.498182,0.796523722890913,0.634450041128,-6.9588873807249625,-0.5510490588235294,0.4940137480380759
2749.23,0.575462,-0.386685,0.6933121971154121,0.4806818026690001,-6.874840650990526,-0.567174411764706,0.5234685620258994
2750.03,0.496976,-0.295447,0.5781644008281728,0.334274074385,-6.819543096663529,-0.568980294117647,0.5467131903663112
2750.83,0.372711,-0.24177,0.44425918383416674,0.19736622242099996,-6.858631700410279,-0.5515131764705883,0.5551092216394289
2751.64,0.226671,-0.279833,0.3601197719231756,0.12968625013000004,-7.17315927569732,-0.5134568235294117,0.5410769906054707
2752.44,0.153896,-0.40773,0.43580698906281895,0.189927731716,-7.493068375332927,-0.45983864117647055,0.503536280762977
2753.24,0.185343,-0.532623,0.5639497209663286,0.31803928777799984,-7.519106080436777,-0.4023253176470588,0.45285111170599174
2754.04,0.275539,-0.607282,0.6668681789116946,0.4447131680449999,-7.428034351475235,-0.35065763529411764,0.4029863563622129
2754.84,0.394628,-0.62676,0.7406479298452133,0.5485593559840001,-7.29205854830768,-0.30699940000000003,0.3606199778154482
2755.64,0.523434,-0.581607,0.7824639639018528,0.612249854805,-7.121178216455139,-0.2697445176470588,0.3266857437670364
2756.45,0.626074,-0.465096,0.779924959654453,0.6082829426920001,-6.922112113794922,-0.23701810588235295,0.30088617822744823
2757.25,0.659977,-0.30399,0.726622020468001,0.527979560629,-6.714824890304045,-0.20754169411764706,0.2837164498534225
2758.05,0.618498,-0.151972,0.636895018655351,0.40563526478799994,-6.524123571327456,-0.18024634117647056,0.2761698806830696
2758.85,0.534334,-0.0421369,0.5359928562001642,0.28728834189760993,-6.361881176986293,-0.15456057647058824,0.27653114067036366
2759.65,0.440914,0.0270805,0.44174484589664426,0.19513850887624998,-6.221843356159068,-0.13299825294117645,0.27810356317143714
2760.46,0.35367,0.0710876,0.3607435595735009,0.13013591577376,-6.084828584278807,-0.11608713529411764,0.27361419744073134
2761.26,0.274453,0.103956,0.2934813437767382,0.08613129914499998,-5.921108955452318,-0.10017937058823528,0.26009195346302544
2762.06,0.198248,0.135151,0.2399334539096205,0.05756806230499999,-5.684828710990207,-0.08394048823529411,0.23818706755131955
2762.86,0.11534,0.169664,0.20515649757197554,0.042089188496000005,-5.309438590473897,-0.06930678235294116,0.21044942277484896
2763.67,0.00979525,0.205652,0.2058851428019091,0.0423886920265625,-4.7599832307431384,-0.05971478235294118,0.18108569401814306
2764.47,-0.140282,0.222251,0.2628203693114367,0.06907454652499999,-4.149352765812732,-0.05728084117647059,0.15466920094536427
2765.27,-0.333517,0.156825,0.3685480564512585,0.13582766991400003,-3.5811303719713385,-0.060901311764705875,0.13367730316978838
2766.07,-0.463642,-0.0411705,0.46546634060289477,0.21665891423425004,-3.0530269109859667,-0.06748131764705881,0.11819448901629426
2766.88,-0.42618,-0.245134,0.4916503537637291,0.241720070356,-2.619616431524968,-0.07482975882352941,0.10902080093757367
2767.68,-0.318382,-0.33685,0.4635029885815193,0.214835020424,-2.3280165137086652,-0.08681197058823531,0.11587846030829367
2768.48,-0.230622,-0.350699,0.4197336006147232,0.17617629548499997,-2.1525003671311187,-0.1258071470588235,0.17587873577347013
2769.29,-0.173007,-0.332834,0.3751131743954083,0.140709893605,-2.0501579074070624,-0.2206095588235294,0.3339814777544113
2770.09,-0.133702,-0.302032,0.3303022158993185,0.10909955382800002,-1.9875420659806222,-0.34771332352941176,0.5660295824358819
2770.89,-0.0996674,-0.262613,0.2808899755985606,0.07889917839175997,-1.9335255477691777,-0.46632049999999997,0.8392725175519664
2771.7,-0.0564111,-0.21352,0.2208461061536064,0.048773002603209985,-1.8290905329562746,-0.5312125,1.102642364295731
2772.5,0.0191161,-0.153997,0.15517893313272263,0.02408050128821,-1.4472951460804087,-0.523269794117647,1.2543387526008487
2773.31,0.172083,-0.097843,0.19795406421187722,0.039185811538000014,-0.5169963048759859,-0.48653064705882354,1.296930340229069
2774.11,0.478676,-0.13261,0.49670526982910096,0.246716125076,-0.2702571371551368,-0.45085552941176466,1.2945290232707751
2774.91,0.890897,-0.558962,1.0517299948432581,1.1061359820529997,-0.5603339461662308,-0.4268930117647059,1.2822648927707871
2775.72,0.751859,-1.47649,1.656899114605654,2.745314675981,-1.0997995428906464,-0.41814083529411766,1.274538039564258
2776.52,-0.149759,-1.9911,1.9967240590730109,3.9869069680810005,-1.6458691761505082,-0.4261600705882353,1.2799732382887874
2777.33,-1.18701,-1.81067,2.165067802402502,4.687518588999999,-2.151073005636946,-0.4533830117647059,1.3093296374306698
2778.13,-1.94174,-0.880913,2.1322199560948207,4.546361941168999,-2.715689318604719,-0.5048269529411765,1.383297202909037
2778.94,-1.62157,0.291851,1.6476244326608536,2.7146662711009997,-3.3196667160429776,-0.590394011764706,1.5502921518608481
2779.74,-0.774833,0.583395,0.9699051004680819,0.940715903914,-3.7869663178119852,-0.7303971294117647,1.9481327268032478
2780.54,-0.265196,0.361343,0.44821611089406416,0.20089768206500003,-4.079260286259311,-0.9738469529411764,3.120342237565718
2781.35,-0.0370506,0.0705128,0.07965426494670579,0.006344801924200002,-4.228593174057657,-1.4960987176470588,9.55561233426713
2782.15,0.0636501,-0.201912,0.21170685150464547,0.04481979097401,-1.2654200596873744,0.3734284588235294,90.61897279179338
2782.96,0.114001,-0.469161,0.4828128746439971,0.23310827192200004,-1.3324269829690225,0.9618213999999998,95.2536952403651
2783.76,0.152334,-0.764822,0.7798450738704451,0.60815833924,-1.3741934348009803,1.3290402235294114,96.55120573499562
2784.57,0.207882,-1.13716,1.1560051001288878,1.3363477915239999,-1.3899848036189733,1.5801761058823527,97.01642269164857
2785.38,0.323928,-1.66816,1.6993196093684084,2.887687134784,-1.3790004225678567,1.7134892235294115,97.1705313555857
2786.18,0.604947,-2.53405,2.6052581974362927,6.7873702753090015,-1.3364550462712919,1.734646870588235,97.2729080961598
2786.98,1.42088,-4.23649,4.4684166652741775,19.9667474945,-1.2471951480225623,1.706906576470588,97.39244411297074
2787.79,5.33387,-9.01089,10.471213290206633,109.64630776900002,-1.0363273531674024,1.6664889882352938,97.50608104106315
2788.6,20.1074,31.223,37.13735671476902,1379.1832637599996,0.9986554024500065,1.6197242352941175,97.60188168931137
2789.4,-2.97316,8.52619,9.029706324222289,81.5355963017,1.906320657016407,1.5720590588235295,97.67123749796285
2790.21,-2.82282,4.25162,5.1033895968072045,26.0445853768,2.1569087665653783,1.5563132941176472,97.6946354941746
2791.01,-2.55955,2.45864,3.549113530460811,12.596206852100002,2.376300624433549,1.5945753529411761,97.66903210132904
2791.82,-2.2906,1.38541,2.6769776293611423,7.166209228100001,2.5976335956813768,1.6699278235294117,97.59328278334691
2792.63,-2.00763,0.651531,2.110703878060823,4.455070860860999,2.827788239198864,1.7790789411764707,97.42548922441645
2793.43,-1.72056,0.11181,1.7241891397697646,2.972828189700001,3.0766992431980875,1.938436588235294,97.02877500850775
2794.24,-1.42359,-0.325756,1.4603853805198133,2.1327254596359997,3.3665468047846097,2.1968252941176467,95.85751870764584
2795.05,-1.0536,-0.724488,1.2786539102290346,1.6349558221440001,3.7439689352723513,2.735416058823529,89.41184518062055
2795.85,-0.446407,-1.01222,1.1062859205689097,1.223868538049,4.29702974237102,0.9075097058823527,8.288610980494997
2796.66,0.296551,-0.736839,0.7942759013856584,0.6308742075220002,5.095017488921195,0.41618688235294116,3.4991213042070557
2797.47,0.399776,-0.114367,0.4158132523922247,0.17290066086499997,6.004549690396891,0.17986876470588237,1.9762024126861142
2798.27,0.167098,0.143832,0.22047536331300144,0.04860938582799998,6.993895526625972,0.05621635294117648,1.248474087203173
2799.08,-0.00863132,0.187409,0.18760765700243262,0.03519663296594241,7.90000517046417,0.007501058823529423,0.8469920630641142
2799.89,-0.112219,0.17503,0.20791489812180367,0.043228604861,8.424104222793861,0.003250235294117658,0.6088963626716436
2800.69,-0.176118,0.156118,0.23535160897686677,0.05539037984799999,8.699505411673144,0.00380929411764706,0.4485290794699966
2801.5,-0.220881,0.145153,0.2643062798535063,0.06985780956999998,8.843389465729697,0.012599647058823535,0.33042655664676135
2802.31,-0.257299,0.148592,0.2971234724235028,0.08828235786500002,8.901061568077646,0.038723470588235304,0.2397092487659378
2803.12,-0.289999,0.173702,0.3380411288660006,0.114271804805,8.885112861068784,0.0795490588235294,0.17374534688198545
2803.92,-0.3164,0.234212,0.3936549516315018,0.15496422094400003,8.787552439784989,0.10351517647058824,0.1449922162306913
2804.73,-0.312567,0.356549,0.4741574832162833,0.22482531889,8.573742717429955,0.09188423529411764,0.14805068314275016
2805.54,-0.174606,0.55725,0.5839647401478962,0.34101481773599995,8.157627149580483,0.07064147058823529,0.1686699994743972
2806.35,0.26813,0.579267,0.6383133667635356,0.40744395418899987,7.420470048485283,0.06726523529411765,0.21139330853434177
2807.16,0.481526,0.121314,0.49657262839588734,0.24658437527200003,6.529985775073923,0.10497847058823531,0.27247148200334176
2807.96,0.306421,-0.17632,0.35352874231241793,0.124982571641,5.761037335782669,0.14443035294117648,0.3096849302784853
2808.77,0.118941,-0.280383,0.30456787120443285,0.09276158816999999,5.1135894770179995,0.16417023529411764,0.32443733368083827
2809.58,-0.0352209,-0.318185,0.3201284211403449,0.10248220602181002,4.602144641943428,0.17065905882352939,0.3285132456307206
2810.39,-0.183185,-0.329415,0.3769230510992927,0.14207098645000002,4.204880751896187,0.16877411764705882,0.32667061388013235
2811.2,-0.357061,-0.312093,0.4742305329373047,0.22489459837000006,3.8598904322695486,0.16094094117647056,0.320402731948897
2812.0,-0.593229,-0.217295,0.6317735064609784,0.39913776346599994,3.492707088363837,0.14748423529411764,0.31047291386766174
2812.81,-0.862896,0.130013,0.8726355980505266,0.7614928869850002,2.9920469928555375,0.11948370000000001,0.2956968287769447
2813.62,-0.644553,0.816155,1.0399795929892086,1.081557553834,2.2392518612200702,0.08408542352941177,0.27717166159375
2814.43,0.0664888,0.8268,0.829469107637795,0.68801900052544,1.4905519773472171,0.07146713529411765,0.267928741505433
2815.24,0.299243,0.480731,0.5662584810932194,0.3206486674099999,1.014014846490579,0.07346578235294118,0.2659781546283153
2816.05,0.300903,0.258902,0.39695448229362523,0.15757286101300003,0.7105105603635841,0.07928078235294117,0.2664285506976094
2816.86,0.250759,0.141658,0.2880053212095221,0.082947065045,0.5142235567882016,0.08532566470588235,0.26717678314367943
2817.67,0.195447,0.101048,0.22002324448339544,0.048410228113000005,0.47716260705001423,0.09027513529411764,0.2668363401708559
2818.48,0.199222,0.127785,0.23668208953995654,0.056018411509000006,0.5703200077355731,0.09270878235294117,0.26325160384709123
2819.29,0.288481,0.0812409,0.299702137452855,0.08982137119380999,0.27450670125580995,0.0883797823529412,0.25146681148909117
2820.1,0.303331,-0.0225037,0.3041646134491815,0.09251611207469,-0.07405293035112534,0.06275413529411766,0.22094401200909114
2820.9,0.284199,-0.0931969,0.29908984230597,0.08945473377061001,-0.3168781783611717,-0.003855276470588226,0.17497300106714997
2821.71,0.267509,-0.142343,0.3030224327174475,0.09182259473,-0.48900088362009136,-0.07162757058823528,0.15696599400482997
2822.52,0.259742,-0.181528,0.3168884998670668,0.100418321348,-0.6099726262140478,-0.11969121764705881,0.16821675564547706
2823.33,0.262289,-0.215422,0.3394144334070076,0.11520215760500001,-0.6876036884602772,-0.15562009999999998,0.20282676181277118
2824.14,0.275906,-0.245274,0.369165892129812,0.13628345591199997,-0.7266913807339117,-0.1856281588235294,0.27071940951253587
2824.95,0.301105,-0.270721,0.4049124360475978,0.16395408086599997,-0.7323130402555657,-0.21195333529411764,0.4162642426823594
2825.76,0.337906,-0.290888,0.4458657795570321,0.19879629337999996,-0.7107621737321097,-0.2159071294117647,0.8417892338624331
2826.57,0.386264,-0.305623,0.49254979019891987,0.24260529582499998,-0.6693693991309041,-0.0023824764705882157,2.426301581556915
2827.39,0.447286,-0.316205,0.5477685348949864,0.300050367821,-0.615369459306332,0.2202412705882353,3.3217497794113453
2828.2,0.525415,-0.325329,0.6179804855058126,0.38189988046599993,-0.5544066903828123,0.3494199117647059,3.6992210085836623
2829.01,0.63149,-0.336351,0.7154799894483422,0.5119116153009999,-0.4894101822195963,0.4557224411764706,3.9744374786348384
2829.82,0.788744,-0.351889,0.8636798977960527,0.745942965857,-0.4196379947268815,0.5741123235294118,4.347522186932015
2830.63,1.04945,-0.368479,1.1122598958611247,1.237122075941,-0.3376689487720699,0.7567589117647059,6.949525282708192
2831.44,1.55004,-0.34648,1.588292287962137,2.522672392,-0.2199145643925894,0.6371779705882352,7.277115193426605
2832.25,2.69931,0.0605705,2.6999894928629358,7.2899432615702535,0.022435487926907385,0.6123570882352941,7.301084314974781
2833.06,3.64058,3.71116,5.198704769651765,27.026531282000008,0.7949983167896776,0.6096968529411765,7.297589303697427
2833.87,-1.07784,3.7621,3.91345569485589,15.315135475599998,1.849821844716881,0.6160576764705883,7.286447678909898
2834.68,-1.44379,2.10284,2.550777455933779,6.506465629700001,2.1724658298182904,0.6265965,7.270695828009898
2835.49,-1.41384,1.6648,2.184148022822629,4.7705025856,2.2748578174323884,0.6387483235294118,7.250131282398545
2836.31,-1.75782,1.8311,2.5382786219010707,6.442858362399998,2.335778928184732,0.6506768529411765,7.22272286579331
2837.12,-5.99997,2.88957,6.659523615529868,44.34925478580001,2.6927752042415025,0.6605092647058823,7.18342961160578
2837.93,0.717875,-2.27815,2.3885794812241437,5.705311938124999,5.017652728768963,0.6653625588235295,7.1191865222048385
2838.74,0.302703,-0.692676,0.7559293268454399,0.5714291471849999,5.124384022123364,0.6584435,6.987776300723486
2839.55,0.162511,-0.336112,0.37333778494146563,0.13938110166500003,5.162751717449284,0.6104792941176471,6.5947627451561175
2840.37,0.119146,-0.197489,0.23064621054116627,0.053197674437,5.255234709254605,0.3259363529411765,5.080901276576177
2841.18,0.116136,-0.137045,0.17963547122158252,0.032268902521,5.415388945367375,0.034666352941176454,4.314706928501177
2841.99,0.134913,-0.118748,0.17972925491694444,0.032302605073,5.56142787132377,-0.12045376470588236,4.090519920219059
2842.8,0.167716,-0.133566,0.21440273555157827,0.045968533012000004,5.610654372109441,-0.2075576470588235,3.9486743285694117
2843.61,0.209355,-0.184738,0.27920896237227055,0.07795764466899999,5.560171041245063,-0.2804552941176471,3.6855868245752945
2844.43,0.251414,-0.285973,0.3807749415665374,0.14498955612499997,5.433566245070843,-0.4028634705882353,1.179026640737706
2845.24,0.270751,-0.464104,0.5373068274431287,0.28869862681700015,5.240501475540184,-0.21328635294117645,0.9402144464683528
2846.05,0.197378,-0.754821,0.7802004979010203,0.608712816925,4.968152007894897,-0.11066364705882353,1.004548318129294
2846.86,-0.151171,-1.12607,1.1361717810881415,1.2908863161409998,4.578940301331773,-0.0230264705882353,1.1013822238577646
2847.68,-0.935385,-1.18949,1.5132189393227273,2.289831558325,4.04601146000499,0.06269935294117648,1.2164514014981764
2848.49,-1.55239,-0.534202,1.6417327702473383,2.695286488904,3.473015879085925,0.15127905882352943,1.3522854407261176
2849.3,-1.52488,0.184034,1.5359451577305747,2.359127527556,3.021486013167452,0.2443236470588235,1.512910970911294
2850.12,-1.27283,0.59184,1.4036989686182717,1.9703707944999997,2.706351743912035,0.3406175294117647,1.6972208698059412
2850.93,-1.04108,0.808631,1.318230503577049,1.737731660561,2.481206897148355,0.43713623529411766,1.8927727845489413
2851.74,-0.867825,0.944661,1.282772246170769,1.6455046355459997,2.3138272545822764,0.5336834705882353,2.0758572713298236
2852.56,-0.747389,1.05191,1.29038946268985,1.6651049654209997,2.18853895223291,0.6359025294117646,2.214068697281765
2853.37,-0.674157,1.15372,1.3362475440759471,1.7855574990490004,2.0996165300195515,0.7432190588235295,2.263935898980059
2854.18,-0.649732,1.25985,1.4175237896853794,2.0093736943239997,2.0469420545028885,0.8471829411764706,2.215852270183059
2855.0,-0.683964,1.36881,1.5301789337838894,2.3414475693960006,2.0341861604552567,0.9368494117647059,2.089743294857824
2855.81,-0.789011,1.46301,1.6622083558390024,2.7629366182209996,2.065392608196556,0.9789975882352941,1.9347123211981765
2856.63,-0.958611,1.50343,1.783041450505568,3.179236814221,2.1384164161475834,0.9740879411764707,1.7975703214092351
2857.44,-1.13233,1.45608,1.8445433568501446,3.4023401953,2.2317638930718164,0.9420293647058824,1.6823055774122988
2858.25,-1.19185,1.35533,1.8048340176869448,3.257425831399999,2.292101616621752,0.8945910311764705,1.5802230896265774
2859.07,-1.00806,1.27362,1.624282262416234,2.6382928679999997,2.2403278710670405,0.8364517429411764,1.4835410727719398
2859.88,-0.559014,1.06956,1.2068368762165003,1.4564552457960003,2.0524055298668515,0.7687553899999999,1.3863115663627634
2860.7,-0.249356,0.641316,0.6880876590900319,0.47346462659199995,1.941627115260734,0.6907430370588235,1.28357503407711
2861.51,-0.184014,0.33484,0.3820719536893542,0.14597897779600003,2.0733001253274694,0.6005140370588236,1.1707980714901098
2862.33,-0.162851,0.182317,0.24445845595928972,0.059759936689999994,2.299858438672279,0.4962042723529411,1.0436531869244627
2863.14,-0.132662,0.10057,0.16647381519025747,0.027713531144,2.492932752656993,0.3787630370588235,0.8981147283876162
2863.96,-0.0931438,0.0468442,0.10425999497448674,0.010870146552079999,2.675609031186355,0.25431739,0.7332217297190421
2864.77,-0.0482143,0.00217933,0.048263528712050266,0.0023293682037389004,3.096422494434181,0.1308874488235294,0.5581226707090422
2865.58,-0.000236452,-0.0437069,0.04370753959168033,0.0019103490171583038,4.706979086449124,0.011926566470588242,0.3939331386710422
2866.4,0.049159,-0.098928,0.11046880313011453,0.012203356465000002,5.173567108746649,-0.10493837470588235,0.26978346419439514
2867.21,0.0963517,-0.17249,0.1975764413914017,0.039036450192889996,5.221805528515478,-0.21391531588235294,0.22083502612598338
2868.03,0.130636,-0.274043,0.30358743443199354,0.09216533034499998,5.157222563724723,-0.3026265511764706,0.23739412797536513
2868.85,0.128062,-0.404456,0.42424583884818484,0.17998453178,5.019029944693543,-0.3784314335294118,0.282381954374154
2869.66,0.0645769,-0.533491,0.5373851720085046,0.28878282309461,4.832848834581419,-0.45045831588235297,0.3429640352521075
2870.48,-0.0365118,-0.612146,0.6132339169152665,0.37605583685524,4.6528139866294795,-0.5224647864705882,0.41794642542010746
2871.29,-0.114883,-0.642229,0.6524233227973997,0.42565619213,4.535379480253472,-0.5920885629411765,0.5074788561935146
2872.11,-0.145973,-0.667005,0.6827911736058104,0.466203786754,4.4969373433392805,-0.6480769352941176,0.6047712569915299
2872.92,-0.138779,-0.713084,0.7264629391077015,0.5277484018970001,4.520173711429397,-0.6773605882352942,0.6943973226929323
2873.74,-0.105677,-0.783048,0.7901466943757975,0.624331798633,4.578243497606563,-0.6789859411764706,0.7660247866056382
2874.56,-0.0605843,-0.866775,0.8688897271987337,0.7549693580314899,4.642606248965409,-0.6600311764705882,0.8201420644358213
2875.37,-0.0309121,-0.953843,0.9543437675048809,0.9107720265754102,4.679992365070587,-0.6257801176470588,0.86065477737488
2876.19,-0.0599961,-1.04214,1.0438655620410178,1.08965531161521,4.6548823598867894,-0.5781129411764706,0.8905376363640565
2877.01,-0.20018,-1.12354,1.1412336149973852,1.302414164,4.5360701425388585,-0.5182470588235294,0.9128484732447264
2877.82,-0.49061,-1.13676,1.2381120586198973,1.5329214697,4.304952961773616,-0.44846847058823525,0.9335867493530065
2878.64,-0.868629,-0.949623,1.2869732638131997,1.6563001817699996,3.9715063697073076,-0.3687275294117647,0.9628085237597712
2879.46,-1.11009,-0.541529,1.2351329750035016,1.5255534659410006,3.5954524331132176,-0.2715171764705882,1.0204570245999478
2880.27,-1.10175,-0.126559,1.108995150116086,1.229870242981,3.255962250944724,-0.13159870588235292,1.1779384443909477
2881.09,-0.967785,0.149741,0.9793008594431029,0.9590301733059999,2.988084442645819,0.08391647058823526,1.699499323630183
2881.91,-0.828178,0.308225,0.8836749687011621,0.7808814503089999,2.785303270194124,0.14921688235294117,1.9134728212650365
2882.72,-0.72336,0.405886,0.8294535156330342,0.6879931345960001,2.630258179465869,0.19004158823529413,1.9366370293623065
2883.54,-0.658475,0.484229,0.8173536872529542,0.6680670500660001,2.50751453278637,0.23606911764705885,1.9075121954993528
2884.36,-0.631686,0.57409,0.853584518777139,0.728606530696,2.4039249600278416,0.2886390588235294,1.8519761940780002
2885.18,-0.643066,0.713367,0.9604302978587255,0.9224263570450001,2.3044129753791434,0.34307382352941174,1.777243198395059
2885.99,-0.689114,0.985571,1.2025923253692417,1.446228301037,2.1809870553131403,0.3866861764705882,1.6930601007974118
2886.81,-0.656462,1.66553,1.7902325375056725,3.204932538343999,1.9462459941634538,0.40546905882352935,1.616523342412412
2887.63,1.09196,2.88071,3.0807250357180536,9.490866745700002,1.2084715508367367,0.3977162352941176,1.5597342538192942
2888.45,2.08166,0.243332,2.095833680859242,4.3925188178239996,0.11636516041803587,0.3697518823529412,1.526130143631
2889.26,1.11223,-0.259823,1.1421749271582704,1.3045635642290003,-0.22948999293937997,0.32743170588235293,1.5254383462965881
2890.08,0.726019,-0.259672,0.7710597486219858,0.5945331359449999,-0.34348744674286047,0.294801,1.5946045313965884
2890.9,0.552694,-0.229851,0.5985834443392166,0.35830213983700004,-0.39411542181158254,0.30891076470588236,1.6611220137824119
2891.72,0.466673,-0.211369,0.5123090308495449,0.26246054309,-0.42528570601021903,0.3182813529411765,1.6743643324165294
2892.54,0.426421,-0.208213,0.4745392740437824,0.22518752261,-0.45422801776019933,0.3135725294117647,1.658598153325
2893.36,0.418386,-0.22222,0.473738929576196,0.224428573396,-0.4882452878943992,0.2902585882352941,1.6070668409545883
2894.17,0.444643,-0.258357,0.5142526002831683,0.2644557368980001,-0.5263643951746944,0.22696694117647057,1.4524563131225885
2894.99,0.530764,-0.325653,0.6227040228752341,0.38776030010500007,-0.550326967230402,0.09415805882352943,0.931580993310647
2895.81,0.77461,-0.411218,0.876995379476996,0.7691208956240002,-0.48803833984996603,0.11991323529411765,0.7161750718541765
2896.63,1.35708,-0.148836,1.3652173018593048,1.863818281296,-0.10923712744906496,0.17945488235294116,0.688693832471353
2897.45,1.12896,0.724095,1.3412174509098067,1.7988642506249997,0.5702932327467037,0.24270064705882352,0.707588501821647
2898.27,0.644876,0.73339,0.9765889347499284,0.9537259474759998,0.8495313655673015,0.3057543529411765,0.740311696404647
2899.09,0.5033,0.633317,0.8089507478759137,0.6544013124890001,0.8992925732629888,0.36590129411764705,0.7723020743697646
2899.91,0.472228,0.589234,0.7551132304098505,0.5701959907399999,0.8951859062583387,0.42086182352941176,0.7954647422757646
2900.73,0.478496,0.589572,0.7593112439573116,0.5765535652,0.8890227779484472,0.47009611764705883,0.8070246533570588
2901.55,0.497904,0.622959,0.7974874976430666,0.6359863088970001,0.8965089320514029,0.5153584705882353,0.8074317651636471
2902.36,0.516358,0.68117,0.854762044702501,0.7306181530640002,0.9221658147327207,0.5601969411764706,0.7958432833401177
2903.18,0.520864,0.752385,0.9150860586420274,0.837382494721,0.9652677668271287,0.6077325294117646,0.7608255350687059
2904.0,0.500692,0.815506,0.9569443635342652,0.9157425148999998,1.020171800705068,0.6393627058823529,0.6639417592998236
2904.82,0.453352,0.842062,0.9563453600807609,0.9145964477480002,1.0769157215858496,0.6205558235294117,0.5783741812304117
2905.64,0.385184,0.811129,0.8979404036443621,0.8062969684969999,1.1274508732686621,0.6014507058823529,0.561726016798
2906.46,0.302834,0.726116,0.786735582652774,0.6189528770119997,1.1756700343656388,0.5725194117647059,0.6176109038765882
2907.28,0.207397,0.614763,0.6488043324285065,0.420947061778,1.2454253511710658,0.4747744705882353,0.7284267016565882
2908.1,0.100749,0.511103,0.520938228209449,0.27137663760999997,1.3761708158483854,0.3822458235294117,0.7519970199574117
2908.92,-0.011648,0.436601,0.43675634981646233,0.19075610910500002,1.597468821028072,0.3112814705882353,0.7354562535160588
2909.74,-0.127671,0.396887,0.4169162685839928,0.17381917501,1.882023365233238,0.24965529411764703,0.7016686182997058
2910.57,-0.256064,0.388877,0.4656115260869301,0.216794093225,2.153103117783655,0.19138776470588234,0.6570683795105294
2911.39,-0.425081,0.404378,0.5866987501648525,0.344215423445,2.381148951347687,0.13460476470588234,0.605919802804
2912.21,-0.709754,0.408603,0.8189671251796374,0.670707152125,2.6192349805549,0.08038941176470588,0.5541475418704118
2913.03,-1.25874,0.141485,1.26666664629057,1.604444392825,3.029660383837656,0.031760088235294096,0.508931639713544
2913.85,-1.14191,-1.07243,1.5665454200245839,2.454064553,3.8956238129872407,-0.007919505882352962,0.4758981674782741
2914.67,-0.100717,-0.983415,0.9885590403784692,0.9772489763139999,4.610329258669431,-0.03628491764705884,0.45722306639397997
2915.49,0.119987,-0.583435,0.5956452630500808,0.35479327939399996,4.915217190081505,-0.051976976470588236,0.45300840810192117
2916.31,0.148069,-0.366475,0.39525732679610126,0.156228354386,5.096369599959533,-0.05315621176470589,0.4652505496588035
2917.13,0.149856,-0.238163,0.2813866295775263,0.079178435305,5.274014372688036,-0.03557244705882353,0.5024296049962153
2917.95,0.154192,-0.149805,0.21498072213340433,0.046216710889,5.512217205588512,0.007300082352941169,0.5818537184756858
2918.78,0.167726,-0.079599,0.18565562710836425,0.03446801187699999,5.840081680012391,0.07838431764705883,0.7216197337332741
2919.6,0.19335,-0.0155695,0.19397585372991658,0.03762663183024999,6.202833726880117,0.1750723764705882,0.9300775795988834
2920.42,0.233934,0.0515629,0.2395492621829798,0.057383849012410004,6.500132794370227,0.3193667882352941,1.2450648516089422
2921.24,0.293088,0.132551,0.3216680639183816,0.10347034334500003,6.707914288080481,0.6307620823529412,2.210892538432472
2922.06,0.374201,0.244338,0.44690876769761406,0.19972744664499997,6.8616380238359245,2.2759629647058826,157.1861186315905
2922.89,0.474716,0.416554,0.6315635483243155,0.398872515572,7.003418426647406,2.1436520823529412,157.72346523158492
2923.71,0.567195,0.695811,0.8976987889854814,0.8058631157459999,7.170066886181689,2.0943682588235295,157.81037929237374
2924.53,0.563674,1.11771,1.2518003125003605,1.5670040223760002,7.386890781584625,2.068590317647059,157.8351065684231
2925.35,0.345082,1.61281,1.6493143068633098,2.720237682824,7.643196669476438,2.0527911411764705,157.8433847995102
2926.17,-0.0505494,2.0523,2.0529224368787924,4.214490531840359,7.8786072644879965,2.042005494117647,157.84565110174242
2927.0,-0.477336,2.59449,2.6380348778960445,6.959228016995999,8.035927619702791,2.0338449352941175,157.84492335435854
2927.82,-1.02657,4.22129,4.3443221829187575,18.873135229,8.092539453359233,2.026816470588235,157.84185428511682
2928.64,43.6734,26.985,51.337667385264005,2635.55609256,6.836649550269986,2.0195615394117645,157.83578003248425
2929.46,1.21053,-2.83272,3.080533310857067,9.489685479300004,5.116238595545292,2.010048033529412,157.82444721223342
2930.29,0.428286,-1.2043,1.2781891048651604,1.633767387796,5.054071141984353,1.9938713864705884,157.80250323918386
2931.11,0.20504,-0.676388,0.7067829427370189,0.4995421281440002,5.00672366365138,1.9611962688235294,157.75801653113794
2931.93,0.109067,-0.418391,0.4323732639398509,0.18694663937,4.9673957428447295,1.8982078570588234,157.66919909070273
2932.76,0.0620469,-0.262955,0.27017614592078626,0.07299514982460999,4.944110642270392,1.7995952217647062,157.51187651110484
2933.58,0.0380361,-0.154299,0.15891798609411711,0.02525492630421,4.954079354927689,1.6709802805882354,157.26601776429993
2934.4,0.0244215,-0.067921,0.07217805693734072,0.005209671903249999,5.057552709515633,1.5079969276470586,156.85863791961174
2935.23,0.0110947,0.00921717,0.014423889589805517,0.00020804859089889997,6.976410278973458,1.247408986470588,155.75104202292482
2936.05,-0.0156638,0.0826084,0.0840803329025284,0.007069502381000001,8.041372064730389,-0.3541568958823529,0.7222656693591409
2936.87,-0.0760808,0.141551,0.16070150506339387,0.025824973729640006,8.347161601168269,-0.2039307782352941,0.17023671153043465
2937.7,-0.172903,0.140334,0.22268605471605088,0.049589078965000005,8.742983102548742,-0.15191830764705883,0.08369453799096407
2938.52,-0.234323,0.046907,0.2389718288376268,0.057107534978,9.227208419655426,-0.13331995470588234,0.06847024602866994
2939.35,-0.204226,-0.0636048,0.21390144847345002,0.04575382965903999,9.726699765665476,-0.13157624882352942,0.07701150409678759
2940.17,-0.129979,-0.134154,0.18679356561991103,0.03489183615700001,10.225981238838532,-0.13931895470588235,0.09682526725328111
2940.99,-0.0521028,-0.176227,0.1837679441492449,0.03377065729684,10.708106362871863,-0.1527442488235294,0.12088410203450406
2941.82,0.0211473,-0.208705,0.20977365259319386,0.04400498532228999,11.096555909391574,-0.17131142529411764,0.1438951271663717
2942.64,0.0922731,-0.24162,0.25863980626270583,0.06689454938361,11.360374808194589,-0.19721608235294116,0.16415348453661296
2943.47,0.165594,-0.278876,0.32433500614642263,0.105193196212,11.531415682145294,-0.2337100470588235,0.18449901186726
2944.29,0.245141,-0.320088,0.4031754427355416,0.162550437625,11.649145624329995,-0.28366645882352937,0.21273878001608648
2945.12,0.333127,-0.360216,0.4906415848508971,0.24072916478500006,11.741922184281854,-0.34893845882352936,0.26625439319908645
2945.94,0.425468,-0.388748,0.5763228492156112,0.3321480265280001,11.826040511035801,-0.43549651764705877,0.38881887895332173
2946.77,0.504118,-0.394581,0.6401789776968625,0.40982912348499995,11.902258184826582,-0.5635944705882353,0.682614198071084
2947.59,0.536588,-0.382529,0.6589803620632408,0.434255117585,11.947044963145558,-0.6948895294117647,1.0950814876206723
2948.42,0.499276,-0.383563,0.6296007458262737,0.3963970991450001,11.911298740121,-0.7543391176470589,1.3109135606796816
2949.24,0.398371,-0.431162,0.587026510376661,0.34460012388500005,11.741463550790764,-0.7788662352941177,1.4029327778934293
2950.07,0.252441,-0.537789,0.5940904535523189,0.352943467002,11.43444795318043,-0.788785411764706,1.4437636911320406
2950.89,0.0710663,-0.707708,0.7112672017320143,0.50590103225969,11.095656333921156,-0.7898805294117648,1.4602135491165698
2951.72,-0.140824,-0.96929,0.9794664379528273,0.9593545030759997,10.851298036270675,-0.7838507647058823,1.4623674934108641
2952.54,-0.33358,-1.42458,1.4631144154849953,2.1407037927999997,10.765558283642855,-0.7714279411764706,1.4541565974230992
2953.37,-0.130319,-2.24127,2.245055512601192,5.040274254661001,10.937494523061137,-0.7534967705882354,1.4374658946078411
2954.19,1.20336,-2.36617,2.654587681448853,7.046835758499998,11.466053335012912,-0.7313505235294118,1.4146522246270785
2955.02,1.51468,-1.18687,1.92429620882545,3.7029158993,11.90172357582435,-0.7057810470588235,1.389916832605338
2955.85,1.10312,-0.625666,1.268200172668337,1.6083316779559997,12.050434229141947,-0.6754665764705883,1.3679035381053901
2956.67,0.769882,-0.410246,0.8723646453404676,0.7610200744399999,12.076775117378784,-0.6366741058823528,1.3507453663635336
2957.5,0.54437,-0.297493,0.62035536747013,0.384840781949,12.066225876940099,-0.584405105882353,1.3373504980866215
2958.33,0.389648,-0.217582,0.4462818511075708,0.199167490628,12.057096147917074,-0.5144012235294118,1.3244119779118162
2959.15,0.280953,-0.149028,0.31803133963966507,0.101143932993,12.07867055923913,-0.43373669411764704,1.29914007387264
2959.98,0.203381,-0.0839181,0.22001381472218967,0.048406078668610006,12.175036557189719,-0.3550699117647059,1.198883109036057
2960.8,0.147205,-0.0180948,0.14831295901585945,0.021996733812040006,12.444061722832695,-0.23875791176470587,0.9125585605640567
2961.63,0.105041,0.0521521,0.11727511763119233,0.01375345321541,13.027208527515173,-0.11206273529411766,0.5011324345135724
2962.46,0.0693133,0.131783,0.14889960592926363,0.02217109264589,13.652963424764481,-0.049137852941176466,0.284307183211617
2963.28,0.0280312,0.22831,0.23002435582659503,0.05291120427344,14.015001414922079,-0.013178088235294112,0.19100608754385234
2964.11,-0.0467043,0.350784,0.35387950815848324,0.12523070629449,14.269531084394822,0.015959764705882354,0.14909931898304352
2964.94,-0.230818,0.482358,0.5347393657549442,0.285946189288,14.583483445207555,0.043360235294117644,0.13125009428657292
2965.77,-0.606731,0.402007,0.7278269948346241,0.5297321344099999,15.122796180066793,0.06945441176470588,0.12604736888474938
2966.59,-0.65477,-0.0872447,0.6605568791391775,0.43633539057808995,15.840427815794797,0.09342505882352942,0.12801324701045527
2967.42,-0.321059,-0.263966,0.41564038619580745,0.17275693063699996,16.396078787802455,0.11432712352941177,0.13438096439988997
2968.25,-0.0865924,-0.212352,0.2293286193255434,0.05259161564176,16.89156637874007,0.1312720529411765,0.14383304169577
2969.08,0.0562424,-0.117147,0.12994855584715054,0.016886627166760003,17.72636171035225,0.14326804705882354,0.15590697122809882
2969.9,0.148348,-0.01435,0.14904043613731144,0.02221305160400001,18.753123940145592,0.14893604705882352,0.17070495208669353
2970.73,0.20338,0.0850975,0.2204654369878644,0.048605008906250004,19.24583689681163,0.1461128117647059,0.18873747917890293
2971.56,0.230378,0.168315,0.28531379586167926,0.08140396210899999,19.480527339899687,0.1313606176470588,0.21071438050927938
2972.39,0.244206,0.226019,0.33274789074763494,0.11072115879700001,19.596296124775314,0.10071137058823529,0.23719851577102294
2973.21,0.260299,0.258473,0.3668294714577879,0.13456386113000002,19.631434248747915,0.0600763705882353,0.27437151192008175
2974.04,0.28808,0.271417,0.39579953801008916,0.156657274289,19.60518077771346,0.02115217647058823,0.36298050778819413
2974.87,0.331359,0.269969,0.42741320503933894,0.18268204784199998,19.533215857957742,-0.050732176470588225,0.5411428759286646
2975.7,0.391703,0.256084,0.46798531522367237,0.219010255265,19.42857743155097,-0.15881794117647058,0.7858696551499729
2976.53,0.470839,0.228139,0.5231985925458899,0.2737367672420001,19.300756927291168,-0.25316694117647054,1.0073973914992223
2977.36,0.571796,0.180315,0.5995533044200491,0.359464164841,19.155033738688765,-0.31411694117647054,1.1718693144401635
2978.19,0.69917,0.0999967,0.7062846656348202,0.49883802891088974,18.991614543989993,-0.3515289705882353,1.298693463254443
2979.02,0.857135,-0.0386792,0.8580072777882715,0.7361764887376401,18.804460368342024,-0.3750549705882352,1.4129966536732663
2979.84,1.0384,-0.288788,1.077809384327303,1.1616730689440002,18.578301946451983,-0.39142491176470584,1.5418501572322665
2980.67,1.17548,-0.748956,1.3938035443834975,1.9426883203360004,18.282267852169625,-0.4128582647058823,1.7159208864385018
2981.5,0.996655,-1.486,1.7892783989712164,3.2015171890249996,17.869546896835317,-0.45967349999999996,1.9203008616546784
2982.33,0.105952,-2.04981,2.0525464336779327,4.212946862404,17.33040232890462,-0.5243849117647059,2.082522959906619
2983.16,-0.905948,-1.72108,1.9449571062375641,3.782858145103999,16.79422869635823,-0.5888676764705882,2.1969800478045016
2983.99,-1.30946,-1.0505,1.6787601798946745,2.8182357416,16.384068019063417,-0.6487346764705881,2.284976351619678
2984.82,-1.37881,-0.550907,1.4847947800113659,2.2046155387490005,16.088083820609224,-0.7045583235294117,2.361003395386031
2985.65,-1.40389,-0.231627,1.4228697056403303,2.0245581992290003,15.871479589347494,-0.7575225411764706,2.434221875804508
2986.48,-1.51608,-0.05227,1.5169807906825978,2.3012307193,15.742426689529847,-0.8085572941176471,2.512530828055235
2987.31,-1.75572,-0.105894,1.7589105314472364,3.0937662576359997,15.7682040093149,-0.858078,2.606370892823235
2988.14,-1.83196,-0.524442,1.9055489636752976,3.6311168529640008,15.986780061254205,-0.9058770588235293,2.735454069697588
2988.97,-1.50045,-0.830125,1.7147762880693795,2.940457718125,16.213298785044554,-0.9551,2.948836844090235
2989.8,-1.20788,-0.840123,1.471319390726908,2.1647807495289997,16.315686400719898,-1.0297329411764706,3.360540678942941
2990.63,-1.07061,-0.7896,1.3302909200998105,1.7696739321000006,16.34343146096172,-1.1522017647058822,4.059224601383882
2991.46,-1.03007,-0.768687,1.2852719202056038,1.6519239088689999,16.349058346597946,-1.3039188235294117,5.065121744125059
2992.29,-1.0502,-0.800395,1.3204363657613343,1.7435521960250002,16.35918614326504,-1.512904294117647,6.909461571945705
2993.12,-1.11629,-0.90627,1.437855582803781,2.0674286770000005,16.389893548567947,-2.1255556470588237,14.831583923191056
2993.95,-1.21598,-1.13064,1.6604078324315383,2.7569541699999993,16.457010250914053,-2.324773882352941,17.80006836104988
2994.78,-1.30334,-1.56154,2.0339868060535693,4.1371023272,16.583244531179336,-2.3665451764705883,18.135323138891057
2995.61,-1.19736,-2.32279,2.6132402020671575,6.829024353699998,16.80280202420735,-2.3646404705882356,18.106338876801644
2996.44,-0.4461,-3.31857,3.3484193367766824,11.211912054899997,17.145135254581795,-2.338970294117647,18.028924025160407
2997.27,1.09421,-3.80305,3.957333044690578,15.660484826600001,17.55891174819615,-2.310136882352941,17.963891354780408
2998.1,2.59689,-3.62969,4.463013238631497,19.918487168200002,17.8997847573478,-2.2830813529411764,17.907926144037173
2998.94,4.08881,-4.10366,5.792960608505809,33.55839261169999,18.062345119982613,-2.2570109411764703,17.853755079887527
2999.77,4.83202,-10.6467,11.691904813605008,136.70063817039997,17.704811751247586,-2.2298192352941175,17.795832902163703
3000.6,-6.39835,-3.43898,7.263984179697805,52.76546616289999,16.201142782230075,-2.198581058823529,17.730722120649
3001.43,-2.85083,-0.816006,2.965315747257954,8.793097480935998,15.986743846205663,-2.15870894117647,17.67153720139582
3002.26,-1.70184,-0.492062,1.7715485873788501,3.1383843974439993,15.989422875136873,-2.06762484117647,18.013377801346767
3003.09,-1.21218,-0.393732,1.2745215730712445,1.6244052402239995,16.02202615520789,-1.8470789588235292,17.776612235606535
3003.92,-0.967862,-0.349955,1.0291867435353994,1.059225353069,16.054912718683653,-1.6296761352941176,17.13032522612065
3004.76,-0.842373,-0.329656,0.9045802062089354,0.8182653494650002,16.080983709152648,-1.3958663117647059,16.211146975572497
3005.59,-0.790615,-0.32549,0.8549946305825551,0.7310158183249998,16.09850828434645,-1.1771460529411764,15.040022399235141
3006.42,-0.802832,-0.338136,0.8711344182845722,0.75887517472,16.10659306988008,-0.9332386411764704,13.066824293839908
3007.25,-0.905403,-0.375221,0.98007417640197,0.9605453912499998,16.100842207825735,-0.3062779823529412,5.027257926443582
3008.09,-1.24329,-0.452814,1.3231819764098964,1.7508105426959997,16.057237517797105,-0.10479824705882354,1.9262570003435973
3008.92,-3.15408,-0.0131103,3.1541072471249434,9.948392526366089,15.712119860202986,-0.05904130588235294,1.4135846157826564
3009.75,0.877004,1.42649,1.6745177622575402,2.804009736116,13.585937147530808,-0.033846129411764694,1.236163937115362
3010.58,0.287566,0.377278,0.4743763206990838,0.22503289364,13.48589555182361,-0.015987670588235296,1.1521690511767881
3011.42,0.0704829,0.171717,0.1856194151521063,0.03445456728140999,13.747676269926046,-0.00169449411764706,1.1094234274909647
3012.25,-0.0390831,0.0885544,0.09679550849584913,0.00936937046497,14.55280065132556,0.013921976470588248,1.0964013014066705
3013.08,-0.110435,0.042766,0.1184264327800175,0.014024819981000003,15.338495995046845,0.0445312117647059,1.1121105645109646
3013.91,-0.166957,0.0116312,0.16736165828062294,0.028009924662440004,15.638409802549768,0.09853232941176471,1.1245082100806705
3014.75,-0.21968,-0.0138245,0.22011455926460202,0.04845041920025,15.770810563783696,0.15308421176470588,1.097609451368141
3015.58,-0.276066,-0.038138,0.27868789604143196,0.0776669434,15.845242472499606,0.2017546823529412,1.0081525591834353
3016.41,-0.343758,-0.063744,0.34961816328674916,0.1222328601,15.891313455569076,0.21574081764705882,0.42969324689113586
3017.25,-0.434013,-0.0901382,0.4432743837266484,0.19649217926823995,15.91273767643848,0.13825722941176471,0.2687291807304888
3018.08,-0.566663,-0.106971,0.5766712671964852,0.33254975041,15.894541254519439,0.11710462352941177,0.25852234635958826
3018.91,-0.769916,-0.064176,0.7725860508914202,0.5968892060320001,15.791125567929477,0.10360628235294118,0.25951315822180177
3019.75,-0.979847,0.194867,0.9990361810755405,0.9980732910980001,15.511649743332939,0.0912142,0.2625420199456271
3020.58,-0.795846,0.579883,0.984700537932726,0.9696351494050001,15.078275122588925,0.07815678823529412,0.2663103591084506
3021.42,-0.445404,0.552161,0.7094127805001824,0.503266493137,14.815953281141793,0.0638086588235294,0.2707397285858365
3022.25,-0.29955,0.374584,0.4796283723425877,0.23004337555599996,14.811717073512527,0.04789133529411765,0.2760942075155277
3023.09,-0.253209,0.224654,0.33850290603922445,0.11458421739700002,14.982249753065556,0.030195805882352947,0.28296806278217473
3023.92,-0.235968,0.109269,0.2600396342579338,0.06762061138499999,15.274296091852069,0.010460805882352936,0.2928816993196453
3024.75,-0.226283,0.0176837,0.22697292643548922,0.05151670933469,15.629973175808892,-0.010807123529411761,0.31099783498769
3025.59,-0.219004,-0.0577548,0.22649143237447197,0.05129836893904001,15.96580861843349,-0.01630412352941176,0.35115466169445475
3026.42,-0.214357,-0.122111,0.24669823625230886,0.060860019769999996,16.225776514219817,0.013761876470588234,0.34309950338886647
3027.26,-0.214407,-0.17921,0.2794397712370234,0.07808658574899997,16.404179211716837,0.013963582352941172,0.2890122671191018
3028.09,-0.222153,-0.232287,0.321417494511422,0.10330920577799999,16.515657709533635,-0.016310199999999997,0.23395213269926
3028.93,-0.242038,-0.284419,0.373465608865127,0.139476561005,16.5736905040375,-0.048223537058823526,0.20618485863987368
3029.76,-0.282183,-0.338962,0.4410470302960899,0.19452248293300003,16.584518315766076,-0.07115877235294117,0.19455284722957955
3030.6,-0.362454,-0.399239,0.5392260020037981,0.2907646812370001,16.541617674022653,-0.08616951352941177,0.18964568294616543
3031.43,-0.548124,-0.451693,0.7102580415771439,0.5044664856249998,16.397210189158734,-0.09543207235294118,0.18734235888347428
3032.27,-0.987445,-0.20042,1.0075791802260505,1.015215804425,15.908211294299132,-0.10104034882352941,0.1859296566507278
3033.1,-0.510089,0.446946,0.678197253634221,0.4599515148369999,14.98844735209368,-0.10514353705882352,0.18496379877296074
3033.94,-0.198164,0.198296,0.28033957000751786,0.078590274512,14.922232157986612,-0.11004094882352941,0.18514274289766663
3034.77,-0.171342,0.0652287,0.18333811460711055,0.03361286426769,15.344210839923862,-0.11776618411764707,0.18883131469419603
3035.61,-0.176437,0.00963427,0.1766998418998526,0.031222834127432906,15.653412852120642,-0.1279785370588235,0.20065545677654897
3036.45,-0.179066,-0.015315,0.179719730639126,0.032299181581,15.793282762069493,-0.1334517723529412,0.22482705721272545
3037.28,-0.173869,-0.0305286,0.17652882081677201,0.03116242457896,15.881775443728614,-0.12209294882352942,0.25644371429596075
3038.12,-0.161683,-0.0481945,0.16871307690647458,0.028464102319250006,15.997657843171144,-0.09077671352941177,0.2822878787992548
3038.95,-0.146527,-0.077657,0.1658335652936401,0.027500771377999996,16.195309539611678,-0.045981125294117645,0.2893647638486666
3039.79,-0.136456,-0.127509,0.1867586276909316,0.034878785017,16.459479757203272,-0.01141277235294118,0.25938121488278426
3040.63,-0.147399,-0.205367,0.2527885873412801,0.06390206989000001,16.656230115434184,-0.013872125294117648,0.2558674379331372
3041.46,-0.210613,-0.310539,0.37522300874280085,0.14079230629,16.682802799133707,-0.002628713529411764,0.2695130402863725
3042.3,-0.373587,-0.405897,0.5516517209055003,0.304319621178,16.534788214505507,0.01432242176470588,0.28126091065962605
3043.14,-0.638682,-0.377464,0.7418852798243135,0.55039376842,16.2417422475115,0.03165322941176471,0.2892167812750123
3043.97,-0.843048,-0.145862,0.8555732892908707,0.7320056533479999,15.879284632930625,0.04708869999999999,0.29378643217924766
3044.81,-0.844032,0.133137,0.8544679501262759,0.7301154777929998,15.551513070031138,0.059848794117647056,0.29577793675989705
3045.65,-0.727171,0.309832,0.7904261707870003,0.6247735314650001,15.305179393347476,0.07010117647058824,0.29601499078258825
3046.48,-0.596271,0.387242,0.7109820475968434,0.505495472005,15.131982102232422,0.07872547647058822,0.29511061513374237
3047.32,-0.485882,0.405137,0.6326273047324151,0.40021730669300004,15.012939218318879,0.08717551176470588,0.2931991816235494
3048.16,-0.398631,0.389434,0.5572840519133847,0.31056551451700004,14.93423493191194,0.09733251176470588,0.2895094441194559
3048.99,-0.329297,0.353398,0.4830389845685336,0.23332666061300006,14.887277025310054,0.1109449588235294,0.2816219826459383
3049.83,-0.271845,0.304258,0.4080105814669517,0.16647263458900002,14.86636184919832,0.1274164294117647,0.2647932171507712
3050.67,-0.221203,0.247088,0.33163722190520173,0.10998324695300002,14.867345838287733,0.13916754705882353,0.23460161641234528
3051.51,-0.173999,0.186393,0.2549862789445738,0.06501800245000001,14.888188322165263,0.13334607647058822,0.19568537220469823
3052.34,-0.128817,0.126096,0.18026097942982555,0.03249402070499999,14.93323892920629,0.10438578235294119,0.16160577001099236
3053.18,-0.0858571,0.0689561,0.11011986808755268,0.012126385347620004,15.0313047546592,0.044679194117647064,0.16195990345475705
3054.02,-0.0460854,0.0161416,0.048830475563115296,0.00238441534372,15.371062102590384,0.06559554705882353,0.17826454013499235
3054.86,-0.0103621,-0.032698,0.03430061691004988,0.0011765323204099998,16.971868337130267,0.04883354705882353,0.15666101418746295
3055.7,0.0210788,-0.0791274,0.0818868807575426,0.006705461240199999,17.5391042825572,0.02442218823529412,0.13955524486933413
3056.53,0.0488296,-0.125882,0.13502076788464804,0.018230607760160004,17.648791423539233,-0.0021486882352941133,0.12787417489137
3057.37,0.0745724,-0.177695,0.19270847378037118,0.037136555866760006,17.6761029182649,-0.028694099999999993,0.12141744743113471
3058.21,0.102417,-0.244827,0.2653855719853662,0.07042950181799999,17.674962014172802,-0.053989394117647055,0.11992773624242882
3059.05,0.147466,-0.359188,0.38828113590541585,0.1507622405,17.66833084088475,-0.07714674705882353,0.12314917047995824
3059.89,0.365397,-0.70518,0.7942252829071863,0.6307938000090001,17.756830474388646,-0.09727915882352942,0.13079028894637
3060.73,0.480513,0.74282,0.8846888128426854,0.782674295569,19.846175756525845,-0.11330981176470589,0.14240649305262765
3061.56,0.136064,0.120183,0.18154163595440026,0.032957365584999995,19.57305789084915,-0.12408714117647059,0.15718439172682058
3062.4,0.138254,-0.0255591,0.1405967144310634,0.019767436108809988,18.666749275568463,-0.12890343529411766,0.17382705543320826
3063.24,0.15838,-0.0983069,0.186409417647312,0.03474847098761,18.29405274036634,-0.12798352352941178,0.19075761012779704
3064.08,0.187337,-0.147014,0.23813497803766667,0.05670826776499999,18.18417891895033,-0.12238805294117647,0.20644760384667
3064.92,0.226261,-0.182932,0.29096074777364733,0.08465815674500002,18.16965354921246,-0.11339768235294116,0.21945704377254824
3065.76,0.277158,-0.207282,0.34609591804585044,0.11978238448800002,18.207410506699837,-0.10162388823529411,0.22800058897485703
3066.6,0.340103,-0.216155,0.40298019136677177,0.16239303463399998,18.283400718962625,-0.08512847647058823,0.22835899775721
3067.44,0.410077,-0.203565,0.4578229517553702,0.209601855154,18.388787024234638,-0.04964941764705882,0.19636108676491587
3068.28,0.475074,-0.167073,0.5035957632913526,0.25360869280500004,18.511387146422926,-0.09802189411764706,0.15174210665941057
3069.12,0.520552,-0.114575,0.5330120217490408,0.284101815329,18.63290747791741,-0.10417827647058824,0.14982717541044
3069.96,0.538975,-0.0634889,0.5427014750746583,0.29452489104820995,18.73230063601136,-0.0914943294117647,0.1517973339350982
3070.8,0.53293,-0.030759,0.5338169170989244,0.28496050098099995,18.791903109639367,-0.05912380588235295,0.1642298156219447
3071.64,0.507621,-0.0248587,0.5082293130140074,0.25829703460668996,18.800624027756932,8.289999999999687e-05,0.20727494658847415
3072.48,0.462249,-0.0446725,0.4644025950156287,0.21566977025725004,18.753213474798798,0.10905419411764707,0.3670531473126506
3073.32,0.388138,-0.078766,0.39604947897958404,0.1568551898,18.649341788307282,0.3915554882352942,1.7152098618251215
3074.16,0.276438,-0.102036,0.29466814069389996,0.08682931314000002,18.495959155653594,0.09749519411764708,3.7066291007584153
3075.0,0.133527,-0.0795121,0.1554079591765171,0.024151633775410002,18.31246966390515,-0.01069039411764705,3.940635679778768
3075.84,-0.0127485,0.0155245,0.020088164488076057,0.0004035343525,21.107878567180663,-0.07187021764705884,4.012193541741063
3076.68,-0.130898,0.190068,0.23078156561562707,0.053260131027999986,21.02344745581202,-0.11321315882352942,4.036582186185768
3077.52,-0.20446,0.451992,0.4960853350624265,0.246100659664,20.84516132262819,-0.1436105176470588,4.041217560083638
3078.36,-0.223014,0.8595,0.8879614260743539,0.7884754941960003,20.674223295340806,-0.16607281176470579,4.036588398183579
3079.2,-0.115716,1.66958,1.6735852440362875,2.800887569056,20.489550037833013,-0.18120724117647055,4.027945071250009
3080.04,1.38644,4.59524,4.799838177605574,23.038446531199998,20.127325363359066,-0.1887999176470588,4.018548935245759
3080.89,2.61121,-5.21518,5.8323683094005645,34.016520096499995,17.74296235157244,-0.18885056470588235,4.01082923802417
3081.73,0.12251,-2.04272,2.0463904071559758,4.1877136985000005,17.338661799539267,-0.1825907094117647,4.006504548930569
3082.57,-0.113708,-1.20713,1.21247364761631,1.470092346164,17.184839746710598,-0.1731838388235294,4.0059564937358
3083.41,-0.174808,-0.817405,0.835888013366025,0.6987087708890001,17.068075934082653,-0.16530951529411764,4.007524737679114
3084.25,-0.191424,-0.580244,0.6110042940209176,0.3733262473119999,16.960099878241568,-0.16403522117647054,4.007166274084418
3085.09,-0.189766,-0.412618,0.45416379058661205,0.20626474868,16.84769742775307,-0.17485804470588237,3.996966416439925
3085.94,-0.1782,-0.282144,0.3337071721374894,0.11136047673599998,16.715433732145847,-0.20660557411764705,3.956608629415822
3086.78,-0.160459,-0.173748,0.2365067825348778,0.05593545818499998,16.533103276922326,-0.2830061623529412,3.7999429238821048
3087.62,-0.138852,-0.079627,0.16006354061122102,0.025620337033000002,16.228644478225398,-0.5281017505882353,2.455642166229656
3088.46,-0.115284,0.00438154,0.1153672334277441,0.013309598548771596,15.669975063817667,-0.19131016235294118,0.47050360059457075
3089.3,-0.0914865,0.0804047,0.12179776461142462,0.01483469546434,14.986945857331369,-0.03215716235294118,0.25277037342168834
3090.15,-0.0688978,0.149388,0.1645104294226965,0.027063681388840008,14.569295956685046,0.1030881317647059,0.26612803754668835
3090.99,-0.0483346,0.211731,0.21717792226227783,0.04716624991815999,14.361604039003774,-0.06503980941176471,1.1005769188649825
3091.83,-0.0296131,0.268004,0.2696350861954171,0.07270307970761,14.24721551638597,-0.06761657411764707,1.1138969459107473
3092.67,-0.0112335,0.319792,0.3199892416726694,0.10239311478625002,14.172280023781052,-0.057206574117647055,1.112664612809159
3093.51,0.0100091,0.37077,0.3709050754341466,0.13757057498280997,14.11017805404775,-0.04600957999999998,1.1126048405835125
3094.36,0.0402844,0.428615,0.4305039501658028,0.18533365110836,14.04345485539332,-0.036311694117647064,1.1147624453490375
3095.2,0.0937116,0.510277,0.5188106405072663,0.2691644807035599,13.955542276455486,-0.0282576470588235,1.1187917007981694
3096.04,0.21642,0.662881,0.6973154498223886,0.4862488365610001,13.821593455964868,-0.02109814941176469,1.1242733028061827
3096.89,0.710367,1.09204,1.302755785360019,1.6971726362889996,13.560443537111558,-0.01358071999999999,1.1308533750613392
3097.73,1.17237,-3.67558,3.858022777706218,14.884339753300003,11.304335280666098,-0.004681425882352944,1.1380116521497603
3098.57,-0.458617,-0.624049,0.7744460646746162,0.5997667070899998,10.361803900210088,0.004757162352941172,1.1445730761365156
3099.42,-0.360257,-0.235648,0.4304823875061557,0.185315085953,10.004037607835134,0.011319750588235297,1.1487864793868539
3100.26,-0.319246,-0.0917951,0.33218119889603925,0.11034434890000999,9.704762140138243,0.011743044705882333,1.1494404222308838
3101.1,-0.304197,-0.00888394,0.30432669813692587,0.0926147391989236,9.453974223614187,0.005026632941176459,1.1462240760190128
3101.95,-0.301389,0.0572918,0.3067860486857902,0.09411767966824003,9.236926701791573,-0.008697484705882386,1.1388401135882857
3102.79,-0.300994,0.126093,0.32633852467185054,0.106496832685,9.028066700717527,-0.029969602352941216,1.1255967775410762
3103.63,-0.288701,0.208201,0.3559437087546287,0.12669592380199995,8.799988205675495,-0.062257425882352974,1.0989635542998408
3104.48,-0.241554,0.300676,0.38568690915300713,0.148754391892,8.530773920990487,-0.12135178470588237,1.0006822670965945
3105.32,-0.142082,0.372187,0.39838481107215923,0.158710457693,8.218656032123292,0.09871495647058824,0.1263989701720155
3106.17,-0.0160956,0.379568,0.3799091140830397,0.14433093496336005,7.896361293893002,0.13808990352941178,0.09218007473295728
3107.01,0.0811726,0.326988,0.33691266395723385,0.11351014313475997,7.610656960637183,0.15336283294117647,0.0821780155069714
3107.86,0.13059,0.256591,0.28791090528321434,0.08289268938100001,7.383205845624568,0.15876883917647058,0.07642406657610515
3108.7,0.147181,0.195305,0.24455324529844213,0.05980628978600001,7.208183272926573,0.15795079447058824,0.07151858014778789
3109.55,0.14809,0.148651,0.20982794833148422,0.044027767901000006,7.070474005864166,0.1524936885882353,0.06631718799590847
3110.39,0.143146,0.113988,0.18298645157497317,0.03348404146,6.955669668255601,0.14302010035294116,0.06023074242136495
3111.23,0.136915,0.0874359,0.1624523124914201,0.026390753833810003,6.85151495481438,0.1291022885882353,0.05286978926353259
3112.08,0.131249,0.0655546,0.1467095960806927,0.02152370558216,6.746406765034091,0.11011700623529412,0.044171819525893184
3112.93,0.126456,0.0453251,0.1343334828924271,0.018045484626010008,6.627346647808206,0.08716740035294117,0.034872614481286715
3113.77,0.121262,0.0239918,0.12361261711993643,0.015280079111240002,6.478513606323807,0.06389102388235293,0.026416215791849062
3114.61,0.111925,0.000107006,0.11192505115158105,0.012527217075284034,6.284141357815259,0.043694153294117646,0.019778857289772002
3115.46,0.0932848,-0.0227907,0.09602848492780672,0.009221469917530001,6.043566127341242,0.027506323882352943,0.014958988409987297
3116.3,0.0665977,-0.035479,0.07545868463132656,0.005694013086289999,5.793693058194083,0.014655076823529413,0.011529121930042003
3117.15,0.0424876,-0.034958,0.055020522696172205,0.0030272579177600006,5.5947069034732575,0.004102094470588236,0.00908406301867612
3118.0,0.0274419,-0.0284018,0.03949329207409785,0.0015597201188500003,5.4805997891058915,-0.005098023176470587,0.007354157611325532
3118.84,0.0200413,-0.0220738,0.029814532566015524,0.0008889063521300003,5.449563959080885,-0.013731752588235295,0.006191599282843179
3119.69,0.017365,-0.0179563,0.02497943023149247,0.0006239719346900001,5.481048100416776,-0.022419446705882355,0.005535384126874356
3120.53,0.0176626,-0.0161304,0.02391980858869903,0.00057215724292,5.543096862834249,-0.03154162905882353,0.005375241737344355
3121.38,0.0201851,-0.0163588,0.025981697393549948,0.0006750485994500001,5.602111223091447,-0.04109720552941176,0.005715313584530825
3122.23,0.0246755,-0.0186021,0.030901754394532358,0.0009549184246599999,5.637212491544136,-0.05064438235294118,0.006545117089319412
3123.07,0.0310143,-0.0231662,0.03871123385956588,0.0014985596269299999,5.6416376377514155,-0.05959387058823529,0.007817551707638823
3123.92,0.0389387,-0.0307497,0.04961619098419386,0.0024617664077800005,5.614759511180218,-0.06770563529411766,0.009409164358015296
3124.76,0.0477148,-0.042414,0.06384081402237912,0.004075649535039999,5.55653308025727,-0.0749734588235294,0.01111101255318
3125.61,0.0557344,-0.0593375,0.08140799868323752,0.006627262249610001,5.466485642981835,-0.08126064705882352,0.012717330993247646
3126.46,0.0601805,-0.0821362,0.10182361185250699,0.010368047930690003,5.344720345452251,-0.08647042352941176,0.014107738178181176
3127.31,0.05725,-0.109752,0.12378636437023263,0.015323064003999999,5.193190936773271,-0.09072991764705882,0.015257590877745883
3128.15,0.0434979,-0.138453,0.1451251202011905,0.021061300513409993,5.01679534343133,-0.09430955882352941,0.01620583486407353
3129.0,0.0180737,-0.162195,0.16319888681204295,0.026633876656690005,4.8233630853654335,-0.09746299411764706,0.017014631145405294
3129.85,-0.0158636,-0.174932,0.17564981761721246,0.03085285842896,4.6219519664977,-0.10032920000000001,0.017740788964411766
3130.69,-0.0518763,-0.173379,0.1809735564735633,0.032751428142690005,4.421659393493131,-0.10290224705882353,0.018422114754827648
3131.54,-0.0826616,-0.158511,0.17876990025046163,0.03195867723556,4.231699039717,-0.10502758235294118,0.019071930321438238
3132.39,-0.102788,-0.135284,0.16990330661879421,0.0288671336,4.0626489884428665,-0.10640069411764705,0.019675879097824707
3133.24,-0.110836,-0.11064,0.15660724279547228,0.024525828496000004,3.926105845483184,-0.10657059411764705,0.020188890646061768
3134.08,-0.109568,-0.0903677,0.14202629273233178,0.02017146782729,3.831252030228813,-0.10497576470588235,0.020535057331421764
3134.93,-0.103758,-0.0769843,0.12919870359446337,0.016692305010490002,3.779928362505829,-0.10104931764705882,0.020616041635584118
3135.78,-0.0976175,-0.0699672,0.12010239540529571,0.014424585382089997,3.7634710266326366,-0.09440832352941178,0.020332032584631177
3136.63,-0.0936301,-0.0673276,0.1153238975571412,0.013299601347769998,3.765010017810031,-0.08508376764705883,0.01961131172617897
3137.47,-0.09276,-0.066908,0.11437262812404023,0.013081098063999997,3.7664728466188446,-0.07370244411764706,0.01844035123472544
3138.32,-0.095056,-0.0668804,0.11622663653466017,0.013508631040160002,3.754723593370789,-0.06153446176470588,0.01689352344682191
3139.17,-0.100094,-0.0657569,0.11976134073067987,0.014342778733610001,3.722839157116807,-0.050272073529411765,0.015150627817436028
3140.02,-0.107128,-0.0622258,0.12388889607079401,0.015348458569639999,3.6678157478664546,-0.041483614705882355,0.013464289379964245
3140.87,-0.115001,-0.0550241,0.12748678983255482,0.016252881581810003,3.587865356944813,-0.03604929705882353,0.012071877822114833
3141.72,-0.121863,-0.0430024,0.1292276950764038,0.01669979717476,3.4808263759720406,-0.03400716764705882,0.011118761846180717
3142.56,-0.12482,-0.0255561,0.12740936640298467,0.016233146647209998,3.343545208297709,-0.03480052647058823,0.010644078196314834
3143.41,-0.119867,-0.00367755,0.1199234008148639,0.0143816220630025,3.1722632867549887,-0.03760433823529412,0.010609537803110417
3144.26,-0.102968,0.0185505,0.10462566642201139,0.010946530074250001,2.963346762250076,-0.04152783235294118,0.010930902929235124
3145.11,-0.0730388,0.0334767,0.08034522853492919,0.00645535574833,2.7118237743772915,-0.045701832352941174,0.011495695400908066
3145.96,-0.0352672,0.0329496,0.04826439200901633,0.0023294515359999998,2.3901554636171927,-0.04933604411764706,0.01217261441766336
3146.81,-0.000106822,0.0141198,0.01412020407004389,0.00019938016297968403,1.5783615870727978,-0.05180299117647059,0.012822679789215712
3147.66,0.022837,-0.0182566,0.029237510368702736,0.0008548320125600001,-0.6743937411589375,-0.05275183823529411,0.0133183276200863
3148.51,0.0295196,-0.0556515,0.06299600174939676,0.00396849623641,-1.083096848833402,-0.052204479411764704,0.01356805246450924
3149.36,0.0209191,-0.0904714,0.09285840275801646,0.008622682962769999,-1.3435663654808176,-0.050574567647058824,0.013538756387947475
3150.21,0.000333577,-0.117632,0.11763247297245318,0.013837398697614927,-1.5679605669179704,-0.04857770294117647,0.013267179201191595
3151.06,-0.0282767,-0.134027,0.1369774013912149,0.01876280849189,-1.7787246826376415,-0.0470318294117647,0.012855164535876741
3151.91,-0.0606262,-0.137866,0.1506073374123585,0.02268257008244,-1.9850914615234723,-0.04656855294117647,0.012442318771062034
3152.76,-0.091991,-0.128662,0.1581652753451275,0.025016254324999997,-2.1915066425768828,-0.047338717647058826,0.012152333481774975
3153.61,-0.117455,-0.107695,0.1593546047342216,0.025393890050000003,-2.3995162466330093,-0.04891491176470588,0.0120323386109338
3154.46,-0.132796,-0.0783562,0.15418972629342073,0.02377447169444,-2.6085219007223728,-0.05053180588235294,0.012034376344902642
3155.31,-0.135676,-0.045719,0.1431719383713163,0.020498203936999995,-2.8165709682577367,-0.051451123529411766,0.012057332863924856
3156.16,-0.126364,-0.0152939,0.12728614957335302,0.01620176387321,-3.0211479654907056,-0.05112616470588235,0.01200160944358603
3157.01,-0.107452,0.0083906,0.1077791003504854,0.01161633447236,-3.2195214778391392,-0.049191182352941176,0.011792503891567207
3157.86,-0.0828644,0.0226023,0.08589163377564779,0.007377372752650001,-3.4078774807438688,-0.04549502352941177,0.011381070143901034
3158.71,-0.0568314,0.0264262,0.06267497165854963,0.003928152072399999,-3.5768445249083016,-0.04020675294117647,0.010747062457291033
3159.56,-0.0333182,0.0203839,0.039059004473360553,0.0015256058304499998,-3.6906396587071804,-0.03385445882352941,0.009908161366486328
3160.41,-0.0158639,0.0061543,0.017015837672591967,0.0002895387317,-3.511662654957821,-0.027222899999999998,0.008924596854486919
3161.26,-0.0074387,-0.0133674,0.015297765864661415,0.00023402164045,-2.0786014972875924,-0.021156591764705884,0.00789124791071207
3162.11,-0.00984376,-0.033885,0.035285873036352666,0.0012450928359376001,-1.8535194576208758,-0.01634904764705882,0.006917688755168688
3162.96,-0.0225491,-0.0501272,0.05496542632100656,0.0030211980906500006,-1.9935152036510186,-0.013187933529411765,0.006103781910206547
3163.81,-0.0418666,-0.0575767,0.07118910435207061,0.005067888578449999,-2.1995089594194845,-0.011696427647058824,0.0055210129593789
3164.66,-0.06197,-0.0547973,0.08272257846132457,0.006843024987289999,-2.41754470344007,-0.011564421764705882,0.00520692310986243
3165.52,-0.0777016,-0.0441264,0.08935702445538347,0.00798467781952,-2.6251138778101115,-0.01221821,0.0051711100454389
3166.37,-0.0867676,-0.029877,0.09176737731220175,0.00842125153876,-2.809974744304757,-0.012877286470588233,0.005403985145162431
3167.22,-0.0896774,-0.0159255,0.09108050077272303,0.008295657621010002,-2.965838404293563,-0.012612945294117646,0.0058746195067559594
3168.07,-0.0883521,-0.00456776,0.08847009667581245,0.0078269580058276,-3.0899391344883163,-0.010536086470588235,0.006510004611894783
3168.92,-0.084927,0.00337205,0.08499391772475547,0.007223966050202501,-3.1812770843588964,-0.006194339411764706,0.007180579777264195
3169.77,-0.0812248,0.00801994,0.08161977439716188,0.0066617875726436016,-3.240011227398287,0.00014756647058823463,0.007738109086301395
3170.63,-0.0786985,0.0100617,0.07933909319585145,0.006294691709140001,-3.2687540205735703,0.0076843252941176474,0.00808031968788963
3171.48,-0.0785093,0.0106347,0.07922630264362966,0.00627680703058,-3.2762309969596495,0.015434631176470589,0.0081764246485861
3172.33,-0.0814652,0.0114879,0.08227120187191872,0.006768550657450002,-3.2816849653539766,0.022513201764705882,0.008052555685108454
3173.18,-0.0874947,0.0152219,0.08880894531352121,0.007887028767700002,-3.313843711235381,0.02830358411764706,0.00776464545273963
3174.03,-0.0943795,0.0248777,0.09760322729059732,0.009526389977540002,-3.3993225014161763,0.03251540176470588,0.0073744477115431604
3174.89,-0.0968095,0.0414609,0.10531422277669812,0.011091085519060002,-3.5462323356452154,0.035126666470588236,0.006936187814120548
3175.74,-0.0893338,0.0604423,0.10786009202541041,0.011633799451730003,-3.736433401349434,0.03628674058823529,0.006494323742006571
3176.59,-0.0725109,0.0739274,0.1035523591695042,0.01072309108957,-3.9366635311825724,0.036252268823529415,0.006087626208745889
3177.45,-0.0524894,0.0779977,0.09401477712386494,0.008838778317649999,-4.120041501252519,0.03538032,0.005753815522332506
3178.3,-0.0346298,0.0741785,0.08186374600694743,0.006701672910290001,-4.275616073375748,0.03415391411764706,0.005527928837329566
3179.15,-0.0210231,0.0655384,0.06882770233103819,0.0047372526081699996,-4.401982909366758,0.03315504882352941,0.0054271622997613365
3180.01,-0.0118582,0.0543101,0.05558960216848111,0.0030902038692500002,-4.4974202576003375,0.03287100058823529,0.005425219196770536
3180.86,-0.0068561,0.0417239,0.042283447570178094,0.0017878899384199997,-4.5495237404544095,0.03337948294117647,0.005443482181354065
3181.71,-0.00590984,0.028466,0.029073000616131803,0.0008452393648256002,-4.507686473076911,0.034213500588235295,0.005386181006414065
3182.56,-0.0092542,0.0151535,0.01775580975033243,0.00031526877989000013,-4.164140998902011,0.03462777117647059,0.005202370985721712
3183.42,-0.0173881,0.00278603,0.01760988315608312,0.0003101079847708999,-3.3004685073294167,0.03412377117647059,0.004921232455357005
3184.27,-0.0306712,-0.00680319,0.03141665010175496,0.0009870059036161001,-2.923316219716698,0.03274671235294118,0.004618510668067594
3185.13,-0.0483555,-0.0107872,0.049544102212977885,0.0024546180640900002,-2.922105359914989,0.030863929999999998,0.004354859782465241
3185.98,-0.067257,-0.00634601,0.0675557243460545,0.004563775891920101,-3.047516534430444,0.028825706470588235,0.00415549477676877
3186.83,-0.0817996,0.00665908,0.08207020108788816,0.006735517906606399,-3.222820776947676,0.026854259411764704,0.004024076957373475
3187.69,-0.0873379,0.0238661,0.0905400436581516,0.008197499505619998,-3.408342031422571,0.02508071823529412,0.003957473493338182
3188.54,-0.0838266,0.039056,0.09247848400336156,0.00855227000356,-3.5776017016692716,0.02360041823529412,0.003951537404398182
3189.4,-0.0749248,0.0485035,0.08925421652387074,0.00796631516729,-3.7161114540691003,0.022506757058823528,0.004000310102734182
3190.25,-0.0645252,0.0518743,0.08279157224941436,0.006854444435529998,-3.8187305812053833,0.021893056470588233,0.004090917116997011
3191.1,-0.0549983,0.0505174,0.07467811396687787,0.00557682070565,-3.8845496516812617,0.02180591588235294,0.0041963057765010536
3191.96,-0.0473455,0.0459904,0.06600540328192836,0.004356713262409999,-3.912473307655474,0.02214178,0.004271623264778929
3192.81,-0.0418324,0.0395287,0.057554042546549236,0.0033124678134499996,-3.8986838661034255,0.022543171764705883,0.004263194935751376
3193.67,-0.0384399,0.0320238,0.05003148687027,0.0025031496784499994,-3.8361858273405804,0.022418160588235293,0.004132948681932548
3194.52,-0.0370708,0.0241599,0.044248672077814945,0.00195794498065,-3.7191783012689084,0.021160420588235293,0.0038873253865992293
3195.38,-0.037587,0.0165588,0.04107281858407091,0.0016869764264400005,-3.5565568200227506,0.01845733823529412,0.0035860875884527587
3196.23,-0.03971,0.00987376,0.04091913044698776,0.0016743752365376006,-3.385297206746723,0.014409538235294119,0.003316544397923347
3197.09,-0.0428171,0.00472059,0.043076536796243264,0.0018555880223581,-3.251399293840069,0.00938109117647059,0.003157940046319229
3197.95,-0.0458259,0.00130464,0.0458444674561675,0.002101715196339601,-3.1700544556692947,0.0037987970588235307,0.003165118726620406
3198.8,-0.0476047,-0.0010935,0.04761725742144333,0.0022674032043399996,-3.1186262713629027,-0.0019424735294117641,0.003369303445090994
3199.66,-0.0479127,-0.00396354,0.04807636082963851,0.0023113364706216,-3.059056379922534,-0.007485638235294117,0.0037816679267139355
3200.51,-0.0477266,-0.0084712,0.04847256519929598,0.0023495895769999994,-2.9659278235165667,-0.01249335588235294,0.004392191853584524
3201.37,-0.0484063,-0.0147225,0.050595670624471414,0.0025599218859399995,-2.846338103481826,-0.01665199705882353,0.0051641197139468764
3202.22,-0.0508788,-0.0220863,0.055465817736061546,0.0030764569371299995,-2.73204263611129,-0.019721814705882353,0.006030236555673347
3203.08,-0.055539,-0.0297566,0.06300821981741747,0.00397003576456,-2.6497336135282006,-0.02162395588235294,0.006900456288103935
3203.93,-0.0624701,-0.0369801,0.07259504934924971,0.00527004119002,-2.6071023409817693,-0.022507981764705882,0.007685569976243041
3204.79,-0.0715916,-0.0430247,0.08352533747701951,0.00697648200065,-2.600457184206665,-0.022729621411764704,0.008327123556855897
3205.65,-0.0826501,-0.0470842,0.09512077018007162,0.009047960919650003,-2.6237648544994165,-0.022727926117647058,0.008814818094751896
3206.5,-0.0950762,-0.0482434,0.10661570920835259,0.011366909449999999,-2.6720280630903845,-0.022864520235294117,0.009182038269037778
3207.36,-0.107758,-0.0456025,0.11701014729607857,0.013691374570250004,-2.7412530057028066,-0.023318400235294117,0.009484890037463566
3208.22,-0.118871,-0.0386731,0.12500369316388216,0.01562592330461,-2.827056242388846,-0.024090576705882355,0.00977934747668298
3209.07,-0.126081,-0.028027,0.12915855097514836,0.016681931289999997,-2.922855685246707,-0.025070888470588235,0.010108913062067685
3209.93,-0.127404,-0.0157776,0.12837722491844103,0.016480711877759995,-3.018380836347452,-0.02608362964705882,0.010501505196778862
3210.79,-0.122453,-0.00515468,0.12256144554835506,0.015021307934902403,-3.0995223202416433,-0.026891712,0.01096705305754651
3211.64,-0.112965,0.000952716,0.11296901740201451,0.012761998892776657,-3.1500261809016195,-0.02718960611764706,0.011490455452162391
3212.5,-0.101935,0.00133346,0.10194372143772071,0.010392522340571596,-3.1546733809655803,-0.02663136494117647,0.012020865054545332
3213.36,-0.0921872,-0.0034156,0.0922504534796442,0.008510146167199998,-3.104558896628911,-0.024938329647058825,0.012466853410316508
3214.22,-0.0855769,-0.0116795,0.08637022944197843,0.007459816533859998,-3.00595110712271,-0.022078020882352944,0.012713767846061144
3215.07,-0.0829993,-0.0215982,0.08576343069006742,0.007355366043729998,-2.8870171579820143,-0.018392238529411763,0.012668336455966437
3215.93,-0.0847192,-0.0313878,0.09034675886538487,0.00816253683748,-2.7867799011350387,-0.01452796794117647,0.012305197869319379
3216.79,-0.0905859,-0.0393029,0.09874473771913114,0.00975052322722,-2.7322294140135575,-0.01119306794117647,0.011681054750595849
3217.65,-0.0999631,-0.043494,0.10901536312653369,0.011884349397610001,-2.73119794817187,-0.00890466794117647,0.010910529758362908
3218.5,-0.111356,-0.0420443,0.1190289120276666,0.014167881898489996,-2.7805737639595436,-0.007861933823529411,0.010121813369573943
3219.36,-0.121938,-0.0335346,0.1264651937932331,0.015993445241160004,-2.8732138626304318,-0.007974090705882352,0.009415828710716518
3220.22,-0.127651,-0.0183026,0.1289564382563352,0.016629762967759996,-2.9991832394523006,-0.008985382470588235,0.008847064365930541
3221.08,-0.124757,0.000381849,0.12475758436928316,0.015564454857658807,-3.144653386114634,-0.010597700117647057,0.008427380091504658
3221.93,-0.112375,0.0170558,0.1136619590656434,0.012919040938639995,-3.292218822798708,-0.012528194235294117,0.0081392588541776
3222.79,-0.0933944,0.0270195,0.09722431450830599,0.009452567331609998,-3.423209198796912,-0.014512029529411764,0.007945980280049952
3223.65,-0.0724551,0.0286663,0.07791981950505275,0.006071498271699999,-3.5183367283271507,-0.01629210011764706,0.007794932414398777
3224.51,-0.0533574,0.0231252,0.05815313413565944,0.0033817870097999987,-3.5505582309947004,-0.017648170705882354,0.007619515802775247
3225.37,-0.0381455,0.0125718,0.04016378126484109,0.00161312932549,-3.4599568280732207,-0.018486158941176473,0.007349031664461717
3226.23,-0.0275563,-0.000953951,0.02757280711498923,0.0007602596922004007,-3.106988218499655,-0.018941006,0.006931341290137599
3227.09,-0.0217264,-0.0158585,0.026898484701001285,0.0007235284792100002,-2.5110681046267125,-0.019393764823529412,0.006360556222554659
3227.95,-0.0206236,-0.030825,0.037087915848157335,0.0013755135019600001,-2.160450113162794,-0.020337094235294118,0.005691940641336423
3228.8,-0.0241183,-0.0444979,0.05061378764032583,0.0025617554992999995,-2.0674843739439512,-0.022133879470588237,0.0050272288628559056
3229.66,-0.031764,-0.0553234,0.06379365394426001,0.00406963028356,-2.0919925245164115,-0.024829303,0.004471107355797671
3230.52,-0.0423571,-0.061649,0.0747978817976151,0.0055947231214099995,-2.1727907606916217,-0.028163208882352943,0.004087739324179435
3231.38,-0.0536671,-0.0623561,0.08227053439488527,0.00676844082962,-2.2814438347986856,-0.03173957947058823,0.003887995880517082
3232.24,-0.0628668,-0.0577398,0.08535876666330178,0.007286119046279999,-2.3986790224983783,-0.03518499711764706,0.003844629107343553
3233.1,-0.0677453,-0.0497767,0.08406631629243666,0.007067145534980002,-2.5079151378706417,-0.038212355941176473,0.003912864052411788
3233.96,-0.06775,-0.0412315,0.07931014495163906,0.006290099092249999,-2.5948859952054626,-0.04061911764705882,0.004043380188358823
3234.82,-0.0639071,-0.0343392,0.07254859121340676,0.0052632980870500005,-2.648528925618749,-0.04227321176470588,0.00418789683923
3235.68,-0.0579182,-0.0301635,0.0653020261821178,0.00426435462349,-2.661447899912276,-0.043115117647058825,0.004302021953
3236.54,-0.0513563,-0.0287664,0.05886404096432728,0.00346497531865,-2.6310024721803003,-0.04318087058823529,0.004349192192775882
3237.4,-0.0453407,-0.0296569,0.054178508599812894,0.0029353107940999997,-2.562347560905837,-0.042629329411764706,0.004306885973707647
3238.26,-0.0405388,-0.032132,0.05172871281445151,0.0026758597294399998,-2.4713658736011177,-0.041752305882352944,0.004174224335808235
3239.12,-0.0372568,-0.0354469,0.05142520652219104,0.00264455186585,-2.3810835434502615,-0.04093501764705883,0.0039766223661058826
3239.98,-0.0355026,-0.0388933,0.05266045377368106,0.00277312339165,-2.310649571883996,-0.04055600588235294,0.0037614585649482354
3240.84,-0.0350147,-0.0418689,0.054580527693491566,0.0029790340033,-2.2672792009266676,-0.0408674705882353,0.003583164263305294
3241.7,-0.0353021,-0.0439781,0.05639425098376607,0.0031803115440200004,-2.247193600436382,-0.041928688235294116,0.0034854671442082355
3242.56,-0.0357527,-0.0451374,0.057581598067872344,0.0033156404360500003,-2.24069296013374,-0.043621223529411765,0.003490846010989412
3243.42,-0.035817,-0.0456157,0.05799697902037657,0.0033636495754900005,-2.236441433064006,-0.04571077647058823,0.0035995678817311765
3244.29,-0.0352034,-0.0459472,0.057882852032359294,0.0033504245594000006,-2.224566633225718,-0.04791236470588235,0.0037941110392929415
3245.15,-0.0339836,-0.0467396,0.05778819323287414,0.0033394752771200003,-2.199468949781087,-0.04994386470588235,0.00404513859846353
3246.01,-0.0325672,-0.0484622,0.05838841789841543,0.0034092073446799994,-2.1624907067881494,-0.051569517647058825,0.004317750628370589
3246.87,-0.0315752,-0.0512966,0.060235657434778614,0.0036283344266,-2.1225652895900082,-0.05263353529411764,0.004577724731104706
3247.73,-0.0316743,-0.0550716,0.06353064148149301,0.004036142407050001,-2.092741544388212,-0.05307921764705882,0.0047971416267635295
3248.59,-0.0334074,-0.0592722,0.06803857778936888,0.0046292480676,-2.084041336415723,-0.052949429411764705,0.004958464928539412
3249.45,-0.0370348,-0.0631123,0.07317608094404891,0.005354738822329999,-2.1014593222423956,-0.05236785294117647,0.005056319676105882
3250.31,-0.0424027,-0.0656859,0.07818328738355788,0.006112626426100001,-2.144027939813468,-0.05150504117647058,0.005096652098682352
3251.18,-0.0488942,-0.0661934,0.08229343228472125,0.0067722089972000014,-2.2069981248486927,-0.050536741176470584,0.005093554126695882
3252.04,-0.0555168,-0.0641924,0.08486918934454364,0.0072027793,-2.283848681110103,-0.049604482352941175,0.005064627751759412
3252.9,-0.0611395,-0.0597681,0.08550008326229863,0.0073102642378599985,-2.3675365496890692,-0.04878694117647059,0.0050260332746329415
3253.76,-0.0647927,-0.0535352,0.08404826953798632,0.007064111612329999,-2.4510471696905363,-0.04808771176470589,0.004988264427412353
3254.62,-0.0659072,-0.0464699,0.0806424864314711,0.006503210617849999,-2.5274649025972784,-0.04744210588235294,0.004953482056987648
3255.49,-0.0644082,-0.0396625,0.0756407967534055,0.00572153013349,-2.5896372224153086,-0.04674325294117647,0.004915162893364706
3256.35,-0.0606764,-0.0340913,0.06959771729482225,0.004843842252650001,-2.6296937836944263,-0.04588274705882353,0.004860491331458824
3257.21,-0.0554337,-0.0304696,0.06325576353068549,0.00400129161985,-2.639011729408547,-0.044794617647058825,0.004775105335487647
3258.07,-0.0496084,-0.0291546,0.057541150941912866,0.00331098405172,-2.610270211561137,-0.043487576470588235,0.004648798302427647
3258.94,-0.0441898,-0.0300988,0.05346658943190598,0.00285867618548,-2.5436467670686733,-0.042053400000000005,0.004480222370086471
3259.8,-0.0400601,-0.0328414,0.05180124676076822,0.00268336916597,-2.4548926630984425,-0.040647823529411764,0.004278911579639412
3260.66,-0.0378072,-0.0365753,0.05260358297616237,0.0027671369419299996,-2.3727546674662054,-0.03945082352941176,0.004063972439771177
3261.52,-0.0375663,-0.0403213,0.055109292586459496,0.0030370341293799994,-2.3208377466741825,-0.03862002352941176,0.0038600513692411765
3262.39,-0.0389775,-0.0431911,0.05817831748564065,0.003384716625460001,-2.304959439189331,-0.038251494117647056,0.003692047980912353
3263.25,-0.0413132,-0.0446436,0.06082624035069076,0.0036998315152000005,-2.3174688164677923,-0.038356817647058825,0.0035800512290458824
3264.11,-0.0437351,-0.0446141,0.062475410289329035,0.00390317689082,-2.3462456621451304,-0.03885949411764706,0.0035354918391164707
3264.98,-0.0455642,-0.0434662,0.06297147659123137,0.00396540686408,-2.37975511424433,-0.03960996470588235,0.0035590230151588235
3265.84,-0.0464558,-0.0418124,0.06250134516472425,0.003906418147399999,-2.4087516262614495,-0.04041668235294117,0.003640448294622353
3266.7,-0.0464392,-0.0402976,0.061485737064786015,0.003780495862400001,-2.4268838258444143,-0.04108823529411765,0.0037608628739617643
3267.57,-0.0458523,-0.0394191,0.06046733713419171,0.0036562988600999996,-2.431495658962053,-0.04147824117647059,0.00389693056452
3268.43,-0.0452126,-0.0394116,0.05997877469005182,0.0035974534133200006,-2.4246375478630706,-0.041521535294117645,0.004026596091374118
3269.3,-0.0450635,-0.0402049,0.06039166346657459,0.00364715301626,-2.4131130207771894,-0.0412496,0.004134862111105295
3270.16,-0.0458174,-0.041453,0.06178661142804321,0.0038175853517599997,-2.406162944365319,-0.04077769411764706,0.00421780496978
3271.02,-0.0476281,-0.0426368,0.06392442900683588,0.004086332623850001,-2.4114343683273742,-0.040266070588235295,0.0042833724139594125
3271.89,-0.0503259,-0.0432276,0.06634245708873014,0.0044013216125700005,-2.4319236233465666,-0.03986796470588236,0.004348596319775883
3272.75,-0.0534554,-0.0428688,0.06852163018054956,0.0046952138026000005,-2.4656610626284325,-0.0396821,0.004434190305352942
3273.62,-0.0564111,-0.0415152,0.07004087402545744,0.00490572403425,-2.5071506647399144,-0.039724070588235294,0.004558251964509412
3274.48,-0.0586389,-0.0394715,0.07068606585077429,0.004996519905459999,-2.549129978627164,-0.0399220294117647,0.004730660903428236
3275.35,-0.0598274,-0.0373113,0.07050851649588154,0.004971450898449999,-2.583965411934938,-0.04013607058823529,0.004949721001845883
3276.21,-0.0600265,-0.0356984,0.06983950504413675,0.004877556464810002,-2.605071444025909,-0.04019379411764706,0.005201561971145295
3277.08,-0.0596482,-0.0351687,0.06924409883109174,0.00479474522293,-2.6088538004851647,-0.039931552941176465,0.005461798284372941
3277.94,-0.0593495,-0.035946,0.06938644007477254,0.004814478066250001,-2.5970170718025347,-0.03923546470588235,0.0056996270697105885
3278.81,-0.0598301,-0.0378463,0.0707953620634855,0.005011983289700001,-2.577573343206084,-0.03807398823529412,0.005883619654845294
3279.67,-0.0616108,-0.0403065,0.07362407635339135,0.00542050461889,-2.5622624259281306,-0.036515111764705885,0.005988328468701764
3280.54,-0.0648615,-0.0425259,0.07755943754992038,0.006015466353059999,-2.5612616503091887,-0.03472265294117647,0.00600045739106
3281.4,-0.0693181,-0.0436629,0.08192342658861383,0.0067114478240199995,-2.57948339942537,-0.032929252941176476,0.005922998860031177
3282.27,-0.0743394,-0.0430578,0.08590879194354906,0.007380320533199999,-2.616603465359044,-0.03138930588235294,0.005775652705061177
3283.13,-0.079039,-0.0403929,0.0887623224764314,0.007878749891409999,-2.6691439815709734,-0.03032215294117647,0.005590597838362941
3284.0,-0.0824217,-0.0357468,0.0898396924590128,0.008071170341130002,-2.73237097132908,-0.029862423529411767,0.0054042408484217645
3284.86,-0.0835665,-0.0296195,0.08866044609914842,0.0078606747025,-2.8009658494588034,-0.030034217647058825,0.005247474536857059
3285.73,-0.0817935,-0.0228917,0.08493648551205778,0.007214206571140001,-2.8687027670857277,-0.03075740588235294,0.005137807501442352
3286.6,-0.0768218,-0.0167267,0.07862169832896006,0.006181371448130001,-2.927204983499842,-0.031881388235294114,0.005075953541692942
3287.46,-0.0689037,-0.012397,0.07001003844228341,0.004901405482690002,-2.963579366546392,-0.03323178235294118,0.005047493146107059
3288.33,-0.058884,-0.0110274,0.059907670683811434,0.00358892900676,-2.9564637296996166,-0.03465394117647059,0.00502840166684
3289.2,-0.0481139,-0.0132924,0.04991628262370906,0.0024916352709699993,-2.87204664191657,-0.03604328235294117,0.004992545971234705
3290.06,-0.0381843,-0.0191697,0.042726082953858525,0.00182551816458,-2.676321613318564,-0.037357311764705886,0.004918767132562941
3290.93,-0.0305291,-0.027883,0.0413459506579544,0.0017094876358099997,-2.401464086218616,-0.0386119,0.004796181594586471
3291.8,-0.0260563,-0.0380892,0.04614886701025281,0.00212971792633,-2.170761922594528,-0.03986705294117647,0.004627261776040588
3292.66,-0.0249604,-0.0482402,0.054315177107324246,0.0029501384641999998,-2.0482818940967222,-0.04120293529411764,0.004427653333701764
3293.53,-0.0267714,-0.056954,0.06293223318745331,0.003960465973959999,-2.0102006444718605,-0.042689523529411764,0.004222662006265882
3294.39,-0.0305687,-0.0632632,0.07026149652498159,0.004936677893930001,-2.020912831004544,-0.04435484705882353,0.004040852739999412
3295.26,-0.0352374,-0.0667026,0.07543812832725902,0.005690911205519999,-2.056808220242885,-0.046159935294117646,0.003906035964068235
3296.13,-0.0396872,-0.0672817,0.07811466570836746,0.006101900998729999,-2.1037311725504186,-0.04799040588235294,0.0038298707484688234
3297.0,-0.0430047,-0.0653963,0.07826928053700252,0.006126080275780002,-2.1524967079202217,-0.049671276470588235,0.003807619544732353
3297.86,-0.044557,-0.0617209,0.07612355578800822,0.005794795745810001,-2.1960768371102923,-0.05100319411764706,0.0038188493839652945
3298.73,-0.0440557,-0.0570844,0.07210779032705135,0.00519953342585,-2.228081680968894,-0.05180807647058824,0.00383307842833
3299.6,-0.0415807,-0.0523295,0.066838096791725,0.00446733118274,-2.2422321451596123,-0.05196764117647059,0.0038182718025011764
3300.47,-0.0375448,-0.0481637,0.06106843705818907,0.0037293540047299996,-2.232927121596021,-0.051442476470588236,0.0037490522069041177
3301.33,-0.0325924,-0.0450372,0.05559329025700853,0.0030906139215999993,-2.197236995311237,-0.05026965882352941,0.0036120840150064707
3302.2,-0.0274469,-0.0430835,0.05108346397671168,0.00260952029186,-2.1380231069110804,-0.04854521176470588,0.0034076832704229413
3303.07,-0.0227571,-0.0421454,0.04789697633014009,0.00229412034157,-2.0659035772215883,-0.04640051176470588,0.003148187125670588
3303.94,-0.0189869,-0.0418672,0.04597134767928824,0.00211336480745,-1.9965595127899494,-0.043978988235294114,0.0028542171547382353
3304.81,-0.0163755,-0.0418123,0.044904625948113626,0.0020164254315399996,-1.9440778102359881,-0.04141618235294117,0.0025500181503958818
3305.68,-0.0149549,-0.041566,0.04417444272438533,0.00195138139001,-1.9161631950351627,-0.03882378235294118,0.00225879569243647
3306.54,-0.014602,-0.0408018,0.04333595836300381,0.0018780052872399997,-1.9144706507105127,-0.03627814117647059,0.0019988779271094114
3307.41,-0.0150977,-0.0393124,0.04211181946971657,0.00177340533905,-1.9374725046158456,-0.033814464705882355,0.0017814056999252942
3308.28,-0.0161807,-0.0370161,0.040398102823028706,0.0016320067116999998,-1.9828928166859643,-0.03142804588235294,0.0016100107062697881
3309.15,-0.0175905,-0.0339476,0.03823434628720622,0.00146186523601,-2.0488710788677063,-0.029082802352941174,0.0014823849463317647
3310.02,-0.0191012,-0.0302427,0.03576977417778871,0.0012794767447300002,-2.134125526415118,-0.026725314705882353,0.001393045126402006
3310.89,-0.0205518,-0.0261158,0.03323268711494754,0.0011044114928800003,-2.2375284622279348,-0.02430062123529412,0.0013361709055898484
3311.76,-0.021868,-0.0218286,0.030898174735087505,0.0009546972019599998,-2.3570961619316217,-0.021765949470588235,0.0013075537803121072
3312.63,-0.0230757,-0.0176501,0.029051918361788092,0.0008440139605000001,-2.48863729505401,-0.019099857705882354,0.0013052173773084367
3313.49,-0.0242952,-0.0138085,0.027945150121085408,0.0007809314152899998,-2.6247603349233666,-0.016306204764705887,0.0013288647710590247
3314.36,-0.0257131,-0.010447,0.02775433877090211,0.00077030332061,-2.7556748298642373,-0.013413837705882354,0.0013786583277086485
3315.23,-0.0275311,-0.00759458,0.02855939622237137,0.0008156391125864,-2.872432121102713,-0.010473384764705882,0.0014538954706692366
3316.1,-0.0299043,-0.00516806,0.030347586438687346,0.0009209760026536001,-2.9704630251552366,-0.007552390647058824,0.0015520128663574718
3316.97,-0.0328893,-0.00300621,0.033026403877111726,0.0010907433530541004,-3.0504420437354463,-0.004729767117647059,0.0016681793873568837
3317.84,-0.0364198,-0.000925611,0.036431560325675336,0.001327258587763321,-3.1161830745825645,-0.0020899082941176466,0.0017955724704257071
3318.71,-0.040316,0.00122222,0.040334522158176116,0.0016268736777284001,-3.1718993748701485,0.00028320347058823536,0.0019262877924945306
3319.58,-0.0443213,0.00351126,0.04446016847108882,0.0019767065804776004,-3.220650390566877,0.0023117093529411766,0.002052694177529825
3320.45,-0.0481484,0.0059261,0.04851172109676176,0.00235338708377,-3.2640566382465397,0.0039290422941176475,0.0021688888495288603
3321.32,-0.0515215,0.00836844,0.052196702484770055,0.0027244957502836004,-3.3026126282608534,0.005084019352941177,0.002271841375274866
3322.19,-0.0542077,0.0106753,0.05524886215461817,0.0030524367693799998,-3.336037709815065,0.005743080764705881,0.0023618063850100388
3323.06,-0.0560376,0.0126408,0.057445647688924184,0.0033000024384000006,-3.363456331995804,0.0058901895882352935,0.0024418315749563033
3323.93,-0.056918,0.014037,0.058623340854987105,0.0034366960930000004,-3.38338567863421,0.00552465194117647,0.002516515664110798
3324.8,-0.0568417,0.0146349,0.05869547816399488,0.0034451591569,-3.3935872680137242,0.004657881941176471,0.0025904749497017328
3325.68,-0.0558942,0.0142271,0.057676442054360455,0.003326571968049999,-3.390836149425315,0.0033104943529411765,0.002667055174750949
3326.55,-0.0542534,0.012656,0.05571001478693037,0.0031036057475600006,-3.3707699310412202,0.001510899058823529,0.0027476495988992787
3327.42,-0.0521767,0.00984456,0.053097301103573996,0.0028193233844836002,-3.3280776975923265,-0.0007040338823529418,0.0028316442485041256
3328.29,-0.0499718,0.00582611,0.05031028078804669,0.0025311243529721,-3.2576566256653092,-0.0032881750588235298,0.002916908321841184
3329.16,-0.0479493,0.000757044,0.0479552758943991,0.0022997084861079357,-3.1573797684279077,-0.006186159764705883,0.003000585332973914
3330.03,-0.0463694,-0.00509373,0.046648336965779386,0.0021760673416728995,-3.0321802404439984,-0.009332736235294119,0.003079800855356855
3330.9,-0.0453988,-0.0113822,0.04680390494691656,0.0021906055182800005,-2.895940336551462,-0.012654342117647058,0.0031523333904280313
3331.77,-0.0450921,-0.0177413,0.0484566941515824,0.0023480512081,-2.7667491363282832,-0.016072130352941177,0.00321713565323509
3332.65,-0.0454004,-0.0238312,0.051274968684534565,0.0026291224136000004,-2.6582148952748934,-0.019505989176470586,0.003274638512637443
3333.52,-0.0461988,-0.0293709,0.05474466995288217,0.00299697888825,-2.5753001233179007,-0.022878683294117647,0.003326715507887443
3334.39,-0.047317,-0.0341426,0.05834908417241867,0.003404615623759999,-2.516535382077409,-0.026119489176470587,0.0033762283706533255
3335.26,-0.0485649,-0.0380043,0.06166746573761565,0.0038028763304999995,-2.4775849678884394,-0.029166863294117645,0.0034261739245689963
3336.13,-0.0497435,-0.0408973,0.06439724326040673,0.00414700493954,-2.4534826063425883,-0.031970258,0.0034786350043618133
3337.0,-0.0506542,-0.0428165,0.06632571635414125,0.00439910064989,-2.4398507350132794,-0.03449093117647059,0.0035338985377348763
3337.88,-0.0511106,-0.0438265,0.0673279699278836,0.004533055534609999,-2.4327700007973987,-0.036701611764705884,0.003590053512423529
3338.75,-0.0509566,-0.0440654,0.06736716233240049,0.00453833456072,-2.4285899001588933,-0.03858465882352941,0.003643169959960588
3339.62,-0.0500945,-0.0437407,0.06650344176612215,0.00442270776674,-2.42380361755394,-0.04012894117647059,0.003687932999708235
3340.49,-0.0485131,-0.0431087,0.06489900528744644,0.0042118808873,-2.4151121836979343,-0.04132641176470588,0.003718479617472941
3341.37,-0.0463073,-0.0424377,0.0628118174755356,0.00394532441458,-2.399770470876431,-0.04217014705882353,0.0037292323835594115
3342.24,-0.0436771,-0.0419608,0.0605672997668709,0.0036683978010499997,-2.376233167785983,-0.04265558823529411,0.003715681127312941
3343.11,-0.0409033,-0.0418316,0.0585060912166417,0.003422962709449999,-2.3449747866855475,-0.04278402941176471,0.0036750194125241176
3343.98,-0.0383047,-0.0420944,0.056913869605307976,0.003239188553449999,-2.3090932531293933,-0.0425672,0.0036066032097235292
3344.86,-0.0361873,-0.0426753,0.05595267564093785,0.00313070191138,-2.274109679603045,-0.042032917647058826,0.003512300266450588
3345.73,-0.0347929,-0.043394,0.05562000653011468,0.00309358512641,-2.246628126828655,-0.04122701764705883,0.0033964397520876467
3346.6,-0.034257,-0.0439941,0.055758612642442966,0.0031090228838100004,-2.232396793715962,-0.040210694117647064,0.003265302140525882
3347.48,-0.0345806,-0.0441882,0.056110737970552486,0.0031484149156000008,-2.2348218645148745,-0.03905372352941176,0.0031261951361811766
3348.35,-0.0356206,-0.0437144,0.05638950178641411,0.00317977591172,-2.2545257001215155,-0.0378255,0.0029863197177341177
3349.22,-0.0371066,-0.0423951,0.05634043190791139,0.0031742442675699997,-2.2897717580100516,-0.03658655882352941,0.002851723554905882
3350.1,-0.0386855,-0.0401878,0.05578196105453805,0.0031116271790900003,-2.337149789802846,-0.03538291176470588,0.0027266238016135295
3350.97,-0.0399907,-0.0372112,0.0546253557602145,0.00298392949193,-2.3921819463173697,-0.03424427058823529,0.0026132187338682353
3351.84,-0.0407184,-0.0337337,0.05287674927839268,0.0027959506142500004,-2.449735388282823,-0.0331859294117647,0.002512016250044706
3352.72,-0.040692,-0.0301262,0.05063029518420765,0.00256342679044,-2.504298145338449,-0.03221383529411764,0.002422398542837059
3353.59,-0.0398924,-0.0267879,0.04805200478824999,0.00230899516417,-2.55024870619475,-0.03133136470588235,0.002343329562512353
3354.47,-0.0384502,-0.0240722,0.04536395808216033,0.0020578886928799994,-2.5822301875956932,-0.030546382352941177,0.002274024068417647
3355.34,-0.0366043,-0.0222289,0.042825211893229444,0.0018339987737000006,-2.59584057962707,-0.029877070588235292,0.002214496590265294
3356.22,-0.0346449,-0.0213757,0.040708594258460955,0.0016571896465000001,-2.5887710921208638,-0.029354529411764706,0.002165913009634706
3357.09,-0.0328558,-0.0214988,0.039264513177677374,0.00154170199508,-2.5621738818768103,-0.02902088823529412,0.002130684408794118
3357.97,-0.0314637,-0.0224747,0.038666219853769,0.00149507655778,-2.5213299392745308,-0.028922476470588234,0.002112232963944706
3358.84,-0.0306237,-0.0241026,0.03897109606426281,0.0015187463284500001,-2.4747937105985844,-0.029099329411764706,0.0021144131238888236
3359.72,-0.0303874,-0.0261497,0.04008991006288241,0.0016072008888500001,-2.431008915279045,-0.029574017647058824,0.002140688394057647
3360.59,-0.0307133,-0.028392,0.041825978301648845,0.0017494124608899999,-2.3954482899494933,-0.03034302352941176,0.0021932201303288238
3361.47,-0.0314872,-0.0306494,0.043941204856034616,0.0019308294842000002,-2.3696768699139357,-0.03137351176470588,0.0022721127876441176
3362.34,-0.032557,-0.0328099,0.04622172418906504,0.0021364477870100002,-2.3523255788908104,-0.032606317647058826,0.0023749845892729413
3363.22,-0.0337734,-0.0348312,0.04851654399274541,0.0023538550410000005,-2.34077692074159,-0.033964388235294116,0.002496991055077059
3364.09,-0.0350252,-0.0367232,0.05074798570662682,0.00257535805328,-2.3325328740367963,-0.03536467647058823,0.002631323602669412
3364.97,-0.0362569,-0.0385148,0.05289567672929424,0.00279795261665,-2.3260064100981293,-0.03673074705882353,0.0027701037773329414
3365.84,-0.0374637,-0.0402177,0.05496355347846426,0.0030209922109800005,-2.320756830037038,-0.03800364705882353,0.0029055443124335295
3366.72,-0.0386666,-0.0418034,0.056944097210509886,0.00324263020712,-2.3172332296027167,-0.03914905882352941,0.0030310782084100006
3367.59,-0.0398784,-0.0431993,0.0587917197150245,0.00345646630705,-2.316242338170326,-0.040159,0.00314231906363353
3368.47,-0.0410747,-0.0443062,0.06041663958323071,0.0036501703385299995,-2.318364503495245,-0.041047917647058826,0.0032375264133058827
3369.34,-0.0421784,-0.0450299,0.06169853580572232,0.0038067093205699995,-2.323508559587994,-0.04184411764705882,0.0033174628683811766
3370.22,-0.0430646,-0.0453161,0.06251486777055519,0.00390810869237,-2.3307249800771594,-0.042578488235294115,0.003384649670204118
3371.1,-0.0435839,-0.0451806,0.06277613364623534,0.003940842955570001,-2.338208382922276,-0.04327362352941177,0.0034422112662829416
3371.97,-0.0435994,-0.044722,0.06245770540421735,0.003900964964360001,-2.343484778250655,-0.04393611176470588,0.0034926161049282354
3372.85,-0.0430293,-0.044114,0.061624391716997906,0.00379756565449,-2.343747819184349,-0.044554070588235295,0.0035366776778464706
3373.73,-0.0418817,-0.0435746,0.06043858502686839,0.0036528225600500003,-2.3363869558427397,-0.04510056470588235,0.0035731271218888234
3374.6,-0.0402714,-0.0433187,0.05914638981079065,0.0034982954276500003,-2.3197553528457795,-0.04554170588235294,0.0035988863486611762
3375.48,-0.0384106,-0.0435036,0.05803393322289986,0.0033679374053200003,-2.294099609239275,-0.04584723529411765,0.00360998668503353
3376.36,-0.0365712,-0.0441848,0.05735633548684922,0.0032897492204799995,-2.2621932814643517,-0.04600078235294117,0.0036028831695488236
3377.23,-0.0350294,-0.0452942,0.057259264909706974,0.0032786234180000005,-2.2290903410443272,-0.04600705882352941,0.00357580056596
3378.11,-0.0340047,-0.0466485,0.05772696228228193,0.0033324021743400003,-2.200692627782481,-0.04589391176470588,0.003529718401912941
3378.99,-0.03361,-0.0479855,0.05858532504177134,0.0034322403102499998,-2.1818040600981665,-0.04570821176470588,0.0034686741373794114
3379.87,-0.0338235,-0.0490201,0.05955669027288201,0.003546999356259999,-2.1747742054266563,-0.045506147058823526,0.003399234050737647
3380.74,-0.0344903,-0.0495081,0.06033765623306892,0.003640632759700001,-2.179276985267603,-0.04534011176470588,0.0033292055380594117
3381.62,-0.0353521,-0.0493028,0.06066742999542671,0.00368053706225,-2.19286749355911,-0.045244564705882354,0.003265823282038823
3382.5,-0.0361007,-0.0483933,0.060375260043994836,0.0036451720253799992,-2.211723199526254,-0.04522857647058824,0.0032142105921541173
3383.38,-0.0364452,-0.0469165,0.05940884256817329,0.0035294105752899986,-2.231236128169053,-0.045272994117647056,0.003176190922463529
3384.25,-0.03618,-0.0451366,0.05784725628376854,0.0033463050595599992,-2.246491904625032,-0.04533500588235294,0.003149951930075882
3385.13,-0.0352391,-0.0433926,0.05589912256529614,0.00312471190357,-2.2528714703256245,-0.04535922352941177,0.0031306484075376466
3386.01,-0.0337209,-0.0420237,0.05388033461755782,0.0029030904584999993,-2.247014650255164,-0.045291917647058824,0.003111721949673529
3386.89,-0.0318728,-0.0412869,0.05215825429833709,0.0027204834914499997,-2.228218980019951,-0.04509488235294117,0.0030865712663894116
3387.77,-0.030035,-0.0412914,0.05105958224427615,0.00260708093896,-2.1996700806414564,-0.04475584705882353,0.0030501858668741176
3388.64,-0.0285569,-0.0419503,0.05074765223830557,0.0025753242077,-2.1684731723020936,-0.04429316470588235,0.0030003853220976467
3389.52,-0.02771,-0.0430469,0.05119452802409648,0.0026208796996099997,-2.1427416371582386,-0.043753776470588236,0.0029384291613023528
3390.4,-0.0276183,-0.0442587,0.05216898523624933,0.0027216030205800003,-2.128690385379134,-0.04320444705882353,0.0028688533070670586
3391.28,-0.0282333,-0.045239,0.05332622572327804,0.0028436863498900004,-2.128742463850641,-0.042717682352941176,0.0027985372689376467
3392.16,-0.0293502,-0.0457059,0.054318169472562315,0.0029504635348500006,-2.141635706154959,-0.04235515294117647,0.0027351541532294114
3393.04,-0.0306596,-0.0455043,0.054869412158779315,0.0030106523906499993,-2.163703049654208,-0.04215261176470588,0.002685323917092941
3393.92,-0.0318169,-0.0446359,0.054814949552289105,0.0030046786944199996,-2.1900677325281763,-0.04211068235294118,0.002652937886175294
3394.79,-0.0325165,-0.0432565,0.05411513249082922,0.0029284475645000004,-2.2153932475937794,-0.04219475882352941,0.00263814837570647
3395.67,-0.0325565,-0.0416425,0.052858523423379884,0.0027940234985,-2.2343466335103828,-0.04234441176470588,0.002637333097874117
3396.55,-0.0318843,-0.0401332,0.05125702223822605,0.0026272823287299997,-2.2421512698783372,-0.04249081764705882,0.0026441576475911763
3397.43,-0.0306123,-0.0390547,0.049622399210235694,0.00246238250338,-2.23560031431292,-0.04257344117647059,0.002651110724217647
3398.31,-0.0289978,-0.0386415,0.048311881841737445,0.0023340379270900004,-2.2145735581414954,-0.04255565294117647,0.0026514249685182355
3399.19,-0.0273834,-0.0389736,0.047631839062962915,0.00226879209252,-2.1832745516975702,-0.04243367647058824,0.0026407244552541175
3400.07,-0.0261083,-0.0399494,0.04772418557974562,0.00227759788925,-2.1496520501781973,-0.04223686470588235,0.002618010366522941
3400.95,-0.0254153,-0.0413109,0.04850286520299599,0.002352527932899999,-2.122332043681605,-0.04202014705882353,0.002585828658828823
3401.83,-0.0253848,-0.0427162,0.04968965499457609,0.00246906181348,-2.10698923719113,-0.04185072941176471,0.002549640155724706
3402.71,-0.0259166,-0.0438355,0.0509236803050408,0.00259322121581,-2.104737901006441,-0.041791729411764705,0.0025165102033858824
3403.59,-0.0267675,-0.0444392,0.051878141378522806,0.00269134155289,-2.1129345115815803,-0.04188609411764706,0.0024933672610535293
3404.47,-0.0276251,-0.0444515,0.0523362398559545,0.0027390820022600002,-2.126850368007594,-0.042144529411764706,0.002485206456891176
3405.35,-0.028192,-0.0439563,0.05222016060574689,0.0027269451736899996,-2.1410767561928883,-0.04254082941176471,0.002493687763941765
3406.23,-0.0282582,-0.0431654,0.05159241828408511,0.0026617776243999997,-2.1504330255890554,-0.0430165294117647,0.0025165419167864703
3407.11,-0.0277479,-0.0423601,0.05063915507213761,0.00256432402642,-2.150712067859005,-0.0434944,0.002548031492974706
3407.99,-0.0267328,-0.0418201,0.049634296205849436,0.00246356335985,-2.1395654063922676,-0.043897311764705876,0.0025803841757023526
3408.88,-0.0254151,-0.0417558,0.04888224771478906,0.0023894741416500003,-2.117559411618255,-0.04416698235294117,0.002605787971401176
3409.76,-0.0240807,-0.0422535,0.048633716439729344,0.0023652383747400003,-2.088797062576407,-0.04427717647058823,0.002618352375588235
3410.64,-0.0230286,-0.0432467,0.04899585164939987,0.0024005934788499995,-2.0600998161354642,-0.04423775882352941,0.0026154589972700003
3411.52,-0.0224929,-0.0445266,0.04988535514527285,0.0024885486579700002,-2.038560596136072,-0.04408931176470588,0.002598182743695294
3412.4,-0.022576,-0.0457918,0.05105452696127935,0.00260656472324,-2.0288395599789766,-0.043890188235294114,0.002570719412663529
3413.28,-0.0232167,-0.0467284,0.05217814221922816,0.0027225585254500003,-2.0319155178484847,-0.04369951176470588,0.002539045334931765
3414.16,-0.0242064,-0.0470974,0.0529538939807074,0.0028041148877199994,-2.0455531634573973,-0.04356100588235294,0.002509206357665882
3415.04,-0.0252479,-0.0467989,0.053175121021206896,0.0028275934956199997,-2.0655406291024874,-0.043491699999999994,0.0024856854090352944
3415.92,-0.0260387,-0.0458953,0.05276734273942549,0.0027843924597799998,-2.086862449492615,-0.04347569411764706,0.002470096440799412
3416.81,-0.0263521,-0.0445895,0.05179436923701262,0.002682656684659999,-2.104567002081231,-0.04346732352941177,0.002460685660514706
3417.69,-0.0260918,-0.0431654,0.05043841576021198,0.0025440337844,-2.114489505078872,-0.04340255294117647,0.002452742351101765
3418.57,-0.0253126,-0.0419156,0.048965755810770444,0.0023976452421199993,-2.114074505207493,-0.04321617058823529,0.0024398631981741178
3419.45,-0.0242024,-0.0410664,0.047667655435525674,0.0022722053747200005,-2.1033466425350453,-0.04286002352941176,0.0024157114271229413
3420.33,-0.0230389,-0.0407148,0.04678125535136911,0.002188485852250001,-2.085734958801185,-0.042317364705882356,0.0023757992847
3421.22,-0.0221132,-0.0408108,0.046416753558171216,0.00215451501088,-2.0673583143227954,-0.0416092,0.0023187735348735297
3422.1,-0.0216453,-0.0411819,0.04652384227146335,0.0021644678997,-2.0547153461755103,-0.040791058823529416,0.002246865888972941
3422.98,-0.0217328,-0.041548,0.046888707594046564,0.00219855089984,-2.0527345787525237,-0.03994145294117647,0.002165433400233529
3423.86,-0.0223116,-0.0416135,0.04721748486323684,0.0022294908768100002,-2.0629537371286433,-0.03914533529411765,0.0020817749672217647
3424.75,-0.0231664,-0.0411524,0.04722501577257545,0.00223020211472,-2.0835212213119587,-0.03847655882352941,0.00200354635885
3425.63,-0.0239872,-0.0400782,0.04670811363221598,0.0021816478790800007,-2.1101194546410666,-0.03798352941176471,0.0019371927861735294
3426.51,-0.0244513,-0.0384721,0.045584740320638,0.0020779685500999998,-2.1369528199930268,-0.03768068823529412,0.001886700424407647
3427.39,-0.0243093,-0.0365666,0.04390966069158357,0.0019280583020499995,-2.1575021771860117,-0.03754793529411765,0.0018529550619629412
3428.28,-0.0234468,-0.0346896,0.04187028514830058,0.0017531207784000002,-2.1651659926779514,-0.03753838235294117,0.0018338399098217649
3429.16,-0.0219129,-0.033189,0.039770402404426336,0.00158168490741,-2.154340577034461,-0.03759187647058824,0.0018250113579464705
3430.05,-0.0199087,-0.0323556,0.03799001430705179,0.0014432411870499997,-2.122396644009727,-0.037650511764705887,0.0018211278075699999
3430.93,-0.0177467,-0.0323613,0.03690798150237968,0.0013621990985800006,-2.072404672519684,-0.03767444705882353,0.0018173558242364704
3431.81,-0.0157855,-0.0332203,0.03678002640483011,0.00135277034234,-2.0143885170537215,-0.03765117058823529,0.001810591181815294
3432.7,-0.0143563,-0.0347839,0.03763008170201069,0.0014160230488999997,-1.9622269944723882,-0.03759678235294117,0.0018001367808958822
3433.58,-0.0136909,-0.0367673,0.0392335964716466,0.0015392750921000005,-1.9272559201925512,-0.03754921176470588,0.001787671094750588
3434.46,-0.013869,-0.0388096,0.04121327714657013,0.0016985342131599999,-1.9140128638632783,-0.03755611764705882,0.0017766085840070587
3435.35,-0.0147997,-0.0405524,0.04316860277852412,0.0018635282658500004,-1.9207292709129615,-0.037660805882352946,0.0017710473018188236
3436.23,-0.0162436,-0.0417202,0.04477085691607879,0.002004429629,-1.9420847618697423,-0.03788987647058824,0.0017746021130894117
3437.12,-0.0178719,-0.0421787,0.045808815126567065,0.0020984475432999994,-1.9715811222011377,-0.03824530588235294,0.0017893844247670585
3438.0,-0.0193446,-0.0419549,0.04619986128951039,0.002134427183170001,-2.0028267674533917,-0.0387027,0.0018153612716188235
3438.88,-0.0203859,-0.0412178,0.0459836052919951,0.0021144919556499997,-2.0301063487843924,-0.0392159294117647,0.0018502207396105881
3439.77,-0.0208375,-0.0402278,0.04530427462271082,0.0020524772990899993,-2.048730215333893,-0.03972733529411765,0.0018898076042847057
3440.65,-0.0206794,-0.0392695,0.044381654031930805,0.0019697312146099996,-2.055498410251255,-0.040180952941176476,0.0019290294964152944
3441.54,-0.0200189,-0.0385895,0.04347304759802331,0.0018899058674600004,-2.049343360862061,-0.04053551764705882,0.001963023253772353
3442.42,-0.0190546,-0.0383463,0.04281958085794395,0.0018335165048499998,-2.0319676282341295,-0.040773711764705886,0.0019882707282605884
3443.31,-0.0180234,-0.0385838,0.0425858259283532,0.0018135525699999999,-2.0077985641882194,-0.04090531764705883,0.0020033738606423527
3444.19,-0.0171432,-0.0392313,0.042813364805046564,0.0018329842059299998,-1.9827682254263335,-0.04096348235294117,0.00200929823684
3445.08,-0.0165628,-0.0401313,0.043414831377422164,0.00188484758353,-1.9622158521394564,-0.04099545294117647,0.0020090188049123525
3445.96,-0.016332,-0.0410862,0.044213233928768435,0.0019548100544400002,-1.9491506250775967,-0.04105068235294118,0.0020066653098394114
3446.85,-0.0163996,-0.0419142,0.04500829969905551,0.0020257470418,-1.9437507639292164,-0.041168641176470594,0.002006479936027647
3447.73,-0.0166414,-0.0424954,0.0456376512883825,0.002082795215120001,-1.9440445246783207,-0.04136955882352941,0.002011753516987059
3448.62,-0.0169046,-0.0427949,0.04601270441052123,0.00211716896717,-1.9469973625607453,-0.0416498,0.002024006467478235
3449.5,-0.0170545,-0.0428589,0.046127446053949264,0.0021277412794599997,-1.9495100579783702,-0.04198275294117647,0.002042595841765294
3450.39,-0.0170095,-0.0427897,0.046046514703503884,0.0021202815163399993,-1.949157668028727,-0.042325082352941176,0.002064854360144706
3451.28,-0.0167656,-0.042709,0.0458818485281489,0.0021051440243599995,-1.9448675310663688,-0.042627023529411764,0.002086747547697647
3452.16,-0.0163863,-0.0427222,0.045756936092028716,0.00209369720053,-1.9370458216000779,-0.042844099999999996,0.002103880935749412
3453.05,-0.0159543,-0.0428938,0.045764809263559705,0.0020944177669300003,-1.926889345185772,-0.04294704117647059,0.002112565346832353
3453.94,-0.0155918,-0.0432231,0.04594932644609712,0.0021113406008500006,-1.9169965936782034,-0.04292741176470588,0.002110650127541765
3454.82,-0.0154072,-0.0436434,0.0462831305704357,0.0021421281753999993,-1.9101632478305708,-0.042797711764705884,0.0020979017809941176
3455.71,-0.015462,-0.0440336,0.04666938367881024,0.0021780313729599997,-1.908487218138124,-0.042586829411764705,0.0020758968282458823
3456.59,-0.0157445,-0.0442497,0.04696727829393567,0.0022059252303400006,-1.9126379727736385,-0.04233275882352941,0.002047532266220588
3457.48,-0.0161643,-0.0441659,0.047030961262768164,0.0022119113172999996,-1.921644960794739,-0.042074729411764704,0.002016336571061765
3458.37,-0.0165704,-0.0437168,0.04675186368905522,0.0021857367584,-1.9331038844634545,-0.04184657058823529,0.0019857734091350355
3459.25,-0.0167925,-0.0429216,0.04608960623405238,0.00212425180281,-1.94372527825502,-0.04167206470588235,0.0019586428762404526
3460.14,-0.0166865,-0.0418813,0.04508306302748296,0.002032482571940001,-1.9499430347565254,-0.041562588235294115,0.0019366883661324588
3461.03,-0.0161705,-0.0407525,0.04384348670555297,0.0019222513265,-1.9485390924452028,-0.04151670588235294,0.0019204592389471707
3461.92,-0.015238,-0.0397093,0.04253263629837681,0.0018090251504900004,-1.9372063328172424,-0.04152224705882353,0.0019093433551271766
3462.8,-0.0139532,-0.0389104,0.041336557892499945,0.0017087110183999995,-1.9151103967430916,-0.04156010588235294,0.0019018556253005646
3463.69,-0.0124335,-0.0384757,0.040434779741455255,0.0016349714127400004,-1.8833558801455874,-0.04160930588235294,0.001896109908362735
3464.58,-0.01083,-0.0384724,0.03996766770478357,0.0015974144617599995,-1.8451959042569683,-0.04165191764705882,0.001890345144128947
3465.46,-0.00930816,-0.038911,0.040008846066658804,0.0016007077635855997,-1.8056005121520105,-0.04167642352941177,0.001883348568478947
3466.35,-0.00802911,-0.0397424,0.04054534455584389,0.0016439249651520997,-1.7701419075622256,-0.041678470588235296,0.0018746386376795351
3467.24,-0.00713029,-0.0408611,0.04147855504588003,0.0017204705286940996,-1.743557475769008,-0.04165915882352941,0.0018643744314636528
3468.13,-0.00670451,-0.0421138,0.04264413916096912,0.0018185226047800998,-1.728671299392962,-0.04162202941176471,0.0018530811652848291
3469.02,-0.00678101,-0.0433173,0.04384484662888103,0.0019223705759101003,-1.726078845640061,-0.041570182352941173,0.0018413306968301235
3469.9,-0.00731426,-0.044287,0.04488693315818758,0.0020148367683475994,-1.734474724361959,-0.041504523529411766,0.0018295013251601235
3470.79,-0.00818763,-0.04487,0.045610899848796016,0.0020803541850169006,-1.751285051545502,-0.04142312941176471,0.001817644611713706
3471.68,-0.00923334,-0.0449741,0.045912136068425306,0.0021079242383656,-1.7732861631134391,-0.041321464705882355,0.0018054557478498468
3472.57,-0.010265,-0.0445825,0.04574898393680454,0.0020929695312499994,-1.7970995718305476,-0.041193229411764704,0.0017923247570033763
3473.46,-0.0111115,-0.0437516,0.04514053538461856,0.0020376679348100006,-1.8195059409908525,-0.04103138823529412,0.0017774290631357294
3474.35,-0.0116435,-0.0425933,0.04415609014779275,0.0019497602971400001,-1.8376414754232506,-0.04082968235294118,0.0017598844369515411
3475.23,-0.0117867,-0.0412501,0.04290101452063808,0.0018404970468999997,-1.8491174378749495,-0.040584447058823525,0.001738938001051306
3476.12,-0.0115234,-0.0398711,0.04150293197799403,0.0017224933627699997,-1.8521461725216612,-0.04029653529411765,0.0017141888487226234
3477.01,-0.0108857,-0.0385931,0.04009895051120415,0.0016079258320999996,-1.8457173691468252,-0.03997297058823529,0.001685791768315612
3477.9,-0.00994453,-0.0375267,0.038821989771402755,0.0015071468898109,-1.8298409243723424,-0.03962755882352941,0.001654560325395894
3478.79,-0.00879712,-0.0367474,0.03778572120595821,0.0014277607270544,-1.805768565953992,-0.03927973529411765,0.0016219344431841294
3479.68,-0.0075531,-0.0362924,0.037070036651856715,0.0013741876173700002,-1.775985286092499,-0.038951970588235296,0.0015897874236912176
3480.57,-0.00632116,-0.0361597,0.03670805044994354,0.0013474809678356001,-1.743859856243231,-0.03866623529411765,0.001560121509075859
3481.46,-0.00519647,-0.0363134,0.03668332482233447,0.0013456663200209,-1.712931979395916,-0.038440423529411766,0.0015347323709936
3482.35,-0.00425099,-0.0366921,0.0369375299443547,0.0013643811183901003,-1.6861378312004962,-0.03828559411764706,0.0015149268446055116
3483.24,-0.00353705,-0.0372193,0.03738698991885412,0.0013977870151924995,-1.665544464998582,-0.0382044,0.0015013392895690412
3484.13,-0.00308503,-0.0378167,0.037942327406089625,0.0014396202089908999,-1.6521945851908717,-0.03819084705882353,0.0014938663068735647
3485.02,-0.00286182,-0.038415,0.03852145166932835,0.0014839022387123997,-1.6451564287109328,-0.038231082352941176,0.0014916994429353824
3485.91,-0.00284013,-0.038957,0.0390603915420327,0.0015257141874169,-1.6435718022452908,-0.03830506470588235,0.001493442608357241
3486.8,-0.00298319,-0.0394021,0.03951486944159249,0.0015614249069861002,-1.6463636041993748,-0.03838891176470588,0.0014972941737380649
3487.69,-0.00325167,-0.039725,0.03985785973668055,0.0015886489827889006,-1.6524687451816864,-0.038457605882352947,0.0015012666436070353
3488.58,-0.00360846,-0.0399128,0.04007558592724004,0.0016060525874115998,-1.6609597939136354,-0.03848793529411765,0.0015034304900224764
3489.47,-0.00402105,-0.0399612,0.040162997255465134,0.0016130663485424998,-1.6710826194131478,-0.03846115882352941,0.001502141284391841
3490.36,-0.0044618,-0.0398698,0.04011868157454828,0.0016095086112799997,-1.6822418987097103,-0.03836516470588235,0.0014962287847230175
3491.25,-0.00490587,-0.0396407,0.03994311776698083,0.0015954526569469,-1.6939286464155254,-0.03819569411764706,0.0014851101321333648
3492.14,-0.00532903,-0.0392771,0.03963696690150371,0.0015710891451509005,-1.7056506500716377,-0.03795639411764706,0.0014688141021433174
3493.03,-0.00570535,-0.0387844,0.03920179462706394,0.0015367807019824992,-1.716853047215681,-0.03765772352941177,0.0014479271583848
3493.92,-0.00600622,-0.0381728,0.03864242925242149,0.0014932373385284003,-1.7268597684751046,-0.037315170588235295,0.0014234575255454589
3494.82,-0.00620105,-0.0374602,0.03796998294893612,0.0014417196051424999,-1.7348456908034529,-0.03694685294117647,0.0013966599052412706
3495.71,-0.00626009,-0.0366753,0.037205730162141695,0.0013842663568981004,-1.7398565772389056,-0.036571170588235294,0.0013688587843165645
3496.6,-0.00615949,-0.0358582,0.03638337290988975,0.0013237498243000995,-1.7409097029416518,-0.036204729411764704,0.0013412889498541705
3497.49,-0.00588651,-0.0350602,0.03555093000218279,0.0012638686240201004,-1.7371420567764941,-0.03586094705882353,0.0013149833423551764
3498.38,-0.00544528,-0.0343383,0.03476736862588828,0.0012087699211684006,-1.7280642387915264,-0.03554941764705882,0.0012907162608893174
3499.27,-0.00486001,-0.0337486,0.034096740301091825,0.0011625876991600995,-1.7138193442726626,-0.03527594117647059,0.0012689951007230351
3500.16,-0.00417476,-0.0333376,0.03359797902876898,0.0011288241948176003,-1.6953745972953662,-0.03504307647058823,0.0012500920919559472
3501.06,-0.00344891,-0.0331336,0.033312616666183695,0.0011097304291480996,-1.6745138254333305,-0.034851276470588236,0.0012341202374827175
3501.95,-0.00274943,-0.0331407,0.03325455400114246,0.0011058653618149,-1.6535691119925662,-0.03470008823529411,0.0012211172229907
3502.84,-0.00214033,-0.0333384,0.03340703409566464,0.0011160299270688997,-1.6349084821809672,-0.034587617647058824,0.0012110055231565823
3503.73,-0.00167353,-0.0336833,0.03372484842887955,0.0011373654015508995,-1.620439769839678,-0.034511476470588234,0.0012036623276997821
3504.62,-0.00138136,-0.0341169,0.03414485350766056,0.0011658710210595998,-1.6112632476560738,-0.034468582352941174,0.0011989082321574765
3505.52,-0.00127302,-0.0345738,0.03459722859363738,0.0011969682263604001,-1.6076000675770228,-0.03445446470588236,0.001196460954251094
3506.41,-0.00133449,-0.0349916,0.035017037769064646,0.0012261929341201,-1.6089152917666079,-0.03446248235294118,0.0011958813248622705
3507.3,-0.00153252,-0.0353184,0.03535163357060604,0.0012497379961104,-1.6141606712191094,-0.034483241176470586,0.0011965317043618235
3508.19,-0.00182176,-0.0355238,0.03557048180637423,0.0012652591759376003,-1.6220342428997585,-0.034504547058823526,0.0011975707782232881
3509.09,-0.00215429,-0.0356026,0.0356677177874349,0.0012721860921640997,-1.6312319841777467,-0.03451215882352941,0.0011980039480924353
3509.98,-0.00247915,-0.0355482,0.035634543745676046,0.0012698207079624999,-1.6404241103341761,-0.03449123529411764,0.001196782806533347
3510.87,-0.00276115,-0.0353809,0.03548847748400176,0.0012594320341324998,-1.6486791657907198,-0.03442827058823529,0.0011929394895142413
3511.77,-0.00298053,-0.035129,0.03525521521819006,0.0012429302000809001,-1.6554388936375024,-0.03431316470588235,0.001185731365145253
3512.66,-0.00313346,-0.0348202,0.03496090530308962,0.0012222648996116,-1.6605443021972017,-0.034140947058823534,0.0011747620734754468
3513.55,-0.00322772,-0.0344746,0.03462536962341919,0.0011989162215584003,-1.6641502185278834,-0.03391281764705882,0.0011600556517919471
3514.45,-0.00327595,-0.0341015,0.034258490198088125,0.0011736441506525002,-1.6665671329919127,-0.033636188235294115,0.0011420617114732412
3515.34,-0.00328815,-0.0336998,0.03385983535787645,0.0011464884504625002,-1.6680602430878444,-0.03332370588235294,0.0011215910459933588
3516.23,-0.00326606,-0.033263,0.033422960923945685,0.0011170943169236003,-1.668671569282492,-0.03299101176470588,0.0010996646156589671
3517.13,-0.00320152,-0.032785,0.03294094648473841,0.0010851059553103996,-1.6681396656534808,-0.032653870588235295,0.001077319529041768
3518.02,-0.00307729,-0.032268,0.03241440324522572,0.0010506935377440998,-1.6658753981833223,-0.03232675294117647,0.001055522055724596
3518.92,-0.00287341,-0.0317265,0.03185635395455826,0.0010148272872780998,-1.6611180444536324,-0.03201998823529412,0.001034974771022245
3519.81,-0.00257427,-0.0311892,0.03129525623274077,0.0009793930626729001,-1.6531468882516482,-0.03173860588235294,0.0010160396821050348
3520.7,-0.00217697,-0.0306956,0.030772699877340957,0.0009469590577409002,-1.6415990168103458,-0.03148238235294117,0.0009987412052405893
3521.6,-0.00169661,-0.0302889,0.03033637995381288,0.0009202959487021,-1.626752102915114,-0.031246982352941172,0.0009828408500640812
3522.49,-0.00116818,-0.0300062,0.030028930766052925,0.0009017366829523999,-1.6097079635235372,-0.031025876470588236,0.0009679611939034092
3523.39,-0.000642212,-0.029868,0.02987490351872193,0.0008925098602529441,-1.5922946881806155,-0.030812511764705883,0.0009537244232722037
3524.28,-0.000176154,-0.0298712,0.02987171939597244,0.0008923196196717161,-1.5766933767314648,-0.03060221764705882,0.0009398708769119846
3525.18,0.000177476,-0.0299872,0.029987725181656842,0.0008992636615705759,-1.5648780040481418,-0.030393488235294117,0.0009263349468397553
3526.07,0.000382977,-0.0301659,0.0301683309812215,0.000910128194192529,-1.5581013160100914,-0.030188282352941177,0.0009132571084384299
3526.97,0.000429323,-0.0303455,0.030348536842627668,0.000921033688488329,-1.5566494398149746,-0.0299914,0.0009009378858358683
3527.86,0.000333355,-0.0304644,0.030466223804666456,0.000928190792916025,-1.5598543192066892,-0.029809047058823528,0.0008897436327149026
3528.76,0.000136542,-0.0304728,0.030473105905991338,0.0009286101835577641,-1.5663155739199552,-0.029646958823529412,0.0008799896067094592
3529.65,-0.000102726,-0.0303427,0.030342873890274073,0.000920689995921076,-1.5741818398681642,-0.029508588235294116,0.0008718328243898121
3530.55,-0.000319498,-0.0300726,0.030074297161064363,0.000904463349732004,-1.58142014980311,-0.029393805882352943,0.0008652017768433709
3531.44,-0.000454626,-0.029688,0.029691480744480834,0.0008815840287998761,-1.586108589934502,-0.029298588235294118,0.0008597896869195272
3532.34,-0.00046515,-0.0292366,0.029240299999871752,0.0008549951440824999,-1.5867048373321768,-0.02921574705882353,0.0008551109469525144
3533.23,-0.000332663,-0.0287795,0.028781422565981152,0.000828370284921569,-1.582354838421767,-0.02913731764705882,0.0008506521805218924
3534.13,-6.69536e-05,-0.0283795,0.02837957897916304,0.0008054005030345528,-1.5731555465056235,-0.029056029411764706,0.0008459662277687377
3535.03,0.000295978,-0.0280892,0.028090759327873003,0.0007890907596164841,-1.5602596419982708,-0.028966129411764706,0.0008407202951282477
3535.92,0.000701019,-0.0279401,0.027948892923483765,0.0007811406156483609,-1.5457115219554087,-0.028865664705882352,0.0008348219788425214
3536.82,0.00108491,-0.0279366,0.027957658150640944,0.0007816306492681,-1.5319811132062526,-0.02875695882352941,0.0008284371749079915
3537.72,0.00138977,-0.0280549,0.02808930178311487,0.0007890088746629002,-1.5212992744041876,-0.028646082352941176,0.0008219482399604496
3538.61,0.00157524,-0.0282493,0.028293185249236262,0.0008005043315476004,-1.5150919252723705,-0.028541447058823527,0.0008158629513090931
3539.51,0.00162615,-0.0284629,0.028509314973048722,0.0008127810402325001,-1.5137261001541917,-0.028451876470588236,0.0008106969313441428
3540.4,0.0015552,-0.0286539,0.028696073463977605,0.0008234646322499996,-1.5165741935220811,-0.028384488235294117,0.000806850273151737
3541.3,0.00139583,-0.028784,0.02881782430005603,0.0008304669973888999,-1.522341025296747,-0.028342847058823527,0.000804504879256492
3542.2,0.0011924,-0.0288172,0.028841859052425874,0.0008318528336000003,-1.5294418517614596,-0.02832579411764706,0.0008035649115224553
3543.09,0.000991526,-0.0287565,0.02877358886302986,0.0008279194160586759,-1.5363299158411778,-0.028327176470588234,0.0008036512497100603
3543.99,0.000830266,-0.0286248,0.028636838454528392,0.0008200685166707561,-1.5417993282518243,-0.028336652941176474,0.0008041573574572758
3544.89,0.000729192,-0.0284578,0.028467140738276896,0.0008103781018128641,-1.545178307332103,-0.02834138823529412,0.0008043531379436647
3545.79,0.000688712,-0.0282938,0.028302180881673127,0.0008010134426589438,-1.546459686741534,-0.028328329411764705,0.0008035171504695929
3546.68,0.000691061,-0.0281653,0.028173776626425524,0.0007937616893957212,-1.5462653480812991,-0.028286482352941174,0.0008010631966903223
3547.58,0.00070546,-0.028091,0.02809985684681686,0.0007896019548116004,-1.5456882228065338,-0.028208688235294117,0.0007966335620248257
3548.48,0.000695602,-0.0280716,0.028080217034460467,0.0007884985887024038,-1.546021833011923,-0.028091794117647062,0.0007900974405624786
3549.38,0.000628827,-0.0280896,0.02809663772688699,0.0007894210515559292,-1.548413594923519,-0.027937188235294116,0.0007815705916332785
3550.27,0.000484363,-0.0281127,0.028116872315493577,0.0007905585088057691,-1.55356870081649,-0.027751023529411764,0.0007714216994864786
3551.17,0.000258855,-0.0281012,0.02810239219979369,0.0007897444473510251,-1.5615850589879723,-0.02754184117647059,0.0007601331098444914
3552.07,-3.20176e-05,-0.0280171,0.028017118294655318,0.0007849589175367097,-1.5719391140948702,-0.027318941176470588,0.0007482089858731848
3552.97,-0.000356041,-0.0278329,0.02783517716134893,0.0007747970876036811,-1.583587720481557,-0.02709084705882353,0.0007360933205603553
3553.87,-0.0006717,-0.0275379,0.027546090780726038,0.0007587871173,-1.5951833292748758,-0.026864270588235296,0.0007241191881699092
3554.77,-0.000935916,-0.0271404,0.027156532380240593,0.0007374772509190558,-1.6052669049376769,-0.026643529411764708,0.0007124850103090565
3555.66,-0.00111251,-0.0266667,0.02668989635405316,0.0007123505673901001,-1.6124912211386169,-0.026430658823529414,0.0007012687034065447
3556.56,-0.00117895,-0.0261557,0.026182256694038043,0.0006855105655924999,-1.6158401432632412,-0.026226000000000003,0.0006904662396921278
3557.46,-0.00112962,-0.0256524,0.02567725972732293,0.0006593216671044,-1.6148035419208564,-0.026029141176470587,0.0006800460121618093
3558.36,-0.000976336,-0.0252004,0.02521930594098291,0.0006360133921448959,-1.6095198368424102,-0.025839929411764703,0.0006700034704418796
3559.26,-0.000745888,-0.0248355,0.024846698154051453,0.0006173584091585439,-1.600820439869811,-0.025659217647058825,0.0006603983748397423
3560.16,-0.000474931,-0.0245802,0.02458478780658399,0.0006044117914947609,-1.5901156127080647,-0.025489170588235292,0.0006513663172726198
3561.06,-0.000204519,-0.024442,0.024442855643753265,0.0005974531920213609,-1.5791636546337693,-0.025333,0.00064309941327767
3561.96,2.7285e-05,-0.0244127,0.024412715247616866,0.000595980665761225,-1.5696786712861277,-0.025194294117647058,0.0006358062199622134
3562.86,0.00019017,-0.0244722,0.024472938880912936,0.0005989247374689001,-1.5630256248451362,-0.025076123529411763,0.0006296617338215865
3563.75,0.000265646,-0.0245924,0.024593834706229036,0.0006048567055573158,-1.5599947918220163,-0.024980123529411764,0.0006247583963599101
3564.65,0.000247254,-0.024743,0.02474423535978665,0.0006122771835405161,-1.5608037725204003,-0.024905870588235294,0.0006210745647227101
3565.55,0.000139658,-0.0248961,0.024896491712025695,0.0006198352995669641,-1.5651867519976872,-0.024850629411764705,0.0006184637450940042
3566.45,-4.44444e-05,-0.0250291,0.02502913946013109,0.0006264578221146912,-1.5725720340031835,-0.024809564705882352,0.0006166697122336514
3567.35,-0.000288075,-0.0251263,0.02512795134696868,0.000631413938895625,-1.5822609029043517,-0.02477619411764706,0.0006153511722949371
3568.25,-0.000572744,-0.025178,0.025184513489236515,0.0006342597196895359,-1.5935401999991208,-0.02474325294117647,0.0006141283569993865
3569.15,-0.000880606,-0.0251799,0.02519529382518164,0.000634802830937236,-1.6057546564823482,-0.0247036,0.0006126307976620652
3570.05,-0.00119528,-0.0251315,0.025159908317169997,0.0006330209865284,-1.6183215425447264,-0.024651076470588236,0.0006105408156645873
3570.95,-0.00150254,-0.0250347,0.025079749411459438,0.0006289938305416,-1.6307427108789132,-0.024581117647058826,0.0006076234981330343
3571.85,-0.00178999,-0.0248934,0.024957672723234833,0.0006228854277601,-1.6425789875056593,-0.024491082352941177,0.0006037413736197863
3572.75,-0.00204708,-0.0247133,0.024797938088002396,0.0006149377334164,-1.6534407848409138,-0.024380288235294117,0.0005988543554945559
3573.66,-0.00226983,-0.0245023,0.02460721100650986,0.0006055148335189,-1.6631701135194576,-0.024249800000000002,0.0005930074627377287
3574.56,-0.00244902,-0.0242682,0.024391458140103066,0.0005949432302004001,-1.6713706171743474,-0.024102111764705884,0.000586314061599741
3575.46,-0.00257952,-0.0240202,0.024158309780909753,0.0005836239314703999,-1.6777759491454547,-0.023940770588235294,0.0005789367681615043
3576.36,-0.00266113,-0.0237679,0.023916410334473275,0.0005719946832869001,-1.6822951607506595,-0.023770111764705882,0.0005710745273300962
3577.26,-0.00269629,-0.0235198,0.023673845733300284,0.0005604509718041001,-1.6849372039716004,-0.023594982352941177,0.0005629498502534589
3578.16,-0.00269015,-0.0232829,0.023437797239341838,0.0005493303394324999,-1.6858281261920238,-0.02342055294117647,0.000554800665046053
3579.06,-0.00264839,-0.0230618,0.02321337090627081,0.0005388605888321,-1.6851342787557824,-0.02325209411764706,0.0005468710193863648
3579.96,-0.00257704,-0.0228595,0.023004301237194755,0.0005291978754116001,-1.6830562345576492,-0.023094747058823528,0.0005394014290466177
3580.86,-0.00248103,-0.0226778,0.022813112955072573,0.0005204381227009,-1.6797664166194772,-0.022953170588235296,0.0005326136401360294
3581.76,-0.00236467,-0.0225184,0.02264221726706331,0.0005126700027689,-1.6754234382964834,-0.022831164705882354,0.0005266924818760706
3582.67,-0.00223134,-0.0223835,0.022494442656923068,0.0005059999504456002,-1.670154893327428,-0.022731388235294116,0.0005217751551375117
3583.57,-0.00208466,-0.0222768,0.022374128487062907,0.0005006016255555999,-1.6641044554074522,-0.02265504117647059,0.0005179360559104352
3584.47,-0.00192962,-0.0222027,0.022286393172391086,0.0004966833206344,-1.6574877480777532,-0.02260170588235294,0.0005151779958353
3585.37,-0.00177325,-0.0221662,0.022237015042547867,0.0004944848380025001,-1.6506242504721573,-0.02256935294117647,0.0005134312152607588
3586.28,-0.00162513,-0.0221709,0.022230381335615907,0.0004941898543269,-1.6439656067045232,-0.022554547058823527,0.0005125609545581647
3587.18,-0.00149688,-0.0222185,0.02226886597885936,0.0004959023919843999,-1.6380655596356495,-0.022552776470588235,0.0005123811031884
3588.08,-0.00140192,-0.0223065,0.0223505105520299,0.0004995453219364,-1.6335618237644423,-0.022558888235294117,0.0005126724479030117
3588.98,-0.00135314,-0.0224282,0.022468981799351747,0.0005048551430996001,-1.6310553660607936,-0.022567523529411763,0.0005132012757154353
3589.88,-0.00136143,-0.022572,0.022613020046975144,0.0005113486756448997,-1.6310383381172249,-0.022573588235294116,0.0005137394884568883
3590.79,-0.00143399,-0.0227223,0.022767504136600045,0.0005183592446101001,-1.6338221109361302,-0.022572823529411763,0.0005140879289611999
3591.69,-0.00157264,-0.0228612,0.022915227732003888,0.0005251076620096,-1.6394789135184484,-0.02256145294117647,0.0005140648560727824
3592.59,-0.00177313,-0.0229698,0.023038135819482004,0.0005307557020368998,-1.6478375098128613,-0.02253666470588235,0.000513526115100906
3593.5,-0.00202478,-0.0230312,0.02312003260136975,0.0005345359074884001,-1.658485529227726,-0.022496694117647056,0.0005123697303907823
3594.4,-0.00231169,-0.0230317,0.02314742135846021,0.0005358031155461,-1.6708312281618558,-0.022440882352941175,0.0005105397671824
3595.3,-0.002614,-0.0229634,0.02311170126927051,0.0005341507355600001,-1.684141746932338,-0.022369635294117646,0.0005080262101509647
3596.2,-0.00290961,-0.0228246,0.023009306715155504,0.0005294281955121002,-1.6975893993781448,-0.022284441176470587,0.0005048676550801236
3597.11,-0.00317606,-0.0226215,0.022843371453741233,0.0005218196193735999,-1.710284618112697,-0.022187788235294117,0.0005011496132788589
3598.01,-0.00338883,-0.0223705,0.02262572516006725,0.0005119234390189002,-1.721139800855471,-0.02208307647058823,0.0004970026333191648
3598.92,-0.00353955,-0.0220835,0.022365361308337946,0.0005002093864525,-1.7297248802330423,-0.021974435294117647,0.0004925961007522706
3599.82,-0.00361935,-0.0217813,0.022079962049616386,0.0004875247241124998,-1.7354595498247192,-0.021866488235294117,0.0004881292315340588
3600.72,-0.00362602,-0.0214867,0.021790509354542405,0.0004748262979304001,-1.7379776508512013,-0.02176404705882353,0.0004838184926978941
3601.63,-0.00356412,-0.0212221,0.021519304816475834,0.0004630804797844,-1.737187357083876,-0.0216717,0.00047987970991940587
3602.53,-0.0034446,-0.0210073,0.02128783508133225,0.0004531719224500001,-1.7333216092127135,-0.021593441176470586,0.00047651112447592354
3603.44,-0.00328411,-0.0208582,0.021115157724537603,0.0004458498857321,-1.726963619372834,-0.021532235294117647,0.0004738725722506353
3604.34,-0.00310291,-0.0207851,0.021015433197488463,0.00044164843247810015,-1.718987233343463,-0.02148969411764706,0.0004720688099680941
3605.24,-0.00292351,-0.0207919,0.020996428656562045,0.0004408500163300999,-1.7104886497850837,-0.021465829411764704,0.0004711355508659353
3606.15,-0.00276873,-0.0208754,0.021058209586118662,0.0004434481909728999,-1.70265795722579,-0.0214588,0.0004710261366308529
3607.05,-0.0026597,-0.0210261,0.021193652004786716,0.0004491708853,-1.6966232124062972,-0.021465676470588235,0.00047163744145338823
3607.96,-0.00261389,-0.0212283,0.02138862178407248,0.00045747314182209987,-1.6933119620927215,-0.0214825,0.0004728106801026294
3608.86,-0.00264371,-0.0214613,0.02162351960838244,0.0004675766002540998,-1.6933638359888852,-0.021504799999999998,0.00047435204705084113
3609.77,-0.00275513,-0.0217013,0.021875492291761115,0.0004785371630069,-1.6970776591003285,-0.021528182352941176,0.00047605815721789996
3610.67,-0.00294649,-0.0219229,0.02212002142246024,0.0004892953477301,-1.7043980878289624,-0.021548882352941175,0.00047774220953731173
3611.58,-0.00320817,-0.0221014,0.022333030173017274,0.0004987642367088999,-1.7149463827389426,-0.021564164705882353,0.0004792549659088882
3612.48,-0.00352313,-0.0222158,0.022493426031551977,0.0005059542146369001,-1.728073245338388,-0.021572529411764706,0.00048049893630867056
3613.39,-0.00386735,-0.022251,0.02258458317132508,0.0005100633970225,-1.7428829198064386,-0.02157365882352941,0.0004814313172701706
3614.29,-0.00421234,-0.0222004,0.022596494605039957,0.0005106015684355999,-1.758308890082824,-0.021568164705882353,0.00048205727506946464
3615.2,-0.00452814,-0.0220673,0.022527089939661536,0.0005074697811496,-1.7731838078930184,-0.021557164705882353,0.0004824140178736059
3616.11,-0.0047871,-0.0218658,0.022383689062574114,0.00050102953605,-1.7863266906456365,-0.021541882352941175,0.00048255333862537057
3617.01,-0.00496762,-0.0216196,0.022182974386326104,0.0004920843526244,-1.7966499723603846,-0.021523335294117645,0.00048252527648421175
3617.92,-0.0050582,-0.0213592,0.021949961546207774,0.00048180081187999997,-1.803328536147778,-0.02150223529411765,0.0004823690985899764
3618.82,-0.00505933,-0.021118,0.021715587582400345,0.00047156674404890005,-1.8059387505023834,-0.021479147058823526,0.00048211523977541174
3619.73,-0.00498438,-0.0209273,0.02151269228326385,0.0004627959292744,-1.8046159081087885,-0.02145485294117647,0.0004817972377066294
3620.64,-0.00485784,-0.0208111,0.021370551997447328,0.00045670049267559996,-1.8001156012406159,-0.021430758823529412,0.0004814679835913353
3621.54,-0.00471147,-0.020782,0.021309375250365737,0.0004540894735608998,-1.7937369864016894,-0.02140921764705882,0.0004812159690775647
3622.45,-0.00457902,-0.0208391,0.021336248802692567,0.0004552355129704,-1.7870911215581615,-0.021393594117647057,0.0004811728778505823
3623.35,-0.00449039,-0.0209685,0.02144391742667603,0.0004598415946021,-1.7817592493815395,-0.021388035294117647,0.0004815099221716882
3624.26,-0.00446612,-0.021146,0.02161248583237014,0.00046709954385439995,-1.7789413973537138,-0.021396952941176467,0.0004824217177335059
3625.17,-0.00451393,-0.0213426,0.02181472298253865,0.00047588213880489993,-1.77922338975915,-0.021424323529411763,0.0004841003232600941
3626.08,-0.00462835,-0.0215304,0.02202225574010301,0.00048497974788250004,-1.7825420324345564,-0.02147295882352941,0.0004867046560445882
3626.98,-0.00479286,-0.0216884,0.02221166813950722,0.0004933582015396001,-1.7882881150616203,-0.021543888235294118,0.0004903312422464177
3627.89,-0.00498463,-0.0218062,0.02236865875900699,0.0005003568946769,-1.7955229977526783,-0.021635994117647057,0.0004949917568701647
3628.8,-0.00518022,-0.0218848,0.022489534239027716,0.0005057791502883999,-1.8032225077296424,-0.021745994117647056,0.0005006023432754883
3629.7,-0.00536037,-0.0219348,0.022580279395457002,0.0005098690175769,-1.8104761965656293,-0.02186882352941176,0.0005069888411996942
3630.61,-0.00551322,-0.0219728,0.022653907711659815,0.0005131995346084001,-1.8166323367194745,-0.02199835882352941,0.0005139070192796706
3631.52,-0.00563597,-0.0220174,0.02272729769684245,0.0005165300606009001,-1.8213933801659228,-0.02212840588235294,0.0005210776964216001
3632.43,-0.00573392,-0.0220849,0.02281711302019605,0.0005206206465764001,-1.8248185210457557,-0.022254582352941178,0.0005282698685361942
3633.33,-0.00581858,-0.022186,0.0229363133309693,0.0005260744692164001,-1.8272834740598474,-0.022373935294117644,0.0005352863469101177
3634.24,-0.0059048,-0.0223238,0.02309152895500859,0.00053321870948,-1.8293812930650184,-0.022485776470588234,0.0005420142320523235
3635.15,-0.00600709,-0.0224931,0.023281423450427167,0.0005420246778781,-1.8317693349792679,-0.022591852941176473,0.0005484506092287059
3636.06,-0.00613581,-0.0226811,0.023496392522387347,0.0005520804615661,-1.834997647339286,-0.022695764705882353,0.0005546939498745588
3636.97,-0.00629432,-0.0228701,0.02372045400645612,0.0005626599382724002,-1.8393675087239532,-0.022801958823529412,0.0005609112802431765
3637.88,-0.0064767,-0.0230412,0.02393417097645122,0.0005728445403299999,-1.8448174748397288,-0.02291463529411765,0.0005672938135614118
3638.78,-0.00666807,-0.0231793,0.02411935127682542,0.0005817431060149001,-1.850906381652909,-0.023036735294117646,0.0005740073993050411
3639.69,-0.00684805,-0.023291,0.024276871087570158,0.0005893664698024999,-1.856759086200269,-0.023169264705882354,0.0005811513219355765
3640.6,-0.00699504,-0.0233716,0.024395947843066066,0.0005951622711615999,-1.8616076589474748,-0.023310970588235294,0.0005887287802447588
3641.51,-0.0070929,-0.0234317,0.02448170327612031,0.0005993537953,-1.8647332048591956,-0.02345844705882353,0.0005966352673239177
3642.42,-0.00713559,-0.0234917,0.024551509394293868,0.0006027766135381001,-1.8656893867942639,-0.023606588235294115,0.0006046642359864177
3643.33,-0.00712892,-0.0235727,0.024627092513254584,0.0006064936856564,-1.8644743134049504,-0.02374934117647059,0.0006125309201144176
3644.24,-0.00708893,-0.0236901,0.024727995603261093,0.0006114737665548999,-1.8615520269559864,-0.023880664705882352,0.0006199119380045058
3645.15,-0.00703813,-0.0238503,0.024867088369708665,0.0006183720839869,-1.8577480606240055,-0.02399555882352941,0.0006264965248884823
3646.06,-0.00700001,-0.0240485,0.02504656647626776,0.0006273304922501,-1.8540486291780542,-0.02409095294117647,0.0006320393553132411
3646.96,-0.0069946,-0.0242704,0.025258201545636617,0.00063797674532,-1.8513876688483515,-0.02416630588235294,0.0006364066229328117
3647.87,-0.00703465,-0.0244939,0.02548406242796662,0.0006494374378324999,-1.850469103400901,-0.024222964705882352,0.0006395666142458177
3648.78,-0.00712289,-0.0246931,0.02569989785119972,0.0006604847495621,-1.851629579441773,-0.02426511176470588,0.0006416519795327176
3649.69,-0.00725095,-0.0248422,0.025878778501747333,0.0006697111767424999,-1.854787354108637,-0.024298723529411762,0.0006429223294463941
3650.6,-0.00739979,-0.0249199,0.025995351662443416,0.0006757583080540996,-1.859446184741475,-0.02433045294117647,0.0006437140317802764
3651.51,-0.00754124,-0.0249136,0.026029939794352197,0.0006775577656976001,-1.8647244169922994,-0.02436669411764706,0.0006443893810096705
3652.42,-0.0076421,-0.0248233,0.025973022837167025,0.0006745979152999998,-1.8694483984736263,-0.024412841176470586,0.000645289022300847
3653.33,-0.00766903,-0.0246629,0.02582774975778765,0.0006670726575509,-1.8722722162752905,-0.02447274705882353,0.0006466906487221823
3654.24,-0.00759476,-0.0244603,0.025612236441740106,0.0006559866555475999,-1.8718520115742014,-0.024548441176470585,0.0006487799548723881
3655.15,-0.00740406,-0.0242542,0.025359146715211063,0.0006430863221236,-1.867080203035472,-0.024640070588235294,0.0006516339825072411
3656.06,-0.00709767,-0.0240881,0.025112018657186843,0.0006306134810389,-1.8573419187942348,-0.024746129411764708,0.0006552222642979235
3656.97,-0.00669335,-0.0240031,0.024918863213086187,0.0006209497438325,-1.84274162467479,-0.024863935294117647,0.0006594255472375705
3657.89,-0.00622429,-0.0240311,0.0248240921931518,0.0006162355532141001,-1.8242366451715624,-0.024990270588235296,0.0006640692993462999
3658.8,-0.00573381,-0.0241888,0.024859095368820243,0.0006179746225561001,-1.803544434722066,-0.02512211176470588,0.0006689685643050235
3659.71,-0.00526893,-0.0244746,0.025035328408169525,0.0006267676685049001,-1.7828415884989874,-0.02525716470588235,0.0006739684753389529
3660.62,-0.00487314,-0.0248687,0.025341660031450188,0.0006421997331495999,-1.7642992188013225,-0.02539410588235294,0.0006789718613796883
3661.53,-0.00457944,-0.0253353,0.025745848146907103,0.0006628486968035999,-1.7496188632308496,-0.02553245294117647,0.0006839456134298471
3662.44,-0.00440505,-0.0258281,0.026201053702332278,0.0006864952151124999,-1.739723528037515,-0.025672082352941175,0.0006889031093535176
3663.35,-0.00434871,-0.0262969,0.026654047127483288,0.0007104382282741001,-1.7346828087337625,-0.02581264705882353,0.0006938733004263941
3664.26,-0.00439031,-0.0266958,0.02705440000325455,0.0007319405595360997,-1.7337942478660107,-0.025953094117647058,0.0006988676784480412
3665.18,-0.00449447,-0.0269899,0.027361559944398275,0.0007486549625909002,-1.7358063305137672,-0.026091488235294117,0.0007038585376659177
3666.09,-0.00461682,-0.0271612,0.027550786056887742,0.0007590458123524,-1.7391655865417759,-0.026225435294117645,0.0007087847436862706
3667.0,-0.00471162,-0.0272095,0.027614421110615378,0.0007625562532744002,-1.7422569327119137,-0.026352317647058823,0.0007135547229759117
3667.91,-0.00473945,-0.0271513,0.027561848232520617,0.0007596554779924999,-1.743612143470549,-0.02646939411764706,0.0007180467605705707
3668.82,-0.00467194,-0.0270148,0.02741580643358134,0.0007516264424035999,-1.7420425269118416,-0.0265747,0.0007221499418217706
3669.74,-0.0044945,-0.026834,0.02720779458629457,0.00074026408625,-1.7367486366978455,-0.0266673,0.0007257795535301681
3670.65,-0.00420565,-0.0266438,0.026973682921738733,0.0007275795703624998,-1.72735185119065,-0.026747211764705882,0.0007288795058811716
3671.56,-0.00381513,-0.0264757,0.026749166480600852,0.0007155179074069002,-1.7139104891725303,-0.026814958823529415,0.0007314082372416295
3672.47,-0.00334158,-0.0263558,0.0265667903694895,0.0007057943505364001,-1.6969107086386068,-0.02687096470588235,0.0007333187839524471
3673.39,-0.00280351,-0.0263082,0.02645715509196142,0.0006999810555601002,-1.6769597887183227,-0.026915070588235293,0.0007345463481760706
3674.3,-0.0022278,-0.0263458,0.02643982357127218,0.0006990642704799999,-1.6551556093622306,-0.02694638823529412,0.0007350129480691958
3675.21,-0.00165571,-0.0264649,0.02651664208783043,0.0007031323076141002,-1.633277381831055,-0.0269637,0.000734657928105385
3676.12,-0.0011211,-0.0266589,0.02668246267532291,0.0007119538144200002,-1.6128250606572987,-0.026966070588235296,0.0007334731033311923
3677.04,-0.000656434,-0.0269095,0.026917505379331796,0.0007245520958463562,-1.5951856256508585,-0.026953482352941177,0.0007315314564814747
3677.95,-0.000288419,-0.0271866,0.027188129856236174,0.0007391944050795608,-1.5814047949519865,-0.026927111764705886,0.0007289891093892607
3678.86,-3.19287e-05,-0.0274486,0.027448618570009742,0.0007534266614018836,-1.5719595440664291,-0.026889176470588236,0.0007260603819916782
3679.78,0.0001161,-0.0276479,0.027648143764455502,0.0007644198536199997,-1.566597117538924,-0.02684249411764706,0.0007229772321216488
3680.69,0.00018055,-0.0277397,0.027740287568669867,0.0007695235543924999,-1.564287696546902,-0.026789870588235294,0.0007199427277300959
3681.6,0.000206227,-0.0276936,0.027694367848635375,0.0007669780105355288,-1.563349725843946,-0.02673328823529412,0.0007170813847463017
3682.52,0.000248796,-0.0275038,0.027504925266024913,0.0007565209138896157,-1.5617506962208647,-0.026673676470588235,0.0007144212882370371
3683.43,0.000361035,-0.0271916,0.027193996705729463,0.0007395134568312249,-1.55751966096593,-0.026611129411764703,0.0007119055219849664
3684.34,0.00057928,-0.0268008,0.026807059629105165,0.0007186184459584,-1.5491854115799506,-0.02654450588235294,0.0007093835690104723
3685.26,0.000915981,-0.0263857,0.026401594377657593,0.000697044185682361,-1.5360952081741965,-0.02647165294117647,0.0007066375053249455
3686.17,0.00135956,-0.0259989,0.026034423454411277,0.0006777912046036,-1.5185509331415568,-0.026389888235294118,0.0007034251558894949
3687.09,0.00187992,-0.0256821,0.025750812795257552,0.0006631043596164001,-1.497727025584354,-0.0262967,0.0006995355470332018
3688.0,0.0024362,-0.0254612,0.025577485722408293,0.0006542077758800001,-1.4754038890369912,-0.026190505882352944,0.0006948437367021488
3688.92,0.00298384,-0.0253463,0.0255213288219011,0.0006513382248355997,-1.4536127747601166,-0.026071217647058824,0.0006893469741297959
3689.83,0.00348025,-0.0253324,0.02557034668952496,0.0006538426298225,-1.434267650666224,-0.02594042352941176,0.000683169192749053
3690.74,0.00388883,-0.0254016,0.025697553995057583,0.0006603642813288999,-1.418881942444272,-0.025801023529411764,0.000676525706090658
3691.66,0.00418194,-0.0255263,0.02586659262163457,0.0006690806138536001,-1.4084101993518825,-0.025656529411764703,0.00066966469704508
3692.57,0.00434382,-0.025671,0.026035917752067046,0.0006778690131924,-1.4031729404999027,-0.025510135294117643,0.0006627986973417682
3693.49,0.00437263,-0.0257966,0.02616456505804941,0.0006845844646769002,-1.402888160020642,-0.025363994117647056,0.0006560554459511822
3694.41,0.00428207,-0.0258644,0.026216470220929818,0.0006873033108449,-1.4067261066660592,-0.025218735294117646,0.0006494526048829469
3695.32,0.00410111,-0.0258426,0.026165990865856772,0.0006846590779921,-1.4134130471252258,-0.025073294117647058,0.0006428983478327824
3696.24,0.00387065,-0.0257118,0.02600151131496975,0.0006760785906624999,-1.421378469978543,-0.024925088235294116,0.0006362152231463646
3697.15,0.00363727,-0.0254701,0.025728500287869476,0.0006619557270628997,-1.428949896621887,-0.024770364705882352,0.0006291739569165293
3698.07,0.00344437,-0.025134,0.02536891090876587,0.0006435816406968999,-1.4346043974854021,-0.02460485294117647,0.0006215397420151823
3698.98,0.00332358,-0.0247352,0.02495748991898825,0.0006228763030564001,-1.4372299015187664,-0.024424517647058823,0.0006131186435594882
3699.9,0.00328911,-0.0243121,0.02453357803097828,0.0006018964510021,-1.4363257898578905,-0.024226229411764708,0.0006037948044598647
3700.81,0.00333718,-0.0239013,0.02413314965027151,0.0005824089120423999,-1.4320697965473945,-0.024008423529411765,0.0005935607305496117
3701.73,0.00345044,-0.0235295,0.0237811460288103,0.0005655429064435999,-1.425190967665176,-0.023772464705882353,0.0005825657974931822
3702.65,0.00360506,-0.0232096,0.02348791156666765,0.0005516819897636,-1.4167014522343055,-0.023522441176470586,0.000571095809556947
3703.56,0.00377797,-0.0229417,0.0232506915211333,0.0005405946562108999,-1.4075841777086577,-0.023264935294117647,0.0005595445784304469
3704.48,0.00395222,-0.022716,0.023057248294807424,0.0005316366989283999,-1.3985366629467906,-0.023008317647058824,0.0005483638631746588
3705.4,0.00411936,-0.0225187,0.022892378131150987,0.0005240609764996,-1.3898661874197789,-0.022761558823529413,0.0005379949034275764
3706.31,0.00427939,-0.0223359,0.02274215485793068,0.0005172056075820999,-1.3814978561792246,-0.022532858823529414,0.0005287992224996647
3707.23,0.00444,-0.0221554,0.022595914435136276,0.0005105753491599999,-1.373013671310064,-0.02232841176470588,0.0005210043946815
3708.15,0.00461341,-0.0219683,0.02244748887332612,0.0005038897567181001,-1.3638012115452613,-0.02215159411764706,0.0005146777423285823
3709.06,0.00480326,-0.0217853,0.022308532061020958,0.0004976706027176,-1.3537866053333982,-0.022002729411764708,0.0005097309947886823
3709.98,0.00501483,-0.021614,0.022188139082151528,0.0004923135159289,-1.342812483993395,-0.02187941764705882,0.0005059517288592058
3710.9,0.00524804,-0.021465,0.022097243014493916,0.0004882881488416001,-1.3310074993265848,-0.021777276470588233,0.0005030508316167882
3711.81,0.00549671,-0.0213493,0.022045553549731974,0.00048600643131410003,-1.3188036674043755,-0.02169078823529412,0.0005007101192907118
3712.73,0.00574885,-0.0212752,0.022038226139199587,0.00048568341136249994,-1.3068853456040972,-0.02161419411764706,0.0004986264573283588
3713.65,0.00598818,-0.0212461,0.02207385478167327,0.00048725506492239994,-1.2960743959164722,-0.021542147058823527,0.0004965399279810235
3714.57,0.00619626,-0.0212596,0.0221441692133076,0.0004903642301476001,-1.2871954242038695,-0.021470223529411765,0.0004942513414219823
3715.48,0.00635525,-0.0213062,0.022233833700072956,0.0004943433610024999,-1.2809166797992033,-0.021395217647058824,0.0004916269047153705
3716.4,0.00645071,-0.0213706,0.02232295240025611,0.0004983142038641,-1.2776433905822588,-0.02131524705882353,0.000488593563167247
3717.32,0.00647405,-0.0214332,0.022389626741920018,0.0005012953856424999,-1.2774533648323154,-0.02122870588235294,0.00048509065963871174
3718.24,0.00642405,-0.0214732,0.022413539136925703,0.0005023667366425002,-1.2801049032090774,-0.021134347058823527,0.0004810683536802117
3719.15,0.00630726,-0.0214714,0.02237861806876376,0.0005008025466675999,-1.2850817403575236,-0.02103091176470588,0.00047647222925664115
3720.07,0.00613672,-0.0214139,0.022275871376186387,0.0004962144455684,-1.291699730113856,-0.020916829411764707,0.00047123467661922946
3720.99,0.00592957,-0.0212939,0.022104071516236553,0.0004885899775949001,-1.2992131583343371,-0.02079015294117647,0.0004652785725298412
3721.91,0.00570372,-0.0211132,0.02187006255314328,0.0004782996360784,-1.306945174295154,-0.020648723529411765,0.00045853078762146476
3722.83,0.00547476,-0.0208803,0.021586104909121516,0.0004659599251476,-1.3143711271426266,-0.02049055294117647,0.0004509428685039353
3723.75,0.0052536,-0.0206088,0.021267885423802715,0.00045232295040000003,-1.3211922484785894,-0.020314399999999996,0.00044251628251085293
3724.67,0.00504565,-0.0203141,0.020931345936955417,0.00043812124273250004,-1.327341380639201,-0.02012040588235294,0.00043332544114192944
3725.58,0.00485162,-0.0200099,0.02058966523852197,0.00042393431463439997,-1.3329256995465777,-0.019910670588235292,0.00042353403529531765
3726.5,0.00466947,-0.0197066,0.020252259963789227,0.00041015403364090005,-1.3381376497032047,-0.019689629411764706,0.00041339991502061175
3727.42,0.00449709,-0.0194099,0.019924056727436305,0.0003969680364780999,-1.3431229397034283,-0.019464117647058823,0.00040326610470908233
3728.34,0.00433477,-0.0191217,0.019606877411839446,0.0003844296418428999,-1.3478703287674854,-0.019242994117647058,0.0003935352497847294
3729.26,0.0041868,-0.0188418,0.01930136579312459,0.0003725427214800001,-1.352140867870645,-0.019036394117647057,0.0003846324596176705
3730.18,0.00406186,-0.0185707,0.019009723963003777,0.00036136960514960003,-1.35546332617074,-0.01885454705882353,0.0003769559108563588
3731.1,0.00397199,-0.0183116,0.0187374330984823,0.0003510913991201,-1.357194186813356,-0.018706435294117647,0.0003708266664446706
3732.02,0.00393032,-0.0180727,0.018495131807921783,0.0003420699005924001,-1.3566578620307148,-0.01859844117647059,0.0003664424534871647
3732.94,0.00394801,-0.0178677,0.018298674439699177,0.0003348414862501,-1.353332499417378,-0.018533241176470587,0.00036384415660080583
3733.86,0.00403085,-0.0177155,0.018168288085906717,0.00033008669197249997,-1.3470728333130046,-0.018509229411764708,0.0003629040845076294
3734.78,0.00417604,-0.0176377,0.018125335069222856,0.0003285277713715999,-1.338309713906546,-0.018520564705882356,0.00036333778073739415
3735.7,0.00437012,-0.0176548,0.018187630737795397,0.00033078991185439994,-1.3281422571702395,-0.018558135294117647,0.0003647490865328059
3736.62,0.00458843,-0.0177817,0.01836416468982186,0.00033724254475490006,-1.3182629204883427,-0.018610741176470588,0.00036668428718351177
3737.54,0.00479719,-0.0180218,0.018649351386471863,0.0003477983071361,-1.3106407155316082,-0.01866661176470588,0.00036869751833895295
3738.46,0.00495833,-0.0183624,0.019020062306651365,0.0003617627701489,-1.307060026754636,-0.018714917647058824,0.00037041481440444114
3739.38,0.00503682,-0.0187729,0.019436854944213582,0.0003777913301224,-1.3086671290188352,-0.01874707058823529,0.00037158707053017647
3740.3,0.00500912,-0.0192057,0.019848178648541027,0.00039395019566439995,-1.3156657393418347,-0.01875756470588235,0.00037211947188138235
3741.22,0.00487098,-0.0196017,0.0201978486243065,0.0004079530890504,-1.327231965555886,-0.01874434705882353,0.0003720730772757059
3742.14,0.00464163,-0.0198993,0.02043347424073792,0.0004175268695469001,-1.3416377885483646,-0.018708570588235295,0.0003716305394728294
3743.06,0.00436049,-0.0200486,0.020517315492044764,0.00042096023500010006,-1.3566356888393534,-0.01865376470588235,0.0003710289839015353
3743.98,0.00408507,-0.020016,0.02042860868744859,0.00041732805290489993,-1.3694709669385874,-0.018584529411764708,0.00037047182166685883
3744.91,0.00388075,-0.0197916,0.020168481626599958,0.0004067676511225001,-1.377172187359231,-0.018504870588235293,0.0003700389224809294
3745.83,0.00381023,-0.0193919,0.019762682972281367,0.00039056363826289986,-1.3767822258539286,-0.01841675882352941,0.0003696318291728118
3746.75,0.00392276,-0.0188582,0.019261873046451116,0.0003710197532576,-1.3657074957286988,-0.018319288235294117,0.00036897640165657646
3747.67,0.00424477,-0.0182511,0.018738215591749926,0.00035112072356290004,-1.342282630887403,-0.018208870588235296,0.0003676915361207235
3748.59,0.00477256,-0.017643,0.01827711076602645,0.00033405277795359997,-1.3066117376001483,-0.0180806,0.00036540645119710586
3749.51,0.00546844,-0.0171073,0.017960054268392398,0.0003225635493236,-1.2614060479481828,-0.01793044705882353,0.00036188610127308823
3750.44,0.00626186,-0.016706,0.017841001279625533,0.0003183013266595999,-1.21217732914018,-0.017757670588235294,0.0003571243354696471
3751.36,0.00705693,-0.0164778,0.01792534947678566,0.00032131815386489995,-1.1661601160844093,-0.017566382352941175,0.00035136665455420585
3752.28,0.00774729,-0.0164275,0.018162688638913016,0.00032988325859409996,-1.1301217046754142,-0.017366182352941177,0.0003450747294775
3753.2,0.00823641,-0.0165239,0.01846287412344297,0.00034087772089809996,-1.1083859940780432,-0.01717117647058824,0.0003388333702175235
3754.12,0.00845873,-0.0167054,0.018724863213730025,0.0003506205023728999,-1.1020839801012376,-0.0169976,0.0003332265214019177
3755.05,0.00839527,-0.0168958,0.018866600542039893,0.0003559486160129,-1.1096438017282595,-0.016860558823529413,0.00032871016524411176
3755.97,0.00807773,-0.0170251,0.018844196771497054,0.0003551037519629,-1.1277886235752983,-0.016770670588235295,0.0003255090980166706
3756.89,0.00757861,-0.0170491,0.0186576295477775,0.0003481071403421,-1.1525116455565827,-0.016731376470588234,0.000323558196847453
3757.82,0.00699028,-0.0169621,0.01834603093010584,0.0003365768508884001,-1.1798926223860995,-0.016737570588235294,0.0003225029441709176
3758.74,0.00639926,-0.0167967,0.017974416803824264,0.00032307965943760005,-1.2067904840912511,-0.01677590588235294,0.00032176285719908235
3759.66,0.00586403,-0.0166126,0.017617188385236165,0.0003103653266009,-1.2314630635189259,-0.01682674117647059,0.00032064615120684707
3760.58,0.00540273,-0.0164765,0.017339681188040915,0.0003006645437029,-1.2539390232934604,-0.016867523529411767,0.0003184946026223612
3761.51,0.00499374,-0.0164411,0.017182759044972958,0.0002952472083976,-1.275916320311261,-0.016876817647058825,0.0003148179417898245
3762.43,0.00458807,-0.0165285,0.01715347482508719,0.00029424169857490007,-1.3000280983975216,-0.01683831764705882,0.00030938883957381164
3763.35,0.00412842,-0.016723,0.017225056769032722,0.0002967025806964,-1.3287649764817695,-0.016743923529411765,0.00030227571746775867
3764.28,0.00356887,-0.016975,0.017346107865365647,0.00030088745807689993,-1.3635716854766493,-0.01659520588235294,0.00029381405201737634
3765.2,0.00288975,-0.0172126,0.01745348829954918,0.00030462425382250016,-1.4044617639573784,-0.016402976470588235,0.0002845353932951166
3766.12,0.00210478,-0.0173577,0.017484846242915606,0.0003057198481384,-1.4501263076922182,-0.016184964705882352,0.00027507316765853834
3767.05,0.00126063,-0.017342,0.017387758682386293,0.0003023341519968999,-1.4982316542213492,-0.015962129411764704,0.000266063969225875
3767.97,0.000430279,-0.0171208,0.017126206020535925,0.00029330693265784095,-1.545669671256468,-0.015754435294117644,0.0002580551052812573
3768.9,-0.000297824,-0.0166819,0.016684558332331602,0.0002783744867449759,-1.5886475526049595,-0.015577094117647058,0.00025142899376615145
3769.82,-0.000833291,-0.0160509,0.016072515817403352,0.00025832576470068093,-1.62266529199096,-0.015438164705882353,0.0002463556122288161
3770.74,-0.001099,-0.0152911,0.015330542723922074,0.00023502554021000006,-1.6425448291471423,-0.015338170588235295,0.00024278755813382204
3771.67,-0.00104658,-0.0144969,0.014534628970372792,0.00021125543930640002,-1.6428646619256722,-0.015271288235294117,0.00024049140618796912
3772.59,-0.000669678,-0.0137812,0.013797461435484572,0.000190369942063684,-1.6193517235468253,-0.015227782352941175,0.00023911302477615736
3773.52,-1.1413e-05,-0.0132559,0.01325590491315357,0.00017571901506656897,-1.5716573016951254,-0.015196888235294118,0.0002382613563848338
3774.44,0.000837982,-0.0130085,0.013035462633996691,0.00016992328608232395,-1.5064671760447905,-0.0151694,0.00023759148601862793
3775.37,0.00175532,-0.0130818,0.013199039341649073,0.00017421463954239998,-1.4374127031525845,-0.015139576470588235,0.0002368734538066691
3776.29,0.00260831,-0.0134617,0.01371206213324969,0.00018802064794610002,-1.3794099790743177,-0.01510609411764706,0.0002360331909185608
3777.22,0.00328223,-0.0140793,0.014456822689059306,0.00020899972226289993,-1.3417624379455704,-0.015072023529411763,0.00023515891024121518
3778.14,0.003701,-0.0148286,0.01528348059049378,0.00023358477896000008,-1.3262080444122697,-0.01504375294117647,0.0002344662126914163
3779.07,0.00383987,-0.015586,0.016052040294520193,0.00025766799761689995,-1.3292402365020766,-0.015029082352941177,0.00023422850926543983
3779.99,0.00372381,-0.0162354,0.016656979740520193,0.00027745497407610017,-1.345332436432529,-0.01503469411764706,0.0002346826049651869
3780.92,0.0034171,-0.0166874,0.017033669339575664,0.00029014589117000005,-1.3688172503102052,-0.015063641176470589,0.00023593544466085251
3781.84,0.00300773,-0.0168904,0.017156108297422815,0.0002943320519129,-1.3945702054300937,-0.015113482352941177,0.000237897963643972
3782.77,0.00259044,-0.016835,0.01703313254787856,0.0002901276043936,-1.4181214667749713,-0.015175870588235293,0.00024027428943324707
3783.7,0.002251,-0.0165516,0.016703965504035263,0.00027902246356000004,-1.4356266721769493,-0.0152378,0.00024261232909970003
3784.62,0.00205299,-0.0161027,0.016233043929901134,0.00026351171523010005,-1.4439869264312513,-0.015284335294117646,0.0002444058504612765
3785.55,0.00202871,-0.0155703,0.01570190772976647,0.00024654990635410005,-1.4412326407618743,-0.015302035294117645,0.0002452179700836059
3786.47,0.00217528,-0.0150417,0.015198176929105677,0.00023098458196840006,-1.4271753987580713,-0.015281994117647057,0.00024478807038857064
3787.4,0.00245761,-0.0145923,0.014797806128007625,0.00021897506620210003,-1.4039438670308437,-0.015222047058823528,0.0002431023871345706
3788.33,0.002818,-0.0142733,0.014548821838554488,0.00021166821689,-1.3758716284723542,-0.015127617647058823,0.00024041348015752944
3789.25,0.00319086,-0.0141032,0.014459662436571609,0.0002090818377796,-1.3482916934425688,-0.015011135294117647,0.00023720812070424118
3790.18,0.0035187,-0.0140691,0.014502442018501574,0.00021032082450000002,-1.3257223381316143,-0.014890441176470587,0.00023414013003503532
3791.11,0.00376489,-0.0141346,0.01462741651393369,0.00021396131387210003,-1.3104803997768582,-0.014786364705882352,0.00023193826121550588
3792.03,0.00392023,-0.0142528,0.014782101037839649,0.0002185105110929,-1.3023838040807176,-0.014719935294117647,0.0002313074546207059
3792.96,0.00400195,-0.0143802,0.014926679330731935,0.00022280575584249996,-1.299368578559204,-0.014709611764705881,0.00023283807860020588
3793.89,0.00404688,-0.0144879,0.015042489293477993,0.00022627648414440005,-1.2984106300645992,-0.014768917647058823,0.00023693597816452943
3794.81,0.00410083,-0.0145669,0.0151331220274899,0.00022901138229890002,-1.2963814640352773,-0.014904888235294117,0.00024378385225985293
3795.74,0.00420758,-0.0146301,0.015223125679912125,0.0002317435554664,-1.2907564619811454,-0.015117617647058823,0.0002533389455614941
3796.67,0.00439921,-0.0147072,0.015351051444904352,0.0002356547804641,-1.2801475454871931,-0.015400899999999999,0.00026536225828017643
3797.6,0.00468958,-0.0148386,0.01556201177664379,0.0002421762105364,-1.2646903460310843,-0.015743835294117648,0.0002794720216417058
3798.52,0.00507154,-0.0150657,0.01589640948332673,0.00025269583446159996,-1.2460832978943412,-0.016132923529411765,0.0002952070406915941
3799.45,0.00551828,-0.0154223,0.016379827576882486,0.00026829875144839996,-1.227179294596223,-0.016554188235294115,0.0003120886610112588
3800.38,0.00598804,-0.0159272,0.017015649352334454,0.00028953232288159993,-1.211181534093718,-0.016994882352941176,0.00032967132707129997
3801.31,0.00643176,-0.0165785,0.01778241263011293,0.0003162141989475999,-1.2007139819761117,-0.017444494117647057,0.0003475754551188
3802.24,0.00680183,-0.0173532,0.018638627674507045,0.0003473984415888999,-1.197236658322259,-0.01789495294117647,0.0003654984580545705
3803.16,0.0070608,-0.0182087,0.019529763243060577,0.00038141165233,-1.2008767166156786,-0.018340176470588235,0.00038320558529407055
3804.09,0.00718824,-0.0190891,0.020397659990979356,0.00041606453310759995,-1.2106564618577567,-0.018774976470588234,0.0004004972160970823
3805.02,0.00718466,-0.0199331,0.021188388681671853,0.0004489478149255999,-1.2248524618627465,-0.019194123529411765,0.00041718075342214115
3805.95,0.00707141,-0.0206836,0.021859006115285753,0.00047781614834809997,-1.2413692299853276,-0.019591470588235294,0.0004330413833262588
3806.88,0.00688658,-0.0212961,0.022381886857599828,0.0005009488593063999,-1.258036855847857,-0.019959529411764706,0.00044782638731198236
3807.81,0.00667744,-0.0217446,0.02274677634553081,0.0005174158341135999,-1.2728522942892793,-0.02028975882352941,0.00046125509892384117
3808.74,0.0064913,-0.0220236,0.0229603121200475,0.0005271759326500002,-1.284169499693044,-0.020573482352941177,0.0004730513100347412
3809.66,0.00636675,-0.0221457,0.023042732781779596,0.0005309675340525001,-1.290852291274201,-0.02080331764705882,0.0004829922163467
3810.59,0.00632798,-0.0221357,0.0230224356958685,0.0005300325453704,-1.2923507301726507,-0.020974652941176473,0.0004909561976421529
3811.52,0.00638326,-0.0220217,0.022928176532764223,0.0005257012791176001,-1.2886659529273978,-0.021086941176470586,0.0004969590327420883
3812.45,0.00652749,-0.0218327,0.022787604415341688,0.0005192749149901,-1.2802777040279574,-0.021144299999999998,0.0005011604769029118
3813.38,0.00674742,-0.0215935,0.022623150065947936,0.0005118069189064001,-1.2679346104074463,-0.021155211764705882,0.0005038357250929883
3814.31,0.00702733,-0.0213227,0.022450855266980367,0.0005040409022189,-1.2524362593302534,-0.021131176470588233,0.0005053112417342765
3815.24,0.0073529,-0.0210362,0.022284228702156152,0.0004965868488500001,-1.2345353200883458,-0.021084476470588233,0.0005058769045152177
3816.17,0.00771263,-0.0207505,0.022137477538484374,0.0004900679117669002,-1.2149359501980432,-0.02102543529411765,0.0005056948646653824
3817.1,0.00809603,-0.0204857,0.022027473896270994,0.0004852096062509,-1.1944312822776595,-0.0209598,0.0005047314255038765
3818.03,0.00848996,-0.0202659,0.021972394580736986,0.00048278612361160004,-1.17407964287138,-0.020886911764705883,0.0005027354679700589
3818.96,0.00887367,-0.0201176,0.02198772041456094,0.0004834598490288999,-1.1553767063770222,-0.020799152941176468,0.0004992731259840883
3819.89,0.00921504,-0.0200642,0.022079154962126608,0.0004874890838416,-1.140253888083282,-0.020683064705882354,0.000493821612886353
3820.82,0.00946937,-0.0201186,0.022235715283230713,0.0004944270341568999,-1.1308807614402379,-0.020521629411764705,0.00048588536328381175
3821.75,0.0095825,-0.020275,0.022425430458521866,0.0005028999312500002,-1.129286426170224,-0.020297588235294116,0.0004751189450299295
3822.68,0.00949868,-0.0205022,0.02259568822989023,0.0005105651265823999,-1.1369368985197787,-0.01999708823529412,0.0004614240009921353
3823.61,0.00917258,-0.0207409,0.02267864979813393,0.0005143211566664001,-1.1544093111536142,-0.019612682352941176,0.00044498747398959994
3824.54,0.00858262,-0.0209078,0.02260082889861343,0.0005107974669043999,-1.181272431049934,-0.01914509411764706,0.00042625500408211177
3825.47,0.00774276,-0.0209066,0.02229430994620825,0.0004970362559776001,-1.2161085590280298,-0.01860335882352941,0.0004058480267701823
3826.41,0.00670867,-0.0206438,0.021706513575627476,0.00047117273160889993,-1.2565891822270787,-0.01800333529411765,0.000384448255282
3827.34,0.00557631,-0.0200482,0.020809266120074967,0.00043302555645609986,-1.2995084339233682,-0.017365046470588237,0.0003626819696665412
3828.27,0.00447163,-0.0190883,0.019605067501717508,0.0003843586717469,-1.3406855136387885,-0.01670955294117647,0.0003410342670288588
3829.2,0.00353252,-0.0177848,0.0181322312082766,0.00032877780859039986,-1.3747224685280217,-0.01605607823529412,0.0003198113594417765
3830.13,0.00288558,-0.0162142,0.016468966378507182,0.00027122685357639995,-1.3946740313806947,-0.015419954705882356,0.0002991537641806529
3831.06,0.00262263,-0.0145013,0.014736549453888451,0.0002171658898069,-1.3918755191960623,-0.014811607647058824,0.00027908905602181175
3831.99,0.00278164,-0.0128015,0.01310022607971328,0.0001716159233396,-1.35683222408059,-0.014236466470588235,0.00025960324085275296
3832.93,0.00333741,-0.0112762,0.011759719042056234,0.00013829099194809997,-1.2830414323316544,-0.013695478235294118,0.0002407081149232294
3833.86,0.00420425,-0.0100655,0.010908254136776426,0.00011899000831250002,-1.175134306850075,-0.013185884117647059,0.0002224868571176588
3834.79,0.0052499,-0.00926669,0.010650492644291154,0.00011343299356609998,-1.0553473332226206,-0.012702148823529411,0.00020511168726492938
3835.72,0.00631643,-0.00892081,0.010930605609983372,0.00011947813900099997,-0.9546843160831633,-0.012237078235294116,0.0001888307276028588
3836.65,0.00724334,-0.00900953,0.011560173232979686,0.0001336376051765,-0.8936428309797366,-0.011783301764705881,0.00017392925162231174
3837.58,0.00788747,-0.0094609,0.012317500225731682,0.00015172081181090004,-0.8758468300281189,-0.011335048823529412,0.00016066930143726475
3838.52,0.00813839,-0.0101603,0.013017875705432896,0.00016946508788210003,-0.8954465433836689,-0.010889752941176471,0.00014921637775225886
3839.45,0.00792868,-0.0109635,0.013530051692155503,0.00018306229879239998,-0.9446763667246454,-0.010448782352941176,0.00013957045723091767
3840.38,0.00724105,-0.011711,0.013768817164248348,0.00018958032610249994,-1.0170209352473354,-0.01001670882352941,0.00013152401035052358
3841.31,0.00611323,-0.0122435,0.013684841003201316,0.00018727487328289998,-1.1077055762960921,-0.009599340588235293,0.00012466992234325298
3842.25,0.00464015,-0.0124203,0.013258764803423431,0.00017579484411249998,-1.2132588522744563,-0.009201425882352942,0.00011846670442149417
3843.18,0.00297003,-0.012142,0.012499969687999248,0.0001562492422009,-1.3308989162141323,-0.008824965882352941,0.00011234312464721181
3844.12,0.00128974,-0.0113741,0.011446990000764393,0.00013103358007759999,-1.4578859011495477,-0.008468699411764705,0.00010581255456824954
3845.05,-0.000203949,-0.0101645,0.010166545895465236,0.00010335865544460103,-1.5908584682500349,-0.008128691176470589,9.856546733480568e-05
3845.98,-0.00134368,-0.00864417,0.008747979820009875,7.652715093130002e-05,-1.725005688261008,-0.007799461176470589,9.051953905947865e-05
3846.92,-0.00202929,-0.0070048,0.007292821192385016,5.31852409441e-05,-1.8527769255796804,-0.007475115294117646,8.18209589830013e-05
3847.85,-0.00224848,-0.00545625,0.005901383428730929,3.4826326372900014e-05,-1.9616836583236186,-0.007150076470588235,7.280147702039543e-05
3848.78,-0.00207153,-0.00418094,0.004665993551699359,2.17714958245e-05,-2.030813307500455,-0.006819317647058823,6.390112523133073e-05
3849.71,-0.00162451,-0.00330095,0.0036790356946623934,1.35353036426e-05,-2.028131423991325,-0.00647832,5.557142756981896e-05
3850.65,-0.00105508,-0.00286687,0.0030548547270369507,9.332137403300002e-06,-1.92343800200312,-0.00612323,4.8178568611042486e-05
3851.58,-0.000504329,-0.00286428,0.0029083410492308152,8.458447658640999e-06,-1.7450851633355473,-0.005751711176470589,4.193052934113661e-05
3852.52,-9.03462e-05,-0.00322939,0.003230653526448548,1.043712220795444e-05,-1.5987652746881236,-0.005364660588235294,3.685284351304837e-05
3853.45,9.80429e-05,-0.00386399,0.0038652336449871193,1.4940031130340413e-05,-1.5454282829683779,-0.004968125882352941,3.282408089287772e-05
3854.39,2.78668e-06,-0.00464642,0.004646420835652473,2.1589226581985423e-05,-1.5701965791040131,-0.004574085882352941,2.965619448177772e-05
3855.32,-0.00040125,-0.00543784,0.005452623719650936,2.973110542810001e-05,-1.6444513324001453,-0.0041990514705882356,2.7182556502261545e-05
3856.25,-0.00109972,-0.0060881,0.0061866263575877925,3.82743456884e-05,-1.7495036412655198,-0.003860934352941176,2.531662428841337e-05
3857.19,-0.00202784,-0.00644654,0.006757959236130387,4.5670013037200004e-05,-1.8755591307157862,-0.003575681176470588,2.4062416604386677e-05
3858.12,-0.00306002,-0.00638377,0.007079282577585105,5.011624181330001e-05,-2.0177827703209497,-0.003355139176470588,2.3483460804945266e-05
3859.06,-0.00401101,-0.00582618,0.007073370809769554,5.00325746125e-05,-2.173725729099248,-0.003206403176470588,2.3649856802413737e-05
3859.99,-0.00466135,-0.00479424,0.006686772091233557,4.47129210001e-05,-2.3421412950311247,-0.0031320049411764704,2.458511320369956e-05
3860.93,-0.00481144,-0.00342341,0.005905056384294734,3.4869690901699995e-05,-2.523180474064682,-0.003129972,2.6228942919143417e-05
3861.86,-0.00434605,-0.00194549,0.004761625976764659,2.267308194259999e-05,-2.7206984031684156,-0.003193317294117647,2.8425712393811625e-05
3862.8,-0.00327681,-0.000629215,0.0033366742862204874,1.1133395292325e-05,-2.9518812406017108,-0.0033090925882352943,3.0941159248988956e-05
3863.74,-0.00173792,0.000291741,0.0017622368562372653,3.105478737481e-06,-3.3079098811776606,-0.0034580172941176468,3.350505293411248e-05
3864.67,5.70505e-05,0.000668364,0.0006707944514128377,4.499651960462499e-07,-4.797541000510703,-0.0036161143529411764,3.587081198237719e-05
3865.61,0.00186872,0.000448264,0.0019217323050040034,3.693055052096e-06,-6.047756098158358,-0.0037593867058823525,3.787686804712572e-05
3866.54,0.00347079,-0.000338358,0.0034872438056815012,1.2160869360264e-05,-6.3803655393666014,-0.003870682,3.948828753788454e-05
3867.48,0.00466898,-0.00159951,0.004935362851959316,2.4357806480499994e-05,-6.613236725928268,-0.003945492,4.079852472553749e-05
3868.41,0.00530804,-0.00319483,0.006195339165090157,3.8382227370500004e-05,-6.824989731944026,-0.003992766117647059,4.19821558565669e-05
3869.35,0.00527949,-0.00494086,0.007230844501142312,5.228511219970001e-05,-7.035462670735113,-0.0040294978823529415,4.321101745784337e-05
3870.29,0.0045386,-0.0066146,0.00802195880817148,6.435182312e-05,-7.2526123772872815,-0.004071935529411765,4.4568047580102196e-05
3871.22,0.00313104,-0.00796956,0.008562552077225574,7.33172980752e-05,-7.479632644646786,-0.0041281858235294126,4.5998271164894835e-05
3872.16,0.00121592,-0.00877575,0.008859585177021552,7.84922495089e-05,-7.716303647059725,-0.0041952384705882355,4.7317033982020425e-05
3873.1,-0.000938095,-0.00888217,0.008931571314047993,7.9772966137925e-05,-7.959207060144301,-0.0042603761176470585,4.8264991536286884e-05
3874.03,-0.00300361,-0.00827579,0.008803997566798845,7.751037315619999e-05,-8.202136905938794,-0.004305050117647058,4.858226856428336e-05
3874.97,-0.00468249,-0.00709795,0.008503329159958469,7.23066068026e-05,-8.437142929476343,-0.0043095626470588235,4.8079239628893766e-05
3875.91,-0.00578776,-0.0055979,0.008051996660928271,6.483465022760003e-05,-8.656053613818074,-0.004257897176470588,4.6697830021768646e-05
3876.84,-0.00627497,-0.00404785,0.007467284521390625,5.576033812340002e-05,-8.851870079597104,-0.004142846,4.4569570373264474e-05
3877.78,-0.00621531,-0.00266693,0.006763327141355798,4.5742594020999995e-05,-9.019447795667634,-0.003971433058823529,4.207726041978212e-05
3878.72,-0.00573877,-0.00158547,0.005953754801282967,3.544719623379999e-05,-9.155228184879302,-0.0037699024705882354,3.9915413355388004e-05
3879.65,-0.00498047,-0.000848154,0.005052172466238262,2.5524446628616003e-05,-9.256100155064061,-0.0035863330588235295,3.912560932181153e-05
3880.59,-0.0040463,-0.000438976,0.00407004221336536,1.6565243618576e-05,-9.316712356315694,-0.003488301294117647,4.1069995104876236e-05
3881.53,-0.00299832,-0.000311194,0.0030144260694261516,9.086764528035998e-06,-9.3213587969704,-0.0035538189411764708,4.731208374637477e-05
3882.47,-0.00185394,-0.000415071,0.0018998361662630283,3.609377458641001e-06,-9.204524200581902,-0.0038565371764705883,5.94044885165983e-05
3883.41,-0.000594742,-0.000721197,0.0009347957848498248,8.738431593729998e-07,-8.543579076783075,-0.004449428352941176,7.86166482252689e-05
3884.34,0.000816573,-0.00123896,0.0014838508502976304,2.2018133459290006e-06,-7.27125017094324,-0.005352451882352942,0.00010565621470993357
3885.28,0.00240993,-0.00202684,0.003148943154536137,9.915842990499997e-06,-6.982452746373581,-0.006547519529411764,0.00014042928460282183
3886.22,0.00417533,-0.00318858,0.005253610475216068,2.7600423025299997e-05,-6.935378833367225,-0.007980688352941176,0.00018187897033011005
3887.16,0.0060315,-0.00484888,0.007738903637105193,5.9890629504399993e-05,-6.96031560477813,-0.009569372470588235,0.0002279375302311938
3888.1,0.00781063,-0.00710921,0.010561572222969457,0.000111546807821,-7.021605491657571,-0.01121278105882353,0.00027564168141936936
3889.04,0.00927195,-0.00999597,0.013634092307278838,0.0001858884730434,-7.106142248009617,-0.012804817764705882,0.00032145626700910603
3889.97,0.0101455,-0.013422,0.01682501869984102,0.00028308125425,-7.206724205515088,-0.014249412235294117,0.00036183980062362743
3890.91,0.0101912,-0.0171771,0.019972814570059973,0.00039891332185,-7.318502025222905,-0.015476961,0.0003939999388396838
3891.85,0.00925387,-0.0209493,0.02290212392916648,0.0005245072804668998,-7.438028855119695,-0.016458525882352942,0.00041667509628445017
3892.79,0.00730055,-0.024364,0.025434278568547998,0.0006469025263025,-7.5628505887602095,-0.01721298705882353,0.0004306858004805719
3893.73,0.00444107,-0.0270308,0.027393197173475388,0.0007503872513849,-7.6911397971373265,-0.017802967058823532,0.0004389934798508719
3894.67,0.000936668,-0.0285931,0.02860843782089864,0.0008184427145522238,-7.821234811743882,-0.01831938588235294,0.00044617106425065426
3895.61,-0.00280276,-0.0287861,0.028922223580278194,0.0008364950168276,-7.951040747944979,-0.01885899294117647,0.0004574140432901837
3896.55,-0.00624221,-0.0275036,0.028203070730757313,0.0007954131986440998,-8.077160603657763,-0.019501980588235292,0.00047739693452953665
3897.49,-0.00878207,-0.0248693,0.026374359441982662,0.0006956068359749,-8.193441219872442,-0.020295429411764706,0.0005092854802311014
3898.43,-0.00986654,-0.0212834,0.02345915017922857,0.0005503317271315999,-8.288070407775164,-0.021244882352941176,0.0005540976380358073
3899.37,-0.00912798,-0.0174078,0.019655826609949533,0.0003863515197204002,-8.336927959671037,-0.022313194117647057,0.0006104664489222779
3900.31,-0.0065242,-0.0140648,0.015504315034209024,0.00024038378467999998,-8.288307532349176,-0.023424794117647058,0.0006747712350438778
3901.25,-0.00240566,-0.0120565,0.012294160902054273,0.00015114639228559995,-8.050927348142217,-0.02447465294117647,0.0007416155702068426
3902.19,0.00252854,-0.0119677,0.012231899191115007,0.00014961935782159996,-7.645763472220874,-0.02534249411764706,0.0008046496336871955
3903.13,0.00737558,-0.0140222,0.015843650879024066,0.00025102127317640005,-7.369756455260143,-0.025912676470588238,0.0008577056584453001
3904.06,0.0112167,-0.01804,0.02124278604350192,0.00045125595888999997,-7.297709619091949,-0.02609803529411765,0.0008961133809495588
3905.01,0.0132841,-0.0234846,0.026981359305453832,0.0007279937499700001,-7.339201354685152,-0.025862217647058823,0.0009178805311522588
3905.95,0.0130742,-0.0295627,0.03232472640147167,0.00104488793693,-7.437588556229435,-0.02523211764705882,0.0009242932978478529
3906.89,0.0104106,-0.0353384,0.0368399661633938,0.00135718310692,-7.567488713365165,-0.024293364705882354,0.0009195801716236411
3907.83,0.00547221,-0.0398465,0.0402205003018871,0.0016176886445341,-7.717503100209446,-0.023168166470588236,0.0009096179842950823
3908.77,-0.00119877,-0.0422116,0.04222861854326874,0.0017832562240729004,-7.882373068645398,-0.021982960588235297,0.0009000870242020294
3909.71,-0.00872097,-0.0417841,0.04268449754361529,0.0018219663305509,-8.05974282159517,-0.020838143529411764,0.000894740899488553
3910.65,-0.015955,-0.0382862,0.04147764621383426,0.0017203951354399997,-8.248826536119381,-0.019789522352941177,0.0008943515614160823
3911.59,-0.0216666,-0.0319372,0.03859308616060654,0.0014894262994,-8.450072038585937,-0.018844493529411768,0.0008965525457018294
3912.53,-0.024768,-0.0234947,0.03413875733078168,0.0011654547520899999,-8.665756371786202,-0.017969533529411767,0.0008964674048890295
3913.48,-0.0245802,-0.0141576,0.02836589271995507,0.0008046238698000001,-8.902210661559241,-0.017103748823529413,0.000887868956123006
3914.42,-0.0210204,-0.0053246,0.021684293424504293,0.0004702085813200001,-9.176689903617635,-0.016174619411764707,0.0008646285486100647
3915.36,-0.0146299,0.00172057,0.014730727583351066,0.00021699433513489995,-9.541846610065779,-0.015114607647058824,0.0008222600045259471
3916.3,-0.00643009,0.0060837,0.008851975095881145,7.83574630981e-05,-10.18250252804284,-0.013878425294117647,0.0007593355802574706
3917.24,0.00232862,0.00740539,0.007762877826972419,6.026227215650003e-05,-11.30023408046783,-0.012459513529411766,0.0006784326967893941
3918.18,0.0104247,0.00585886,0.011958286273107866,0.00014300061058960002,-12.054348037175185,-0.01090159,0.000586196072072053
3919.13,0.0168601,0.00204329,0.016983462722133552,0.0002884380060341,-12.445767900282007,-0.009298931176470588,0.0004922259625192069
3920.07,0.0209711,-0.00316568,0.021208690791097877,0.0004498085650723999,-12.716193838056808,-0.007780092352941177,0.0004068839434728833
3921.01,0.0224716,-0.00876626,0.024120947762216974,0.0005818201209476001,-12.938316914556452,-0.006476060588235294,0.00033864999451159504
3921.95,0.0214536,-0.0137675,0.025491194738772052,0.0006498010092099999,-13.136912823370809,-0.005481905294117647,0.00029198133514719507
3922.9,0.0183575,-0.0173182,0.025237231573411532,0.0006369178574899999,-13.322645140563921,-0.004825950000000001,0.0002664832778390598
3923.84,0.0139051,-0.0188314,0.02340883234956413,0.00054797343197,-13.501131459897987,-0.004457575882352941,0.00025763087344720097
3924.78,0.00898084,-0.0180901,0.02019671273043215,0.0004079072051156001,-13.676362925964744,-0.004256380588235294,0.0002586342942252715
3925.72,0.00445781,-0.0152994,0.015935611389466676,0.0002539437103561001,-13.853644826533683,-0.004057262352941177,0.0002626720810509833
3926.67,0.000999796,-0.011041,0.01108617486068193,0.00012290327304161598,-14.046860208033289,-0.0036826482352941173,0.0002647308271574127
3927.61,-0.00109317,-0.00611694,0.00621385352357939,3.86119756125e-05,-14.314011929263877,-0.002974600588235294,0.0002625741610108245
3928.55,-0.00192845,-0.00132616,0.0023404315303165784,5.4776197481000015e-06,-15.105552470349322,-0.0018229547058823525,0.00025670164521567746
3929.5,-0.00193194,0.00274304,0.003355094723729868,1.12566606052e-05,-16.66514942538929,-0.00018785705882352964,0.00024944122686355977
3930.44,-0.00167089,0.00582664,0.006061485550729293,3.67416070817e-05,-16.99948663684961,0.001884860588235294,0.00024352723806885388
3931.38,-0.00166622,0.00798293,0.008154965387621211,6.650346047329998e-05,-17.072990908903172,0.004258731176470588,0.00024066860239156565
3932.33,-0.00225593,0.00950402,0.009768091744312193,9.541561632530002e-05,-17.04570676371443,0.006717184117647058,0.00024069468983711862
3933.27,-0.00353156,0.0107904,0.011353618286414248,0.0001289046481936,-16.962460377828066,0.008993419411764705,0.00024174562247147153
3934.21,-0.00533783,0.0122273,0.013341637620580915,0.00017799929439889998,-16.867146658196354,0.010818107647058824,0.00024157441821841272
3935.16,-0.00731611,0.0140801,0.015867409414964374,0.00025177468154210006,-16.79955018040442,0.011974648235294117,0.00023943589024135882
3936.1,-0.00897843,0.0164123,0.01870764005840662,0.0003499757965549001,-16.77818026808951,0.012345390294117648,0.0002375765553952191
3937.05,-0.00981004,0.0190304,0.021410114641486625,0.00045839300896159994,-16.80279446264664,0.011934015,0.00024137911671304153
3937.99,-0.0093999,0.0214687,0.02343636489944633,0.0005492631997000001,-16.866062076607538,0.010858894999999999,0.00025781344177932977
3938.93,-0.00758881,0.0230376,0.02425533036213071,0.0005883210509760998,-16.960544414249103,0.009323492647058822,0.00029266591671864154
3939.88,-0.00459888,0.0229623,0.0234183030671396,0.0005484169185444001,-17.081095214049203,0.0075752673529411755,0.00034763255833903566
3940.83,-0.00108164,0.0206059,0.020634269066279038,0.0004257730598996,-17.22631596479998,0.005863336764705882,0.00041851921516284155
3941.77,0.00197621,0.0157203,0.01584402846671578,0.0002510332380541,-17.40381429931106,0.004400725,0.000495485749128512
3942.71,0.00349866,0.00862019,0.009303133742546111,8.654829743170001e-05,-17.66431440668837,0.0033335202941176473,0.0005656322514981298
3943.66,0.00263985,0.000185675,0.0026463717101202922,7.003283228125e-06,-18.779336127610907,0.002718754411764706,0.0006173782894242651
3944.6,-0.000952059,-0.00831954,0.008373837958253133,7.0121162151081e-05,-20.534293089952314,0.0025146544117647055,0.0006452697731516239
3945.55,-0.00702389,-0.015534,0.01704817253350341,0.00029064018673210005,-20.845002933607795,0.002588354411764706,0.0006533529450674121
3946.49,-0.0147699,-0.0202752,0.025084530712173987,0.00062923368105,-21.049931977305157,0.002745019117647059,0.0006554188354710885
3947.44,-0.0229879,-0.0217369,0.03163757841586489,0.00100093636802,-21.233714179049407,0.0027760897058823533,0.0006714624009272004
3948.39,-0.0302717,-0.0195988,0.036062290308991746,0.00130048878233,-21.416582311777347,0.002514989705882353,0.0007212227153192945
3949.33,-0.0352031,-0.014074,0.03791221077186082,0.0014373357256099997,-21.610819506886877,0.0018822926470588239,0.0008170063535865239
3950.28,-0.0365445,-0.00591518,0.037020127426609435,0.0013704898346824001,-21.830677942466867,0.0009043698235294121,0.0009583806798224324
3951.22,-0.0334408,0.00362908,0.03363714206478309,0.0011314573262864,-22.099248055606875,-0.0002989942941176467,0.0011306844443358618
3952.17,-0.0256246,0.0129426,0.028707682245698626,0.0008241310199200001,-22.458855870387485,-0.0015492281176470585,0.0013080171391165604
3953.12,-0.0135792,0.0202833,0.02440915671484781,0.00059580693153,-22.971999302262883,-0.002650643411764706,0.0014599601794517908
3954.06,0.00142475,0.024132,0.024174021936006016,0.0005843833365625,-23.620916310589344,-0.0034267434117647056,0.0015601797926610792
3955.01,0.0174847,0.0235658,0.029343852230578046,0.0008610616637300002,-24.200275569057943,-0.003746825764705882,0.001594471840696373
3955.96,0.0324225,0.0185236,0.03734089264077655,0.0013943422632100003,-24.613677492294197,-0.003544119882352941,0.0015657726010963732
3956.9,0.0442388,0.00985005,0.04532212385185076,0.0020540949104425,-24.91365861698415,-0.0028274475294117643,0.0014942008747861673
3957.85,0.0515129,-0.000904388,0.051520838347842754,0.0026543967840645445,-25.150295959606538,-0.0016851298823529408,0.001411350413499232
3958.79,0.0536246,-0.011837,0.05491550140133476,0.0030157122941600004,-25.349995586345425,-0.00027616047058823506,0.0013498986346113036
3959.74,0.0507719,-0.0210683,0.05496961974127164,0.0030216590945000006,-25.526077138498497,0.001196540705882353,0.0013317686257685976
3960.69,0.0438383,-0.0270436,0.05150876476727043,0.00265315284785,-25.685490523829127,0.002530199529411765,0.0013594847024020152
3961.64,0.034192,-0.0287277,0.04465841030858577,0.0019943736112899998,-25.831511129575702,0.0035733465882352945,0.0014147340191880214
3962.58,0.0234703,-0.0257166,0.03481664110235219,0.00121219849765,-25.963776346333983,0.004266158352941176,0.0014652670525461095
3963.53,0.0133601,-0.0182909,0.022650591489407068,0.0005130492948199999,-26.072683694230452,0.004653805411764706,0.0014774746749666977
3964.48,0.00536486,-0.00741537,0.009152564397834084,8.376943505649998e-05,-26.077227448381166,0.004868146588235294,0.0014295080835461623
3965.43,0.00055189,0.0053454,0.005373814635070697,2.8877883732100006e-05,-23.664826155912575,0.005087184823529412,0.0013198996628897152
3966.37,-0.000682204,0.0180373,0.01805019649720235,0.000325809593587616,-23.524141074127577,0.005489136470588235,0.0011689179512389186
3967.32,0.00125098,0.028665,0.02869228425832283,0.0008232471759604,-23.605558602028513,0.0062153631176470586,0.001012855974265719
3968.27,0.00518559,0.0356148,0.03599033651812803,0.0012953043226881001,-23.706530983714057,0.007348080176470588,0.0008936613834752544
3969.22,0.00947461,0.0380168,0.03917965437433184,0.0015350453168920999,-23.806190875607125,0.008901527058823529,0.0008472061140470195
3970.17,0.0124069,0.0359098,0.037992695398589446,0.0014434449036499998,-23.89460679598596,0.010822114705882353,0.0008932950427413785
3971.11,0.0126182,0.0301558,0.032689313924889885,0.0010685912448799998,-23.958240630562248,0.012994661764705883,0.0010298209997137314
3972.06,0.00935503,0.0221674,0.024060552966648545,0.0005789102090609001,-23.961286607339282,0.015254685294117647,0.0012326545647249078
3973.01,0.00255077,0.0135737,0.013811291007103573,0.00019075175928290003,-23.7476985779448,0.017408883529411764,0.001461742834053349
3973.96,-0.00724963,0.00592879,0.009365238171077123,8.770768600099998e-05,-22.67665285039017,0.019264842352941174,0.0016723716445355785
3974.91,-0.0190368,0.000508853,0.019043599597124726,0.000362658685615609,-22.017872176869645,0.020666148235294116,0.0018285869875445421
3975.86,-0.0314971,-0.00181211,0.03154918463387128,0.0009953510510620999,-21.93367932875078,0.021523518823529413,0.0019142674121692246
3976.81,-0.0431626,-0.000635003,0.0431672707913068,0.001863413267570009,-21.976437756208426,0.021830324705882354,0.0019374010556423718
3977.76,-0.0525595,0.00392229,0.05270564864503709,0.0027778853990940997,-22.0656362159814,0.021656048235294115,0.0019255395584851893
3978.71,-0.0583723,0.0112167,0.05944022010541347,0.00353313976618,-22.18099243217992,0.02112042470588235,0.0019142203101557775
3979.65,-0.0596324,0.0201295,0.0629382228856996,0.003961219900010001,-22.3166980990233,0.02035880705882353,0.0019332899531263655
3980.6,-0.0559042,0.029206,0.06307352862841907,0.0039782700136400005,-22.47257830899741,0.01949038117647059,0.0019965835635525246
3981.55,-0.0474152,0.0368967,0.060079677611734904,0.00360956766193,-22.652431009262358,0.018596435882352942,0.002098279720015701
3982.5,-0.0350607,0.0418595,0.0546028426434009,0.00298147042474,-22.86470534418853,0.017710425882352943,0.002216124441807666
3983.45,-0.0202507,0.0432403,0.04774740196680863,0.0022798143945800004,-23.1239533004005,0.016818181588235295,0.0023193110980614536
3984.4,-0.00463104,0.0408305,0.041092289565459836,0.0016885762617315993,-23.449006450194624,0.01586599982352941,0.0023778985513048592
3985.35,0.0102279,0.0350541,0.03651574818102458,0.0013333998652199997,-23.84583858460862,0.014774929411764707,0.0023710229532242708
3986.3,0.0230771,0.0268042,0.035369728328755935,0.0012510176820500001,-24.272762269989027,0.013460388823529413,0.002292036755645794
3987.25,0.0331157,0.0172083,0.03731990320700202,0.0013927751753799998,-24.653503983016464,0.01185532411764706,0.002149729523588147
3988.2,0.040001,0.00740416,0.040680481638073064,0.0016549015863055996,-24.949713380152264,0.009933465294117648,0.0019656052036875586
3989.15,0.043783,-0.00162337,0.0438130850221358,0.0019195864191569006,-25.16980188475482,0.0077268200000000006,0.0017679967917523173
3990.1,0.0448068,-0.00913338,0.04572819651445265,0.0020910679564643997,-25.333825538250558,0.005330629411764706,0.0015845462167735883
3991.06,0.0436112,-0.0146593,0.046009040871659135,0.0021168318419300006,-25.457012175680724,0.0028915854705882345,0.0014351659228757654
3992.01,0.0408334,-0.0179992,0.0446244076285613,0.0019913377562,-25.54791481023772,0.0005803907647058816,0.001327539819941065
3992.96,0.0371286,-0.0191832,0.04179148358457737,0.0017465281001999998,-25.60963500965244,-0.0014434810000000006,0.001256425351292877
3993.91,0.0331005,-0.0184249,0.037882978239045566,0.0014351200402599998,-25.640664286995435,-0.0030636786470588234,0.001206654622526265
3994.86,0.0292522,-0.0160694,0.033375392450127085,0.0011139168212,-25.63507748740747,-0.004225304529411765,0.0011586380244670651
3995.81,0.0259577,-0.0125421,0.028828917109388622,0.0008311064617,-25.582838102201737,-0.0049349862941176475,0.0010947679202549534
3996.76,0.0234504,-0.00830697,0.024878243722998215,0.0006189270107409,-25.473184548546268,-0.005244941588235293,0.0010053644629667653
3997.71,0.0218214,-0.00383854,0.022156441214500132,0.0004909078872916001,-25.306866940861507,-0.005229121,0.0008931475459040064
3998.66,0.0210202,0.000395753,0.021023925144392254,0.00044200542847700885,-25.113916181877798,-0.004962251588235295,0.000775164478619771
3999.62,0.0208463,0.00394999,0.02121722518827804,0.00045017064469010003,-24.94547968041415,-0.004510426882352941,0.0006808338384190888
4000.57,0.0209369,0.00642468,0.021900463344696613,0.0004796302947124,-24.835003547162287,-0.003935929235294118,0.0006450028106377711
4001.52,0.0207578,0.00751074,0.022074815428166097,0.00048729747618759996,-24.785568884591246,-0.003311128647058824,0.0006963708585447181
4002.47,0.0196199,0.00705656,0.020850312109021295,0.00043473551504360006,-24.78748365905021,-0.0027325421764705883,0.000844513927056183
4003.42,0.0167489,0.00514371,0.01752094186321329,0.0003069834037741,-24.83477676777653,-0.0023267668823529412,0.001071668644734324
4004.38,0.011423,0.00213492,0.01162079224521289,0.00013504281240640003,-24.947976237852217,-0.0022459139411764705,0.001335837191326089
4005.33,0.00317244,-0.00135442,0.0034494679430312146,1.189882909e-05,-25.536248184173527,-0.0026563392352941173,0.0015871637302001535
4006.28,-0.00801418,-0.0045966,0.009238820954667321,8.535581263239998e-05,-27.75358370229211,-0.003725407470588235,0.0017911511926259416
4007.24,-0.0215526,-0.00697828,0.022654159850199702,0.0005132109585184002,-27.961206701596698,-0.005607622352941177,0.0019466582679637647
4008.19,-0.0362551,-0.00823274,0.03717808876095704,0.0013822102839176,-28.051042336553845,-0.008427686470588235,0.002089246674568465
4009.14,-0.0504627,-0.00856159,0.05118383450483268,0.0026197849146181004,-28.106272492512893,-0.012260067647058823,0.0022792766559318533
4010.09,-0.0622879,-0.00858893,0.06287727892454396,0.0039535522049549,-28.13730716570957,-0.017109952352941174,0.002582039662602912
4011.05,-0.0699388,-0.00917122,0.07053755752596201,0.0049755470217284,-28.143945778457194,-0.022903785294117643,0.0030489901010359297
4012.0,-0.072092,-0.0111676,0.07295184544451223,0.005321971753760001,-28.120647798001677,-0.02949482705882353,0.00370559640333633
4012.95,-0.0682486,-0.0152842,0.0699391033085212,0.004891478171600001,-28.054020101596294,-0.03668099882352941,0.004546278466629342
4013.91,-0.0589418,-0.0220127,0.06291815913176418,0.003958694748530001,-27.916909634264556,-0.04422591529411765,0.0055341207170452305
4014.86,-0.0456831,-0.0316019,0.055548408701060016,0.0030856257092200003,-27.669157203380582,-0.05187058588235294,0.006603045803860383
4015.81,-0.0306424,-0.0439911,0.05361131929891299,0.0028741735569700003,-27.31195044035114,-0.05932986352941176,0.007662503619947535
4016.77,-0.0161685,-0.0587258,0.06091091837995878,0.0037101399778900006,-26.972203028090256,-0.06628070235294117,0.008606853594855912
4017.72,-0.00432084,-0.0749373,0.07506176516440044,0.005634268589595599,-26.761133187653368,-0.07237437352941177,0.009333914113113672
4018.68,0.00344607,-0.0914386,0.09150351342109711,0.0083728929684049,-26.665868126291077,-0.07731711294117646,0.009775697955568678
4019.63,0.00638947,-0.106904,0.10709477364876821,0.011469290542880898,-26.64384027565699,-0.0810195294117647,0.009934142309027595
4020.58,0.00440874,-0.12003,0.12011093991967428,0.014426637888387606,-26.666823742557096,-0.08368384117647058,0.009893055763797596
4021.54,-0.00209551,-0.129618,0.12963493775275284,0.016805217086160104,-26.719702960501024,-0.08567336470588235,0.009779020500024653
4022.49,-0.0123193,-0.134556,0.1351187710441817,0.01825708228849,-26.794838207421925,-0.08726080588235294,0.009694653510922888
4023.45,-0.025006,-0.133786,0.136102879587465,0.018523993832,-26.88831590662777,-0.08849676470588236,0.00967688248981583
4024.4,-0.0382094,-0.126397,0.13204605203246328,0.01743615985736,-26.997100109094198,-0.08924661764705882,0.009697316866434089
4025.36,-0.049003,-0.112154,0.12239204927200134,0.014979813725000004,-27.11546612242132,-0.08929087058823529,0.00968755743895386
4026.31,-0.0537238,-0.0926155,0.10706949858241607,0.011463877526689998,-27.22917636811771,-0.08841152941176472,0.009569679777376376
4027.27,-0.0496882,-0.0721123,0.08757340367103475,0.007669101030530002,-27.306869322855082,-0.08644432941176472,0.00928029827527073
4028.22,-0.0378902,-0.0564609,0.06799632699528703,0.0046235004848499996,-27.294594442807295,-0.08330111764705883,0.00878385006459303
4029.18,-0.0232695,-0.0491061,0.05434039646027622,0.0029528786874600003,-27.14605673121915,-0.07938578823529413,0.008113440245356112
4030.13,-0.0111146,-0.0489992,0.0502439641529209,0.0025244559338000005,-26.926595297573645,-0.07490645882352942,0.007303114002720812
4031.09,-0.0039204,-0.0526132,0.05275905941542173,0.0027835183504000003,-26.777913726456116,-0.07013665882352942,0.006407383924654341
4032.04,-0.00151302,-0.0567386,0.05675876989047948,0.0032215579594804004,-26.730197739507663,-0.06541215294117647,0.005495953167557871
4033.0,-0.00256619,-0.0594781,0.05953343355397956,0.0035442297107260994,-26.746655937804107,-0.061122294117647066,0.004648512644263753
4033.95,-0.00563278,-0.0599885,0.060252372092544214,0.003630348342778401,-26.797160711862613,-0.05767025882352941,0.003945563069931988
4034.91,-0.00947883,-0.0579962,0.05876569945647631,0.0034534074326089004,-26.865543982667873,-0.055367547058823526,0.0034494332719714003
4035.87,-0.013065,-0.0534694,0.055042446905638205,0.0030296709613600007,-26.943187168248137,-0.054270905882352935,0.0031765256208437535
