wavenumber_cm-1,real_raw,imag_raw,real_smooth,imag_smooth,real_water_model,imag_water_model,real_residual,imag_residual
2645.14,-0.0173118,-0.0525005,0.010688422352941176,-0.04745360470588235,-0.03004965995992967,0.005305456703489516,0.04073808231287085,-0.052759061409371866
2645.93,-0.0172884,-0.0419936,0.013902963529411765,-0.05478275176470588,-0.030060796285839214,0.00529525431860385,0.04396375981525098,-0.06007800608330973
2646.72,-0.0129431,-0.0293483,0.013402781176470587,-0.06163678117647059,-0.03007195352717789,0.005285039449654084,0.043474734703648474,-0.06692182062612467
2647.51,-0.00198812,-0.0158067,0.010368081176470588,-0.06616098705882353,-0.030083131744726297,0.005274812039174358,0.04045121292119688,-0.0714357990979979
2648.3,0.0184785,-0.00453399,0.00656844,-0.06738272235294118,-0.03009433099948091,0.0052645720293666666,0.03666277099948091,-0.07264729438230785
2649.08,0.0505601,-0.00275159,0.0042486576470588235,-0.06522482235294118,-0.030105409190769802,0.005254449222035004,0.03435406683782863,-0.07047927157497619
2649.87,0.0897987,-0.0232339,0.005853468235294116,-0.06120955176470588,-0.030116650435562737,0.00524418400016509,0.03597011867085685,-0.06645373576487097
2650.66,0.114865,-0.0756227,0.012265950588235293,-0.058907410588235294,-0.03012791290107268,0.005233906004303672,0.04239386348930797,-0.06414131659253897
2651.45,0.0960267,-0.140916,0.021011409411764707,-0.06154263411764706,-0.03013919664916467,0.005223615175305281,0.051150606060929374,-0.06676624929295234
2652.24,0.0373354,-0.177096,0.028472103529411767,-0.06917954588235294,-0.030150501741923463,0.005213311453680645,0.058622605271335226,-0.07439285733603358
2653.03,-0.0258149,-0.169019,0.03271856823529412,-0.08062068705882354,-0.0301618282416544,0.005202994779594305,0.06288039647694851,-0.08582368183841785
2653.82,-0.0689017,-0.129412,0.03309274117647059,-0.09432514,-0.030173176210884105,0.005192665092862216,0.0632659173873547,-0.09951780509286222
2654.61,-0.0819057,-0.07327,0.029331789411764703,-0.10931727529411765,-0.03018454571236133,0.0051823223329493006,0.05951633512412603,-0.11449959762706695
2655.4,-0.0567481,-0.0158162,0.020979289411764704,-0.12489457000000001,-0.03019593680905771,0.005171966438967007,0.05117522622082241,-0.130066536438967
2656.19,0.00996998,0.0157591,0.007152460000000001,-0.14014100588235295,-0.030207349564168543,0.005161597349670851,0.037359809564168546,-0.1453026032320238
2656.98,0.0917004,-0.0133641,-0.013407404705882352,-0.15326477647058823,-0.030218784041113573,0.005151215003457925,0.01681137933523122,-0.15841599147404614
2657.77,0.131361,-0.0972993,-0.041983051764705875,-0.16052773529411762,-0.030230240303537808,0.005140819338364384,-0.011752811461168067,-0.165668554632482
2658.55,0.10952,-0.182328,-0.07644956352941176,-0.15225776617647058,-0.030241572985956495,0.005130542136020984,-0.04620799054345527,-0.15738830831249156
2659.35,0.0549015,-0.236493,-0.0951443517647059,-0.1294868838235294,-0.030253218440534746,0.005119987801860257,-0.06489113332417115,-0.13460687162538967
2660.14,-0.00658216,-0.262324,-0.10278835764705883,-0.11226106029411764,-0.030264740443530707,0.005109551804694485,-0.07252361720352812,-0.11737061209881212
2660.93,-0.0659243,-0.270673,-0.10800137529411764,-0.10011524852941175,-0.030276284488853944,0.005099102237132573,-0.0777250908052637,-0.10521435076654433
2661.72,-0.123514,-0.269348,-0.11361833411764706,-0.09140541323529411,-0.03028785064128745,0.005088639035367704,-0.08333048347635962,-0.09649405227066181
2662.51,-0.184496,-0.261941,-0.12174562235294119,-0.08471587205882353,-0.03029943896584417,0.005078162135216658,-0.09144618338709702,-0.08979403419404018
2663.3,-0.259719,-0.246338,-0.1343417388235294,-0.07741881911764706,-0.030311049527767808,0.005067671472117177,-0.10403068929576159,-0.08248649058976423
2664.09,-0.370921,-0.199093,-0.15144735058823527,-0.06490140147058823,-0.03032268239253361,0.005057166981125255,-0.12112466819570167,-0.06995856845171348
2664.88,-0.489904,-0.000326525,-0.16909870352941175,-0.04288514852941176,-0.03033433762584915,0.005046648596912472,-0.13876436590356261,-0.047931797126324234
2665.67,-0.280476,0.210009,-0.1809685505882353,-0.010535383823529407,-0.030346015293655135,0.005036116253763264,-0.15062253529458017,-0.01557150007729267
2666.46,-0.155763,0.12382,-0.1805017388235294,0.02948808676470588,-0.03035771546212619,0.005025569885572195,-0.15014402336140323,0.024462516879133683
2667.25,-0.157523,0.0770668,-0.16186255294117646,0.069642675,-0.03036943819767162,0.005015009425841181,-0.13149311474350484,0.06462766557415882
2668.04,-0.177394,0.0747972,-0.12672147647058823,0.09665020441176471,-0.030381183566936257,0.005004434807676719,-0.09634029290365198,0.09164576960408799
2668.83,-0.194912,0.097906,-0.0889057117647059,0.10408179264705882,-0.030392951636801217,0.004993845963787076,-0.05851276012790468,0.09908794668327174
2669.62,-0.204164,0.139809,-0.058763064705882356,0.09945691029411764,-0.030404742474384676,0.004983242826479456,-0.02835832223149768,0.09447366746763819
2670.41,-0.199095,0.199432,-0.035931829411764704,0.091401675,-0.030416556147042712,0.004972625327657153,-0.005515273264721992,0.08642904967234286
2671.21,-0.168712,0.276977,-0.015014458823529416,0.0829281455882353,-0.030428542699517357,0.004961858724657764,0.01541408387598794,0.07796628686357754
2672.0,-0.0922674,0.367618,0.008047235294117643,0.06707276470588235,-0.03044040253654983,0.004951212112911692,0.03848763783066747,0.062121552592970655
2672.79,0.0628373,0.443906,0.017217470588235292,0.04330558823529412,-0.030452285413023448,0.0049405509320282716,0.04766975600125874,0.03836503730326585
2673.58,0.310284,0.420304,0.020106941176470588,0.027700000000000002,-0.03046419139725675,0.00492987511226087,0.050571132573727334,0.02277012488773913
2674.37,0.531474,0.188455,0.025467182352941174,0.015392600000000003,-0.030476120557810075,0.004919184583444295,0.05594330291075125,0.010473415416555708
2675.16,0.519354,-0.143011,0.03389844705882353,0.0008946470588235365,-0.03048807296348642,0.004908479274991793,0.06438652002230995,-0.004013832216168256
2675.96,0.327929,-0.340564,0.04319828235294118,-0.019669588235294112,-0.03050020042444619,0.0048976233221876405,0.07369848277738737,-0.024567211557481754
2676.75,0.128412,-0.383277,0.049370058823529406,-0.049138588235294114,-0.030512199824190334,0.004886888051654753,0.07988225864771974,-0.05402547628694887
2677.54,-0.0153257,-0.343143,0.04521929411764706,-0.08950641176470589,-0.030524222677811907,0.004876137786253454,0.07574351679545896,-0.09438254955095934
2678.33,-0.0978552,-0.269868,0.015020764705882352,-0.1366475294117647,-0.03053626905509542,0.004865372453674777,0.04555703376097777,-0.14151290186543947
2679.13,-0.124582,-0.194033,-0.048538211764705894,-0.1499175882352941,-0.030548491962034033,0.0048544554221461,-0.01798971980267186,-0.1547720436574402
2679.92,-0.106642,-0.141475,-0.08279193529411767,-0.1322781764705882,-0.03056058589697753,0.004843659543492833,-0.05223134939714014,-0.13712183601408104
2680.71,-0.0663989,-0.132159,-0.10685884705882355,-0.12402347058823529,-0.030572703567313498,0.004832848377166081,-0.07628614349151006,-0.12885631896540137
2681.5,-0.0340625,-0.171668,-0.1371339823529412,-0.11266847058823529,-0.030584845043820648,0.0048220218490844045,-0.10654913730912055,-0.1174904924373197
2682.3,-0.0368148,-0.251686,-0.16514019411764708,-0.08837476470588236,-0.03059716454268718,0.004811042545404693,-0.1345430295749599,-0.09318580725128706
2683.09,-0.0992438,-0.361164,-0.18202919999999997,-0.05650776470588236,-0.030609354148475793,0.004800184872938888,-0.15141984585152418,-0.06130794957882125
2683.88,-0.269658,-0.486821,-0.18799772941176468,-0.024612176470588238,-0.030621567775180342,0.0047893116128044765,-0.15737616163658433,-0.029401488083392713
2684.68,-0.682087,-0.524422,-0.18666473823529411,0.003532352941176462,-0.03063396055715209,0.004778284753898948,-0.15603077767814202,-0.0012459318127224861
2685.47,-1.17277,0.142027,-0.18184631470588236,0.02690223529411763,-0.03064622274764359,0.004767379890515521,-0.15120009195823877,0.02213485540360211
2686.26,-0.519476,0.743776,-0.17690942058823528,0.04635594117647057,-0.030658509176083763,0.004756459209378057,-0.14625091141215152,0.04159948196709252
2687.05,-0.0988535,0.560634,-0.17408249117647057,0.06452370588235293,-0.030670819915022293,0.004745522633175752,-0.14341167126144827,0.05977818324917718
2687.85,0.0167967,0.38149,-0.17303910294117647,0.08478917647058823,-0.030683311334644026,0.004734431341553557,-0.14235579160653244,0.08005474512903467
2688.64,0.0432484,0.269982,-0.1715907164705882,0.10849841176470587,-0.03069567122329359,0.004723462537710726,-0.14089504524729463,0.10377494922699515
2689.44,0.0408159,0.201175,-0.16875820470588235,0.1359311176470588,-0.030708212564893863,0.0047123384494852216,-0.13804999214098848,0.1312187791975736
2690.23,0.026947,0.158948,-0.16291657343529414,0.16868523529411766,-0.03072062190026301,0.004701337099011252,-0.13219595153503114,0.16398389819510642
2691.02,0.00733515,0.135314,-0.1488110499058824,0.20820029411764707,-0.0307330559145951,0.004690319457727037,-0.1180779939912873,0.20350997465992002
2691.82,-0.015942,0.12742,-0.11285727343529414,0.2494819411764706,-0.030745672546873087,0.004679145669103918,-0.08211160088842105,0.2448027955073667
2692.61,-0.0406548,0.13668,-0.0509081557882353,0.25082429411764706,-0.030758156456436918,0.0046680949962917976,-0.020149999331798382,0.24615619912135525
2693.41,-0.0585842,0.167377,-0.030452273435294115,0.21529288235294117,-0.03077082376831738,0.004656887591961737,0.000318550333023266,0.21063599476097944
2694.2,-0.0486613,0.212354,-0.0375681852,0.1880496,-0.030783357875395188,0.004645803558639565,-0.006784827324604812,0.18340379644136046
2694.99,-0.00943993,0.231389,-0.05361287343529411,0.16790543529411767,-0.030795917036442882,0.004634702826365923,-0.02281695639885123,0.16327073246775176
2695.79,0.0113379,0.21467,-0.07238272049411765,0.1502401,-0.030808660783073573,0.004623444476464875,-0.041574059711044074,0.14561665552353512
2696.58,6.39316e-05,0.195656,-0.09129512637647058,0.13220486470588233,-0.030821270598099554,0.004612309883551358,-0.06047385577837103,0.12759255482233098
2697.38,-0.0298641,0.184935,-0.10907224402352941,0.11197151176470588,-0.030834065795389227,0.004601017073107246,-0.07823817822814019,0.10737049469159864
2698.17,-0.0708728,0.177366,-0.12507901755294118,0.08795439411764705,-0.030846726572026896,0.004589848280206161,-0.09423229098091429,0.08336454583744089
2698.97,-0.119635,0.164847,-0.13904778225882353,0.05820539411764705,-0.03085957353259749,0.004578520663426812,-0.10818820872622603,0.05362687345422024
2699.76,-0.171726,0.139742,-0.15099067637647057,0.019753158823529397,-0.030872285580644837,0.00456731732693055,-0.12011839079582573,0.015185841496598847
2700.56,-0.219824,0.0974982,-0.16139589990588235,-0.032378664705882354,-0.03088518461931644,0.004555954553677866,-0.1305107152865659,-0.03693461925956022
2701.35,-0.255963,0.0390392,-0.17141464696470587,-0.10656184117647058,-0.030897948250748125,0.004544716325655301,-0.14051669871395775,-0.11110655750212588
2702.15,-0.275839,-0.0303287,-0.1785010628470588,-0.21910472352941177,-0.030910899684551144,0.004533318041380286,-0.14759016316250767,-0.22363804157079206
2702.94,-0.280695,-0.105424,-0.14394752755294116,-0.4194964882352941,-0.030923715213530517,0.004522044569512024,-0.11302381233941064,-0.42401853280480617
2703.74,-0.275264,-0.185019,0.2289569470588235,-0.5649797823529411,-0.03093671936171772,0.004510610415188726,0.25989366642054124,-0.5694903927681298
2704.53,-0.26478,-0.272977,0.3982142470588235,-0.44485419411764704,-0.03094958710460867,0.004499301342701302,0.4291638341634322,-0.44935349546034836
2705.33,-0.253411,-0.378313,0.4808226470588235,-0.3592051352941177,-0.030962644288667227,0.004487830954759548,0.5117852913474907,-0.36369296624887726
2706.12,-0.243684,-0.517008,0.5378941764705882,-0.29795260588235295,-0.030975564564045877,0.004476485920358512,0.5688697410346342,-0.30242909180271144
2706.92,-0.235473,-0.718864,0.5836672352941176,-0.2514398411764706,-0.030988675107709106,0.004464978930615562,0.6146559104018267,-0.25590482010708615
2707.71,-0.21898,-1.04876,0.6213758823529412,-0.2144395,-0.03100164823637548,0.004453597568417338,0.6523775305893167,-0.21889309756841735
2708.51,-0.129909,-1.68184,0.6488884117647058,-0.1845240411764706,-0.0310148124656345,0.00444205360400835,0.6799032242303403,-0.18896609478047893
2709.31,0.598748,-3.19199,0.6574644705882353,-0.16247447058823533,-0.031028003830503026,0.004430490893498308,0.6884924744187384,-0.16690496148173364
2710.1,6.33944,-2.27756,0.6160731764705882,-0.15833101176470585,-0.031041057013739184,0.0044190542267783,0.6471142334843274,-0.16275006599148414
2710.9,2.84751,2.22707,0.09388399999999994,-0.38028283529411766,-0.031054302558488216,0.004407453972168249,0.12493830255848816,-0.3846902892662859
2711.7,1.33347,1.6334,0.3340475294117647,-0.27295595294117647,-0.031067575488840374,0.004395834682203441,0.36511510490060506,-0.2773517876233799
2712.49,0.850581,1.20614,0.473197,-0.1897063647058823,-0.03108070946416863,0.004384341857604426,0.5042777094641686,-0.19409070656348673
2713.29,0.606416,0.930459,0.5808560588235294,-0.10605342352941176,-0.03109403707385175,0.004372684443121116,0.6119500958973811,-0.11042610797253287
2714.08,0.421223,0.726504,0.6692856470588235,-0.012876364705882354,-0.031107225210214258,0.004361153777459787,0.7003928722690378,-0.01723751848334214
2714.88,0.21175,0.547602,0.7401765294117647,0.09867357647058825,-0.031120607834378644,0.0043494578461135015,0.7712971372461433,0.09432411862447475
2715.68,-0.130046,0.344514,0.7885491764705883,0.24476763529411766,-0.03113401826625172,0.0043377423852586534,0.81968319473684,0.240429892908859
2716.48,-0.984347,-0.0349852,0.7765285294117648,0.4729526352941177,-0.03114745659155958,0.00432600729364414,0.8076759860033244,0.46862662800047356
2717.27,-9.15248,-3.9582,0.4112165882352941,0.6361701647058824,-0.031160754394476776,0.004314399526873242,0.4423773426297709,0.6318557651790091
2718.07,3.818,1.55158,0.23896444705882355,0.5205984588235294,-0.031174248413662464,0.004302625115935695,0.27013869547248603,0.5162958337075937
2718.87,2.11213,1.03693,0.14576468235294113,0.42568758235294113,-0.031187770584157573,0.004290830767827239,0.17695245293709871,0.4213967515851139
2719.67,1.58652,0.905092,0.07059285882352939,0.34248434705882347,-0.031201320992873937,0.00427901637865327,0.10179417981640333,0.3382053306801702
2720.46,1.26783,0.865146,-0.005267200000000027,0.2641726411764706,-0.031214729817666976,0.004267329900294628,0.02594752981766695,0.259905311276176
2721.26,0.986165,0.847589,-0.09656149411764708,0.19468422941176472,-0.03122833660905477,0.004255475368386368,-0.06533315750859231,0.19042875404337836
2722.06,0.692426,0.801759,-0.20965384705882356,0.1653934176470588,-0.031241971900096203,0.004243600480982272,-0.17841187515872736,0.16114981716607654
2722.85,0.394397,0.687155,-0.28296231764705876,0.20784553529411762,-0.031255464803612694,0.004231853950058931,-0.25170685284344607,0.2036136813440587
2723.65,0.129137,0.497138,-0.25551278823529405,0.2777628999999999,-0.03126915699958704,0.004219938288889249,-0.224243631235707,0.2735429617111107
2724.45,-0.0807764,0.262351,0.27593744705882356,0.5607387823529412,-0.03128287795933237,0.004208001951622493,0.30722032501815594,0.5565307804013186
2725.25,-0.250926,0.0199151,0.05298294705882352,0.5045216647058823,-0.03129662777185877,0.004196044829541085,0.0842795748306823,0.5003256198763413
2726.05,-0.42734,-0.208315,-0.06664572941176469,0.46769813529411763,-0.031310406526479456,0.004184066813214517,-0.035335322885285236,0.4635140684809031
2726.84,-0.683205,-0.40084,-0.1546751882352941,0.4306447823529412,-0.03132404153593486,0.004172217910341904,-0.12335114669935925,0.4264725644425993
2727.64,-1.13078,-0.454799,-0.22442104705882354,0.3898418411764706,-0.031337878079322846,0.00416019803898213,-0.1930831689795007,0.38568164313748843
2728.44,-1.71082,0.0496582,-0.2787852411764706,0.34526029999999996,-0.03135174383343996,0.0041481569421520205,-0.2474334973430306,0.3411121430578479
2729.24,-1.37629,1.0662,-0.3176452235294117,0.2995508411764706,-0.03136563888881393,0.0041360945075227555,-0.2862795846405978,0.2954147466689478
2730.04,-0.517705,1.15361,-0.3412886205882353,0.25770130588235296,-0.03137956333627849,0.004124010622024487,-0.3099090572519568,0.25357729526032846
2730.84,-0.117826,0.85239,-0.3519965852941176,0.22530015294117647,-0.031393517266973724,0.004111905171840605,-0.3206030680271439,0.22118824776933588
2731.64,0.0277735,0.595889,-0.35265004411764705,0.2063382058823529,-0.03140750077234669,0.0040997780424019,-0.32124254334530034,0.202238427839951
2732.43,0.0784425,0.41093,-0.34405739705882354,0.20181176470588233,-0.031421338596030676,0.004087781114918257,-0.31263605846279285,0.19772398359096408
2733.23,0.0900192,0.275185,-0.32452430294117646,0.20952823529411763,-0.03143538115377981,0.00407561055482546,-0.29308892178739665,0.20545262473929216
2734.03,0.0821504,0.171496,-0.28967693823529417,0.2253980588235294,-0.03144945356123772,0.004063417968661088,-0.25822748467405643,0.22133464085486831
2734.83,0.0619737,0.0897028,-0.2292814676470588,0.23986211764705884,-0.03146355591108012,0.004051203238795964,-0.19781791173597868,0.23581091440826288
2735.63,0.0318063,0.0246982,-0.13630935,0.21885422352941175,-0.03147768829629198,0.004038966246818457,-0.10483166170370802,0.2148152572825933
2736.43,-0.00754075,-0.0242871,-0.06454423235294117,0.13058387058823528,-0.031491850810167914,0.004026706873528387,-0.033052381542773256,0.1265571637147069
2737.23,-0.0528984,-0.0536816,-0.04322835,0.027375576470588234,-0.03150604354631268,0.004014424998930775,-0.011722306453687319,0.02336115147165746
2738.03,-0.0918852,-0.0600021,-0.04081345,-0.06976089411764708,-0.031520266598641496,0.0040021205022296395,-0.009293183401358505,-0.07376301461987672
2738.83,-0.104851,-0.0570344,-0.03499730294117647,-0.16091001176470587,-0.03153452006138047,0.003989793261821676,-0.0034627828797960045,-0.16489980502652754
2739.63,-0.0952774,-0.077135,-0.01659821470588235,-0.24100271764705883,-0.03154880402906694,0.003977443155289868,0.014950589323184594,-0.2449801608023487
2740.43,-0.0907998,-0.131053,0.011701067647058826,-0.3046761294117647,-0.03156311859654989,0.003965070059397122,0.04326418624360871,-0.3086411994711618
2741.23,-0.104057,-0.20891,0.04402622058823529,-0.35230730588235293,-0.03157746385899022,0.003952673850079738,0.07560368444722551,-0.3562599797324327
2742.03,-0.130294,-0.307476,0.07693965,-0.38688876470588235,-0.03159183991186109,0.003940254402440927,0.1085314899118611,-0.3908290191083233
2742.83,-0.156283,-0.434396,0.10891939705882353,-0.41108777647058825,-0.031606246850948254,0.0039278115907441895,0.1405256439097718,-0.41501558806133243
2743.63,-0.155335,-0.600931,0.13859685294117646,-0.42703835882352936,-0.03162068477235034,0.003915345288406663,0.1702175377135268,-0.430953704111936
2744.43,-0.0767727,-0.79893,0.16363270000000002,-0.4381023823529412,-0.03163515377247909,0.0039028553679924475,0.1952678537724791,-0.44200523772093364
2745.23,0.126648,-0.953646,0.18237130000000001,-0.4510336117647059,-0.031649653948059686,0.0038903417012057908,0.2140209539480597,-0.4549239534659117
2746.03,0.391227,-0.950646,0.1975917117647059,-0.47166276470588236,-0.0316641853961309,0.003877804158884301,0.22925589716083683,-0.47554056886476664
2746.83,0.571107,-0.807263,0.21409879411764704,-0.49845617647058826,-0.03167874821404542,0.003865242610992049,0.24577754233169247,-0.5023214190815803
2747.63,0.631678,-0.638234,0.23564813529411766,-0.5264696470588235,-0.03169334249946996,0.0038526569266125812,0.26734147779358763,-0.5303223039854361
2748.43,0.621502,-0.498182,0.2649825470588235,-0.5510490588235294,-0.03170796835038551,0.0038400469739419663,0.29669051540920904,-0.5548891057974713
2749.23,0.575462,-0.386685,0.30343713529411764,-0.567174411764706,-0.03172262586508746,0.0038274126202816642,0.3351597611592051,-0.5710018243849876
2750.03,0.496976,-0.295447,0.3494581352941176,-0.568980294117647,-0.031737315142185765,0.0038147537320314283,0.3811954504363034,-0.5727950478496784
2750.83,0.372711,-0.24177,0.39741766470588236,-0.5515131764705883,-0.031752036280605064,0.0038020701746820863,0.42916970098648743,-0.5553152466452703
2751.64,0.226671,-0.279833,0.4383159411764706,-0.5134568235294117,-0.03176697399599477,0.003789202800740862,0.47008291517246537,-0.5172460263301526
2752.44,0.153896,-0.40773,0.4622974705882353,-0.45983864117647055,-0.03178175955647203,0.0037764691853659584,0.49407923014470734,-0.4636151103618365
2753.24,0.185343,-0.532623,0.4652202352941176,-0.4023253176470588,-0.03179657727818364,0.003763710490115948,0.49701681257230124,-0.40608902813717473
2754.04,0.275539,-0.607282,0.45242982352941175,-0.35065763529411764,-0.031811427261317804,0.003750926576760829,0.48424125079072955,-0.3544085618708785
2754.84,0.394628,-0.62676,0.4314165882352941,-0.30699940000000003,-0.03182630960637767,0.0037381173061246105,0.4632428978416718,-0.31073751730612464
2755.64,0.523434,-0.581607,0.4065192941176471,-0.2697445176470588,-0.03184122441418137,0.0037252825380776912,0.43836051853182845,-0.2734698001851365
2756.45,0.626074,-0.465096,0.37945329411764706,-0.23701810588235295,-0.031856358834506694,0.003712261213601627,0.41130965295215377,-0.24073036709595458
2757.25,0.659977,-0.30399,0.3507956029411765,-0.20754169411764706,-0.031871339280472304,0.003699374703331454,0.3826669422216488,-0.2112410688209785
2758.05,0.618498,-0.151972,0.32061954411764704,-0.18024634117647056,-0.03188635249479984,0.003686462267668857,0.35250589661244686,-0.18393280344413943
2758.85,0.534334,-0.0421369,0.28766730882352937,-0.15456057647058824,-0.031901398579570826,0.0036735237625800422,0.31956870740310017,-0.15823410023316828
2759.65,0.440914,0.0270805,0.25134154411764703,-0.13299825294117645,-0.03191647763718143,0.0036605590430384446,0.28325802175482845,-0.1366588119842149
2760.46,0.35367,0.0710876,0.21536960294117646,-0.11608713529411764,-0.03193177888174997,0.003647405407080951,0.24730138182292644,-0.11973454070119859
2761.26,0.274453,0.103956,0.18043307352941176,-0.10017937058823528,-0.031946924608871316,0.003634387487264255,0.21237999813828307,-0.10381375807549954
2762.06,0.198248,0.135151,0.14365366176470587,-0.08394048823529411,-0.03196210361920038,0.0036213429100209367,0.17561576538390625,-0.08756183114531504
2762.86,0.11534,0.169664,0.10268654411764705,-0.06930678235294116,-0.03197731601639383,0.0036082715262596315,0.13466386013404089,-0.07291505387920079
2763.67,0.00979525,0.205652,0.05799383823529411,-0.05971478235294118,-0.03199275269039881,0.0035950092853746264,0.08998659092569292,-0.06330979163831581
2764.47,-0.140282,0.222251,0.013308873529411753,-0.05728084117647059,-0.03200803259414523,0.003581883497351492,0.04531690612355699,-0.06086272467382208
2765.27,-0.333517,0.156825,-0.026391661764705886,-0.060901311764705875,-0.032023346198915684,0.0035687304473911523,0.005631684434209798,-0.06447004221209703
2766.07,-0.463642,-0.0411705,-0.05669859705882353,-0.06748131764705881,-0.03203869360962309,0.0035555499822035796,-0.024659903449200445,-0.07103686762926238
2766.88,-0.42618,-0.245134,-0.07251218529411764,-0.07482975882352941,-0.032054267413057724,0.0035421766718737834,-0.040457917881059915,-0.0783719354954032
2767.68,-0.318382,-0.33685,-0.06515889117647058,-0.08681197058823531,-0.03206968317750417,0.0035289405645307394,-0.03308920799896641,-0.09034091115276605
2768.48,-0.230622,-0.350699,-0.028897479411764695,-0.1258071470588235,-0.03208513306582302,0.0035156765736851945,0.003187653654058327,-0.12932282363250872
2769.29,-0.173007,-0.332834,0.0036678735294117665,-0.2206095588235294,-0.03210081095272031,0.0035022182131894926,0.03576868448213208,-0.2241117770367189
2770.09,-0.133702,-0.302032,-0.01192618529411765,-0.34771332352941176,-0.03211632983746479,0.003488897627845744,0.02019014454334714,-0.3512022211572575
2770.89,-0.0996674,-0.262613,-0.08232649411764704,-0.46632049999999997,-0.032131883166837946,0.00347554868079321,-0.0501946109508091,-0.46979604868079317
2771.7,-0.0564111,-0.21352,-0.18829461176470588,-0.5312125,-0.032147666115552975,0.0034620038114997007,-0.1561469456491529,-0.5346745038114997
2772.5,0.0191161,-0.153997,-0.26406243529411766,-0.523269794117647,-0.03216328908970082,0.0034485972973733654,-0.23189914620441685,-0.5267183914150203
2773.31,0.172083,-0.097843,-0.28236778823529407,-0.48653064705882354,-0.0321791427742944,0.0034349938078378313,-0.25018864546099967,-0.4899656408666614
2774.11,0.478676,-0.13261,-0.2728981411764706,-0.45085552941176466,-0.032194835829485194,0.003421529065386909,-0.24070330534698542,-0.45427705847715155
2774.91,0.890897,-0.558962,-0.25634923529411763,-0.4268930117647059,-0.03221056387057694,0.0034080351407825126,-0.2241386714235407,-0.4303010469054884
2775.72,0.751859,-1.47649,-0.23903911176470588,-0.41814083529411766,-0.03222652426794972,0.0033943426399162804,-0.20681258749675616,-0.42153517793403394
2776.52,-0.149759,-1.9911,-0.2221562882352941,-0.4261600705882353,-0.0322423230478021,0.0033807894795359235,-0.18991396518749198,-0.4295408600677712
2777.33,-1.18701,-1.81067,-0.20533064117647054,-0.4533830117647059,-0.0322583552918676,0.0033670366568765053,-0.17307228588460294,-0.4567500484215824
2778.13,-1.94174,-0.880913,-0.18723949999999995,-0.5048269529411765,-0.03227422525296981,0.00335342357568723,-0.15496527474703015,-0.5081803765168638
2778.94,-1.62157,0.291851,-0.16486661176470588,-0.590394011764706,-0.03229032979299926,0.003339609732696482,-0.13257628197170662,-0.5937336214974025
2779.74,-0.774833,0.583395,-0.13040597058823528,-0.7303971294117647,-0.032306271380307554,0.003325936035862406,-0.09809969920792772,-0.7337230654476271
2780.54,-0.265196,0.361343,-0.056947323529411745,-0.9738469529411764,-0.03232224872451552,0.003312231957965854,-0.024625074804896223,-0.9771591848991422
2781.35,-0.0370506,0.0705128,0.22865232352941176,-1.4960987176470588,-0.032338462328983894,0.003298325446713101,0.26099078585839564,-1.499397043093772
2782.15,0.0636501,-0.201912,1.3590348529411762,0.3734284588235294,-0.03235451197002571,0.003284559694399136,1.391389364911202,0.37014389912913026
2782.96,0.114001,-0.469161,1.1399160882352941,0.9618213999999998,-0.03237079900307401,0.003270590374583075,1.172286887238368,0.9585508096254167
2783.76,0.152334,-0.764822,0.9826772058823527,1.3290402235294114,-0.03238692139199292,0.003256762227818503,1.0150641272743457,1.3257834613015929
2784.57,0.207882,-1.13716,0.9019395588235293,1.5801761058823527,-0.03240328231152237,0.003242729365168416,0.9343428411350516,1.5769333765171842
2785.38,0.323928,-1.66816,0.881418382352941,1.7134892235294115,-0.03241968057765635,0.003228664252788942,0.9138380629305973,1.7102605592766225
2786.18,0.604947,-2.53405,0.8587089705882353,1.734646870588235,-0.03243591316810215,0.003214740943171546,0.8911448837563374,1.7314321296450634
2786.98,1.42088,-4.23649,0.8030779705882352,1.706906576470588,-0.03245218241550215,0.0032007858056799015,0.8355301530037373,1.703705790664908
2787.79,5.33387,-9.01089,0.7349371470588234,1.6664889882352938,-0.032468692491371486,0.0031866236119487907,0.7674058395501949,1.663302364623345
2788.6,20.1074,31.223,0.6751401235294117,1.6197242352941175,-0.0324852403800482,0.00317242840535923,0.7076253639094598,1.6165518068887583
2789.4,-2.97316,8.52619,0.6451367647058823,1.5720590588235295,-0.03250162120462626,0.0031583758531515513,0.6776383859105086,1.568900682970378
2790.21,-2.82282,4.25162,0.655875,1.5563132941176472,-0.03251824460282833,0.003144114446668395,0.6883932446028284,1.5531691796709788
2791.01,-2.55955,2.45864,0.6704304117647057,1.5945753529411761,-0.03253470023584947,0.0031299961263607586,0.7029651120005552,1.5914453568148155
2791.82,-2.2906,1.38541,0.6680313529411763,1.6699278235294117,-0.03255139961220554,0.00311566773652832,0.7005827525533819,1.6668121557928834
2792.63,-2.00763,0.651531,0.6484690399999996,1.7790789411764707,-0.03256813739151862,0.003101305347165971,0.6810371773915183,1.7759776358293047
2793.43,-1.72056,0.11181,0.6062828047058819,1.938436588235294,-0.03258470634310451,0.0030870867006432597,0.6388675110489864,1.935349501534651
2794.24,-1.42359,-0.325756,0.5123417458823525,2.1968252941176467,-0.03260152080930405,0.0030726561287443715,0.5449432666916565,2.1937526379889025
2795.05,-1.0536,-0.724488,0.18559168705882334,2.735416058823529,-0.03261837403632112,0.0030581909473798964,0.21821006109514446,2.732357867876149
2795.85,-0.446407,-1.01222,-1.0123317835294117,0.9075097058823527,-0.03263505736242961,0.0030438701748257864,-0.979696726166982,0.9044658357075269
2796.66,0.296551,-0.736839,-0.8544987835294117,0.41618688235294116,-0.03265198799017573,0.003029335585243855,-0.8218467955392359,0.4131575467676973
2797.47,0.399776,-0.114367,-0.7070623129411764,0.17986876470588237,-0.03266895773914217,0.003014765762762269,-0.6743933552020343,0.1768539989431201
2798.27,0.167098,0.143832,-0.5748868423529412,0.05621635294117648,-0.032685756503232306,0.0030003410245287273,-0.5422010858497088,0.05321601191664775
2799.08,-0.00863132,0.187409,-0.45041660705882347,0.007501058823529423,-0.032702804371763705,0.002985700540976914,-0.41771380268705977,0.00451535828255251
2799.89,-0.112219,0.17503,-0.31654837176470585,0.003250235294117658,-0.032719891724398965,0.002971024187247057,-0.28382848004030686,0.00027921110687060104
2800.69,-0.176118,0.156118,-0.18701390117647057,0.00380929411764706,-0.032736806997249145,0.0029564936028336317,-0.15427709417922142,0.0008528005148134283
2801.5,-0.220881,0.145153,-0.08524854823529412,0.012599647058823535,-0.032753973193150356,0.002941745307311875,-0.05249457504214377,0.00965790175151166
2802.31,-0.257299,0.148592,-0.016275548235294115,0.038723470588235304,-0.03277117923845226,0.002926960490133819,0.016495631003158148,0.03579651009810148
2803.12,-0.289999,0.173702,0.00791186941176471,0.0795490588235294,-0.032788425255950084,0.0029121389300076064,0.04070029466771479,0.0766369198935218
2803.92,-0.3164,0.234212,-0.020307895294117646,0.10351517647058824,-0.03280549771495512,0.002897464068861385,0.012497602420837473,0.10061771240172684
2804.73,-0.312567,0.356549,-0.0648277188235294,0.09188423529411764,-0.032822823548986114,0.002882568812884446,-0.03200489527454329,0.0890016664812332
2805.54,-0.174606,0.55725,-0.10955283647058824,0.07064147058823529,-0.032840189723615,0.0028676361429571906,-0.07671264674697323,0.0677738344452781
2806.35,0.26813,0.579267,-0.1598037,0.06726523529411765,-0.032857596362652515,0.002852665831141081,-0.12694610363734748,0.06441256946297658
2807.16,0.481526,0.121314,-0.19111746470588237,0.10497847058823531,-0.03287504359015613,0.0028376576477949873,-0.15824242111572623,0.10214081294044032
2807.96,0.306421,-0.17632,-0.17684647647058824,0.14443035294117648,-0.03289231538121598,0.0028227973514197645,-0.14395416108937226,0.1416075555897567
2808.77,0.118941,-0.280383,-0.14625094705882352,0.16417023529411764,-0.032909843653869765,0.0028077132039185256,-0.11334110340495376,0.1613625220901991
2809.58,-0.0352209,-0.318185,-0.11341553529411766,0.17065905882352939,-0.032927412887066576,0.0027925904885114762,-0.08048812240705108,0.16786646833501792
2810.39,-0.183185,-0.329415,-0.08160624117647058,0.16877411764705882,-0.03294502320581348,0.0027774289686214766,-0.0486612179706571,0.16599668867843734
2811.2,-0.357061,-0.312093,-0.05149759411764706,0.16094094117647056,-0.03296267473534658,0.0027622284058945595,-0.01853491938230048,0.158178712770576
2812.0,-0.593229,-0.217295,-0.021392358823529415,0.14748423529411764,-0.03298014891816618,0.002747176946897311,0.011587790094636768,0.14473705834722034
2812.81,-0.862896,0.130013,0.005848052941176473,0.11948370000000001,-0.03299788273323417,0.002731898065695355,0.03884593567441064,0.11675180193430466
2813.62,-0.644553,0.816155,0.007918699999999999,0.08408542352941177,-0.033015658134576534,0.0027165794188007074,0.040934358134576534,0.08136884411061106
2814.43,0.0664888,0.8268,-0.0036887705882352913,0.07146713529411765,-0.033033475248303586,0.0027012207606205087,0.029344704660068294,0.06876591453349713
2815.24,0.299243,0.480731,-0.005977711764705879,0.07346578235294118,-0.03305133420073457,0.0026858218437073597,0.02707362243602869,0.07077996050923382
2816.05,0.300903,0.258902,0.0023046999999999946,0.07928078235294117,-0.03306923511839323,0.0026703824187433033,0.03537393511839322,0.07661039993419787
2816.86,0.250759,0.141658,0.01980528235294117,0.08532566470588235,-0.03308717812800333,0.0026549022345236954,0.0528924604809445,0.08267076247135866
2817.67,0.195447,0.101048,0.04681063529411764,0.09027513529411764,-0.03310516335648416,0.002639381037940852,0.0799157986506018,0.08763575425617678
2818.48,0.199222,0.127785,0.08552628235294114,0.09270878235294117,-0.03312319093094571,0.00262381857396762,0.11864947328388686,0.09008496377897354
2819.29,0.288481,0.0812409,0.1402989294117647,0.0883797823529412,-0.03314126097868396,0.002608214585640759,0.17344019039044867,0.08577156776730044
2820.1,0.303331,-0.0225037,0.21377892941176468,0.06275413529411766,-0.03315937362717586,0.002592568814044181,0.24693830303894054,0.06016156648007348
2820.9,0.284199,-0.0931969,0.27800475294117644,-0.003855276470588226,-0.03317730460260323,0.002577074932417225,0.31118205754377964,-0.006432351403005451
2821.71,0.267509,-0.142343,0.3050004117647058,-0.07162757058823528,-0.03319550230586256,0.0025613453335565266,0.33819591407056837,-0.0741889159217918
2822.52,0.259742,-0.181528,0.32454435294117645,-0.11969121764705881,-0.03321374299175998,0.002545573166073192,0.35775809593293645,-0.122236790813132
2823.33,0.262289,-0.215422,0.35324088235294115,-0.15562009999999998,-0.03323202678844257,0.0025297581630940847,0.3864729091413837,-0.15814985816309407
2824.14,0.275906,-0.245274,0.40022270588235287,-0.1856281588235294,-0.03325035382421188,0.002513900055707299,0.43347305970656475,-0.18814205887923668
2824.95,0.301105,-0.270721,0.4799046470588235,-0.21195333529411764,-0.03326872422751823,0.002497998572944443,0.5131733712863418,-0.21445133386706208
2825.76,0.337906,-0.290888,0.6269686470588236,-0.2159071294117647,-0.03328713812695485,0.002482053441762785,0.6602557851857784,-0.21838918285352749
2826.57,0.386264,-0.305623,0.8241509411764705,-0.0023824764705882157,-0.033305595651251844,0.002466064387027242,0.8574565368277223,-0.004848540857615458
2827.39,0.447286,-0.316205,0.7429055882352942,0.2202412705882353,-0.03332432561406953,0.0024498329126840476,0.7762299138493637,0.21779143767555126
2828.2,0.525415,-0.325329,0.6412591764705882,0.3494199117647059,-0.033342871317363,0.002433754626082067,0.6746020477879512,0.3469861571386238
2829.01,0.63149,-0.336351,0.5423562941176471,0.4557224411764706,-0.03336146103406137,0.0024176315742948495,0.5757177551517084,0.45330480960217573
2829.82,0.788744,-0.351889,0.4236761764705882,0.5741123235294118,-0.033380094893381014,0.002401463473607394,0.4570562713639692,0.5717108600558044
2830.63,1.04945,-0.368479,0.055308000000000024,0.7567589117647059,-0.03339877302464307,0.002385250038119443,0.0887067730246431,0.7543736617265865
2831.44,1.55004,-0.34648,0.08130617647058827,0.6371779705882352,-0.033417495557266474,0.0023689909797264715,0.11472367202785475,0.6348089796085088
2832.25,2.69931,0.0605705,0.08140017647058828,0.6123570882352941,-0.03343626262076092,0.002352686008100474,0.1148364390913492,0.6100044022271937
2833.06,3.64058,3.71116,0.07108282352941178,0.6096968529411765,-0.03345507434471971,0.002336334830670585,0.1045378978741315,0.6073605181105058
2833.87,-1.07784,3.7621,0.05537000000000006,0.6160576764705883,-0.03347393085881234,0.002319937152603511,0.0888439308588124,0.6137377393179848
2834.68,-1.44379,2.10284,0.03589058823529412,0.6265965,-0.033492832292776956,0.0023034926767838033,0.06938342052807107,0.6242930073232162
2835.49,-1.41384,1.6648,0.012919882352941142,0.6387483235294118,-0.033511778776412676,0.002287001103793939,0.04643166112935382,0.6364613224256178
2836.31,-1.75782,1.8311,-0.014360941176470576,0.6506768529411765,-0.03353100518742242,0.0022702576495857254,0.019170064010951844,0.6484065952915907
2837.12,-5.99997,2.88957,-0.048442647058823535,0.6605092647058823,-0.033550042720189396,0.0022536703838581104,-0.014892604338634138,0.6582555943220242
2837.93,0.717875,-2.27815,-0.09538594117647056,0.6653625588235295,-0.033569125693915146,0.00223703510489537,-0.061816815482555416,0.6631255237186341
2838.74,0.302703,-0.692676,-0.17063823529411767,0.6584435,-0.033588254238562265,0.002220351503839383,-0.1370499810555554,0.6562231484961606
2839.55,0.162511,-0.336112,-0.31781070588235294,0.6104792941176471,-0.033607428484112974,0.002203619269427402,-0.28420327739824,0.6082756748482198
2840.37,0.119146,-0.197489,-0.5408548823529412,0.3259363529411765,-0.03362688613239903,0.0021866306056963483,-0.5072279962205422,0.32374972233548016
2841.18,0.116136,-0.137045,-0.5324751764705882,0.034666352941176454,-0.03364615273796847,0.0021697995508871562,-0.4988290237326197,0.0324965533902893
2841.99,0.134913,-0.118748,-0.538863411764706,-0.12045376470588236,-0.03366546543602143,0.002152918910346045,-0.5051979463286845,-0.1226066836162284
2842.8,0.167716,-0.133566,-0.5453951764705882,-0.2075576470588235,-0.033684824356528274,0.002135988362948864,-0.5117103521140599,-0.20969363542177238
2843.61,0.209355,-0.184738,-0.5168663529411764,-0.2804552941176471,-0.033704229629432765,0.0021190075850596396,-0.4831621233117437,-0.2825743017027067
2844.43,0.251414,-0.285973,-0.22516694117647057,-0.4028634705882353,-0.03372392182078294,0.002101765669812775,-0.19144301935568764,-0.4049652362580481
2845.24,0.270751,-0.464104,-0.31844341176470586,-0.21328635294117645,-0.03374342076442881,0.0020846828195943143,-0.28469999100027704,-0.21537103576077077
2846.05,0.197378,-0.754821,-0.3802135294117647,-0.11066364705882353,-0.033762966451647364,0.0020675487485775986,-0.34645056296011734,-0.11273119580740114
2846.86,-0.151171,-1.12607,-0.429429294117647,-0.0230264705882353,-0.033782559012174945,0.0020503631228253097,-0.3956467351054721,-0.02507683371106061
2847.68,-0.935385,-1.18949,-0.4746574117647059,0.06269935294117648,-0.03380244133368378,0.002032912471233391,-0.4408549704310221,0.06066644046994309
2848.49,-1.55239,-0.534202,-0.5217221176470588,0.15127905882352943,-0.033822128612408166,0.0020156220767271835,-0.4878999890346506,0.14926343674680226
2849.3,-1.52488,0.184034,-0.5760705882352941,0.2443236470588235,-0.03384186315473664,0.001998279105600081,-0.5422287250805575,0.24232536795322343
2850.12,-1.27283,0.59184,-0.6423251176470588,0.3406175294117647,-0.0338618896081517,0.001980668116983537,-0.6084632280389071,0.33863686129478116
2850.93,-1.04108,0.808631,-0.7212477647058824,0.43713623529411766,-0.03388171965313533,0.001963218296263657,-0.687366045052747,0.435173016997854
2851.74,-0.867825,0.944661,-0.8061456470588235,0.5336834705882353,-0.03390159735100375,0.0019457148525927803,-0.7722440497078198,0.5317377557356425
2852.56,-0.747389,1.05191,-0.8813698235294117,0.6359025294117646,-0.033921769123413326,0.001927940336057443,-0.8474480544059984,0.6339745890757071
2853.37,-0.674157,1.15372,-0.9258634705882353,0.7432190588235295,-0.03394174310603117,0.0019103279121132277,-0.8919217274822041,0.7413087309114162
2854.18,-0.649732,1.25985,-0.9316390588235293,0.8471829411764706,-0.033961765129474686,0.0018926607937930354,-0.8976772936940546,0.8452902803826776
2855.0,-0.683964,1.36881,-0.8874407647058824,0.9368494117647059,-0.033982083403878795,0.0018747194819151354,-0.8534586813020036,0.9349746922827908
2855.81,-0.789011,1.46301,-0.8057031764705882,0.9789975882352941,-0.03400220249112589,0.0018569412014740427,-0.7717009739794624,0.9771406470338201
2856.63,-0.958611,1.50343,-0.723808,0.9740879411764707,-0.034022619290270485,0.0018388866055492454,-0.6897853807097295,0.9722490545709215
2857.44,-1.13233,1.45608,-0.6544146941176471,0.9420293647058824,-0.03404283595970635,0.001820995676261315,-0.6203718581579407,0.9402083690296211
2858.25,-1.19185,1.35533,-0.5960108294117646,0.8945910311764705,-0.03406310131313145,0.0018030482077615287,-0.5619477280986331,0.892787982968709
2859.07,-1.00806,1.27362,-0.5449762089411765,0.8364517429411764,-0.03408366657554922,0.0017848211904717055,-0.5108925423656273,0.8346669217507047
2859.88,-0.559014,1.06956,-0.4981204442352941,0.7687553899999999,-0.034104030283521915,0.0017667588028850464,-0.4640164139517722,0.7669886311971149
2860.7,-0.249356,0.641316,-0.45279640305882357,0.6907430370588235,-0.034124695374804934,0.001748414667784174,-0.4186717076840186,0.6889946223910393
2861.51,-0.184014,0.33484,-0.4068924030588235,0.6005140370588236,-0.034145157950515856,0.0017302358140310874,-0.37274724510830765,0.5987838012447925
2862.33,-0.162851,0.182317,-0.35912616776470585,0.4962042723529411,-0.034165923388952496,0.0017117729823807686,-0.3249602443757533,0.49449249937056033
2863.14,-0.132662,0.10057,-0.3089151148235294,0.3787630370588235,-0.03418648534308272,0.0016934760904610932,-0.2747286294804467,0.3770695609683624
2863.96,-0.0931438,0.0468442,-0.2546739854117647,0.25431739,-0.03420735164429011,0.0016748929580730288,-0.2204666337674746,0.25264249704192693
2864.77,-0.0482143,0.00217933,-0.19482416188235294,0.1308874488235294,-0.03422801348475038,0.0016564764306262873,-0.16059614839760256,0.12923097239290313
2865.58,-0.000236452,-0.0437069,-0.13330198541176472,0.011926566470588242,-0.03424872514995591,0.0016379998503068412,-0.0990532602618088,0.0102885666202814
2866.4,0.049159,-0.098928,-0.08216780894117648,-0.10493837470588235,-0.0342697433930638,0.0016192335812718404,-0.04789806554811268,-0.10655760828715419
2867.21,0.0963517,-0.17249,-0.055500926588235286,-0.21391531588235294,-0.034290555699134966,0.0016006349259135035,-0.02121037088910032,-0.21551595080826644
2868.03,0.130636,-0.274043,-0.04439670894117646,-0.3026265511764706,-0.03431167607902147,0.0015817442365259043,-0.010085032862154994,-0.3042082954129965
2868.85,0.128062,-0.404456,-0.03539071482352941,-0.3784314335294118,-0.03433284803142135,0.0015627903155181473,-0.0010578667921080573,-0.3799942238449299
2869.66,0.0645769,-0.533491,-0.02934042658823529,-0.45045831588235297,-0.03435381254648839,0.0015440050369735238,0.005013385958253097,-0.4520023209193265
2870.48,-0.0365118,-0.612146,-0.03331207364705882,-0.5224647864705882,-0.03437508739185465,0.001524924134885728,0.0010630137447958307,-0.523989710605474
2871.29,-0.114883,-0.642229,-0.05669243835294117,-0.5920885629411765,-0.03439615379158511,0.0015060125687151996,-0.02229628456135606,-0.5935945755098917
2872.11,-0.145973,-0.667005,-0.10495212658823529,-0.6480769352941176,-0.03441753202790606,0.0014868029472252463,-0.07053459456032923,-0.6495637382413428
2872.92,-0.138779,-0.713084,-0.1702376294117647,-0.6773605882352942,-0.03443870080205179,0.0014677633624101214,-0.13579892860971293,-0.6788283515977044
2873.74,-0.105677,-0.783048,-0.23793815882352942,-0.6789859411764706,-0.034460182922851204,0.0014484232549385177,-0.20347797590067823,-0.6804343644314091
2874.56,-0.0605843,-0.866775,-0.3005344352941176,-0.6600311764705882,-0.03448171748963882,0.001429016827267497,-0.2660527178044788,-0.6614601932978557
2875.37,-0.0309121,-0.953843,-0.3569352588235294,-0.6257801176470588,-0.034503041050580364,0.0014097815035185564,-0.322432217772949,-0.6271898991505773
2876.19,-0.0599961,-1.04214,-0.4070189058823529,-0.5781129411764706,-0.034524680234490276,0.0013902418803319531,-0.3724942256478626,-0.5795031830568026
2877.01,-0.20018,-1.12354,-0.4495513705882353,-0.5182470588235294,-0.03454637223000491,0.0013706345572177796,-0.4150049983582304,-0.5196176933807471
2877.82,-0.49061,-1.13676,-0.48456161764705874,-0.44846847058823525,-0.03456785165674219,0.0013511994223541282,-0.44999376599031654,-0.44981967001058937
2878.64,-0.868629,-0.949623,-0.5156312058823529,-0.3687275294117647,-0.03458964898993387,0.0013314561275160064,-0.481041556892419,-0.3700589855392807
2879.46,-1.11009,-0.541529,-0.5475806764705882,-0.2715171764705882,-0.03461149949394374,0.0013116437190417093,-0.5129691769766445,-0.2728288201896299
2880.27,-1.10175,-0.126559,-0.5780326176470589,-0.13159870588235292,-0.03463313584657471,0.0012920046005914644,-0.5433994818004843,-0.13289071048294437
2881.09,-0.967785,0.149741,-0.5075833823529412,0.08391647058823526,-0.034655092395428085,0.0012720533757550577,-0.4729282899575131,0.0826444172124802
2881.91,-0.828178,0.308225,-0.3815690117647059,0.14921688235294117,-0.03467710246723684,0.001252031588700174,-0.3468919092974691,0.14796485076424098
2882.72,-0.72336,0.405886,-0.3143253588235294,0.19004158823529413,-0.03469889678497041,0.0012321842112639945,-0.279626462038559,0.18880940402403013
2883.54,-0.658475,0.484229,-0.2680891764705883,0.23606911764705885,-0.03472101359402261,0.0012120206929829265,-0.23336816287656567,0.23485709695407592
2884.36,-0.631686,0.57409,-0.2238024705882353,0.2886390588235294,-0.03474318427037724,0.0011917851281134455,-0.18905928631785807,0.28744727369541595
2885.18,-0.643066,0.713367,-0.16749170588235293,0.34307382352941174,-0.034765408927414844,0.0011714770116907905,-0.1327262969549381,0.34190234651772095
2885.99,-0.689114,0.985571,-0.09131229411764709,0.3866861764705882,-0.03478741565919585,0.0011513448276446563,-0.056524878458451236,0.38553483164294355
2886.81,-0.656462,1.66553,-0.001401941176470592,0.40546905882352935,-0.03480974795206807,0.0011308909769415162,0.03340780677559748,0.4043381678465878
2887.63,1.09196,2.88071,0.08956235294117648,0.3977162352941176,-0.0348321345583855,0.0011103630410902142,0.12439448749956197,0.3966058722530274
2888.45,2.08166,0.243332,0.17771229411764705,0.3697518823529412,-0.034854575587412846,0.0010897604983662744,0.2125668697050599,0.3686621218545749
2889.26,1.11223,-0.259823,0.2719939411764706,0.32743170588235293,-0.03487679648232999,0.0010693354441803104,0.3068707376588006,0.3263623704381726
2890.08,0.726019,-0.259672,0.39437276470588234,0.294801,-0.03489934601314312,0.001048583031261657,0.4292721107190255,0.29375241696873833
2890.9,0.552694,-0.229851,0.499516,0.30891076470588236,-0.03492195028638583,0.0010277544269366675,0.5344379502863859,0.3078830102789457
2891.72,0.466673,-0.211369,0.5746078823529411,0.3182813529411765,-0.03494460940669989,0.0010068490921394547,0.609552491759641,0.31727450384903705
2892.54,0.426421,-0.208213,0.6420411764705882,0.3135725294117647,-0.034967323477483644,0.0009858664833623351,0.6770084999480719,0.31258666292840237
2893.36,0.418386,-0.22222,0.710355411764706,0.2902585882352941,-0.03499009260085684,0.0009648060526180561,0.7453455043655628,0.28929378218267604
2894.17,0.444643,-0.258357,0.7771176470588236,0.22696694117647057,-0.035012638200187914,0.0009439255119929237,0.8121302852590115,0.22602301566447763
2894.99,0.530764,-0.325653,0.7421731764705883,0.09415805882352943,-0.03503551705539642,0.0009227087411966197,0.7772086935259848,0.0932353500823328
2895.81,0.77461,-0.411218,0.650096588235294,0.11991323529411765,-0.035058451260333356,0.0009014124840887238,0.6851550394956274,0.11901182281002894
2896.63,1.35708,-0.148836,0.6153103529411764,0.17945488235294116,-0.03508144091165694,0.00088003617443676,0.6503917938528334,0.1785748461785044
2897.45,1.12896,0.724095,0.6020558235294118,0.24270064705882352,-0.03510448610456136,0.0008585792413361121,0.6371603096339732,0.2418420678174874
2898.27,0.644876,0.73339,0.5962121764705883,0.3057543529411765,-0.035127586932737424,0.0008370411091706415,0.6313397634033258,0.3049173118320058
2899.09,0.5033,0.633317,0.5914187058823529,0.36590129411764705,-0.03515074348833241,0.000815421197573172,0.6265694493706853,0.3650858729200739
2899.91,0.472228,0.589234,0.5841488823529412,0.42086182352941176,-0.03517395586190916,0.0007937189213856354,0.6193228382148503,0.4200681046080261
2900.73,0.478496,0.589572,0.5717377647058823,0.47009611764705883,-0.035197224142404546,0.0007719336906189655,0.6069349888482869,0.4693241839564399
2901.55,0.497904,0.622959,0.5515087058823529,0.5153584705882353,-0.03522054841708682,0.0007500649104128705,0.5867292542994397,0.5146084056778224
2902.36,0.516358,0.68117,0.5196021176470588,0.5601969411764706,-0.03524364330712317,0.0007283802089026862,0.5548457609541819,0.5594685609675679
2903.18,0.520864,0.752385,0.4665267647058823,0.6077325294117646,-0.035267079139673835,0.0007063435627957643,0.5017938438455561,0.6070261858489688
2904.0,0.500692,0.815506,0.37163594117647053,0.6393627058823529,-0.03529057121677918,0.0006842215605002812,0.40692651239324973,0.6386784843218526
2904.82,0.453352,0.842062,0.28022176470588234,0.6205558235294117,-0.035314119618615025,0.0006620135873249217,0.31553588432449736,0.6198938099420869
2905.64,0.385184,0.811129,0.20053764705882354,0.6014507058823529,-0.03533772442346445,0.0006397190235026707,0.235875371482288,0.6008109868588503
2906.46,0.302834,0.726116,0.09688823529411766,0.5725194117647059,-0.035361385707670286,0.0006173372441491171,0.13224962100178794,0.5719020745205567
2907.28,0.207397,0.614763,0.0019389411764706016,0.4747744705882353,-0.03538510354558655,0.0005948676192206598,0.03732404472205715,0.4741796029690146
2908.1,0.100749,0.511103,-0.03213241176470588,0.3822458235294117,-0.03540887800952914,0.0005723095134723883,0.0032764662448232576,0.38167351401593935
2908.92,-0.011648,0.436601,-0.05436282352941177,0.3112814705882353,-0.03543270916972559,0.000549662286415759,-0.01893011435968618,0.3107318083018195
2909.74,-0.127671,0.396887,-0.07602688235294117,0.24965529411764703,-0.0354565970942637,0.0005269252922761899,-0.040570285258677466,0.24912836882537084
2910.57,-0.256064,0.388877,-0.09785088235294118,0.19138776470588234,-0.035480834209261625,0.0005038189361070817,-0.06237004814367955,0.19088394576977527
2911.39,-0.425081,0.404378,-0.11823323529411764,0.13460476470588234,-0.035504836552137146,0.0004808993343791159,-0.08272839874198049,0.13412386537150323
2912.21,-0.709754,0.408603,-0.13503476470588235,0.08038941176470588,-0.03552889585098651,0.0004578879879945678,-0.09950586885489585,0.07993152377671131
2913.03,-1.25874,0.141485,-0.14631911764705882,0.031760088235294096,-0.035553012164777714,0.0004347842295388707,-0.11076610548228111,0.03132530400575523
2913.85,-1.14191,-1.07243,-0.1503720588235294,-0.007919505882352962,-0.0355771855500673,0.0004115873860955155,-0.11479487327346208,-0.008331093268448476
2914.67,-0.100717,-0.983415,-0.14533141176470588,-0.03628491764705884,-0.03560141606094306,0.00038829677920240507,-0.10972999570376282,-0.036673214426261244
2915.49,0.119987,-0.583435,-0.12924599999999997,-0.051976976470588236,-0.0356257037489656,0.00036491172480817343,-0.09362029625103438,-0.05234188819539641
2916.31,0.148069,-0.366475,-0.10063635294117645,-0.05315621176470589,-0.03565004866310888,0.0003414315332281562,-0.06498630427806758,-0.05349764329793405
2917.13,0.149856,-0.238163,-0.059761882352941165,-0.03557244705882353,-0.03567445084969959,0.0003178555091003909,-0.024087431503241573,-0.03589030256792392
2917.95,0.154192,-0.149805,-0.011541999999999993,0.007300082352941169,-0.035698910352355465,0.000294182951341356,0.02415691035235547,0.007005899401599813
2918.78,0.167726,-0.079599,0.03376170588235296,0.07838431764705883,-0.03572372655217732,0.0002701226744084213,0.06948543243453029,0.07811419497265042
2919.6,0.19335,-0.0155695,0.07253844705882354,0.1750723764705882,-0.03574830150682601,0.0002462537240548292,0.10828674856564954,0.1748261227465334
2920.42,0.233934,0.0515629,0.11850338823529413,0.3193667882352941,-0.03577293389191465,0.00022228609324694048,0.1542763221272088,0.31914450214204715
2921.24,0.293088,0.132551,0.12528809411764705,0.6307620823529412,-0.035797623739547965,0.00019821905749782152,0.161085717857195,0.6305638632954433
2922.06,0.374201,0.244338,2.700236152941176,2.2759629647058826,-0.03582237107879467,0.00017405188637531054,2.736058524019971,2.2757889128195075
2922.89,0.474716,0.416554,2.7643857411764703,2.1436520823529412,-0.03584747878896404,0.000149487266074107,2.8002332199654343,2.143502595086867
2923.71,0.567195,0.695811,2.780869094117647,2.0943682588235295,-0.03587234188799263,0.00012511636509718706,2.8167414360056395,2.0942431424584322
2924.53,0.563674,1.11771,2.784115211764706,2.068590317647059,-0.035897262547146806,0.00010064309216332263,2.820012474311853,2.0684896745548955
2925.35,0.345082,1.61281,2.7814608,2.0527911411764705,-0.035922240782608084,7.606669253443698e-05,2.817383040782608,2.052715074483936
2926.17,-0.0505494,2.0523,2.775244382352941,2.042005494117647,-0.03594727660716345,5.1386405301188064e-05,2.8111916589601047,2.0419541077123458
2927.0,-0.477336,2.59449,2.7661082705882354,2.0338449352941175,-0.035972676403003535,2.629855883203025e-05,2.802080946991239,2.0338186367352855
2927.82,-1.02657,4.22129,2.753784005882353,2.026816470588235,-0.0359978281326617,1.4068982426757894e-06,2.7897818340150145,2.0268150636899924
2928.64,43.6734,26.985,2.7371961647058822,2.0195615394117645,-0.03602303746864912,-2.359097970689285e-05,2.7732192021745314,2.0195851303914716
2929.46,1.21053,-2.83272,2.7142629411764707,2.010048033529412,-0.036048304409359924,-4.8695861141793365e-05,2.7503112455858307,2.0100967293905536
2930.29,0.428286,-1.2043,2.6818631294117647,1.9938713864705884,-0.03607393814071943,-7.421667887102992e-05,2.717937067552484,1.9939456031494593
2931.11,0.20504,-0.676388,2.638327952941176,1.9611962688235294,-0.036099320973072425,-9.953928057781104e-05,2.6744272739142483,1.9612958081041072
2931.93,0.109067,-0.418391,2.591386952941176,1.8982078570588234,-0.03612476138208995,-0.00012497129257989063,2.627511714323266,1.8983328283514034
2932.76,0.0620469,-0.262955,2.5590747176470585,1.7995952217647062,-0.03615057065646681,-0.00015082570127696558,2.595225288303525,1.7997460474659832
2933.58,0.0380361,-0.154299,2.5544023882352938,1.6709802805882354,-0.03617612686429828,-0.00017648033590043086,2.590578515099592,1.6711567609241358
2934.4,0.0244215,-0.067921,2.579416105882353,1.5079969276470586,-0.036201740584062614,-0.00020224684692195195,2.6156178464664155,1.5081991744939807
2935.23,0.0110947,0.00921717,2.6410465352941173,1.247408986470588,-0.03622772520381903,-0.00022844236569931472,2.6772742604979363,1.2476374288362873
2936.05,-0.0156638,0.0826084,0.07745083529411764,-0.3541568958823529,-0.036253454553361104,-0.0002544365222423551,0.11370428984747874,-0.35390245936011056
2936.87,-0.0760808,0.141551,0.01598401176470588,-0.2039307782352941,-0.036279241311002006,-0.00028054508181193493,0.05226325307570789,-0.20365023315348216
2937.7,-0.172903,0.140334,0.005210776470588234,-0.15191830764705883,-0.03630540095926487,-0.00030708941431992253,0.041516177429853106,-0.1516112182327389
2938.52,-0.234323,0.046907,0.01274530588235294,-0.13331995470588234,-0.036331303096417314,-0.00033343076533502367,0.04907660897877025,-0.13298652394054733
2939.35,-0.204226,-0.0636048,0.0313571294117647,-0.13157624882352942,-0.03635757942739976,-0.00036021249613695265,0.06771470883916447,-0.13121603632739245
2940.17,-0.129979,-0.134154,0.05736131176470588,-0.13931895470588235,-0.036383596729012556,-0.0003867901459142231,0.09374490849371844,-0.13893216455996812
2940.99,-0.0521028,-0.176227,0.08668789411764705,-0.1527442488235294,-0.03640967117148069,-0.0004134865511790063,0.12309756528912774,-0.1523307622723504
2941.82,0.0211473,-0.208705,0.11462051176470586,-0.17131142529411764,-0.03643612171564245,-0.0004406303662849724,0.1510566334803483,-0.17087079492783266
2942.64,0.0922731,-0.24162,0.1374014705882353,-0.19721608235294116,-0.03646231092487851,-0.00046756842688090976,0.1738637815131138,-0.19674851392606024
2943.47,0.165594,-0.278876,0.15317234117647058,-0.2337100470588235,-0.03648887747958574,-0.0004949586843867484,0.1896612186560563,-0.23321508837443675
2944.29,0.245141,-0.320088,0.16182805294117647,-0.28366645882352937,-0.0365151811367992,-0.0005221420505853009,0.19834323407797566,-0.28314431677294405
2945.12,0.333127,-0.360216,0.16371505294117647,-0.34893845882352936,-0.03654186335701056,-0.0005497824747899495,0.20025691629818704,-0.34838867634873943
2945.94,0.425468,-0.388748,0.15787640588235294,-0.43549651764705877,-0.03656828109876559,-0.0005772148553490706,0.19444468698111853,-0.4349193027917097
2946.77,0.504118,-0.394581,0.16222387647058822,-0.5635944705882353,-0.03659507859331287,-0.0006051092301021066,0.1988189550639011,-0.5629893613581332
2947.59,0.536588,-0.382529,0.24065558235294118,-0.6948895294117647,-0.03662161000966029,-0.0006327943929565487,0.27727719236260145,-0.6942567350188081
2948.42,0.499276,-0.383563,0.33281927647058823,-0.7543391176470589,-0.036648522339324134,-0.0006609465623504756,0.3694677988099124,-0.7536781710847084
2949.24,0.398371,-0.431162,0.3964647294117647,-0.7788662352941177,-0.03667516697186689,-0.0006888883352889129,0.4331398963836316,-0.7781773469588288
2950.07,0.252441,-0.537789,0.43632407647058824,-0.788785411764706,-0.03670219364738421,-0.0007173022043372606,0.47302627011797244,-0.7880681095603687
2950.89,0.0710663,-0.707708,0.4586050176470588,-0.7898805294117648,-0.036728950987274155,-0.000745504475664537,0.49533396863433293,-0.7891350249361002
2951.72,-0.140824,-0.96929,0.46710542941176464,-0.7838507647058823,-0.03675609146727502,-0.00077418401096378,0.5038615208790397,-0.7830765806949186
2952.54,-0.33358,-1.42458,0.4640363705882353,-0.7714279411764706,-0.03678296095313914,-0.0008026507301461881,0.5008193315413745,-0.7706252904463244
2953.37,-0.130319,-2.24127,0.45097242941176474,-0.7534967705882354,-0.03681021464201109,-0.0008315999605196804,0.4877826440537758,-0.7526651706277157
2954.19,1.20336,-2.36617,0.4299775470588235,-0.7313505235294118,-0.03683719565780476,-0.0008603351388112488,0.46681474271662826,-0.7304901883906005
2955.02,1.51468,-1.18687,0.40459242941176465,-0.7057810470588235,-0.036864561903482244,-0.0008895581559326721,0.4414569913152469,-0.7048914889028908
2955.85,1.10312,-0.625666,0.3793005058823529,-0.6754665764705883,-0.03689198450370455,-0.0009189204628706304,0.4161924903860575,-0.6745476560077176
2956.67,0.769882,-0.410246,0.35751581176470587,-0.6366741058823528,-0.036919131867944356,-0.0009480668259745661,0.39443494363265025,-0.6357260390563783
2957.5,0.54437,-0.297493,0.3399190294117647,-0.584405105882353,-0.03694666593365951,-0.0009777091891085086,0.37686569534542425,-0.5834273966932444
2958.33,0.389648,-0.217582,0.32216112941176467,-0.5144012235294118,-0.036974255770116496,-0.0010074940321884163,0.35913538518188115,-0.5133937294972233
2959.15,0.280953,-0.149028,0.2947548352941176,-0.43373669411764704,-0.03700156775898837,-0.00103706099731683,0.331756403053106,-0.4326996331203302
2959.98,0.203381,-0.0839181,0.2758613058823529,-0.3550699117647059,-0.03702926782879863,-0.0010671323113081383,0.31289057371115153,-0.3540027794533978
2960.8,0.147205,-0.0180948,0.2646413058823529,-0.23875791176470587,-0.037056688285701175,-0.0010969844362128272,0.3016979941680541,-0.23766092732849303
2961.63,0.105041,0.0521521,0.18876175294117647,-0.11206273529411766,-0.037084497686897824,-0.0011273465703307475,0.22584625062807429,-0.11093538872378692
2962.46,0.0693133,0.131783,0.10297130588235295,-0.049137852941176466,-0.037112361722548844,-0.0011578566606066125,0.1400836676049018,-0.047979996280569856
2963.28,0.0280312,0.22831,0.046808247058823534,-0.013178088235294112,-0.03713994344900564,-0.0011881455532025032,0.08394819050782917,-0.011989942682091609
2964.11,-0.0467043,0.350784,0.01348460000000001,0.015959764705882354,-0.03716791533023551,-0.0012189531241084258,0.050652515330235515,0.01717871782999078
2964.94,-0.230818,0.482358,-0.004985517647058815,0.043360235294117644,-0.03719594105779089,-0.0012499120391436529,0.032210423410732075,0.044610147333261296
2965.77,-0.606731,0.402007,-0.0135409294117647,0.06945441176470588,-0.03722402034912005,-0.0012810234490393578,0.02368309093735535,0.07073543521374523
2966.59,-0.65477,-0.0872447,-0.014755870588235286,0.09342505882352942,-0.037251813649541485,-0.001311910906429402,0.0224959430613062,0.09473696972995882
2967.42,-0.321059,-0.263966,-0.009773576470588229,0.11432712352941177,-0.03727999854532741,-0.0013433289199234416,0.027506422074739183,0.11567045244933521
2968.25,-0.0865924,-0.212352,0.0010590117647058875,0.1312720529411765,-0.0373082361019476,-0.0013749029172872456,0.038367247866653485,0.13264695585846376
2969.08,0.0562424,-0.117147,0.01792148235294118,0.14326804705882354,-0.037336525996932234,-0.0014066340832419033,0.05525800834987341,0.14467468114206544
2969.9,0.148348,-0.01435,0.041540641176470584,0.14893604705882352,-0.037364526120470885,-0.0014381384526744954,0.07890516729694147,0.150374185511498
2970.73,0.20338,0.0850975,0.07352680588235294,0.1461128117647059,-0.037392919062252186,-0.0014701856146255238,0.11091972494460513,0.14758299737933142
2971.56,0.230378,0.168315,0.11740176470588234,0.1313606176470588,-0.0374213633155498,-0.0015023935361713086,0.15482312802143214,0.13286301118323013
2972.39,0.244206,0.226019,0.181399,0.10071137058823529,-0.037449858514830764,-0.0015347634362908227,0.21884885851483077,0.1022461340245261
2973.21,0.260299,0.258473,0.27817141176470583,0.0600763705882353,-0.0374780600588825,-0.0015669036012547822,0.3156494718235883,0.06164327418949008
2974.04,0.28808,0.271417,0.38583317647058823,0.02115217647058823,-0.03750665540582358,-0.0015995991613163662,0.42333983187641183,0.022751775631904596
2974.87,0.331359,0.269969,0.46334576470588235,-0.050732176470588225,-0.03753530053828512,-0.0016324603935796741,0.5008810652441674,-0.049099716077008554
2975.7,0.391703,0.256084,0.4746719058823529,-0.15881794117647058,-0.03756399504431718,-0.0016654885514311058,0.5122359009266702,-0.15715245262503946
2976.53,0.470839,0.228139,0.41807247058823527,-0.25316694117647054,-0.03759273849977917,-0.001698684896892609,0.45566520908801444,-0.2514682562795779
2977.36,0.571796,0.180315,0.3323190588235294,-0.31411694117647054,-0.03762153046811163,-0.001732050700620076,0.36994058929164103,-0.31238489047585044
2978.19,0.69917,0.0999967,0.23924905882352937,-0.3515289705882353,-0.03765037050010473,-0.0017655872418994422,0.2768994293236341,-0.34976338334633583
2979.02,0.857135,-0.0386792,0.14311564705882351,-0.3750549705882352,-0.03767925813366284,-0.0017992958086400501,0.18079490519248637,-0.3732556747795952
2979.84,1.0384,-0.288788,0.03956941176470585,-0.39142491176470584,-0.037707844003440745,-0.001832768445171374,0.07727725576814659,-0.38959214331953446
2980.67,1.17548,-0.748956,-0.0790199411764706,-0.4128582647058823,-0.03773682484216127,-0.0018668228492649047,-0.041283116334309325,-0.4109914418566174
2981.5,0.996655,-1.486,-0.20372817647058825,-0.45967349999999996,-0.037765851822570265,-0.001901053178303334,-0.16596232464801797,-0.4577724468216966
2982.33,0.105952,-2.04981,-0.31148164705882353,-0.5243849117647059,-0.03779492442877119,-0.001935460754466432,-0.27368672263005234,-0.5224494510102395
2983.16,-0.905948,-1.72108,-0.40557476470588233,-0.5888676764705882,-0.03782404213075296,-0.001970046908483111,-0.36775072257512936,-0.5868976295621051
2983.99,-1.30946,-1.0505,-0.4962482352941177,-0.6487346764705881,-0.03785320438413219,-0.0020048129796074875,-0.4583950309099855,-0.6467298634909806
2984.82,-1.37881,-0.550907,-0.5904756470588235,-0.7045583235294117,-0.03788241062989171,-0.002039760315591719,-0.5525932364289318,-0.70251856321382
2985.65,-1.40389,-0.231627,-0.6933797647058824,-0.7575225411764706,-0.037911660294115024,-0.002074890272655357,-0.6554681044117674,-0.7554476509038152
2986.48,-1.51608,-0.05227,-0.8094635882352941,-0.8085572941176471,-0.03794095278771712,-0.0021102042154513955,-0.7715226354475769,-0.8064470899021957
2987.31,-1.75572,-0.105894,-0.9420741764705882,-0.858078,-0.03797028750617101,-0.002145703517028521,-0.9041038889644172,-0.8559322964829715
2988.14,-1.83196,-0.524442,-1.0878871176470588,-0.9058770588235293,-0.03799966382923052,-0.0021813895587897247,-1.0498874538178282,-0.9036956692647395
2988.97,-1.50045,-0.830125,-1.2169468235294119,-0.9551,-0.03802908112064893,-0.002217263730447042,-1.178917742408763,-0.9528827362695529
2989.8,-1.20788,-0.840123,-1.2494204705882352,-1.0297329411764706,-0.03805853872789366,-0.0022533274299723215,-1.2113619318603417,-1.0274796137464983
2990.63,-1.07061,-0.7896,-1.131764117647059,-1.1522017647058822,-0.03808803598185683,-0.0022895820635437736,-1.0936760816652022,-1.1499121826423384
2991.46,-1.03007,-0.768687,-0.9019788235294117,-1.3039188235294117,-0.03811757219656181,-0.002326029045488482,-0.8638612513328499,-1.3015927944839232
2992.29,-1.0502,-0.800395,-0.5803541176470588,-1.512904294117647,-0.038147146668865595,-0.00236266979822032,-0.5422069709781931,-1.5105416243194265
2993.12,-1.11629,-0.90627,-0.2135358823529412,-2.1255556470588237,-0.038176758678157,-0.0023995057521734326,-0.17535912367478418,-2.12315614130665
2993.95,-1.21598,-1.13064,-0.5007282352941176,-2.324773882352941,-0.03820640748605086,-0.0024365383457310374,-0.4625218278080667,-2.32233734400721
2994.78,-1.30334,-1.56154,-0.5651464705882353,-2.3665451764705883,-0.038236092336077894,-0.002473769025149403,-0.5269103782521574,-2.3640714074454388
2995.61,-1.19736,-2.32279,-0.5574923529411764,-2.3646404705882356,-0.038265812453370435,-0.002511199244476782,-0.5192265404878059,-2.362129271343759
2996.44,-0.4461,-3.31857,-0.5405352941176471,-2.338970294117647,-0.03829556704434406,-0.0025488304654673766,-0.502239727073303,-2.3364214636521794
2997.27,1.09421,-3.80305,-0.5264165882352941,-2.310136882352941,-0.03832535529637485,-0.002586664157489858,-0.4880912329389193,-2.307550218195451
2998.1,2.59689,-3.62969,-0.5129908823529411,-2.2830813529411764,-0.038355176377472516,-0.0026247017974304985,-0.47463570597546856,-2.280456651143746
2998.94,4.08881,-4.10366,-0.49890529411764706,-2.2570109411764703,-0.03838538930276438,-0.0026634068880416624,-0.4605199048148827,-2.2543475342884287
2999.77,4.83202,-10.6467,-0.4843542352941176,-2.2298192352941175,-0.03841527383626905,-0.0027018593862111343,-0.44593896145784856,-2.2271173759079064
3000.6,-6.39835,-3.43898,-0.4719491176470587,-2.198581058823529,-0.03844518857246543,-0.002740520325110338,-0.4335039290745933,-2.1958405384984188
3001.43,-2.85083,-0.816006,-0.47355558823529403,-2.15870894117647,-0.038475132598292494,-0.0027793912106966827,-0.43508045563700154,-2.1559295499657734
3002.26,-1.70184,-0.492062,-0.5824226470588234,-2.06762484117647,-0.038505104979620626,-0.002818473555871487,-0.5439175420792027,-2.0648063676205988
3003.09,-1.21218,-0.393732,-0.4604012352941176,-1.8470789588235292,-0.03853510476089933,-0.002857768880346583,-0.42186613053321825,-1.8442211899431826
3003.92,-0.967862,-0.349955,-0.4172444117647058,-1.6296761352941176,-0.038565130964800624,-0.0028972787105044093,-0.37867928079990515,-1.6267788565836132
3004.76,-0.842373,-0.329656,-0.4774636529411764,-1.3958663117647059,-0.03859554481049512,-0.0029374845275805797,-0.4388681081306813,-1.3929288272371254
3005.59,-0.790615,-0.32549,-0.632520894117647,-1.1771460529411764,-0.03862562112640623,-0.0029774306050216167,-0.5938952729912408,-1.1741686223361547
3006.42,-0.802832,-0.338136,-0.879535305882353,-0.9332386411764704,-0.03865572078593314,-0.003017595824468333,-0.8408795850964198,-0.930221045352002
3007.25,-0.905403,-0.375221,-1.1735927764705882,-0.3062779823529412,-0.038685842720706194,-0.0030579817375156406,-1.134906933749882,-0.30322000061542553
3008.09,-1.24329,-0.452814,-0.8101415999999999,-0.10479824705882354,-0.03871634913343336,-0.003099080517986836,-0.7714252508665665,-0.1016991665408367
3008.92,-3.15408,-0.0131103,-0.6586848941176471,-0.05904130588235294,-0.03874651255356848,-0.0031399152023868122,-0.6199383815640787,-0.055901390679966134
3009.75,0.877004,1.42649,-0.5787977176470588,-0.033846129411764694,-0.03877669488665497,-0.003180975288520522,-0.5400210227604039,-0.030665154123244172
3010.58,0.287566,0.377278,-0.533023188235294,-0.015987670588235296,-0.03880689496720654,-0.003222262350346838,-0.4942162932680875,-0.012765408237888458
3011.42,0.0704829,0.171717,-0.5094232470588236,-0.00169449411764706,-0.038837475756420325,-0.003264279554940941,-0.47058577130240326,0.001569785437293881
3012.25,-0.0390831,0.0885544,-0.5051610705882352,0.013921976470588248,-0.03886770791162035,-0.00330602809251785,-0.46629336267661486,0.017228004563106098
3013.08,-0.110435,0.042766,-0.5162923647058824,0.0445312117647059,-0.03889795415001059,-0.0033480083763621016,-0.4773944105558718,0.047879220141068
3013.91,-0.166957,0.0116312,-0.5158814235294117,0.09853232941176471,-0.03892821320265367,-0.0033902219994120532,-0.476953210326758,0.10192255141117676
3014.75,-0.21968,-0.0138245,-0.4888226588235294,0.15308421176470588,-0.03895884854433134,-0.003433183426039915,-0.44986381027919803,0.15651739519074578
3015.58,-0.276066,-0.038138,-0.4333085411764706,0.2017546823529412,-0.03898912942571374,-0.0034758713822227462,-0.39431941175075685,0.20523055373516394
3016.41,-0.343758,-0.063744,-0.2626690705882353,0.21574081764705882,-0.03901941913563833,-0.0035187974995539947,-0.22364965145259696,0.21925961514661282
3017.25,-0.434013,-0.0901382,-0.3281380117647059,0.13825722941176471,-0.03905008136084568,-0.003562484925269188,-0.2890879304038602,0.14181971433703391
3018.08,-0.566663,-0.106971,-0.3583644235294117,0.11710462352941177,-0.03908038462656845,-0.0036058951097747978,-0.3192840389028433,0.12071051863918657
3018.91,-0.769916,-0.064176,-0.37539306470588235,0.10360628235294118,-0.0391106924805855,-0.0036495483075231643,-0.33628237222529683,0.10725583066046435
3019.75,-0.979847,0.194867,-0.3857032941176471,0.0912142,-0.03914136866229336,-0.0036939765222216946,-0.34656192545535375,0.0949081765222217
3020.58,-0.795846,0.579883,-0.39181929411764704,0.07815678823529412,-0.039171681275367215,-0.00373812357382201,-0.35264761284227986,0.08189491180911614
3021.42,-0.445404,0.552161,-0.3950661176470588,0.0638086588235294,-0.03920235917765764,-0.003783054909425666,-0.35586375846940116,0.06759171373295507
3022.25,-0.29955,0.374584,-0.3963812941176471,0.04789133529411765,-0.039232670370029345,-0.0038277023731585666,-0.35714862374761774,0.051719037667276216
3023.09,-0.253209,0.224654,-0.3967411176470588,0.030195805882352947,-0.039263343612345875,-0.0038731434728096837,-0.3574777740347129,0.03406894935516263
3023.92,-0.235968,0.109269,-0.3978408823529411,0.010460805882352936,-0.039293646952775964,-0.003918297917042731,-0.35854723540016514,0.014379103799395667
3024.75,-0.226283,0.0176837,-0.40455329411764707,-0.010807123529411761,-0.039323943918422095,-0.003963706778608595,-0.365229350199225,-0.006843416750803166
3025.59,-0.219004,-0.0577548,-0.4293051764705882,-0.01630412352941176,-0.03935459769488232,-0.004009923428164551,-0.3899505787757059,-0.01229420010124721
3026.42,-0.214357,-0.122111,-0.4140212352941177,0.013761876470588234,-0.039384876695103224,-0.004055849108588092,-0.3746363585990145,0.017817725579176324
3027.26,-0.214407,-0.17921,-0.36803988235294116,0.013963582352941172,-0.03941550873595391,-0.0041025921274936645,-0.32862437361698726,0.018066174480434835
3028.09,-0.222153,-0.232287,-0.33130435294117644,-0.016310199999999997,-0.03944576267966274,-0.004149041192797652,-0.29185859026151373,-0.012161158807202345
3028.93,-0.242038,-0.284419,-0.3154827647058823,-0.048223537058823526,-0.03947636566905238,-0.004196317220473821,-0.27600639903682994,-0.0440272198383497
3029.76,-0.282183,-0.338962,-0.3083954705882353,-0.07115877235294117,-0.039506587187959186,-0.004243296223537081,-0.2688888834002761,-0.06691547612940409
3030.6,-0.362454,-0.399239,-0.3037284117647059,-0.08616951352941177,-0.039537153525714436,-0.004291111882269756,-0.2641912582389915,-0.08187840164714201
3031.43,-0.548124,-0.451693,-0.2993587058823529,-0.09543207235294118,-0.039567334966849235,-0.004338627355128384,-0.2597913709155037,-0.0910934449978128
3032.27,-0.987445,-0.20042,-0.29466717647058827,-0.10104034882352941,-0.03959785676089197,-0.004386989242021891,-0.2550693197096963,-0.09665335958150752
3033.1,-0.510089,0.446946,-0.28981141176470593,-0.10514353705882352,-0.03962799017910065,-0.004435047687661124,-0.25018342158560525,-0.1007084893711624
3033.94,-0.198164,0.198296,-0.2858727058823529,-0.11004094882352941,-0.03965845923784593,-0.004483962366064449,-0.24621424664450697,-0.10555698645746496
3034.77,-0.171342,0.0652287,-0.2856495294117647,-0.11776618411764707,-0.039688536388275845,-0.004532570249677865,-0.24596099302348884,-0.11323361386796921
3035.61,-0.176437,0.00963427,-0.2945574117647059,-0.1279785370588235,-0.039718944213028996,-0.004582044240060572,-0.2548384675516769,-0.12339649281876293
3036.45,-0.179066,-0.015315,-0.3178894117647059,-0.1334517723529412,-0.039749317926006354,-0.004631802009561937,-0.2781400938386996,-0.12881997034337928
3037.28,-0.173869,-0.0305286,-0.35088147058823527,-0.12209294882352942,-0.039779294320996014,-0.004681247750007899,-0.31110217626723924,-0.11741170107352152
3038.12,-0.161683,-0.0481945,-0.37920958823529416,-0.09077671352941177,-0.03980959343217658,-0.004731574529594073,-0.33939999480311756,-0.0860451389998177
3038.95,-0.146527,-0.077657,-0.38974176470588234,-0.045981125294117645,-0.0398394915593851,-0.004781585662067074,-0.34990227314649724,-0.04119953963205057
3039.79,-0.136456,-0.127509,-0.3667315294117647,-0.01141277235294118,-0.0398697067682296,-0.004832487821043672,-0.3268618226435351,-0.006580284531897507
3040.63,-0.147399,-0.205367,-0.3653075882352941,-0.013872125294117648,-0.039899876154240614,-0.0048836817753736324,-0.32540771208105346,-0.008988443518744015
3041.46,-0.210613,-0.310539,-0.37709976470588236,-0.002628713529411764,-0.03992963894654335,-0.004934554429310916,-0.337170125759339,0.0023058408998991517
3042.3,-0.373587,-0.405897,-0.3863912352941176,0.01432242176470588,-0.0399597098220448,-0.00498633318274329,-0.3464315254720728,0.019308754947449172
3043.14,-0.638682,-0.377464,-0.39200347058823526,0.03165322941176471,-0.039989727332934065,-0.005038408417040582,-0.3520137432553012,0.036691637828805294
3043.97,-0.843048,-0.145862,-0.3944821176470588,0.04708869999999999,-0.0400193325217202,-0.005090156424180646,-0.35446278512533863,0.05217885642418064
3044.81,-0.844032,0.133137,-0.3944897647058824,0.059848794117647056,-0.04004923613594651,-0.005142825656495117,-0.35444052856993585,0.06499161977414217
3045.65,-0.727171,0.309832,-0.3925564705882353,0.07010117647058824,-0.040079078446367405,-0.005195795933179149,-0.3524773921418679,0.07529697240376738
3046.48,-0.596271,0.387242,-0.38898765294117643,0.07872547647058822,-0.04010850258970006,-0.005248432764832624,-0.3488791503514764,0.08397390923542085
3047.32,-0.485882,0.405137,-0.38367173529411763,0.08717551176470588,-0.04013821481533919,-0.005302005973111969,-0.34353352047877844,0.09247751773781784
3048.16,-0.398631,0.389434,-0.3756107411764706,0.09733251176470588,-0.04016785738874287,-0.00535588464392916,-0.3354428837877277,0.10268839640863504
3048.99,-0.329297,0.353398,-0.3619818117647059,0.1109449588235294,-0.04019707583646919,-0.005409423342088351,-0.3217847359282367,0.11635438216561775
3049.83,-0.271845,0.304258,-0.3371337764705882,0.1274164294117647,-0.040226571312062954,-0.005463913564468979,-0.2969072051585252,0.1328803429762337
3050.67,-0.221203,0.247088,-0.2951776352941176,0.13916754705882353,-0.04025598836652859,-0.005518713496966036,-0.254921646927589,0.14468626055578956
3051.51,-0.173999,0.186393,-0.23956204705882353,0.13334607647058822,-0.040285323969509707,-0.0055738245183030504,-0.19927672308931382,0.13891990098889126
3052.34,-0.128817,0.126096,-0.18123863529411766,0.10438578235294119,-0.0403142273242651,-0.005628586337964,-0.14092440796985256,0.11001436869090518
3053.18,-0.0858571,0.0689561,-0.1169699294117647,0.044679194117647064,-0.04034339180042317,-0.005684319836032586,-0.07662653761134153,0.05036351395367965
3054.02,-0.0460854,0.0161416,-0.05362969411764705,0.06559554705882353,-0.0403724654788707,-0.00574036839999644,-0.013257228638776347,0.07133591545881997
3054.86,-0.0103621,-0.032698,-0.01704463529411765,0.04883354705882353,-0.040401445133179226,-0.005796733309327515,0.023356809839061576,0.05463028036815104
3055.7,0.0210788,-0.0791274,0.014536835294117647,0.02442218823529412,-0.04043032748693129,-0.005853415815730863,0.054967162781048934,0.03027560405102498
3056.53,0.0488296,-0.125882,0.04322371764705882,-0.0021486882352941133,-0.04045876717877384,-0.005909736674894686,0.08368248482583265,0.0037610484396005724
3057.37,0.0745724,-0.177695,0.07023442352941175,-0.028694099999999993,-0.04048744615893088,-0.0059670541968493765,0.11072186968834263,-0.022727045803150617
3058.21,0.102417,-0.244827,0.09655583529411764,-0.053989394117647055,-0.040516017747538324,-0.006024692878517389,0.13707185304165598,-0.047964701239129666
3059.05,0.147466,-0.359188,0.12309448235294118,-0.07714674705882353,-0.04054447846600251,-0.006082653848550802,0.1636389608189437,-0.07106409321027272
3059.89,0.365397,-0.70518,0.15067801176470588,-0.09727915882352942,-0.0405728247844199,-0.0061409382015161565,0.19125083654912578,-0.09113822062201327
3060.73,0.480513,0.74282,0.17985060588235294,-0.11330981176470589,-0.04060105312137073,-0.0061995469965414034,0.22045165900372365,-0.10711026476816449
3061.56,0.136064,0.120183,0.2105070411764706,-0.12408714117647059,-0.0406288259694869,-0.006257777739508059,0.2511358671459575,-0.11782936343696253
3062.4,0.138254,-0.0255591,0.24173728235294117,-0.12890343529411766,-0.0406568089058179,-0.006317034555414483,0.2823940912587591,-0.12258640073870318
3063.24,0.15838,-0.0983069,0.2722017647058823,-0.12798352352941178,-0.04068466285039072,-0.006376618753156042,0.31288642755627305,-0.12160690477625574
3064.08,0.187337,-0.147014,0.3006782588235294,-0.12238805294117647,-0.040712384014732726,-0.006436531236483899,0.3413906428382621,-0.11595152170469257
3064.92,0.226261,-0.182932,0.3261517058823529,-0.11339768235294116,-0.04073996855817574,-0.006496772866519607,0.36689167444052867,-0.10690090948642156
3065.76,0.277158,-0.207282,0.34731829411764703,-0.10162388823529411,-0.04076741258779849,-0.0065573444602242915,0.3880857067054455,-0.09506654377506982
3066.6,0.340103,-0.216155,0.36147547058823526,-0.08512847647058823,-0.040794712158398166,-0.0066182467888377125,0.4022701827466334,-0.07851022968175052
3067.44,0.410077,-0.203565,0.3562425882352941,-0.04964941764705882,-0.04082186327249258,-0.0066794805762875045,0.3970644515077867,-0.04296993707077131
3068.28,0.475074,-0.167073,0.3358316470588235,-0.09802189411764706,-0.040848861880354054,-0.006741046497568161,0.3766805089391776,-0.0912808476200789
3069.12,0.520552,-0.114575,0.3270779705882353,-0.10417827647058824,-0.04087570388007659,-0.006802945177090398,0.3679536744683119,-0.09737533129349783
3069.96,0.538975,-0.0634889,0.31124549999999995,-0.0914943294117647,-0.040902385117677804,-0.006865177187000743,0.35214788511767775,-0.08462915222476396
3070.8,0.53293,-0.030759,0.2899019705882353,-0.05912380588235295,-0.040928901387236774,-0.006927743045471171,0.33083087197547206,-0.05219606283688178
3071.64,0.507621,-0.0248587,0.2657636764705882,8.289999999999687e-05,-0.04095524843106967,-0.006990643214959589,0.30671892490165786,0.007073543214959586
3072.48,0.462249,-0.0446725,0.24564738235294117,0.10905419411764707,-0.04098142193994449,-0.007053878100441075,0.2866288042928857,0.11610807221808814
3073.32,0.388138,-0.078766,0.31089926470588236,0.3915554882352942,-0.04100741755333631,-0.0071174480476098485,0.3519066822592187,0.398672936282904
3074.16,0.276438,-0.102036,0.444493794117647,0.09749519411764708,-0.04103323085972503,-0.00718135334105292,0.48552702497737205,0.1046765474587
3075.0,0.133527,-0.0795121,0.4275780882352941,-0.01069039411764705,-0.041058857396936835,-0.007245594202395466,0.4686369456322309,-0.0034447999152515847
3075.84,-0.0127485,0.0155245,0.3929438529411764,-0.07187021764705884,-0.04108429265253123,-0.007310170788418047,0.4340281455937076,-0.0645600468586408
3076.68,-0.130898,0.190068,0.3520403235294117,-0.11321315882352942,-0.04110953206423522,-0.007375083189146793,0.39314985559364696,-0.10583807563438263
3077.52,-0.20446,0.451992,0.3090756764705882,-0.1436105176470588,-0.04113457102042659,-0.007440331425916748,0.3502102474910148,-0.13617018622114205
3078.36,-0.223014,0.8595,0.2665641470588235,-0.16607281176470579,-0.04115940486066751,-0.007505915449408705,0.30772355191949097,-0.15856689631529708
3079.2,-0.115716,1.66958,0.2262217352941176,-0.18120724117647055,-0.04118402887629078,-0.007571835137660764,0.2674057641704084,-0.17363540603880978
3080.04,1.38644,4.59524,0.18959185294117642,-0.1887999176470588,-0.0412084383110402,-0.007638090294055089,0.23080029125221663,-0.1811618273530037
3080.89,2.61121,-5.21518,0.15859244117647053,-0.18885056470588235,-0.041232914997615326,-0.0077054754051742586,0.19982535617408587,-0.1811450893007081
3081.73,0.12251,-2.04272,0.13554997058823529,-0.1825907094117647,-0.0412568781161951,-0.00777240458294338,0.1768068487044304,-0.17481830482882132
3082.57,-0.113708,-1.20713,0.12231388235294113,-0.1731838388235294,-0.04128061204831361,-0.007839668164926912,0.16359449440125473,-0.1653441706586025
3083.41,-0.174808,-0.817405,0.11901098235294116,-0.16530951529411764,-0.04130411185438561,-0.007907265634281735,0.16031509420732676,-0.1574022496598359
3084.25,-0.191424,-0.580244,0.12386765294117644,-0.16403522117647054,-0.04132737255132686,-0.00797519638907452,0.1651950254925033,-0.15606002478739603
3085.09,-0.189766,-0.412618,0.13415276470588233,-0.17485804470588237,-0.04135038911355904,-0.008043459740138252,0.17550315381944137,-0.1668145849657441
3085.94,-0.1782,-0.282144,0.1466104411764706,-0.20660557411764705,-0.041373425992494904,-0.008112873513259925,0.1879838671689655,-0.19849270060438712
3086.78,-0.160459,-0.173748,0.15400603529411766,-0.2830061623529412,-0.04139593598561832,-0.008181803563843836,0.19540197127973596,-0.27482435878909733
3087.62,-0.138852,-0.079627,0.07482041176470589,-0.5281017505882353,-0.04141818646190684,-0.0082510635860582,0.11623859822661273,-0.5198506870021771
3088.46,-0.115284,0.00438154,-0.07326772941176471,-0.19131016235294118,-0.041440172236787864,-0.008320652518880879,-0.031827557174976845,-0.18298950983406032
3089.3,-0.0914865,0.0804047,-0.06774361176470588,-0.03215716235294118,-0.041461888089283756,-0.008390569203076731,-0.02628172367542212,-0.02376659314986445
3090.15,-0.0688978,0.149388,-0.019268611764705887,0.1030881317647059,-0.0414835823307722,-0.008461650568394397,0.022214970566066312,0.1115497823331003
3090.99,-0.0483346,0.211731,0.05997715294117648,-0.06503980941176471,-0.04150473916632594,-0.008532222735595542,0.10148189210750241,-0.05650758667616917
3091.83,-0.0296131,0.268004,0.044259917647058826,-0.06761657411764707,-0.04152561014938107,-0.008603118546767768,0.08578552779643989,-0.0590134555708793
3092.67,-0.0112335,0.319792,0.03423103529411765,-0.057206574117647055,-0.041546189928176165,-0.008674336426191316,0.07577722522229381,-0.04853223769145574
3093.51,0.0100091,0.37077,0.025934211764705884,-0.04600957999999998,-0.04156647312256786,-0.008745874688709276,0.06750068488727375,-0.0372637053112907
3094.36,0.0402844,0.428615,0.01747903529411764,-0.036311694117647064,-0.04158669035647116,-0.008818588887474924,0.059065725650588805,-0.027493105230172142
3095.2,0.0937116,0.510277,0.00791803529411765,-0.0282576470588235,-0.0416063604448573,-0.00889076616969789,0.04952439573897495,-0.01936688088912561
3096.04,0.21642,0.662881,-0.0030060823529411834,-0.02109814941176469,-0.04162571759204339,-0.008963258075624009,0.03861963523910221,-0.01213489133614068
3096.89,0.710367,1.09204,-0.014606935294117652,-0.01358071999999999,-0.041644981035057205,-0.009036931050420293,0.027038045740939553,-0.004543788949579698
3097.73,1.17237,-3.67558,-0.024763182352941157,-0.004681425882352944,-0.04166369196903843,-0.009110049321632169,0.01690050961609727,0.004428623439279225
3098.57,-0.458617,-0.624049,-0.030277735294117633,0.004757162352941172,-0.04168207342049799,-0.009183475382897842,0.011404338126380358,0.013940637735839014
3099.42,-0.360257,-0.235648,-0.02948258823529413,0.011319750588235297,-0.04170033266580251,-0.00925808629956342,0.012217744430508382,0.02057783688779872
3100.26,-0.319246,-0.0917951,-0.02404693529411766,0.011743044705882333,-0.041718034487526916,-0.009332123849516849,0.017671099193409257,0.021075168555399183
3101.1,-0.304197,-0.00888394,-0.016953941176470592,0.005026632941176459,-0.04173539016419343,-0.00940646122137629,0.024781448987722835,0.01443309416255275
3101.95,-0.301389,0.0572918,-0.010665905882352934,-0.008697484705882386,-0.04175259443645748,-0.009481985788252566,0.031086688554104545,0.0007845010823701801
3102.79,-0.300994,0.126093,-0.007467176470588224,-0.029969602352941216,-0.041769236892993736,-0.0095569174302769,0.03430206042240551,-0.020412684922664313
3103.63,-0.288701,0.208201,-0.011777411764705883,-0.062257425882352974,-0.04178551649216205,-0.00963213973293817,0.030008104727456165,-0.05262528614941481
3104.48,-0.241554,0.300676,-0.04550988235294118,-0.12135178470588237,-0.04180161486531887,-0.009708550022294777,-0.003708267487622305,-0.1116432346835876
3105.32,-0.142082,0.372187,-0.10675229411764707,0.09871495647058824,-0.04181714763229888,-0.009784346918997053,-0.06493514648534819,0.1084993033895853
3106.17,-0.0160956,0.379568,-0.07233623529411765,0.13808990352941178,-0.04183247894696797,-0.009861331419134754,-0.030503756347149677,0.14795123494854653
3107.01,0.0811726,0.326988,-0.044011588235294115,0.15336283294117647,-0.04184724250066732,-0.009937688342710098,-0.002164345734626795,0.16330052128388658
3107.86,0.13059,0.256591,-0.018648588235294118,0.15876883917647058,-0.04186178416318362,-0.010015231721507816,0.0232131959278895,0.1687840708979784
3108.7,0.147181,0.195305,0.004732694117647058,0.15795079447058824,-0.0418757562431532,-0.01009213292814718,0.04660845036080026,0.16804292739873541
3109.55,0.14809,0.148651,0.026378970588235295,0.1524936885882353,-0.04188948581113291,-0.010170218647887207,0.06826845639936821,0.1626639072361225
3110.39,0.143146,0.113988,0.04658377058823529,0.14302010035294116,-0.041902644336194214,-0.010247647188090382,0.0884864149244295,0.15326774754103153
3111.23,0.136915,0.0874359,0.06518041176470588,0.1291022885882353,-0.04191539034783823,-0.010325331148206897,0.1070958021125441,0.1394276197364422
3112.08,0.131249,0.0655546,0.0805683705882353,0.11011700623529412,-0.04192786271024842,-0.010404195168760639,0.12249623329848372,0.12052120140405476
3112.93,0.126456,0.0453251,0.08994760588235294,0.08716740035294117,-0.041939901676729265,-0.0104833109953825,0.1318875075590822,0.09765071134832366
3113.77,0.121262,0.0239918,0.09193338235294118,0.06389102388235293,-0.041951367880663656,-0.010561738399309538,0.13388475023360485,0.07445276228166248
3114.61,0.111925,0.000107006,0.08834588235294116,0.043694153294117646,-0.04196240025965473,-0.01064040158301542,0.1303082826125959,0.05433455487713307
3115.46,0.0932848,-0.0227907,0.08211561764705883,0.027506323882352943,-0.041973117085947295,-0.01072023584673442,0.12408873473300612,0.03822655972908737
3116.3,0.0665977,-0.035479,0.07528228235294118,0.014655076823529413,-0.041983261031470064,-0.010799357245437586,0.11726554338441125,0.025454434068966997
3117.15,0.0424876,-0.034958,0.06886161764705884,0.004102094470588236,-0.0419930684333881,-0.010879643876905662,0.11085468608044693,0.014981738347493898
3118.0,0.0274419,-0.0284018,0.06324801764705881,-0.005098023176470587,-0.04200241067836579,-0.010960149193793426,0.10525042832542461,0.005862126017322839
3118.84,0.0200413,-0.0220738,0.05847268823529412,-0.013731752588235295,-0.042011181051930024,-0.011039916222421911,0.10048386928722414,-0.0026918363658133843
3119.69,0.017365,-0.0179563,0.05429218823529411,-0.022419446705882355,-0.042019583410843046,-0.01112083792937312,0.09631177164613716,-0.011298608776509235
3120.53,0.0176626,-0.0161304,0.050221247058823526,-0.03154162905882353,-0.04202741525213938,-0.011201003958033338,0.0922486623109629,-0.020340625100790193
3121.38,0.0201851,-0.0163588,0.045646888235294114,-0.04109720552941176,-0.042034858261806,-0.011282316437634245,0.08768174649710012,-0.029814889091777517
3122.23,0.0246755,-0.0186021,0.04012622352941177,-0.05064438235294118,-0.04204181163311714,-0.011363815352151831,0.08216803516252891,-0.03928056700078934
3123.07,0.0310143,-0.0231662,0.03370572941176471,-0.05959387058823529,-0.04204819763365503,-0.011444531770969987,0.07575392704541974,-0.0481493388172653
3123.92,0.0389387,-0.0307497,0.026736670588235294,-0.06770563529411766,-0.04205416382972322,-0.011526380420082123,0.06879083441795851,-0.056179254874035536
3124.76,0.0477148,-0.042414,0.01937495294117647,-0.0749734588235294,-0.042059565540286295,-0.011607428300631849,0.061434518481462766,-0.06336603052289755
3125.61,0.0557344,-0.0593375,0.011714370588235294,-0.08126064705882352,-0.04206452712804422,-0.01168959769411617,0.053778897716279514,-0.06957104936470734
3126.46,0.0601805,-0.0821362,0.00401570588235294,-0.08647042352941176,-0.04206897715350346,-0.011771917029108313,0.0460846830358564,-0.07469850650030344
3127.31,0.05725,-0.109752,-0.003450941176470589,-0.09072991764705882,-0.04207291158431908,-0.011854378464312157,0.03862197040784849,-0.07887553918274666
3128.15,0.0434979,-0.138453,-0.010593329411764706,-0.09430955882352941,-0.042076289386040036,-0.011936001530265576,0.03148295997427533,-0.08237355729326384
3129.0,0.0180737,-0.162195,-0.01752289411764706,-0.09746299411764706,-0.042079187270784225,-0.012018721538356973,0.024556293153137166,-0.08544427257929008
3129.85,-0.0158636,-0.174932,-0.02448204705882353,-0.10032920000000001,-0.04208155836613247,-0.012101559219627425,0.01759951130730894,-0.08822764078037258
3130.69,-0.0518763,-0.173379,-0.03176288823529412,-0.10290224705882353,-0.042083380670887065,-0.012183529624864273,0.010320492435592944,-0.09071871743395926
3131.54,-0.0826616,-0.158511,-0.0396449294117647,-0.10502758235294118,-0.04208469433013191,-0.012266575852089703,0.0024397649183672057,-0.09276100650085148
3132.39,-0.102788,-0.135284,-0.048339564705882354,-0.10640069411764705,-0.04208547141952546,-0.012349713867494968,-0.006254093286356892,-0.09405098025015209
3133.24,-0.110836,-0.11064,-0.05791970588235294,-0.10657059411764705,-0.04208570901216446,-0.0124329346927693,-0.01583399687018848,-0.09413765942487776
3134.08,-0.109568,-0.0903677,-0.0682245,-0.10497576470588235,-0.042085411111886566,-0.012515248867342217,-0.026139088888113428,-0.09246051583854013
3134.93,-0.103758,-0.0769843,-0.07876055882352942,-0.10104931764705882,-0.04208456809843481,-0.012598607060252454,-0.03667599072509461,-0.08845071058680637
3135.78,-0.0976175,-0.0699672,-0.08866161176470588,-0.09440832352941178,-0.04208317796777717,-0.012682020326190886,-0.04657843379692871,-0.0817263032032209
3136.63,-0.0936301,-0.0673276,-0.09677577058823529,-0.08508376764705883,-0.04208123856856997,-0.012765479089876644,-0.05469453201966532,-0.07231828855718218
3137.47,-0.09276,-0.066908,-0.10189955882352941,-0.07370244411764706,-0.04207878047291336,-0.012847991175900322,-0.059820778350616055,-0.06085445294174674
3138.32,-0.095056,-0.0668804,-0.10314441176470587,-0.06153446176470588,-0.042075743447696316,-0.012931511401155782,-0.06106866831700956,-0.0486029503635501
3139.17,-0.100094,-0.0657569,-0.10035650588235294,-0.050272073529411765,-0.0420721520091159,-0.013015047685369527,-0.05828435387323704,-0.03725702584404224
3140.02,-0.107128,-0.0622258,-0.0943164365882353,-0.041483614705882355,-0.04206800488708031,-0.013098589914599635,-0.052248431701154986,-0.02838502479128272
3140.87,-0.115001,-0.0550241,-0.08645331894117647,-0.03604929705882353,-0.04206330104888003,-0.013182127850979612,-0.04439001789229644,-0.02286716920784392
3141.72,-0.121863,-0.0430024,-0.07827169541176471,-0.03400716764705882,-0.042058039705679166,-0.013265651137735677,-0.03621365570608554,-0.020741516509323144
3142.56,-0.12482,-0.0255561,-0.07093774835294117,-0.03480052647058823,-0.04205229202764476,-0.013348167159790876,-0.02888545632529641,-0.021452359310797357
3143.41,-0.119867,-0.00367755,-0.06517592029411765,-0.03760433823529412,-0.042045920884649264,-0.013431630109998757,-0.02312999940946838,-0.024172708125295362
3144.26,-0.102968,0.0185505,-0.061331602647058815,-0.04152783235294118,-0.04203899139592352,-0.013515046807444354,-0.019292611251135294,-0.028012785545496823
3145.11,-0.0730388,0.0334767,-0.05944137911764706,-0.045701832352941174,-0.042031503808359585,-0.01359840647664241,-0.017409875309287476,-0.03210342587629876
3145.96,-0.0352672,0.0329496,-0.059261085000000005,-0.04933604411764706,-0.042023458643896824,-0.013681698252462574,-0.01723762635610318,-0.035654345865184484
3146.81,-0.000106822,0.0141198,-0.06028232029411765,-0.05180299117647059,-0.04201485670544566,-0.013764911186852614,-0.018267463588671984,-0.03803807998961797
3147.66,0.022837,-0.0182566,-0.06179220264705883,-0.05275183823529411,-0.04200569908267327,-0.013848034255848593,-0.019786503564385556,-0.03890380397944552
3148.51,0.0295196,-0.0556515,-0.06300837911764706,-0.052204479411764704,-0.041995987157638325,-0.013931056366870814,-0.021012391960008737,-0.03827342304489389
3149.36,0.0209191,-0.0904714,-0.06327314382352942,-0.050574567647058824,-0.041985722610261685,-0.014013966366303797,-0.02128742121326773,-0.03656060128075503
3150.21,0.000333577,-0.117632,-0.062251496764705885,-0.04857770294117647,-0.04197490742361963,-0.014096753047358933,-0.020276589341086254,-0.03448094989381754
3151.06,-0.0282767,-0.134027,-0.06007487323529412,-0.0470318294117647,-0.04196354388904645,-0.014179405158216061,-0.018111329346247672,-0.032852424253548645
3151.91,-0.0606262,-0.137866,-0.05736095558823529,-0.04656855294117647,-0.04195163461103257,-0.01426191141044144,-0.015409320977202719,-0.03230664153073503
3152.76,-0.091991,-0.128662,-0.055024449705882356,-0.047338717647058826,-0.04193918251190505,-0.014344260487677755,-0.013085267193977304,-0.03299445715938107
3153.61,-0.117455,-0.107695,-0.05388307911764706,-0.04891491176470588,-0.041926190836276474,-0.014426441054601308,-0.011956888281370585,-0.03448847071010457
3154.46,-0.132796,-0.0783562,-0.05431436605882353,-0.05053180588235294,-0.04191266315524897,-0.014508441766141677,-0.012401702903574563,-0.036023364116211265
3155.31,-0.135676,-0.045719,-0.05623676370588235,-0.051451123529411766,-0.041898603370359624,-0.014590251276956963,-0.014338160335522723,-0.0368608722524548
3156.16,-0.126364,-0.0152939,-0.059299628411764706,-0.05112616470588235,-0.04188401571725387,-0.014671858251158446,-0.017415612694510835,-0.0364543064547239
3157.01,-0.107452,0.0083906,-0.06299290488235294,-0.049191182352941176,-0.041868904769073574,-0.01475325137227704,-0.02112400011327937,-0.03443793098066414
3157.86,-0.0828644,0.0226023,-0.06665782117647058,-0.04549502352941177,-0.04185327543954647,-0.014834419353463118,-0.02480454573692411,-0.03066060417594865
3158.71,-0.0568314,0.0264262,-0.06956516823529413,-0.04020675294117647,-0.04183713298576409,-0.014915350947911521,-0.02772803524953004,-0.025291401993264948
3159.56,-0.0333182,0.0203839,-0.07110289764705882,-0.03385445882352941,-0.0418204830106352,-0.014996034959501194,-0.029282414636423622,-0.018858423864028216
3160.41,-0.0158639,0.0061543,-0.07096680352941176,-0.027222899999999998,-0.04180333146500251,-0.015076460253639843,-0.02916347206440925,-0.012146439746360154
3161.26,-0.0074387,-0.0133674,-0.06925486823529411,-0.021156591764705884,-0.04178568464941014,-0.015156615768302361,-0.027469183585883974,-0.005999975996403523
3162.11,-0.00984376,-0.033885,-0.06643904470588236,-0.01634904764705882,-0.041767549215510305,-0.015236490525250999,-0.02467149549037205,-0.0011125571218078226
3162.96,-0.0225491,-0.0501272,-0.06323603294117647,-0.013187933529411765,-0.04174893216709744,-0.01531607364142555,-0.021487100774079025,0.0021281401120137843
3163.81,-0.0418666,-0.0575767,-0.06043218,-0.011696427647058824,-0.041729840860759114,-0.015395354340489564,-0.018702339139240888,0.00369892669343074
3164.66,-0.06197,-0.0547973,-0.058729668235294116,-0.011564421764705882,-0.041710283006132845,-0.015474321964519342,-0.01701938522916127,0.00390990019981346
3165.52,-0.0777016,-0.0441264,-0.05864736235294117,-0.01221821,-0.041690028483934945,-0.01555388924206465,-0.016957333869006226,0.003335679242064649
3166.37,-0.0867676,-0.029877,-0.06045108588235294,-0.012877286470588233,-0.04166955682923069,-0.015632195284624582,-0.018781529053122255,0.002754908814036349
3167.22,-0.0896774,-0.0159255,-0.06404292705882353,-0.012612945294117646,-0.04164864397512326,-0.01571015698817431,-0.02239428308370027,0.0030972116940566636
3168.07,-0.0883521,-0.00456776,-0.06880443294117647,-0.010536086470588235,-0.041627299041909434,-0.01578776428969334,-0.027177133899267035,0.005251677819105106
3168.92,-0.084927,0.00337205,-0.07362179176470587,-0.006194339411764706,-0.04160553149795768,-0.01586500730477394,-0.03201626026674819,0.009670667893009233
3169.77,-0.0812248,0.00801994,-0.07730809411764707,0.00014756647058823463,-0.04158335115740723,-0.01594187633984155,-0.035724742960239836,0.016089442810429785
3170.63,-0.0786985,0.0100617,-0.07906928823529412,0.0076843252941176474,-0.04156050014052829,-0.016019259415091042,-0.03750878809476583,0.02370358470920869
3171.48,-0.0785093,0.0106347,-0.07864359411764707,0.015434631176470589,-0.041537520468445485,-0.01609534755915321,-0.037106073649201585,0.0315299787356238
3172.33,-0.0814652,0.0114879,-0.07623495294117646,0.022513201764705882,-0.041514159616439575,-0.016171033804959888,-0.03472079332473689,0.03868423556966577
3173.18,-0.0874947,0.0152219,-0.07236181176470588,0.02830358411764706,-0.04149042875351633,-0.01624630934766044,-0.03087138301118955,0.044549893465307494
3174.03,-0.0943795,0.0248777,-0.06766113529411764,0.03251540176470588,-0.04146633937603867,-0.01632116563453832,-0.026194795918078974,0.048836567399244205
3174.89,-0.0968095,0.0414609,-0.0627336317647059,0.035126666470588236,-0.04144161380418231,-0.01639646743257398,-0.02129201796052358,0.05152313390316222
3175.74,-0.0893338,0.0604423,-0.05808081411764707,0.03628674058823529,-0.04141683930775059,-0.016470455447906318,-0.016663974809896474,0.05275719603614161
3176.59,-0.0725109,0.0739274,-0.05410793764705883,0.036252268823529415,-0.0413917428451836,-0.01654400009358871,-0.012716194801875233,0.052796268917118125
3177.45,-0.0524894,0.0779977,-0.05113419647058824,0.03538032,-0.041366036491621225,-0.0166179511652729,-0.009768159978967017,0.0519982711652729
3178.3,-0.0346298,0.0741785,-0.04934931411764706,0.03415391411764706,-0.04134033125038687,-0.016690581693901266,-0.008008982867260185,0.050844495811548325
3179.15,-0.0210231,0.0655384,-0.04868741411764706,0.03315504882352941,-0.04131434334773127,-0.016762747460279216,-0.007373070769915786,0.04991779628380863
3180.01,-0.0118582,0.0543101,-0.04870708470588235,0.03287100058823529,-0.04128777595874109,-0.016835282653606877,-0.007419308747141258,0.04970628324184217
3180.86,-0.0068561,0.0417239,-0.0486978611764706,0.03337948294117647,-0.04126126096759628,-0.016906494249690558,-0.007436600208874315,0.050285977190867026
3181.71,-0.00590984,0.028466,-0.04807710235294117,0.034213500588235295,-0.041234505173669785,-0.016977222724815916,-0.006842597179271388,0.05119072331305121
3182.56,-0.0092542,0.0151535,-0.04678976705882353,0.03462777117647059,-0.04120752299997795,-0.017047462705596348,-0.005582244058845581,0.051675233882066934
3183.42,-0.0173881,0.00278603,-0.045330437647058824,0.03412377117647059,-0.041180007986533596,-0.017118026787306267,-0.004150429660525229,0.051241797963776856
3184.27,-0.0306712,-0.00680319,-0.04430028470588235,0.03274671235294118,-0.041152615069751014,-0.017187269293536644,-0.003147669636131334,0.049933981646477825
3185.13,-0.0483555,-0.0107872,-0.043997702352941176,0.030863929999999998,-0.04112471523167677,-0.017256815145329302,-0.0028729871212644087,0.0481207451453293
3185.98,-0.067257,-0.00634601,-0.04442138470588235,0.028825706470588235,-0.04109697280445967,-0.017325043162840382,-0.003324411901422679,0.04615074963342862
3186.83,-0.0817996,0.00665908,-0.04544590235294117,0.026854259411764704,-0.04106907996040107,-0.01739276160299392,-0.0043768223925401,0.04424702101475862
3187.69,-0.0873379,0.0238661,-0.046928996470588236,0.02508071823529412,-0.04104072196906626,-0.017460755108393844,-0.005888274501521976,0.04254147334368796
3188.54,-0.0838266,0.039056,-0.04873669647058823,0.02360041823529412,-0.04101257439854135,-0.0175274398911054,-0.007724122072046882,0.04112785812639952
3189.4,-0.0749248,0.0485035,-0.05072494117647059,0.022506757058823528,-0.04098399145774924,-0.017594382876021813,-0.009740949718721352,0.04010113993484534
3190.25,-0.0645252,0.0518743,-0.052699229411764706,0.021893056470588233,-0.040955654272018464,-0.017660025609031925,-0.011743575139746242,0.03955308207962016
3191.1,-0.0549983,0.0505174,-0.054372041176470584,0.02180591588235294,-0.04092724743983003,-0.01772514837625091,-0.01344479373664055,0.03953106425860385
3191.96,-0.0473455,0.0459904,-0.05536812941176471,0.02214178,-0.040898452403739176,-0.017790507397651464,-0.014469677008025532,0.039932287397651464
3192.81,-0.0418324,0.0395287,-0.05534208235294118,0.022543171764705883,-0.040869955609492324,-0.01785458246012156,-0.014472126743448853,0.04039775422482744
3193.67,-0.0384399,0.0320238,-0.054193235294117646,0.022418160588235293,-0.04084110370532711,-0.017918881461507784,-0.013352131588790533,0.040337042049743074
3194.52,-0.0370708,0.0241599,-0.05222892352941177,0.021160420588235293,-0.04081258464868445,-0.01798190980827985,-0.011416338880727316,0.03914233039651514
3195.38,-0.037587,0.0165588,-0.050084270588235294,0.01845733823529412,-0.040783744726773805,-0.01804515176310075,-0.00930052586146149,0.03650248999839487
3196.23,-0.03971,0.00987376,-0.04842029411764706,0.014409538235294119,-0.040755271749329254,-0.018107138302049502,-0.007665022368317807,0.03251667653734362
3197.09,-0.0428171,0.00472059,-0.04768766470588235,0.00938109117647059,-0.04072651319062109,-0.018169330185483824,-0.006961151515261263,0.027550421361954413
3197.95,-0.0458259,0.00130464,-0.048103335294117644,0.0037987970588235307,-0.04069782187303863,-0.01823099787804813,-0.007405513421079014,0.022029794936871662
3198.8,-0.0476047,-0.0010935,-0.049729911764705884,-0.0019424735294117641,-0.040669547513423644,-0.018291436661873106,-0.00906036425128224,0.01634896313246134
3199.66,-0.0479127,-0.00396354,-0.0525376,-0.007485638235294117,-0.0406410422983933,-0.018352072422078876,-0.011896557701606698,0.010866434186784759
3200.51,-0.0477266,-0.0084712,-0.05641557647058824,-0.01249335588235294,-0.04061298631736578,-0.018411499271255433,-0.015802590153222454,0.0059181433889024925
3201.37,-0.0484063,-0.0147225,-0.06114681764705883,-0.01665199705882353,-0.04058473684304701,-0.018471120319788575,-0.02056208080401182,0.0018191232609650436
3202.22,-0.0508788,-0.0220863,-0.06638271176470589,-0.019721814705882353,-0.040556967934998085,-0.01852955429927993,-0.025825743829707808,-0.0011922604066024224
3203.08,-0.055539,-0.0297566,-0.07166606470588235,-0.02162395588235294,-0.04052904350537727,-0.018588181996098335,-0.031137021200505086,-0.0030357738862546065
3203.93,-0.0624701,-0.0369801,-0.0765333,-0.022507981764705882,-0.04050162991011745,-0.01864564626402398,-0.03603167008988255,-0.0038623355006819
3204.79,-0.0715916,-0.0430247,-0.08065964705882353,-0.022729621411764704,-0.04047409924349127,-0.018703306107997666,-0.04018554781533226,-0.004026315303767038
3205.65,-0.0826501,-0.0470842,-0.08396018235294117,-0.022727926117647058,-0.04044679232633144,-0.018760490132854597,-0.04351339002660973,-0.003967435984792461
3206.5,-0.0950762,-0.0482434,-0.08658268235294117,-0.022864520235294117,-0.040420039476033925,-0.01881654951743417,-0.046162642876907245,-0.0040479707178599465
3207.36,-0.107758,-0.0456025,-0.08879822352941176,-0.023318400235294117,-0.040393227948481596,-0.018872811752611334,-0.048404995580930164,-0.004445588482682783
3208.22,-0.118871,-0.0386731,-0.09087308823529411,-0.024090576705882355,-0.04036669065259729,-0.01892862365311717,-0.050506397582696816,-0.005161953052765185
3209.07,-0.126081,-0.028027,-0.09300914117647059,-0.025070888470588235,-0.0403407476071288,-0.018983353416030732,-0.05266839356934179,-0.0060875350545575024
3209.93,-0.127404,-0.0157776,-0.09534485294117648,-0.02608362964705882,-0.04031480459838675,-0.019038298759309027,-0.055030048342789725,-0.007045330887749793
3210.79,-0.122453,-0.00515468,-0.09795803529411765,-0.026891712,-0.040289184723436476,-0.01909282381422572,-0.05766885057068117,-0.007798888185774282
3211.64,-0.112965,0.000952716,-0.10083367647058823,-0.02718960611764706,-0.040264195877239915,-0.019146312686605403,-0.06056948059334832,-0.008043293431041657
3212.5,-0.101935,0.00133346,-0.10379522941176471,-0.02663136494117647,-0.040239265640229865,-0.019200035365652037,-0.06355596377153484,-0.007431329575524434
3213.36,-0.0921872,-0.0034156,-0.10644234117647058,-0.024938329647058825,-0.04021470545543052,-0.01925337223296958,-0.06622763572104007,-0.005684957414089246
3214.22,-0.0855769,-0.0116795,-0.10818827058823528,-0.022078020882352944,-0.0401905305127248,-0.01930633578619893,-0.06799774007551049,-0.0027716850961540147
3215.07,-0.0829993,-0.0215982,-0.1084598588235294,-0.018392238529411763,-0.04016702981840905,-0.01935832934771296,-0.06829282900512035,0.000966090818301197
3215.93,-0.0847192,-0.0313878,-0.10696123529411763,-0.01452796794117647,-0.04014366489322532,-0.019410589592774707,-0.06681757040089231,0.004882621651598237
3216.79,-0.0905859,-0.0393029,-0.10380677058823529,-0.01119306794117647,-0.040120728885805,-0.019462516640980112,-0.06368604170243028,0.008269448699803643
3217.65,-0.0999631,-0.043494,-0.09945108823529411,-0.00890466794117647,-0.0400982357928506,-0.019514124816519318,-0.05935285244244351,0.010609456875342848
3218.5,-0.111356,-0.0420443,-0.09449182352941177,-0.007861933823529411,-0.04007645284357587,-0.019564834011434006,-0.0544153706858359,0.011702900187904595
3219.36,-0.121938,-0.0335346,-0.08946778235294117,-0.007974090705882352,-0.040054880693244574,-0.019615852422169535,-0.0494129016596966,0.011641761716287183
3220.22,-0.127651,-0.0183026,-0.0847496294117647,-0.008985382470588235,-0.04003379126294658,-0.019666597331284688,-0.04471583814881812,0.010681214860696453
3221.08,-0.124757,0.000381849,-0.08054000588235294,-0.010597700117647057,-0.04001319715724568,-0.019717084747714622,-0.040526808725107256,0.009119384630067565
3221.93,-0.112375,0.0170558,-0.07692479411764705,-0.012528194235294117,-0.03999334120581385,-0.019766748140118865,-0.0369314529118332,0.007238553904824748
3222.79,-0.0933944,0.0270195,-0.07391095294117647,-0.014512029529411764,-0.039973767936736994,-0.019816772687987254,-0.03393718500443948,0.00530474315857549
3223.65,-0.0724551,0.0286663,-0.07141906470588236,-0.01629210011764706,-0.03995472536875198,-0.019866589911456036,-0.03146433933713038,0.003574489793808977
3224.51,-0.0533574,0.0231252,-0.0692473705882353,-0.017648170705882354,-0.03993622453969884,-0.019916217341489312,-0.029311146048536456,0.0022680466356069587
3225.37,-0.0381455,0.0125718,-0.06706523529411765,-0.018486158941176473,-0.039918276070302815,-0.019965672863186013,-0.027146959223814833,0.00147951392200954
3226.23,-0.0275563,-0.000953951,-0.0644999,-0.018941006,-0.03990089015528755,-0.02001497470433951,-0.02459900984471245,0.0010739687043395119
3227.09,-0.0217264,-0.0158585,-0.06131237058823529,-0.019393764823529412,-0.039884076554921044,-0.020064141423822453,-0.021428294033314248,0.0006703766002930413
3227.95,-0.0206236,-0.030825,-0.057562729411764706,-0.020337094235294118,-0.03986784458699555,-0.02011319189981806,-0.017694884824769157,-0.00022390233547605817
3228.8,-0.0241183,-0.0444979,-0.05363103529411765,-0.022133879470588237,-0.039852381571076415,-0.020161576575937187,-0.013778653723041233,-0.00197230289465105
3229.66,-0.031764,-0.0553234,-0.050041699999999995,-0.024829303,-0.03983733200336323,-0.020210453206152224,-0.010204367996636765,-0.004618849793847777
3230.52,-0.0423571,-0.061649,-0.04721501176470588,-0.028163208882352943,-0.03982288920320607,-0.020259271792338163,-0.007392122561499813,-0.00790393709001478
3231.38,-0.0536671,-0.0623561,-0.04533758235294118,-0.03173957947058823,-0.03980906065245838,-0.020308052366801537,-0.005528521700482798,-0.011431527103786695
3232.24,-0.0628668,-0.0577398,-0.044390488235294116,-0.03518499711764706,-0.039795853356941316,-0.020356815220872845,-0.0045946348783528,-0.014828181896774217
3233.1,-0.0677453,-0.0497767,-0.04423502352941176,-0.038212355941176473,-0.0397832738409889,-0.020405580892643414,-0.004451749688422865,-0.01780677504853306
3233.96,-0.06775,-0.0412315,-0.04467375294117647,-0.04061911764705882,-0.03977132814240653,-0.020454370154687016,-0.004902424798769935,-0.020164747492371803
3234.82,-0.0639071,-0.0343392,-0.04547232352941176,-0.04227321176470588,-0.039760021807835715,-0.02050320400178489,-0.005712301721576045,-0.02177000776292099
3235.68,-0.0579182,-0.0301635,-0.04636227058823529,-0.043115117647058825,-0.03974935988851725,-0.02055210363867113,-0.00661291069971804,-0.022563014008387696
3236.54,-0.0513563,-0.0287664,-0.04705042941176471,-0.04318087058823529,-0.03973934693644444,-0.020601090467815674,-0.007311082475320273,-0.022579780120419616
3237.4,-0.0453407,-0.0296569,-0.04725274705882353,-0.042629329411764706,-0.039729987000896715,-0.020650186077260588,-0.0075227600579268125,-0.02197914333450412
3238.26,-0.0405388,-0.032132,-0.04676018823529412,-0.041752305882352944,-0.03972128362534364,-0.020699412228525588,-0.007038904609950478,-0.021052893653827356
3239.12,-0.0372568,-0.0354469,-0.04551901764705882,-0.04093501764705883,-0.03971323984470837,-0.020748790844597152,-0.005805777802350448,-0.020186226802461675
3239.98,-0.0355026,-0.0388933,-0.043678335294117646,-0.04055600588235294,-0.03970585818297911,-0.020798343998015452,-0.003972477111138538,-0.019757661884337488
3240.84,-0.0350147,-0.0418689,-0.041556511764705886,-0.0408674705882353,-0.03969914065115647,-0.020848093899071784,-0.0018573711135494164,-0.020019376689163513
3241.7,-0.0353021,-0.0439781,-0.03953635882352941,-0.041928688235294116,-0.03969308874552396,-0.02089806288412938,0.00015672992199455144,-0.021030625351164737
3242.56,-0.0357527,-0.0451374,-0.03795563529411765,-0.043621223529411765,-0.03968770344622859,-0.020948273404078774,0.0017320681521109382,-0.02267295012533299
3243.42,-0.035817,-0.0456157,-0.03704295882352941,-0.04571077647058823,-0.03968298521615774,-0.020998748012938197,0.0026400263926283293,-0.024712028457650033
3244.29,-0.0352034,-0.0459472,-0.03689812941176471,-0.04791236470588235,-0.039678890814258745,-0.021050101380796694,0.0027807614024940377,-0.026862263325085657
3245.15,-0.0339836,-0.0467396,-0.03749672352941176,-0.04994386470588235,-0.03967551378220699,-0.02110117591832736,0.002178790252795229,-0.02884268878755499
3246.01,-0.0325672,-0.0484622,-0.038708529411764704,-0.051569517647058825,-0.039672802081641464,-0.021152582979416263,0.0009642726698767604,-0.030416934667642562
3246.87,-0.0315752,-0.0512966,-0.04032828823529412,-0.05263353529411764,-0.03967075409457449,-0.021204345420449862,-0.0006575341407196317,-0.03142918987366778
3247.73,-0.0316743,-0.0550716,-0.04211679411764706,-0.05307921764705882,-0.03966936768408933,-0.021256486146311492,-0.002447426433557727,-0.031822731500747325
3248.59,-0.0334074,-0.0592722,-0.043845823529411763,-0.052949429411764705,-0.039668640194692094,-0.02130902810002856,-0.00417718333471967,-0.03164040131173615
3249.45,-0.0370348,-0.0631123,-0.045338429411764705,-0.05236785294117647,-0.03966856845285584,-0.021361994252614647,-0.005669860958908868,-0.031005858688561823
3250.31,-0.0424027,-0.0656859,-0.04649613529411764,-0.05150504117647058,-0.03966914876774111,-0.021415407593109656,-0.006826986526376533,-0.030089633583360927
3251.18,-0.0488942,-0.0661934,-0.04730739411764706,-0.050536741176470584,-0.03967039500529833,-0.021469920527565627,-0.007636999112348733,-0.029066820648904958
3252.04,-0.0555168,-0.0641924,-0.04783600588235294,-0.049604482352941175,-0.03967227374482454,-0.02152430310439375,-0.008163732137528398,-0.028080179248547426
3252.9,-0.0611395,-0.0597681,-0.04819344705882353,-0.04878694117647059,-0.03967479031029349,-0.021579202114999946,-0.008518656748530043,-0.027207739061470643
3253.76,-0.0647927,-0.0535352,-0.048501682352941174,-0.04808771176470589,-0.039677938945853,-0.0216346405246787,-0.00882374340708817,-0.026453071240027187
3254.62,-0.0659072,-0.0464699,-0.0488541,-0.04744210588235294,-0.0396817133840638,-0.02169064126987752,-0.009172386615936196,-0.02575146461247542
3255.49,-0.0644082,-0.0396625,-0.0492837,-0.04674325294117647,-0.03968616154672936,-0.02174788875822414,-0.009597538453270639,-0.02499536418295233
3256.35,-0.0606764,-0.0340913,-0.049748747058823525,-0.04588274705882353,-0.03969117381731603,-0.021805090029865932,-0.010057573241507495,-0.0240776570289576
3257.21,-0.0554337,-0.0304696,-0.050142882352941176,-0.044794617647058825,-0.039696789940016,-0.021862922451551102,-0.010446092412925177,-0.022931695195507723
3258.07,-0.0496084,-0.0291546,-0.05032885294117647,-0.043487576470588235,-0.03970300161035997,-0.021921408758056593,-0.010625851330816498,-0.021566167712531642
3258.94,-0.0441898,-0.0300988,-0.05018541764705882,-0.042053400000000005,-0.039709882486130776,-0.021981263621920218,-0.010475535160928043,-0.020072136378079787
3259.8,-0.0400601,-0.0328414,-0.049651441176470586,-0.040647823529411764,-0.03971726498262876,-0.02204113387363954,-0.009934176193841827,-0.018606689655772224
3260.66,-0.0378072,-0.0365753,-0.04875219411764706,-0.03945082352941176,-0.03972521498057264,-0.022101726020171148,-0.009026979137074419,-0.017349097509240612
3261.52,-0.0375663,-0.0403213,-0.04760042352941177,-0.03862002352941176,-0.039733722164707164,-0.022163062466117853,-0.007866701364704604,-0.016456961063293907
3262.39,-0.0389775,-0.0431911,-0.04637432352941176,-0.038251494117647056,-0.039742884165992476,-0.0222258922400175,-0.006631439363419284,-0.016025601877629556
3263.25,-0.0413132,-0.0446436,-0.045280747058823526,-0.038356817647058825,-0.03975247894304989,-0.02228879338959944,-0.005528268115773637,-0.016068024257459384
3264.11,-0.0437351,-0.0446141,-0.0445132,-0.03885949411764706,-0.03976259684391359,-0.022352505673945096,-0.004750603156086414,-0.016506988443701964
3264.98,-0.0455642,-0.0434662,-0.04421274117647059,-0.03960996470588235,-0.039773352112677116,-0.022417806563529243,-0.004439389063793472,-0.017192158142353108
3265.84,-0.0464558,-0.0418124,-0.04443903529411764,-0.04041668235294117,-0.039784484583358086,-0.022483216927558704,-0.004654550710759556,-0.017933465425382468
3266.7,-0.0464392,-0.0402976,-0.04515793529411764,-0.04108823529411765,-0.03979610164792503,-0.02254950415470492,-0.00536183364619261,-0.018538731139412727
3267.57,-0.0458523,-0.0394191,-0.04625080588235294,-0.04147824117647059,-0.03980833280118949,-0.022617476390457115,-0.006442473081163448,-0.01886076478601347
3268.43,-0.0452126,-0.0394116,-0.04754611176470588,-0.041521535294117645,-0.0398208824630797,-0.022685592661506028,-0.0077252293016261755,-0.018835942632611617
3269.3,-0.0450635,-0.0402049,-0.0488673,-0.0412496,-0.03983402735668567,-0.0227554588496685,-0.009033272643314334,-0.018494141150331496
3270.16,-0.0458174,-0.041453,-0.05008322352941177,-0.04077769411764706,-0.03984744990943596,-0.022825490120987755,-0.01023577361997581,-0.017952203996659307
3271.02,-0.0476281,-0.0426368,-0.05114418235294117,-0.040266070588235295,-0.039861282943643,-0.022896504932236855,-0.01128289940929817,-0.01736956565599844
3271.89,-0.0503259,-0.0432276,-0.05209094705882353,-0.03986796470588236,-0.03987567793203295,-0.02296936744036131,-0.012215269126790579,-0.016898597265521047
3272.75,-0.0534554,-0.0428688,-0.053034864705882354,-0.0396821,-0.03989028709233389,-0.023042423401132585,-0.013144577613548467,-0.016639676598867413
3273.62,-0.0564111,-0.0415152,-0.05411755294117647,-0.039724070588235294,-0.03990543254931252,-0.02311739267627948,-0.014212120391863953,-0.016606677911955813
3274.48,-0.0586389,-0.0394715,-0.05546337058823529,-0.0399220294117647,-0.039920748287644386,-0.02319257220469443,-0.015542622300590905,-0.016729457207070274
3275.35,-0.0598274,-0.0373113,-0.05713908235294118,-0.04013607058823529,-0.03993657186838842,-0.023269730828954293,-0.017202510484552756,-0.016866339759280997
3276.21,-0.0600265,-0.0356984,-0.059128870588235294,-0.04019379411764706,-0.03995252070672542,-0.02334711474694659,-0.019176349881509874,-0.016846679370700467
3277.08,-0.0596482,-0.0351687,-0.06132641176470588,-0.039931552941176465,-0.03996894609107397,-0.02342654363540533,-0.021357465673631906,-0.016505009305771135
3277.94,-0.0593495,-0.035946,-0.06354694705882354,-0.03923546470588235,-0.03998545062086326,-0.023506211064979222,-0.023561496437960273,-0.015729253640903128
3278.81,-0.0598301,-0.0378463,-0.06555667647058823,-0.03807398823529412,-0.040002397510300734,-0.023587989359762796,-0.025554278960287495,-0.014485998875531324
3279.67,-0.0616108,-0.0403065,-0.06711525882352942,-0.036515111764705885,-0.04001937638704808,-0.02367001761699009,-0.02709588243648134,-0.012845094147715796
3280.54,-0.0648615,-0.0425259,-0.06802398235294117,-0.03472265294117647,-0.04003676049676593,-0.02375422257847059,-0.02798722185617524,-0.01096843036270588
3281.4,-0.0693181,-0.0436629,-0.06816944705882352,-0.032929252941176476,-0.04005412842976888,-0.023838687064129355,-0.028115318629054642,-0.00909056587704712
3282.27,-0.0743394,-0.0430578,-0.0675503294117647,-0.03138930588235294,-0.04007186147585843,-0.02392539395816774,-0.02747846793590627,-0.007463911924185201
3283.13,-0.079039,-0.0403929,-0.06627720588235295,-0.03032215294117647,-0.040089529213193524,-0.024012368043897166,-0.026187676669159422,-0.006309784897279305
3284.0,-0.0824217,-0.0357468,-0.06454206470588236,-0.029862423529411767,-0.04010751889513392,-0.02410165002397161,-0.024434545810748443,-0.005760773505440155
3284.86,-0.0835665,-0.0296195,-0.0625660705882353,-0.030034217647058825,-0.040125393204117156,-0.02419120493279482,-0.02244067738411814,-0.005843012714264004
3285.73,-0.0817935,-0.0228917,-0.06054318235294118,-0.03075740588235294,-0.04014354318283902,-0.02428313291584433,-0.02039963917010216,-0.006474272966508609
3286.6,-0.0768218,-0.0167267,-0.05859855294117647,-0.031881388235294114,-0.04016173608692246,-0.024376417605660835,-0.01843681685425401,-0.007504970629633279
3287.46,-0.0689037,-0.012397,-0.05677254705882353,-0.03323178235294118,-0.040179736698221516,-0.024469980130694378,-0.016592810360602013,-0.0087618022222468
3288.33,-0.058884,-0.0110274,-0.05502995294117647,-0.03465394117647059,-0.04019793745841445,-0.024566012905994545,-0.014832015482762022,-0.010087928270476044
3289.2,-0.0481139,-0.0132924,-0.053286958823529414,-0.03604328235294117,-0.04021610215640786,-0.024663452292538714,-0.013070856667121551,-0.011379830060402458
3290.06,-0.0381843,-0.0191697,-0.05144374117647058,-0.037357311764705886,-0.04023399572249926,-0.024761169831418548,-0.011209745453971319,-0.012596141933287338
3290.93,-0.0305291,-0.027883,-0.049415388235294115,-0.0386119,-0.040252006552405226,-0.02486145355012555,-0.00916338168288889,-0.013750446449874446
3291.8,-0.0260563,-0.0380892,-0.04715856470588235,-0.03986705294117647,-0.040269897635769276,-0.024963190718498847,-0.006888667070113076,-0.014903862222677623
3292.66,-0.0249604,-0.0482402,-0.044688811764705884,-0.04120293529411764,-0.04028743693359896,-0.02506520160809355,-0.004401374831106926,-0.016137733686024093
3293.53,-0.0267714,-0.056954,-0.04208594705882353,-0.042689523529411764,-0.0403050030264783,-0.02516987298137198,-0.0017809440323452302,-0.017519650548039785
3294.39,-0.0305687,-0.0632632,-0.039484217647058825,-0.04435484705882353,-0.040322162713631156,-0.025274812409290432,0.0008379450665723306,-0.0190800346495331
3295.26,-0.0352374,-0.0667026,-0.03704558235294117,-0.046159935294117646,-0.04033928468746115,-0.02538247396319464,0.0032937023345199767,-0.020777461330923005
3296.13,-0.0396872,-0.0672817,-0.03492047058823529,-0.04799040588235294,-0.04035613696181887,-0.02549165937630981,0.0054356663735835795,-0.02249874650604313
3297.0,-0.0430047,-0.0653963,-0.033207117647058824,-0.049671276470588235,-0.0403726877915042,-0.025602381541803238,0.007165570144445375,-0.024068894928784997
3297.86,-0.044557,-0.0617209,-0.03192424705882353,-0.05100319411764706,-0.040388720501348827,-0.02571335358019464,0.008464473442525294,-0.02528984053745242
3298.73,-0.0440557,-0.0570844,-0.031008117647058825,-0.05180807647058824,-0.04040457542350469,-0.02582716810238701,0.009396457776445863,-0.025980908368201227
3299.6,-0.0415807,-0.0523295,-0.030334335294117644,-0.05196764117647059,-0.04042003077057692,-0.02594255516542203,0.010085695476459274,-0.02602508601104856
3300.47,-0.0375448,-0.0481637,-0.029754176470588235,-0.051442476470588236,-0.040435052610022344,-0.026059525777423934,0.010680876139434109,-0.0253829506931643
3301.33,-0.0325924,-0.0450372,-0.029131194117647058,-0.05026965882352941,-0.04044944196144662,-0.026176718529230585,0.011318247843799562,-0.02409294029429883
3302.2,-0.0274469,-0.0430835,-0.028367770588235294,-0.04854521176470588,-0.04046349876049302,-0.026296868710617576,0.012095728172257729,-0.022248343054088304
3303.07,-0.0227571,-0.0421454,-0.027418582352941173,-0.04640051176470588,-0.04047701734797136,-0.026418632226045943,0.013058434995030184,-0.019981879538659937
3303.94,-0.0189869,-0.0418672,-0.026292970588235293,-0.043978988235294114,-0.04048996158237882,-0.02654201794348078,0.014196990994143524,-0.017436970291813333
3304.81,-0.0163755,-0.0418123,-0.025049635294117648,-0.04141618235294117,-0.040502294766928286,-0.026667034149933114,0.015452659472810638,-0.014749148203008058
3305.68,-0.0149549,-0.041566,-0.023786029411764706,-0.03882378235294118,-0.04051397964965241,-0.026793688532446673,0.0167279502378877,-0.012030093820494504
3306.54,-0.014602,-0.0408018,-0.02262364705882353,-0.03627814117647059,-0.04052485604297587,-0.026920504078548853,0.01790120898415234,-0.009357637097921735
3307.41,-0.0150977,-0.0393124,-0.021690258823529415,-0.033814464705882355,-0.04053513889567545,-0.027050436356841654,0.018844880072146034,-0.006764028349040701
3308.28,-0.0161807,-0.0370161,-0.02110121764705882,-0.03142804588235294,-0.040544658817378953,-0.027182026010502378,0.019443441170320132,-0.004246019871850564
3309.15,-0.0175905,-0.0339476,-0.020943094117647058,-0.029082802352941174,-0.04055337635152748,-0.027315278131919342,0.019610282233880425,-0.0017675242210218323
3310.02,-0.0191012,-0.0302427,-0.021263235294117645,-0.026725314705882353,-0.04056125149381318,-0.027450197109201706,0.019298016199695532,0.0007248824033193532
3310.89,-0.0205518,-0.0261158,-0.022066923529411767,-0.02430062123529412,-0.04056824369535047,-0.027586786603350455,0.018501320165938702,0.003286165368056336
3311.76,-0.021868,-0.0218286,-0.023321576470588235,-0.021765949470588235,-0.04057431186651432,-0.027725049524790376,0.017252735395926085,0.005959100054202141
3312.63,-0.0230757,-0.0176501,-0.024965447058823528,-0.019099857705882354,-0.040579414381493886,-0.02786498800926679,0.015613967322670359,0.008765130303384435
3313.49,-0.0242952,-0.0138085,-0.02691800588235294,-0.016306204764705887,-0.04058346790374798,-0.02800496610077715,0.013665462021395038,0.011698761336071263
3314.36,-0.0257131,-0.010447,-0.029089741176470587,-0.013413837705882354,-0.04058652443067022,-0.02814823961525826,0.011496783254199634,0.014734401909375906
3315.23,-0.0275311,-0.00759458,-0.0313903294117647,-0.010473384764705882,-0.04058848776362882,-0.028293190210373357,0.009198158351864119,0.017819805445667476
3316.1,-0.0299043,-0.00516806,-0.033734852941176466,-0.007552390647058824,-0.040589314199482085,-0.028439816679948014,0.006854461258305619,0.020887426032889192
3316.97,-0.0328893,-0.00300621,-0.036048235294117645,-0.004729767117647059,-0.04058895953406866,-0.02858811691372849,0.004540724239951013,0.02385834979608143
3317.84,-0.0364198,-0.000925611,-0.038268264705882356,-0.0020899082941176466,-0.040587379072123626,-0.028738087869706115,0.0023191143662412705,0.026648179575588467
3318.71,-0.040316,0.00122222,-0.040347229411764704,0.00028320347058823536,-0.04058452763828079,-0.02888972554590862,0.0002372982265160875,0.029172929016496853
3319.58,-0.0443213,0.00351126,-0.042252252941176474,0.0023117093529411766,-0.04058035958921833,-0.02904302495168576,-0.0016718933519581439,0.03135473430462694
3320.45,-0.0481484,0.0059261,-0.04396407647058823,0.0039290422941176475,-0.04057482882700548,-0.029197980078518107,-0.0033892476435827545,0.033127022372635755
3321.32,-0.0515215,0.00836844,-0.04547446470588236,0.005084019352941177,-0.040567888813708534,-0.029354583870383453,-0.004906575892173824,0.03443860322332463
3322.19,-0.0542077,0.0106753,-0.04678247647058824,0.005743080764705881,-0.04055949258731518,-0.029512828193717488,-0.00622298388327306,0.03525590895842337
3323.06,-0.0560376,0.0126408,-0.04789061176470588,0.0058901895882352935,-0.040549592779035595,-0.029672703807011393,-0.007341018985670286,0.03556289339524669
3323.93,-0.056918,0.014037,-0.04880205294117647,0.00552465194117647,-0.0405381416320397,-0.029834200330090047,-0.00826391130913677,0.03535885227126652
3324.8,-0.0568417,0.0146349,-0.049519864705882356,0.004657881941176471,-0.04052509102168928,-0.029997306213121994,-0.008994773684193075,0.034655188154298466
3325.68,-0.0558942,0.0142271,-0.05004813529411765,0.0033104943529411765,-0.04051021375890499,-0.030163911065598646,-0.009537921535212657,0.03347440541853982
3326.55,-0.0542534,0.012656,-0.05039418235294117,0.001510899058823529,-0.04049379869979336,-0.030330214289163694,-0.009900383653147812,0.03184111334798723
3327.42,-0.0521767,0.00984456,-0.0505704,-0.0007040338823529418,-0.040475637256638206,-0.03049808470976762,-0.010094762743361796,0.02979405082741468
3328.29,-0.0499718,0.00582611,-0.0505949,-0.0032881750588235298,-0.040455680064864684,-0.030667505770598538,-0.010139219935135314,0.027379330711775007
3329.16,-0.0479493,0.000757044,-0.05049031176470588,-0.006186159764705883,-0.04043387751802763,-0.030838459587903082,-0.01005643424667825,0.0246522998231972
3330.03,-0.0463694,-0.00509373,-0.05028128235294117,-0.009332736235294119,-0.04041017979822875,-0.031010926919687768,-0.009871102554712421,0.02167819068439365
3330.9,-0.0453988,-0.0113822,-0.04999145882352941,-0.012654342117647058,-0.04038453690841505,-0.031184887134631595,-0.009606921915114357,0.018530545016984538
3331.77,-0.0450921,-0.0177413,-0.049640788235294116,-0.016072130352941177,-0.04035689870660612,-0.03136031818130033,-0.009283889528687993,0.01528818782835915
3332.65,-0.0454004,-0.0238312,-0.049243894117647055,-0.019505989176470586,-0.04032686166207126,-0.031539237960206565,-0.008917032455575798,0.012033248783735979
3333.52,-0.0461988,-0.0293709,-0.04880971176470588,-0.022878683294117647,-0.04029505763033904,-0.031717554881842885,-0.00851465413436684,0.008838871587725238
3334.39,-0.047317,-0.0341426,-0.04834229411764706,-0.026119489176470587,-0.04026110678446971,-0.03189726734548754,-0.00808118733317735,0.005777778169016954
3335.26,-0.0485649,-0.0380043,-0.04784231764705882,-0.029166863294117645,-0.04022495878552119,-0.03207834730296602,-0.007617358861537631,0.002911484008848376
3336.13,-0.0497435,-0.0408973,-0.047308876470588235,-0.031970258,-0.04018656335166822,-0.03226076513973719,-0.007122313118920018,0.00029050713973718945
3337.0,-0.0506542,-0.0428165,-0.04674154705882353,-0.03449093117647059,-0.040145870304841916,-0.03244448964808734,-0.006595676753981615,-0.00204644152838325
3337.88,-0.0511106,-0.0438265,-0.0461426,-0.036701611764705884,-0.04010232105733161,-0.03263162169158909,-0.006040278942668391,-0.004069990073116793
3338.75,-0.0509566,-0.0440654,-0.04551872352941176,-0.03858465882352941,-0.04005685506585313,-0.03281787345863391,-0.005461868463558631,-0.005766785364895499
3339.62,-0.0500945,-0.0437407,-0.04488136470588235,-0.04012894117647059,-0.04000894148058202,-0.03300532803876121,-0.004872423225300335,-0.0071236131377093795
3340.49,-0.0485131,-0.0431087,-0.04424490588235294,-0.04132641176470588,-0.03995853105212712,-0.0331939475874284,-0.004286374830225821,-0.008132464177277483
3341.37,-0.0463073,-0.0424377,-0.04362265882352941,-0.04217014705882353,-0.0399049512218293,-0.03338587991107377,-0.003717707601700114,-0.008784267147749755
3342.24,-0.0436771,-0.0419608,-0.04302204705882353,-0.04265558823529411,-0.039849370801324405,-0.03357672122492013,-0.0031726762574991255,-0.009078867010373984
3343.11,-0.0409033,-0.0418316,-0.04244090588235294,-0.04278402941176471,-0.03979114770314762,-0.0337686031458986,-0.0026497581792053193,-0.009015426265866107
3343.98,-0.0383047,-0.0420944,-0.04186721176470588,-0.0425672,-0.03973023453183039,-0.03396148087276641,-0.002136977232875495,-0.00860571912723359
3344.86,-0.0361873,-0.0426753,-0.041282752941176476,-0.042032917647058826,-0.03966583681460028,-0.034157541062010646,-0.001616916126576197,-0.00787537658504818
3345.73,-0.0347929,-0.043394,-0.04066989411764706,-0.04122701764705883,-0.039599371614706454,-0.034352278975403105,-0.0010705225029406032,-0.006874738671655722
3346.6,-0.034257,-0.0439941,-0.04001905882352941,-0.040210694117647064,-0.039530077645984756,-0.0345478670500936,-0.000488981177544652,-0.005662827067553465
3347.48,-0.0345806,-0.0441882,-0.039334100000000004,-0.03905372352941176,-0.03945706404531179,-0.03474651508426377,0.00012296404531178529,-0.004307208445147995
3348.35,-0.0356206,-0.0437144,-0.038633582352941176,-0.0378255,-0.03938194622460541,-0.03494365408358028,0.0007483638716642357,-0.002881845916419719
3349.22,-0.0371066,-0.0423951,-0.03794755882352941,-0.03658655882352941,-0.03930386850068853,-0.035141481377351014,0.0013563096771591204,-0.0014450774461783958
3350.1,-0.0386855,-0.0401878,-0.03731101176470588,-0.03538291176470588,-0.03922183979925359,-0.035342224197844836,0.0019108280345477083,-4.06875668610418e-05
3350.97,-0.0399907,-0.0372112,-0.03675574117647059,-0.03424427058823529,-0.03913768364138771,-0.035541260517188915,0.0023819424649171236,0.0012969899289536277
3351.84,-0.0407184,-0.0337337,-0.03630391764705882,-0.0331859294117647,-0.03905044605654418,-0.03574080709315521,0.0027465284094853604,0.0025548776813905105
3352.72,-0.040692,-0.0301262,-0.03596274705882353,-0.03221383529411764,-0.038959032325082674,-0.03594310241432144,0.002996285266259141,0.0037292671202037997
3353.59,-0.0398924,-0.0267879,-0.035722770588235295,-0.03133136470588235,-0.03886548321069396,-0.03614348385399521,0.003142712622458667,0.004812119148112859
3354.47,-0.0384502,-0.0240722,-0.03555984117647058,-0.030546382352941177,-0.038767612279981524,-0.036346490119150296,0.003207771103510941,0.005800107766209119
3355.34,-0.0366043,-0.0222289,-0.035440805882352946,-0.029877070588235292,-0.03866761010495766,-0.036547438988721336,0.0032268042226047122,0.006670368400486043
3356.22,-0.0346449,-0.0213757,-0.035332147058823524,-0.029354529411764706,-0.038563145178801855,-0.03675087878654531,0.0032309981199783316,0.007396349374780602
3357.09,-0.0328558,-0.0214988,-0.03520971176470589,-0.02902088823529412,-0.03845656133038979,-0.03695211413262261,0.0032468495656839055,0.00793122589732849
3357.97,-0.0314637,-0.0224747,-0.03506685294117647,-0.028922476470588234,-0.038345379368181845,-0.037155696659854916,0.0032785264270053724,0.008233220189266682
3358.84,-0.0306237,-0.0241026,-0.03491820588235294,-0.029099329411764706,-0.03823209951398266,-0.03735692460551595,0.003313893631629719,0.008257595193751244
3359.72,-0.0303874,-0.0261497,-0.034797511764705885,-0.029574017647058824,-0.0381140926066494,-0.03756034634449497,0.0033165808419435144,0.007986328697436144
3360.59,-0.0307133,-0.028392,-0.034749652941176476,-0.03034302352941176,-0.03799401804913804,-0.037761260834483557,0.0032443651079615624,0.007418237305071795
3361.47,-0.0314872,-0.0306494,-0.0348192,-0.03137351176470588,-0.037869094779001626,-0.03796420638450193,0.0030498947790016245,0.006590694619796049
3362.34,-0.032557,-0.0328099,-0.03503850588235294,-0.032606317647058826,-0.03774214378532609,-0.03816449008495392,0.0027036379029731494,0.005558172437895095
3363.22,-0.0337734,-0.0348312,-0.03541852352941177,-0.033964388235294116,-0.03761023055166321,-0.038366633151896576,0.002191707022251438,0.00440224491660246
3364.09,-0.0350252,-0.0367232,-0.03594434705882353,-0.03536467647058823,-0.03747633963998999,-0.03856595850796218,0.001531992581166458,0.003201282037373944
3364.97,-0.0362569,-0.0385148,-0.036576323529411765,-0.03673074705882353,-0.037337381930657235,-0.03876696305449224,0.0007610584012454694,0.002036215995668708
3365.84,-0.0374637,-0.0402177,-0.03725665294117647,-0.03800364705882353,-0.037196507093040024,-0.03896499350688562,-6.014584813644752e-05,0.0009613464480620892
3366.72,-0.0386666,-0.0418034,-0.03791888823529412,-0.03914905882352941,-0.03705047068136564,-0.03916451506291909,-0.0008684175539284827,1.5456239389678716e-05
3367.59,-0.0398784,-0.0431993,-0.0385003,-0.040159,-0.036902588522113214,-0.03936090642177829,-0.0015977114778867874,-0.0007980935782217133
3368.47,-0.0410747,-0.0443062,-0.038953082352941176,-0.041047917647058826,-0.036749460567413676,-0.039558593552164976,-0.0022036217855275,-0.00148932409489385
3369.34,-0.0421784,-0.0450299,-0.039252141176470585,-0.04184411764705882,-0.036594569335287146,-0.039752995523680036,-0.00265757184118344,-0.002091122123378787
3370.22,-0.0430646,-0.0453161,-0.03939757647058824,-0.042578488235294115,-0.03643435936491905,-0.03994849144692656,-0.002963217105669186,-0.0026299967883675543
3371.1,-0.0435839,-0.0451806,-0.03941118235294118,-0.04327362352941177,-0.03627059904041538,-0.040142749489038086,-0.0031405833125257993,-0.0031308740403736823
3371.97,-0.0435994,-0.044722,-0.039327935294117655,-0.04393611176470588,-0.03610522060812973,-0.04033349365362317,-0.0032227146859879277,-0.0036026181110827143
3372.85,-0.0430293,-0.044114,-0.039184794117647054,-0.044554070588235295,-0.035934436457933136,-0.040525018143557426,-0.0032503576597139178,-0.004029052444677869
3373.73,-0.0418817,-0.0435746,-0.03900988823529411,-0.04510056470588235,-0.03576014480724425,-0.04071503116281542,-0.003249743428049859,-0.004385533543066929
3374.6,-0.0402714,-0.0433187,-0.03881491764705883,-0.04554170588235294,-0.03558440588585819,-0.04090130952502787,-0.0032305117612006357,-0.00464039635732507
3375.48,-0.0384106,-0.0435036,-0.03859270000000001,-0.04584723529411765,-0.03540320312752577,-0.041088045082665496,-0.0031894968724742387,-0.004759190211452151
3376.36,-0.0365712,-0.0441848,-0.03832037647058823,-0.04600078235294117,-0.03521856350884181,-0.04127299652889777,-0.003101812961746421,-0.004727785824043401
3377.23,-0.0350294,-0.0452942,-0.037967529411764706,-0.04600705882352941,-0.035032672851919376,-0.04145400392105727,-0.0029348565598453294,-0.0045530549024721395
3378.11,-0.0340047,-0.0466485,-0.03750720588235294,-0.04589391176470588,-0.03484129053881419,-0.04163513945728351,-0.002665915343538751,-0.004258772307422366
3378.99,-0.03361,-0.0479855,-0.036927029411764706,-0.04570821176470588,-0.034646570108112895,-0.04181422282435881,-0.0022804593036518106,-0.003893988940347072
3379.87,-0.0338235,-0.0490201,-0.0362372294117647,-0.045506147058823526,-0.034448550845036514,-0.04199116600518245,-0.001788678566728187,-0.003514981053641078
3380.74,-0.0344903,-0.0495081,-0.03547285882352941,-0.04534011176470588,-0.034249580480768364,-0.04216390948007928,-0.001223278342761043,-0.003176202284626596
3381.62,-0.0353521,-0.0493028,-0.03468904705882353,-0.045244564705882354,-0.03404512998128577,-0.042336339443620766,-0.0006439170775377617,-0.002908225262261588
3382.5,-0.0361007,-0.0483933,-0.033950141176470584,-0.04522857647058824,-0.03383751637181862,-0.042506373145779174,-0.00011262480465196179,-0.002722203324809068
3383.38,-0.0364452,-0.0469165,-0.03331529999999999,-0.045272994117647056,-0.033626791055519446,-0.04267392770577097,0.00031149105551945416,-0.002599066411876086
3384.25,-0.03618,-0.0451366,-0.032824835294117644,-0.04533500588235294,-0.0334154546632114,-0.042837061625238426,0.0005906193690937561,-0.002497944257114512
3385.13,-0.0352391,-0.0433926,-0.03249076470588235,-0.04535922352941177,-0.033198705498557406,-0.04299944637700819,0.0007079407926750547,-0.0023597771524035763
3386.01,-0.0337209,-0.0420237,-0.03229399411764706,-0.045291917647058824,-0.03297901535950562,-0.043159114571953906,0.0006850212418585619,-0.002132803075104918
3386.89,-0.0318728,-0.0412869,-0.03218851764705882,-0.04509488235294117,-0.03275644685436357,-0.04331599065272236,0.0005679292073047446,-0.0017788917002188112
3387.77,-0.030035,-0.0412914,-0.032111635294117646,-0.04475584705882353,-0.03253106519871794,-0.04347000122020347,0.0004194299046002964,-0.001285845838620063
3388.64,-0.0285569,-0.0419503,-0.03199788235294118,-0.04429316470588235,-0.03230554563536338,-0.043619375159251204,0.0003076632824221964,-0.0006737895466311442
3389.52,-0.02771,-0.0430469,-0.031793894117647055,-0.043753776470588236,-0.03207477326563537,-0.043767478264116644,0.0002808791479883138,1.3701793528407558e-05
3390.4,-0.0276183,-0.0442587,-0.03147104705882353,-0.04320444705882353,-0.03184139720445647,-0.0439125105296782,0.00037035014563294166,0.0007080634708546696
3391.28,-0.0282333,-0.045239,-0.031032964705882352,-0.042717682352941176,-0.031605492042116184,-0.04405440831629425,0.0005725273362338322,0.0013367259633530748
3392.16,-0.0293502,-0.0457059,-0.030515517647058822,-0.04235515294117647,-0.03136713442912549,-0.044193110691052376,0.0008516167820666679,0.0018379577498759056
3393.04,-0.0306596,-0.0455043,-0.02997841176470588,-0.04215261176470588,-0.03112640294785529,-0.044328559518865336,0.0011479911831494133,0.0021759477541594546
3393.92,-0.0318169,-0.0446359,-0.02948984705882353,-0.04211068235294118,-0.03088337797888004,-0.04446069954626446,0.0013935309200565106,0.002350017193323277
3394.79,-0.0325165,-0.0432565,-0.0291082,-0.04219475882352941,-0.03064094045243234,-0.0445880341470395,0.0015327404524323393,0.002393275323510087
3395.67,-0.0325565,-0.0416425,-0.028865941176470587,-0.04234441176470588,-0.030393599851846163,-0.04471344173173986,0.001527658675375576,0.0023690299670339823
3396.55,-0.0318843,-0.0401332,-0.028760682352941176,-0.04249081764705882,-0.030144215316453313,-0.044835393273432535,0.001383532963512138,0.0023445756263737114
3397.43,-0.0306123,-0.0390547,-0.028755688235294116,-0.04257344117647059,-0.029892872981391358,-0.044953845688796804,0.0011371847460972424,0.002380404512326212
3398.31,-0.0289978,-0.0386415,-0.02878943529411765,-0.04255565294117647,-0.029639660051659765,-0.04506875907333727,0.000850224757542116,0.0025131061321607973
3399.19,-0.0273834,-0.0389736,-0.028790899999999998,-0.04243367647058824,-0.029384664647644623,-0.04518009673492987,0.0005937646476446255,0.0027464202643416313
3400.07,-0.0261083,-0.0399494,-0.028696647058823528,-0.04223686470588235,-0.029127975649192485,-0.04528782521826758,0.00043132859036895677,0.00305096051238523
3400.95,-0.0254153,-0.0413109,-0.02846565882352941,-0.04202014705882353,-0.028869682538853955,-0.04539191432012009,0.000404023715324546,0.0033717672612965585
3401.83,-0.0253848,-0.0427162,-0.028089082352941174,-0.04185072941176471,-0.02860987524491975,-0.045492337095371344,0.0005207928919785769,0.0036416076836066347
3402.71,-0.0259166,-0.0438355,-0.02759285882352941,-0.041791729411764705,-0.028348643984877644,-0.045589069853844005,0.0007557851613482353,0.0037973404420793
3403.59,-0.0267675,-0.0444392,-0.027032394117647057,-0.04188609411764706,-0.02808607910991168,-0.04568209214797067,0.0010536849922646238,0.0037959980303236135
3404.47,-0.0276251,-0.0444515,-0.02647995882352941,-0.042144529411764706,-0.027822270951063852,-0.045771386751416086,0.001342312127534443,0.0036268573396513806
3405.35,-0.028192,-0.0439563,-0.026007235294117644,-0.04254082941176471,-0.02755730966766412,-0.045856939628803786,0.001550074373546477,0.0033161102170390783
3406.23,-0.0282582,-0.0431654,-0.025667170588235293,-0.0430165294117647,-0.027291285098624978,-0.045938739896744074,0.0016241145103896848,0.0029222104849793706
3407.11,-0.0277479,-0.0423601,-0.025480288235294118,-0.0434944,-0.0270242866171735,-0.04601677977640691,0.0015439983818793836,0.002522379776406909
3407.99,-0.0267328,-0.0418201,-0.025429676470588233,-0.043897311764705876,-0.026756402989577543,-0.046091054537923774,0.0013267265189893102,0.002193742773217898
3408.88,-0.0254151,-0.0417558,-0.02546634705882353,-0.04416698235294117,-0.02648466480411903,-0.04616234201900667,0.0010183177452955001,0.0019953596660655035
3409.76,-0.0240807,-0.0422535,-0.02552324705882353,-0.04427717647058823,-0.026215266505592007,-0.046229041451546916,0.0006920194467684784,0.0019518649809586869
3410.64,-0.0230286,-0.0432467,-0.02553355294117647,-0.04423775882352941,-0.02594524534874761,-0.04629197926017194,0.00041169240757113826,0.002054220436642523
3411.52,-0.0224929,-0.0445266,-0.025447970588235294,-0.04408931176470588,-0.0256746863436475,-0.04635116223439473,0.00022671575541220734,0.002261850469688846
3412.4,-0.022576,-0.0457918,-0.025246635294117647,-0.043890188235294114,-0.025403673263155603,-0.046406599823737446,0.00015703796903795628,0.002516411588443332
3413.28,-0.0232167,-0.0467284,-0.024943511764705883,-0.04369951176470588,-0.025132288535738873,-0.046458304041117005,0.00018877677103298907,0.002758792276411126
3414.16,-0.0242064,-0.0470974,-0.024582041176470587,-0.04356100588235294,-0.02486061314528768,-0.04650628936104353,0.0002785719688170943,0.002945283478690587
3415.04,-0.0252479,-0.0467989,-0.024223064705882355,-0.043491699999999994,-0.024588726538233654,-0.046550572613161374,0.00036566183235129876,0.00305887261316138
3415.92,-0.0260387,-0.0458953,-0.02392894705882353,-0.04347569411764706,-0.024316706538204492,-0.046591172871677314,0.0003877594793809634,0.003115478754030253
3416.81,-0.0263521,-0.0445895,-0.023746388235294118,-0.04346732352941177,-0.02404153744033744,-0.046628510142125074,0.0002951492050433206,0.003161186612713307
3417.69,-0.0260918,-0.0431654,-0.02369260588235294,-0.04340255294117647,-0.023769477868203714,-0.046661768834111814,7.68719858507752e-05,0.0032592158929353465
3418.57,-0.0253126,-0.0419156,-0.02374899411764706,-0.04321617058823529,-0.023497508713846132,-0.0466914143626079,-0.0002514854038009294,0.0034752437743726106
3419.45,-0.0242024,-0.0410664,-0.023864194117647057,-0.04286002352941176,-0.023225700591077217,-0.04671747363116965,-0.0006384935265698402,0.0038574501017578852
3420.33,-0.0230389,-0.0407148,-0.02396615294117647,-0.042317364705882356,-0.022954122181978964,-0.04673997519166191,-0.0010120307591975075,0.004422610485779556
3421.22,-0.0221132,-0.0408108,-0.023979688235294117,-0.0416092,-0.022679759404216904,-0.04675914458257145,-0.0012999288310772128,0.005149944582571453
3422.1,-0.0216453,-0.0411819,-0.023844776470588233,-0.040791058823529416,-0.022408843030209093,-0.04677458281547582,-0.0014359334403791398,0.0059835239919464045
3422.98,-0.0217328,-0.041548,-0.02353070588235294,-0.03994145294117647,-0.022138351191218958,-0.04678655803051953,-0.0013923546911339818,0.006845105089343058
3423.86,-0.0223116,-0.0416135,-0.023042941176470585,-0.03914533529411765,-0.021868344523395235,-0.046795104152209256,-0.0011745966530753507,0.007649768858091606
3424.75,-0.0231664,-0.0411524,-0.022421376470588235,-0.03847655882352941,-0.02159582288823771,-0.04680029531731674,-0.0008255535823505251,0.008323736493787329
3425.63,-0.0239872,-0.0400782,-0.02173105294117647,-0.03798352941176471,-0.021326967448246185,-0.04680205108834327,-0.00040408549293028534,0.00881852167657856
3426.51,-0.0244513,-0.0384721,-0.021047423529411764,-0.03768068823529412,-0.021058767462635054,-0.04680048568817384,1.1343933223290775e-05,0.009119797452879719
3427.39,-0.0243093,-0.0365666,-0.020439576470588236,-0.03754793529411765,-0.02079127541614023,-0.046795636478589225,0.0003516989455519953,0.009247701184471574
3428.28,-0.0234468,-0.0346896,-0.019954917647058822,-0.03753838235294117,-0.02052151528183831,-0.04678743089943973,0.0005665976347794879,0.009249048546498558
3429.16,-0.0219129,-0.033189,-0.019609647058823527,-0.03759187647058824,-0.020255598057385537,-0.04677609211151573,0.0006459509985620102,0.009184215640927494
3430.05,-0.0199087,-0.0323556,-0.019387682352941176,-0.037650511764705887,-0.019987527892644387,-0.04676140214143888,0.0005998455397032108,0.009110890376732995
3430.93,-0.0177467,-0.0323613,-0.0192472,-0.03767444705882353,-0.01972337392305623,-0.04674373049896786,0.000476173923056232,0.009069283440144328
3431.81,-0.0157855,-0.0332203,-0.01913392352941176,-0.03765117058823529,-0.019460161986295348,-0.04672296925002206,0.00032623845688358605,0.00907179866178677
3432.7,-0.0143563,-0.0347839,-0.018996929411764705,-0.03759678235294117,-0.019194959012857997,-0.04669886970411001,0.00019802960109329207,0.009102087351168839
3433.58,-0.0136909,-0.0367673,-0.01880235294117647,-0.03754921176470588,-0.01893376423843243,-0.046672013061770934,0.00013141129725595738,0.009122801297065053
3434.46,-0.013869,-0.0388096,-0.018541623529411765,-0.03755611764705882,-0.018673629737902417,-0.0466421849742967,0.0001320062084906523,0.009086067327237879
3435.35,-0.0147997,-0.0405524,-0.018232523529411765,-0.037660805882352946,-0.01841165424504943,-0.04660903547789791,0.00017913071563766675,0.008948229595544963
3436.23,-0.0162436,-0.0417202,-0.0179135,-0.03788987647058824,-0.018153759519856164,-0.04657334865782637,0.00024025951985616467,0.008683472187238132
3437.12,-0.0178719,-0.0421787,-0.017632929411764704,-0.03824530588235294,-0.017894117971018815,-0.046534352894913894,0.0002611885592541108,0.008289047012560953
3438.0,-0.0193446,-0.0419549,-0.01743611176470588,-0.0387027,-0.017638595938131687,-0.046492962997574515,0.00020248417342580774,0.007790262997574515
3438.88,-0.0203859,-0.0412178,-0.01735289411764706,-0.0392159294117647,-0.01738429945943318,-0.04644879468937851,3.140534178612195e-05,0.007232865277613805
3439.77,-0.0208375,-0.0402278,-0.017389017647058823,-0.03972733529411765,-0.017128389117064102,-0.04640133658327919,-0.0002606285299947206,0.006674001289161541
3440.65,-0.0206794,-0.0392695,-0.017523435294117644,-0.040180952941176476,-0.016876643492097342,-0.046351692295231145,-0.0006467918020203016,0.006170739354054669
3441.54,-0.0200189,-0.0385895,-0.017712476470588236,-0.04053551764705882,-0.016623368126282286,-0.04629877071178714,-0.0010891083443059502,0.005763253064728316
3442.42,-0.0190546,-0.0383463,-0.01789985882352941,-0.040773711764705886,-0.016374280146827878,-0.046243797130809214,-0.0015255786767015313,0.005470085366103328
3443.31,-0.0180234,-0.0385838,-0.018029847058823528,-0.04090531764705883,-0.01612374337352287,-0.046185558154319,-0.0019061036853006592,0.00528024050726017
3444.19,-0.0171432,-0.0392313,-0.01806055294117647,-0.04096348235294117,-0.0158774114498914,-0.0461253973822444,-0.002183141491285071,0.0051619150293032295
3445.08,-0.0165628,-0.0401313,-0.017973164705882352,-0.04099545294117647,-0.01562970901141155,-0.046061982284966545,-0.0023434556944708015,0.005066529343790073
3445.96,-0.016332,-0.0410862,-0.017773735294117646,-0.04105068235294118,-0.015386224359523571,-0.0459967715351608,-0.0023875109345940747,0.004946089182219622
3446.85,-0.0163996,-0.0419142,-0.017491729411764703,-0.041168641176470594,-0.015141445311247816,-0.04592831655506789,-0.0023502841005168876,0.004759675378597297
3447.73,-0.0166414,-0.0424954,-0.017172299999999998,-0.04136955882352941,-0.014900893107142169,-0.045858188013559426,-0.0022714068928578295,0.0044886291900300135
3448.62,-0.0169046,-0.0427949,-0.016865394117647058,-0.0416498,-0.014659120961137502,-0.04578482429260644,-0.0022062731565095552,0.00413502429260644
3449.5,-0.0170545,-0.0428589,-0.016613958823529413,-0.04198275294117647,-0.014421581443472557,-0.04570990513158498,-0.0021923773800568563,0.003727152190408513
3450.39,-0.0170095,-0.0427897,-0.016443941176470588,-0.042325082352941176,-0.014182895250649325,-0.045631758801166156,-0.002261045925821263,0.0033066764482249794
3451.28,-0.0167656,-0.042709,-0.016358470588235294,-0.042627023529411764,-0.013945789493096777,-0.04555125378926628,-0.0024126810951385167,0.002924230259854513
3452.16,-0.0163863,-0.0427222,-0.016337841176470587,-0.042844099999999996,-0.013712920109369657,-0.04546936372926897,-0.0026249210671009295,0.0026252637292689743
3453.05,-0.0159543,-0.0428938,-0.016345117647058822,-0.04294704117647059,-0.013479012896912826,-0.04538425674833723,-0.002866104750145997,0.002437215571866637
3453.94,-0.0155918,-0.0432231,-0.01633561764705882,-0.04292741176470588,-0.013246741331570316,-0.04529687940412724,-0.003088876315488504,0.0023694676394213562
3454.82,-0.0154072,-0.0436434,-0.016267288235294115,-0.042797711764705884,-0.013018705394388359,-0.045208279522092394,-0.0032485828409057563,0.00241056775738651
3455.71,-0.015462,-0.0440336,-0.01610915882352941,-0.042586829411764705,-0.012789740155698047,-0.04511647126343422,-0.0033194186678313625,0.002529641851669512
3456.59,-0.0157445,-0.0442497,-0.015846152941176472,-0.04233275882352941,-0.012565008237709566,-0.04502354469750044,-0.003281144703466906,0.0026907858739710286
3457.48,-0.0161643,-0.0441659,-0.01548000588235294,-0.042074729411764704,-0.012339419626970029,-0.04492741484164844,-0.0031405862553829118,0.0028526854298837334
3458.37,-0.0165704,-0.0437168,-0.01502698588235294,-0.04184657058823529,-0.012115555276766868,-0.04482915233302727,-0.002911430605586072,0.002982581744791976
3459.25,-0.0167925,-0.0429216,-0.014513074705882353,-0.04167206470588235,-0.011895918857814177,-0.0447299230825404,-0.002617155848068176,0.0030578583766580555
3460.14,-0.0166865,-0.0418813,-0.013968603529411764,-0.041562588235294115,-0.01167553614339572,-0.044627497933831986,-0.002293067386016045,0.003064909698537871
3461.03,-0.0161705,-0.0407525,-0.013424498235294118,-0.04151670588235294,-0.01145693053946288,-0.04452301877690062,-0.001967567695831238,0.003006312894547676
3461.92,-0.015238,-0.0397093,-0.012906216470588235,-0.04152224705882353,-0.01124011982884272,-0.044416511489711756,-0.001666096641745515,0.0028942644308882284
3462.8,-0.0139532,-0.0389104,-0.012430161176470587,-0.04156010588235294,-0.011027527445616317,-0.04430923204081843,-0.0014026337308542698,0.0027491261584654883
3463.69,-0.0124335,-0.0384757,-0.012002257058823528,-0.04160930588235294,-0.010814339530606733,-0.04419876764642694,-0.001187917528216795,0.0025894617640739997
3464.58,-0.01083,-0.0384724,-0.011619247647058822,-0.04165191764705882,-0.010603000176851873,-0.04408635175044347,-0.0010162474702069494,0.0024344341033846473
3465.46,-0.00930816,-0.038911,-0.011272230000000001,-0.04167642352941177,-0.010395870732739147,-0.04397330523705113,-0.0008763592672608542,0.0022968817076393644
3466.35,-0.00802911,-0.0397424,-0.010951118235294117,-0.041678470588235296,-0.010188261807846898,-0.04385708418746711,-0.0007628564274472192,0.002178613599231813
3467.24,-0.00713029,-0.0408611,-0.010648235882352941,-0.04165915882352941,-0.009982556040887188,-0.04373898806594198,-0.0006656798414657536,0.0020798292424125675
3468.13,-0.00670451,-0.0421138,-0.010360012352941176,-0.04162202941176471,-0.009778771909945267,-0.043619042589142384,-0.0005812404429959093,0.001997013177377674
3469.02,-0.00678101,-0.0433173,-0.010086653529411765,-0.041570182352941173,-0.009576927989903384,-0.043497273610524155,-0.0005097255395083815,0.0019270912575829816
3469.9,-0.00731426,-0.044287,-0.009830635882352941,-0.041504523529411766,-0.009379277892107317,-0.04337510543255561,-0.00045135799024562454,0.0018705819031438475
3470.79,-0.00818763,-0.04487,-0.009594831764705882,-0.04142312941176471,-0.009181348130703539,-0.04324978749524782,-0.0004134836340023429,0.0018266580834831112
3471.68,-0.00923334,-0.0449741,-0.00938092705882353,-0.041321464705882355,-0.00898541456583003,-0.043122724498502275,-0.00039551249299350083,0.0018012597926199206
3472.57,-0.010265,-0.0445825,-0.009188168235294118,-0.041193229411764704,-0.008791496038494221,-0.04299394319184347,-0.0003966721967998965,0.0018007137800787679
3473.46,-0.0111115,-0.0437516,-0.009012462352941177,-0.04103138823529412,-0.008599611414591382,-0.04286347062882011,-0.00041285093834979476,0.0018320823935259883
3474.35,-0.0116435,-0.0425933,-0.008845836470588234,-0.04082968235294118,-0.008409779563996968,-0.04273133419503208,-0.00043605690659126624,0.0019016518420908943
3475.23,-0.0117867,-0.0412501,-0.008676465882352942,-0.040584447058823525,-0.0082241174264607,-0.042599073681824376,-0.00045234845589224235,0.002014626623000851
3476.12,-0.0115234,-0.0398711,-0.008490144705882354,-0.04029653529411765,-0.008038424040761704,-0.042463711028943245,-0.00045172066512065047,0.0021671757348255966
3477.01,-0.0108857,-0.0385931,-0.008272734117647059,-0.03997297058823529,-0.007854839617142692,-0.042326768580475835,-0.00041789450050436737,0.0023537979922405444
3477.9,-0.00994453,-0.0375267,-0.008010825882352942,-0.03962755882352941,-0.0076733828006504985,-0.04218827528342579,-0.0003374430817024432,0.0025607164598963755
3478.79,-0.00879712,-0.0367474,-0.00769626705882353,-0.03927973529411765,-0.007494072112930536,-0.04204826052464358,-0.0002021949458929943,0.0027685252305259325
3479.68,-0.0075531,-0.0362924,-0.007328611176470589,-0.038951970588235296,-0.007316925923271162,-0.041906754145689194,-1.1685253199426697e-05,0.002954783557453898
3480.57,-0.00632116,-0.0361597,-0.006916062352941177,-0.03866623529411765,-0.007141962418900806,-0.04176378645538789,0.00022590006595962948,0.003097551161270244
3481.46,-0.00519647,-0.0363134,-0.006474707058823529,-0.038440423529411766,-0.006969199574703913,-0.04161938824007946,0.0004944925158803836,0.0031789647106676908
3482.35,-0.00425099,-0.0366921,-0.006026327647058823,-0.03828559411764706,-0.006798655122515528,-0.04147359077156945,0.000772327475456705,0.003187996653922394
3483.24,-0.00353705,-0.0372193,-0.005595451176470588,-0.0382044,-0.006630346520153394,-0.04132642581280342,0.0010348953436828063,0.0031220258128034223
3484.13,-0.00308503,-0.0378167,-0.0052061847058823526,-0.03819084705882353,-0.006464290920338249,-0.041177925621292064,0.0012581062144558968,0.002987078562468534
3485.02,-0.00286182,-0.038415,-0.004879321764705883,-0.038231082352941176,-0.00630050513965034,-0.041028122950326186,0.0014211833749444578,0.00279704059738501
3485.91,-0.00284013,-0.038957,-0.0046299582352941175,-0.03830506470588235,-0.006139005627662107,-0.0408770510480264,0.0015090473923679891,0.0025719863421440475
3486.8,-0.00298319,-0.0394021,-0.004465787647058824,-0.03838891176470588,-0.0059798084363837205,-0.04072474365428325,0.0015140207893248967,0.0023358318895773736
3487.69,-0.00325167,-0.039725,-0.004386255294117647,-0.038457605882352947,-0.005822929190149533,-0.04057123499564802,0.0014366738960318861,0.0021136291132950735
3488.58,-0.00360846,-0.0399128,-0.004382662941176471,-0.03848793529411765,-0.005668383056066642,-0.04041655977824196,0.001285720114890171,0.0019286244841243139
3489.47,-0.00402105,-0.0399612,-0.004439311176470588,-0.03846115882352941,-0.005516184715142287,-0.040260753178758824,0.0010768735386716992,0.001799594355229417
3490.36,-0.0044618,-0.0398698,-0.004535518235294117,-0.03836516470588235,-0.005366348334196528,-0.04010385083363936,0.0008308300989024109,0.0017386861277570095
3491.25,-0.00490587,-0.0396407,-0.004647767058823529,-0.03819569411764706,-0.005218887538661787,-0.039945888826502816,0.0005711204798382582,0.0017501947088557554
3492.14,-0.00532903,-0.0392771,-0.004752177647058823,-0.03795639411764706,-0.00507381538636097,-0.03978690367392291,0.0003216377393021469,0.0018305095562758458
3493.03,-0.00570535,-0.0387844,-0.0048294094117647055,-0.03765772352941177,-0.00493114434235126,-0.03962693230964218,0.00010173493058655489,0.001969208780230408
3493.92,-0.00600622,-0.0381728,-0.00486522,-0.037315170588235295,-0.004790886254910544,-0.03946601206731967,-7.433374508945562e-05,0.002150841479084377
3494.82,-0.00620105,-0.0374602,-0.004851469411764706,-0.03694685294117647,-0.004651517449715452,-0.03930235729979427,-0.00019995196204925392,0.0023555043586177965
3495.71,-0.00626009,-0.0366753,-0.004786096470588235,-0.036571170588235294,-0.004516145654069835,-0.03913964321532587,-0.00026995081651840034,0.002568472627090576
3496.6,-0.00615949,-0.0358582,-0.004672277058823529,-0.036204729411764704,-0.004383218544490192,-0.03897609489433986,-0.00028905851433333723,0.0027713654825751582
3497.49,-0.00588651,-0.0350602,-0.004517001176470589,-0.03586094705882353,-0.004252745279187115,-0.038811751075225845,-0.0002642558972834738,0.0029508040164023183
3498.38,-0.00544528,-0.0343383,-0.004329425882352941,-0.03554941764705882,-0.004124734298672554,-0.03864665079126314,-0.0002046915836803869,0.00309723314420432
3499.27,-0.00486001,-0.0337486,-0.004119344705882353,-0.03527594117647059,-0.003999193309832175,-0.0384808333466782,-0.00012015139605017766,0.003204892170207606
3500.16,-0.00417476,-0.0333376,-0.003896020588235294,-0.03504307647058823,-0.0038761292714756526,-0.03831433829194975,-1.9891316759641266e-05,0.003271261821361525
3501.06,-0.00344891,-0.0331336,-0.0036675741176470586,-0.034851276470588236,-0.0037542076683360704,-0.03814532402921079,8.663355068901177e-05,0.0032940475586225523
3501.95,-0.00274943,-0.0331407,-0.00344099,-0.03470008823529411,-0.003636143341178385,-0.0379775867734343,0.00019515334117838502,0.003277498538140196
3502.84,-0.00214033,-0.0333384,-0.003222054705882353,-0.034587617647058824,-0.003520572278214357,-0.037809292232214645,0.00029851757233200415,0.0032216745851558204
3503.73,-0.00167353,-0.0336833,-0.003016234705882353,-0.034511476470588234,-0.003407498322642192,-0.037640480684082094,0.00039126361675983915,0.003129004213493859
3504.62,-0.00138136,-0.0341169,-0.0028292370588235295,-0.034468582352941174,-0.00329692451989885,-0.037471192522320694,0.00046768746107532034,0.00300261016937952
3505.52,-0.00127302,-0.0345738,-0.002667292941176471,-0.03445446470588236,-0.0031876530493916214,-0.0372995588899784,0.0005203601082151505,0.0028450941840960434
3506.41,-0.00133449,-0.0349916,-0.002536848235294118,-0.03446248235294118,-0.0030821136101708245,-0.03712943478988891,0.0005452653748767066,0.002666952436947728
3507.3,-0.00153252,-0.0353184,-0.0024436682352941175,-0.034483241176470586,-0.0029790786295826096,-0.03695895612928353,0.0005354103942884921,0.0024757149528129435
3508.19,-0.00182176,-0.0355238,-0.002391514705882353,-0.034504547058823526,-0.0028785479138761566,-0.036788163489144675,0.0004870332079938036,0.002283616430321149
3509.09,-0.00215429,-0.0356026,-0.002380758823529412,-0.03451215882352941,-0.00277943324233693,-0.03661517394007556,0.0003986744188075181,0.0021030151165461475
3509.98,-0.00247915,-0.0355482,-0.0024073523529411765,-0.03449123529411764,-0.002683935329643391,-0.036443872586764806,0.0002765829767022144,0.0019526372926471636
3510.87,-0.00276115,-0.0353809,-0.0024624676470588235,-0.03442827058823529,-0.0025909362149987274,-0.036272379219552266,0.00012846856793990395,0.001844108631316975
3511.77,-0.00298053,-0.035129,-0.0025330488235294117,-0.03431316470588235,-0.002499429736815936,-0.03609880487222942,-3.361908671347573e-05,0.0017856401663470661
3512.66,-0.00313346,-0.0348202,-0.00260322,-0.034140947058823534,-0.0024114451066599026,-0.03592704734206145,-0.00019177489334009723,0.001786100283237918
3513.55,-0.00322772,-0.0344746,-0.0026563935294117644,-0.03391281764705882,-0.0023259465558195117,-0.03575521886132021,-0.0003304469735922527,0.0018424012142613869
3514.45,-0.00327595,-0.0341015,-0.0026776947058823526,-0.033636188235294115,-0.0022420095628278,-0.03558142828540219,-0.00043568514305455247,0.0019452400501080783
3515.34,-0.00328815,-0.0336998,-0.0026562629411764705,-0.03332370588235294,-0.0021614927591436816,-0.03540957768689069,-0.0004947701820327889,0.002085871804537745
3516.23,-0.00326606,-0.033263,-0.0025868777647058824,-0.03299101176470588,-0.0020834422511155776,-0.03523777562270042,-0.0005034355135903048,0.0022467638579945354
3517.13,-0.00320152,-0.032785,-0.002470516823529411,-0.032653870588235295,-0.0020070145321668923,-0.03506413258743021,-0.00046350229136251893,0.002410261999194918
3518.02,-0.00307729,-0.032268,-0.0023142447058823526,-0.03232675294117647,-0.0019338990847298382,-0.03489254663621094,-0.00038034562115251444,0.002565793695034471
3518.92,-0.00287341,-0.0317265,-0.002129296058823529,-0.03201998823529412,-0.0018624430740874528,-0.034719201522187874,-0.00026685298473607625,0.0026992132868937577
3519.81,-0.00257427,-0.0311892,-0.001928716470588235,-0.03173860588235294,-0.0017942240446682327,-0.03454798808075019,-0.00013449242592000234,0.002809382198397256
3520.7,-0.00217697,-0.0306956,-0.001724786176470588,-0.03148238235294117,-0.0017284233836447629,-0.03437701728580805,3.637207174174862e-06,0.002894634932866874
3521.6,-0.00169661,-0.0302889,-0.0015268884117647058,-0.031246982352941172,-0.0016643307761878897,-0.0342044106965563,0.0001374423644231839,0.002957428343615131
3522.49,-0.00116818,-0.0300062,-0.0013402281764705883,-0.031025876470588236,-0.0016033580692388042,-0.03403404169888618,0.0002631298927682159,0.003008165228297943
3523.39,-0.000642212,-0.029868,-0.001165601588235294,-0.030812511764705883,-0.0015441218027285875,-0.033862119639469036,0.0003785202144932934,0.0030496078747631536
3524.28,-0.000176154,-0.0298712,-0.0010002231176470587,-0.03060221764705882,-0.0014879246079324995,-0.033692501916535327,0.0004877014902854408,0.0030902842694765058
3525.18,0.000177476,-0.0299872,-0.0008392601764705881,-0.030393488235294117,-0.0014334890590147118,-0.03352141394189719,0.0005942288825441236,0.003127925706603075
3526.07,0.000382977,-0.0301659,-0.0006778115294117646,-0.030188282352941177,-0.0013820098790858187,-0.03335269374578625,0.0007041983496740541,0.0031644113928450714
3526.97,0.000429323,-0.0303455,-0.0005127258588235293,-0.0299914,-0.0013323144586562979,-0.03318258603811652,0.0008195885998327685,0.0031911860381165155
3527.86,0.000333355,-0.0304644,-0.00034388774117647054,-0.029809047058823528,-0.0012854910336171012,-0.033014906183927384,0.0009416032924406307,0.0032058591251038562
3528.76,0.000136542,-0.0304728,-0.00017459427058823528,-0.029646958823529412,-0.001240470488582022,-0.0328459213553144,0.0010658762179937868,0.0031989625317849907
3529.65,-0.000102726,-0.0303427,-1.0975447058823523e-05,-0.029508588235294116,-0.001198236098988575,-0.03267942104251057,0.0011872606519297516,0.0031708328072164553
3530.55,-0.000319498,-0.0300726,0.0001394922,-0.029393805882352943,-0.0011578208228566287,-0.032511697970980385,0.0012973130228566287,0.0031178920886274428
3531.44,-0.000454626,-0.029688,0.00026993055294117645,-0.029298588235294118,-0.001120104599976994,-0.03234651263771862,0.0013900351529181705,0.003047924402424504
3532.34,-0.00046515,-0.0292366,0.00037594843529411767,-0.02921574705882353,-0.001084220948724868,-0.032180186336498016,0.0014601693840189858,0.002964439277674487
3533.23,-0.000332663,-0.0287795,0.0004569910235294118,-0.02913731764705882,-0.0010509481882386247,-0.03201644754661159,0.0015079392117680365,0.0028791298995527737
3534.13,-6.69536e-05,-0.0283795,0.0005165706117647059,-0.029056029411764706,-0.0010195187980719755,-0.031851649066132935,0.0015360894098366815,0.002795619654368229
3535.03,0.000295978,-0.0280892,0.000561457494117647,-0.028966129411764706,-0.0009902986677327735,-0.03168766700608287,0.0015517561618504205,0.002721537594318167
3535.92,0.000701019,-0.0279401,0.0006001734352941177,-0.028865664705882352,-0.0009635553778798254,-0.03152634079002705,0.001563728813173943,0.002660676084144699
3536.82,0.00108491,-0.0279366,0.0006409807294117647,-0.02875695882352941,-0.0009386669452905053,-0.0313640759036502,0.00157964767470227,0.002607117080120791
3537.72,0.00138977,-0.0280549,0.0006899170823529412,-0.028646082352941176,-0.0009159244085051806,-0.031202720335213638,0.0016058414908581217,0.0025566379822724618
3538.61,0.00157524,-0.0282493,0.0007492235529411764,-0.028541447058823527,-0.000895523362395926,-0.03104408126725267,0.0016447469153371024,0.002502634208429142
3539.51,0.00162615,-0.0284629,0.0008166169058823529,-0.028451876470588236,-0.0008769833262096157,-0.03088462304028519,0.0016936002320919684,0.0024327465696969523
3540.4,0.0015552,-0.0286539,0.0008854763176470589,-0.028384488235294117,-0.0008606942982516842,-0.03072791750288037,0.001746170615898743,0.002343429267586253
3541.3,0.00139583,-0.028784,0.000945962494117647,-0.028342847058823527,-0.0008462676155630607,-0.030570471437369434,0.0017922301096807078,0.0022276243785459074
3542.2,0.0011924,-0.0288172,0.0009868907647058824,-0.02832579411764706,-0.0008338747143259324,-0.03041407918973796,0.0018207654790318149,0.0020882850720909014
3543.09,0.000991526,-0.0287565,0.0009979722352941177,-0.028327176470588234,-0.0008235966439854683,-0.030260487911321958,0.001821568879279586,0.0019333114407337239
3543.99,0.000830266,-0.0286248,0.0009719625882352942,-0.028336652941176474,-0.0008151790664542276,-0.030106272884133936,0.0017871416546895217,0.0017696199429574622
3544.89,0.000729192,-0.0284578,0.0009062609647058823,-0.02834138823529412,-0.0008087247841716596,-0.029953192444032918,0.001714985748877542,0.0016118042087387985
3545.79,0.000688712,-0.0282938,0.0008035662,-0.028328329411764705,-0.0008042097836060253,-0.029801272643031722,0.0016077759836060253,0.0014729432312670168
3546.68,0.000691061,-0.0281653,0.0006713932588235294,-0.028286482352941174,-0.0008016283164521017,-0.029652207267359388,0.001473021575275631,0.0013657249144182135
3547.58,0.00070546,-0.028091,0.0005206834941176471,-0.028208688235294117,-0.0008008982187011376,-0.029502671414960994,0.0013215817128187845,0.0012939831796668771
3548.48,0.000695602,-0.0280716,0.0003637593764705882,-0.028091794117647062,-0.0008020345511392259,-0.029354371272616843,0.001165793927609814,0.001262577154969781
3549.38,0.000628827,-0.0280896,0.00021230172941176468,-0.027937188235294116,-0.0008050126252547484,-0.029207331051545386,0.001017314354666513,0.0012701428162512698
3550.27,0.000484363,-0.0281127,7.571231764705885e-05,-0.027751023529411764,-0.0008097444477095624,-0.02906318690457675,0.0008854567653566212,0.0013121633751649875
3551.17,0.000258855,-0.0281012,-4.004427058823528e-05,-0.02754184117647059,-0.0008163116340144973,-0.028918722770908605,0.000776267363426262,0.0013768815944380161
3552.07,-3.20176e-05,-0.0280171,-0.00013275921176470588,-0.027318941176470588,-0.0008246460061688103,-0.0287755883579097,0.0006918867944041044,0.0014566471814391121
3552.97,-0.000356041,-0.0278329,-0.00020358997647058823,-0.02709084705882353,-0.0008347224013715282,-0.02863380619755187,0.00063113242490094,0.0015429591387283378
3553.87,-0.0006717,-0.0275379,-0.00025613297647058826,-0.026864270588235296,-0.000846515564222374,-0.02849339843006268,0.0005903825877517857,0.0016291278418273832
3554.77,-0.000935916,-0.0271404,-0.00029517862352941175,-0.026643529411764708,-0.0008600001558032773,-0.028354386816553962,0.0005648215322738655,0.0017108574047892539
3555.66,-0.00111251,-0.0266667,-0.0003254898,-0.026430658823529414,-0.0008749733618871637,-0.028218313710268172,0.0005494835618871637,0.0017876548867387584
3556.56,-0.00117895,-0.0261557,-0.00035078132941176467,-0.026226000000000003,-0.0008917464130202458,-0.02808214213844122,0.0005409650836084812,0.0018561421384412184
3557.46,-0.00112962,-0.0256524,-0.0003732268,-0.026029141176470587,-0.0009101347384907434,-0.02794742963322799,0.0005369079384907434,0.0019182884567574034
3558.36,-0.000976336,-0.0252004,-0.0003935035647058824,-0.025839929411764703,-0.0009301127413225186,-0.027814196576822724,0.0005366091766166362,0.001974267165058021
3559.26,-0.000745888,-0.0248355,-0.00041134470588235296,-0.025659217647058825,-0.000951654774723985,-0.0276824630408532,0.0005403100688416321,0.0020232453937943755
3560.16,-0.000474931,-0.0245802,-0.0004264069058823529,-0.025489170588235292,-0.0009747351464276526,-0.027552248801051286,0.0005483282405452997,0.0020630782128159934
3561.06,-0.000204519,-0.024442,-0.00043915414117647056,-0.025333,-0.0009993281221945352,-0.027423573352174352,0.0005601739810180646,0.0020905733521743505
3561.96,2.7285e-05,-0.0244127,-0.0004514427294117647,-0.025194294117647058,-0.0010254079284713333,-0.02729645592315363,0.0005739651990595686,0.002102161805506573
3562.86,0.00019017,-0.0244722,-0.00046669943529411764,-0.025076123529411763,-0.0010529487541888092,-0.027170915492443368,0.0005862493188946915,0.0020947919630316045
3563.75,0.000265646,-0.0245924,-0.0004896423764705882,-0.024980123529411764,-0.0010815950058173862,-0.027048339132365446,0.000591952629346798,0.0020682156029536818
3564.65,0.000247254,-0.024743,-0.0005255859058823529,-0.024905870588235294,-0.0011119647744868312,-0.02692599067221378,0.0005863788686044783,0.0020201200839784876
3565.55,0.000139658,-0.0248961,-0.0005795541411764706,-0.024850629411764705,-0.0011437181973709088,-0.026805274596374017,0.0005641640561944382,0.001954645184609312
3566.45,-4.44444e-05,-0.0250291,-0.0006556420235294117,-0.024809564705882352,-0.0011768293141694215,-0.026686209040059902,0.0005211872906400098,0.0018766443341775504
3567.35,-0.000288075,-0.0251263,-0.0007558262588235295,-0.02477619411764706,-0.001211272122785625,-0.02656881196674734,0.0004554458639620955,0.0017926178491002795
3568.25,-0.000572744,-0.025178,-0.0008796256117647059,-0.02474325294117647,-0.0012470205757233537,-0.026453101184222092,0.00036739496395864777,0.0017098482430456217
3569.15,-0.000880606,-0.0251799,-0.0010241321411764706,-0.0247036,-0.00128404857553641,-0.026339094360658323,0.0002599164343599395,0.0016354943606583239
3570.05,-0.00119528,-0.0251315,-0.0011843424352941175,-0.024651076470588236,-0.0013223299693150752,-0.026226809040704464,0.00013798753402095767,0.0015757325701162284
3570.95,-0.00150254,-0.0250347,-0.0013537730235294119,-0.024581117647058826,-0.0013618385421946427,-0.026116262661550815,8.065518665230798e-06,0.0015351450144919891
3571.85,-0.00178999,-0.0248934,-0.0015251869058823528,-0.024491082352941177,-0.0014025480098700843,-0.026007472568953166,-0.0001226388960122685,0.001516390216011989
3572.75,-0.00204708,-0.0247133,-0.0016913218470588232,-0.024380288235294117,-0.0014444320100993535,-0.025900456033187316,-0.00024688983695946975,0.0015201677978931988
3573.66,-0.00226983,-0.0245023,-0.0018454799647058821,-0.024249800000000002,-0.0014879485766697708,-0.025794071213629158,-0.0003575313880361114,0.0015442712136291559
3574.56,-0.00244902,-0.0242682,-0.001981963823529412,-0.024102111764705884,-0.0015321145068321416,-0.025690673564065642,-0.0004498493166972704,0.0015885617993597577
3575.46,-0.00257952,-0.0240202,-0.0020962735294117645,-0.023940770588235294,-0.0015773750178330649,-0.0255891011775347,-0.0005188985115786996,0.0016483305892994078
3576.36,-0.00266113,-0.0237679,-0.0021852097647058824,-0.023770111764705882,-0.0016237033284175928,-0.025489371179526852,-0.0005615064362882896,0.00171925941482097
3577.26,-0.00269629,-0.0235198,-0.002246916470588235,-0.023594982352941177,-0.0016710725209274839,-0.025391500697977902,-0.000575843949660751,0.0017965183450367253
3578.16,-0.00269015,-0.0232829,-0.0022809147058823528,-0.02342055294117647,-0.0017194555263159458,-0.02529550687820741,-0.0005614591795664069,0.0018749539370309376
3579.06,-0.00264839,-0.0230618,-0.002288125882352941,-0.02325209411764706,-0.0017688251080043098,-0.02520140689757777,-0.0005193007743486311,0.001949312779930712
3579.96,-0.00257704,-0.0228595,-0.0022708841176470587,-0.023094747058823528,-0.0018191538445545409,-0.02510921797983898,-0.0004517302730925178,0.0020144709210154522
3580.86,-0.00248103,-0.0226778,-0.0022329335294117647,-0.022953170588235296,-0.0018704141111311103,-0.025018957409120635,-0.0003625194182806544,0.002065786820885339
3581.76,-0.00236467,-0.0225184,-0.002179010588235294,-0.022831164705882354,-0.0019225780597235684,-0.02493064254353209,-0.0002564325285117257,0.0020994778376497367
3582.67,-0.00223134,-0.0223835,-0.0021150347058823526,-0.022731388235294116,-0.0019762117382124867,-0.02484334245836816,-0.00013882296766986593,0.0021119542230740446
3583.57,-0.00208466,-0.0222768,-0.002047650588235294,-0.02265504117647059,-0.0020301077608826878,-0.024758993545330194,-1.7542827352606295e-05,0.0021039523688596053
3584.47,-0.00192962,-0.0222027,-0.0019836217647058825,-0.02260170588235294,-0.002084822045447937,-0.02467664318170644,0.00010120028074205468,0.0020749372993534992
3585.37,-0.00177325,-0.0221662,-0.0019293182352941177,-0.02256935294117647,-0.002140325623925395,-0.02459630914958549,0.00021100738863127737,0.002026956208409019
3586.28,-0.00162513,-0.0221709,-0.001890178823529412,-0.022554547058823527,-0.0021972184946302225,-0.024517150862921538,0.0003070396711008106,0.0019626038040980107
3587.18,-0.00149688,-0.0222185,-0.0018703729411764707,-0.022552776470588235,-0.0022542203072322383,-0.024440926294358373,0.0003838473660557676,0.0018881498237701376
3588.08,-0.00140192,-0.0223065,-0.0018725470588235294,-0.022558888235294117,-0.00231192200794046,-0.024366772454955117,0.00043937494911693064,0.0018078842196610004
3588.98,-0.00135314,-0.0224282,-0.0018977576470588235,-0.022567523529411763,-0.002370293082339153,-0.02429470772563637,0.00047253543528032963,0.0017271841962246057
3589.88,-0.00136143,-0.022572,-0.0019454864705882354,-0.022573588235294116,-0.002429302553007333,-0.024224750658248712,0.00048381608241909757,0.0016511624229545961
3590.79,-0.00143399,-0.0227223,-0.002013574117647059,-0.022572823529411763,-0.00248958463906622,-0.02415617832377318,0.0004760105214191611,0.0015833547943614155
3591.69,-0.00157264,-0.0228612,-0.002099155882352941,-0.02256145294117647,-0.0025497821521203207,-0.02409051689606948,0.00045062626976737985,0.001529063954893009
3592.59,-0.00177313,-0.0229698,-0.0021985517647058824,-0.02253666470588235,-0.0026105216370706573,-0.024027020087281227,0.0004119698723647749,0.0014903553813988765
3593.5,-0.00202478,-0.0230312,-0.002307538235294118,-0.022496694117647056,-0.0026724531677612645,-0.02396503827852279,0.0003649149324671465,0.0014683441608757328
3594.4,-0.00231169,-0.0230317,-0.0024215964705882353,-0.022440882352941175,-0.00273418144968647,-0.023905953377356477,0.00031258497909823465,0.0014650710244153015
3595.3,-0.002614,-0.0229634,-0.0025361682352941176,-0.022369635294117646,-0.002796349740770392,-0.02384909177963422,0.0002601815054762745,0.0014794564855165754
3596.2,-0.00290961,-0.0228246,-0.0026468852941176468,-0.022284441176470587,-0.0028589227575068145,-0.023794473362449074,0.00021203746338916774,0.0015100321859784875
3597.11,-0.00317606,-0.0226215,-0.0027498129411764704,-0.022187788235294117,-0.0029225657163098927,-0.023741549258313933,0.00017275277513342227,0.001553761023019816
3598.01,-0.00338883,-0.0223705,-0.0028417,-0.02208307647058823,-0.0029858426222006194,-0.023691503076024273,0.00014414262220061947,0.0016084266054360412
3598.92,-0.00353955,-0.0220835,-0.0029202141176470587,-0.021974435294117647,-0.0030501209167545225,-0.023643243607416525,0.00012990679910746374,0.0016688083132988772
3599.82,-0.00361935,-0.0217813,-0.0029841588235294115,-0.021866488235294117,-0.003113948793962448,-0.02359785229575041,0.0001297899704330364,0.0017313640604562919
3600.72,-0.00362602,-0.0214867,-0.003033615294117647,-0.02176404705882353,-0.0031779913167398525,-0.02355480674144864,0.00014437602262220564,0.0017907596826251086
3601.63,-0.00356412,-0.0212221,-0.0030700229411764705,-0.0216717,-0.003242922038796503,-0.023513689239161348,0.0001728990976200325,0.0018419892391613492
3602.53,-0.0034446,-0.0210073,-0.0030961076470588235,-0.021593441176470586,-0.0033072716277117655,-0.023475424703586448,0.00021116398065294199,0.0018819835271158616
3603.44,-0.00328411,-0.0208582,-0.003115665882352941,-0.021532235294117647,-0.0033724259600869883,-0.02343918447237358,0.00025676007773404747,0.0019069491782559324
3604.34,-0.00310291,-0.0207851,-0.0031332282352941176,-0.02148969411764706,-0.003436908353780236,-0.023405786465484545,0.00030368011848611823,0.0019160923478374857
3605.24,-0.00292351,-0.0207919,-0.003153644117647059,-0.021465829411764704,-0.003501388770181613,-0.02337484030934181,0.00034774465253455426,0.0019090108975771056
3606.15,-0.00276873,-0.0208754,-0.0031817923529411764,-0.0214588,-0.0035665356824411093,-0.02334606493509535,0.00038474332949993287,0.0018872649350953515
3607.05,-0.0026597,-0.0210261,-0.0032213682352941176,-0.021465676470588235,-0.003630868422765105,-0.023320114287305547,0.0004095001874709872,0.0018544378167173123
3607.96,-0.00261389,-0.0212283,-0.003274826470588235,-0.0214825,-0.0036957654635605915,-0.02329643347960802,0.0004209389929723567,0.0018139334796080167
3608.86,-0.00264371,-0.0214613,-0.003343125294117647,-0.021504799999999998,-0.0037597484965240426,-0.023275564358818415,0.00041662320240639554,0.001770764358818417
3609.77,-0.00275513,-0.0217013,-0.0034256841176470588,-0.021528182352941176,-0.0038241848893549825,-0.023257064736333467,0.0003985007717079237,0.0017288823833922912
3610.67,-0.00294649,-0.0219229,-0.0035206017647058823,-0.021548882352941175,-0.0038876030166325355,-0.023241362261818915,0.0003670012519266532,0.0016924799088777406
3611.58,-0.00320817,-0.0221014,-0.0036250264705882354,-0.021564164705882353,-0.003951354037418964,-0.023228129114884623,0.000326327566830729,0.00166396440900227
3612.48,-0.00352313,-0.0222158,-0.0037357011764705883,-0.021572529411764706,-0.004013977623560346,-0.023217676631836895,0.0002782764470897576,0.0016451472200721892
3613.39,-0.00386735,-0.022251,-0.003849485294117647,-0.02157365882352941,-0.004076803285903348,-0.023209792941301724,0.0002273179917857012,0.0016361341177723136
3614.29,-0.00421234,-0.0222004,-0.003963764117647059,-0.021568164705882353,-0.004138386929958015,-0.023204670947559056,0.0001746228123109565,0.0016365062416767023
3615.2,-0.00452814,-0.0220673,-0.004076665294117647,-0.021557164705882353,-0.004200030616295761,-0.02320221618774839,0.00012336532217811433,0.0016450514818660382
3616.11,-0.0047871,-0.0218658,-0.004187047647058823,-0.021541882352941175,-0.00426097747840167,-0.023202519416474453,7.392983134284648e-05,0.0016606370635332789
3617.01,-0.00496762,-0.0216196,-0.004294248235294117,-0.021523335294117645,-0.004320498827744975,-0.023205549723768547,2.62505924508577e-05,0.001682214429650903
3617.92,-0.0050582,-0.0213592,-0.004397707058823529,-0.02150223529411765,-0.004379843701358964,-0.02321139146711345,-1.78633574645648e-05,0.0017091561729958016
3618.82,-0.00505933,-0.021118,-0.00449664,-0.021479147058823526,-0.004437632698103442,-0.023219932017025022,-5.900730189655791e-05,0.001740784958201496
3619.73,-0.00498438,-0.0209273,-0.004589857058823529,-0.02145485294117647,-0.004495071122599777,-0.023231375994834706,-9.478593622375131e-05,0.0017765230536582362
3620.64,-0.00485784,-0.0208111,-0.004675827647058824,-0.021430758823529412,-0.004551429287258817,-0.02324565760938095,-0.00012439835980000702,0.001814898785851539
3621.54,-0.00471147,-0.020782,-0.004753055294117648,-0.02140921764705882,-0.004606022055279039,-0.02326258521687368,-0.00014703323883860902,0.00185336756981486
3622.45,-0.00457902,-0.0208391,-0.004820586470588235,-0.021393594117647057,-0.004659975190106893,-0.023282545355057752,-0.00016061128048134189,0.001888951237410695
3623.35,-0.00449039,-0.0209685,-0.004878532352941176,-0.021388035294117647,-0.004712013829449918,-0.02330510773189056,-0.0001665185234912582,0.001917072437772914
3624.26,-0.00446612,-0.021146,-0.0049284658823529415,-0.021396952941176467,-0.004763200922874586,-0.02333078019050131,-0.0001652649594783553,0.0019338272493248446
3625.17,-0.00451393,-0.0213426,-0.004973542352941177,-0.021424323529411763,-0.0048128532292825345,-0.023359332025366497,-0.00016068912365864267,0.001935008495954734
3626.08,-0.00462835,-0.0215304,-0.005018270588235294,-0.02147295882352941,-0.004860870034653396,-0.023390764886426038,-0.00015740055358189758,0.0019178060628966265
3626.98,-0.00479286,-0.0216884,-0.005068004117647059,-0.021543888235294118,-0.004906648641838251,-0.023424684899228887,-0.00016135547580880746,0.0018807966639347688
3627.89,-0.00498463,-0.0218062,-0.005128163529411764,-0.021635994117647057,-0.004951100048881547,-0.02346184161876792,-0.00017706348053021705,0.001825847501120862
3628.8,-0.00518022,-0.0218848,-0.005203338235294118,-0.021745994117647056,-0.0049935952606937365,-0.023501866328308058,-0.00020974297460038104,0.0017558722106610011
3629.7,-0.00536037,-0.0219348,-0.0052964470588235295,-0.02186882352941176,-0.0050335877843204774,-0.02354426096627843,-0.00026285927450305207,0.0016754374368666697
3630.61,-0.00551322,-0.0219728,-0.005408075294117647,-0.02199835882352941,-0.005071850186654302,-0.02358995237592565,-0.00033622510746334454,0.0015915935523962386
3631.52,-0.00563597,-0.0220174,-0.005536174117647058,-0.02212840588235294,-0.005107806041321763,-0.023638465390191116,-0.0004283680763252952,0.0015100595078381754
3632.43,-0.00573392,-0.0220849,-0.0056762876470588235,-0.022254582352941178,-0.005141331656705759,-0.02368977543768396,-0.0005349559903530645,0.0014351930847427835
3633.33,-0.00581858,-0.022186,-0.005822235294117647,-0.022373935294117644,-0.005171974276283541,-0.023743243599395985,-0.0006502610178341058,0.0013693083052783404
3634.24,-0.0059048,-0.0223238,-0.005967208823529411,-0.022485776470588234,-0.005200286265123178,-0.023800023082048097,-0.0007669225584062333,0.0013142466114598635
3635.15,-0.00600709,-0.0224931,-0.006105016470588235,-0.022591852941176473,-0.0052257803036703035,-0.023859493676888794,-0.0008792361669179311,0.0012676407357123214
3636.06,-0.00613581,-0.0226811,-0.006231151176470588,-0.022695764705882353,-0.0052483212195837846,-0.023921607687883113,-0.0009828299568868035,0.0012258429820007598
3636.97,-0.00629432,-0.0228701,-0.0063434282352941174,-0.022801958823529412,-0.005267771489316166,-0.023986310547994754,-0.0010756567459779516,0.001184351724465342
3637.88,-0.0064767,-0.0230412,-0.00644212,-0.02291463529411765,-0.005283991542268217,-0.02405354037581441,-0.0011581284577317826,0.0011389050816967596
3638.78,-0.00666807,-0.0231793,-0.006529578235294118,-0.023036735294117646,-0.005296717758688546,-0.024122448660114572,-0.0012328604766055715,0.0010857133659969258
3639.69,-0.00684805,-0.023291,-0.006609497647058824,-0.023169264705882354,-0.005306091714991114,-0.024194489625641462,-0.00130340593206771,0.0010252249197591073
3640.6,-0.00699504,-0.0233716,-0.0066860111764705885,-0.023310970588235294,-0.005311809897251163,-0.024268824654146842,-0.0013742012792194256,0.0009578540659115481
3641.51,-0.0070929,-0.0234317,-0.0067627352941176475,-0.02345844705882353,-0.005313728698176363,-0.024345358402704805,-0.0014490065959412842,0.0008869113438812748
3642.42,-0.00713559,-0.0234917,-0.006841920588235294,-0.023606588235294115,-0.005311704831014853,-0.024423986160391674,-0.0015302157572204414,0.0008173979250975585
3643.33,-0.00712892,-0.0235727,-0.006923844117647059,-0.02374934117647059,-0.005305595985927194,-0.024504593523453688,-0.0016182481317198651,0.0007552523469830999
3644.24,-0.00708893,-0.0236901,-0.007006516470588236,-0.023880664705882352,-0.005295261545277216,-0.024587056121452427,-0.0017112549253110202,0.0007063914155700755
3645.15,-0.00703813,-0.0238503,-0.007085797647058824,-0.02399555882352941,-0.005280563353766551,-0.024671239404712924,-0.0018052342932922726,0.0006756805811835125
3646.06,-0.00700001,-0.0240485,-0.007155934705882353,-0.02409095294117647,-0.005261366537298172,-0.024756998503280406,-0.0018945681685841806,0.0006660455621039368
3646.96,-0.0069946,-0.0242704,-0.00721044588235294,-0.02416630588235294,-0.005237827802876075,-0.02484321301647645,-0.001972618079476865,0.0006769071341235118
3647.87,-0.00703465,-0.0244939,-0.0072431523529411755,-0.024222964705882352,-0.005209299481565035,-0.02493163479103734,-0.0020338528713761406,0.0007086700851549887
3648.78,-0.00712289,-0.0246931,-0.007249189411764705,-0.02426511176470588,-0.005175897611468864,-0.025021137693038046,-0.0020732918002958414,0.0007560259283321651
3649.69,-0.00725095,-0.0248422,-0.007225686470588235,-0.024298723529411762,-0.00513750919193733,-0.025111536010613462,-0.0020881772786509054,0.0008128124812016996
3650.6,-0.00739979,-0.0249199,-0.007172080588235294,-0.02433045294117647,-0.005094028956556032,-0.02520263436330526,-0.002078051631679262,0.0008721814221287899
3651.51,-0.00754124,-0.0249136,-0.007090015294117647,-0.02436669411764706,-0.005045360241846394,-0.02529422813475766,-0.0020446550522712527,0.0009275340171105984
3652.42,-0.0076421,-0.0248233,-0.006982956470588235,-0.024412841176470586,-0.004991415810500092,-0.025386104003213703,-0.001991540660088143,0.0009732628267431175
3653.33,-0.00766903,-0.0246629,-0.006855604117647058,-0.02447274705882353,-0.004932118613400645,-0.025478040561622877,-0.0019234855042464137,0.0010052935027993481
3654.24,-0.00759476,-0.0244603,-0.006713217647058824,-0.024548441176470585,-0.004867402476440595,-0.025569809015678423,-0.0018458151706182285,0.0010213678392078374
3655.15,-0.00740406,-0.0242542,-0.006560891176470588,-0.024640070588235294,-0.0047972127008323396,-0.025661173945001652,-0.0017636784756382487,0.0010211033567663584
3656.06,-0.00709767,-0.0240881,-0.006402894705882353,-0.024746129411764708,-0.004721506569152453,-0.025751894110255292,-0.0016813881367298998,0.001005764698490584
3656.97,-0.00669335,-0.0240031,-0.006242154705882352,-0.024863935294117647,-0.004640253753570706,-0.02584172328746405,-0.001601900952311646,0.0009777879933464025
3657.89,-0.00622429,-0.0240311,-0.006080008823529412,-0.024990270588235296,-0.004552451654370376,-0.025931378419826692,-0.0015275571691590354,0.0009411078315913965
3658.8,-0.00573381,-0.0241888,-0.005916304705882353,-0.02512211176470588,-0.004460004336755655,-0.026018654463386394,-0.0014563003691266986,0.0008965426986805129
3659.71,-0.00526893,-0.0244746,-0.005749856470588235,-0.02525716470588235,-0.00436199652415484,-0.02610427647095178,-0.0013878599464333952,0.000847111765069429
3660.62,-0.00487314,-0.0248687,-0.005579112352941175,-0.02539410588235294,-0.004258449851271988,-0.026187986511922272,-0.0013206625016691873,0.000793880629569331
3661.53,-0.00457944,-0.0253353,-0.005402812941176471,-0.02553245294117647,-0.004149399109297819,-0.026269525647807254,-0.001253413831878652,0.0007370727066307835
3662.44,-0.00440505,-0.0258281,-0.005220444705882353,-0.025672082352941175,-0.004034892235688245,-0.02634863460180959,-0.001185552470194108,0.0006765522488684159
3663.35,-0.00434871,-0.0262969,-0.005032302941176471,-0.02581264705882353,-0.00391499028971523,-0.026425054379999938,-0.0011173126514612405,0.0006124073211764072
3664.26,-0.00439031,-0.0266958,-0.004839212352941176,-0.025953094117647058,-0.003789767430218742,-0.026498526851087265,-0.0010494449227224341,0.0005454327334402063
3665.18,-0.00449447,-0.0269899,-0.004642049411764706,-0.026091488235294117,-0.003657848610204807,-0.02656954872819218,-0.0009842008015598994,0.00047806049289806155
3666.09,-0.00461682,-0.0271612,-0.004440827058823529,-0.026225435294117645,-0.0035222029878862,-0.02663631896049856,-0.0009186240709373292,0.00041088366638091303
3667.0,-0.00471162,-0.0272095,-0.0042345911764705875,-0.026352317647058823,-0.0033815389132700268,-0.026699375351046703,-0.0008530522632005607,0.0003470577039878797
3667.91,-0.00473945,-0.0271513,-0.004022048823529412,-0.02646939411764706,-0.0032359832963519265,-0.026758468689706005,-0.0007860655271774851,0.00028907457205894563
3668.82,-0.00467194,-0.0270148,-0.003801340588235294,-0.0265747,-0.003085676390375391,-0.026813353408178295,-0.0007156641978599029,0.0002386534081782951
3669.74,-0.0044945,-0.026834,-0.0035705755294117647,-0.0266673,-0.0029290447325728075,-0.026864316852839826,-0.0006415307968389572,0.0001970168528398243
3670.65,-0.00420565,-0.0266438,-0.0033284207647058823,-0.026747211764705882,-0.0027696622581745494,-0.02691001270817657,-0.0005587585065313328,0.00016280094347068813
3671.56,-0.00381513,-0.0264757,-0.003074492452941176,-0.026814958823529415,-0.002606032521305212,-0.026950789401450605,-0.0004684599316359642,0.00013583057792119005
3672.47,-0.00334158,-0.0263558,-0.002809409511764706,-0.02687096470588235,-0.0024383503654827883,-0.026986423173677557,-0.00037105914628191754,0.00011545846779520766
3673.39,-0.00280351,-0.0263082,-0.0025344083352941173,-0.026915070588235293,-0.0022649189288767853,-0.02701700000597437,-0.000269489406417332,0.00010192941773907657
3674.3,-0.0022278,-0.0263458,-0.002250699688235294,-0.02694638823529412,-0.0020897328066381495,-0.0270416457862772,-0.00016096688159714448,9.525755098307997e-05
3675.21,-0.00165571,-0.0264649,-0.0019589105117647056,-0.0269637,-0.0019111634515057727,-0.02706052496342134,-4.774706025893294e-05,9.682496342134153e-05
3676.12,-0.0011211,-0.0266589,-0.001658881982352941,-0.026966070588235296,-0.0017294599161682236,-0.027073450598786863,7.057793381528253e-05,0.00010738001055156723
3677.04,-0.000656434,-0.0269095,-0.001349986688235294,-0.026953482352941177,-0.0015428407807909761,-0.027080287746123213,0.0001928540925556822,0.0001268053931820362
3677.95,-0.000288419,-0.0271866,-0.0010317230999999998,-0.026927111764705886,-0.0013556396290980823,-0.027080724494835822,0.00032391652909808245,0.00015361273012993656
3678.86,-3.19287e-05,-0.0274486,-0.0007043578058823529,-0.026889176470588236,-0.001166129006339151,-0.02707472170047051,0.000461771200456798,0.00018554522988227518
3679.78,0.0001161,-0.0276479,-0.00036935486470588227,-0.02684249411764706,-0.0009724906480193256,-0.027061972159095823,0.0006031357833134433,0.0002194780414487632
3680.69,0.00018055,-0.0277397,-2.94854529411765e-05,-0.026789870588235294,-0.00077924312316933,-0.027042636426314996,0.0007497576702281535,0.0002527658380797014
3681.6,0.000206227,-0.0276936,0.00031094689999999997,-0.02673328823529412,-0.0005846070668497639,-0.027016514221959404,0.0008955539668497639,0.00028322598666528573
3682.52,0.000248796,-0.0275038,0.0006467145470588235,-0.026673676470588235,-0.00038674949869155553,-0.02698312491077708,0.0010334640457503792,0.00030944844018884407
3683.43,0.000361035,-0.0271916,0.0009728639588235294,-0.026611129411764703,-0.0001903030676534142,-0.026943133221787204,0.0011631670264769436,0.0003320038100225013
3684.34,0.00057928,-0.0268008,0.0012848074882352942,-0.02654450588235294,6.54458293913919e-06,-0.026896173327483758,0.001278262905296155,0.0003516674451308176
3685.26,0.000915981,-0.0263857,0.0015789400764705881,-0.02647165294117647,0.00020562032366522925,-0.026841592984506113,0.0013733197528053589,0.0003699400433296446
3686.17,0.00135956,-0.0259989,0.0018531194294117647,-0.026389888235294118,0.0004022556939567078,-0.02678057881441406,0.0014508637354550568,0.00039069057911994207
3687.09,0.00187992,-0.0256821,0.0021068840588235292,-0.0262967,0.0006004267400403262,-0.026711811272649644,0.001506457318783203,0.0004151112726496452
3688.0,0.0024362,-0.0254612,0.0023412964117647058,-0.026190505882352944,0.0007954865695751249,-0.026636827461255487,0.0015458098421895809,0.0004463215789025435
3688.92,0.00298384,-0.0253463,0.0025583611176470586,-0.026071217647058824,0.000991381918547623,-0.026554043350687367,0.0015669791990994358,0.00048282570362854355
3689.83,0.00348025,-0.0253324,0.002760187176470588,-0.02594042352941176,0.0011835239245341276,-0.026465342201531794,0.0015766632519364605,0.0005249186721200325
3690.74,0.00388883,-0.0254016,0.0029481621176470586,-0.025801023529411764,0.0013737289500847163,-0.026369964504508143,0.0015744331675623423,0.0005689409750963791
3691.66,0.00418194,-0.0255263,0.0031224294705882354,-0.025656529411764703,0.0015637363280656142,-0.026266876127873092,0.0015586931425226212,0.0006103467161083891
3692.57,0.00434382,-0.025671,0.0032818312352941178,-0.025510135294117643,0.001749109840409616,-0.02615845981208023,0.0015327213948845017,0.0006483245179625882
3693.49,0.00437263,-0.0257966,0.0034242547058823533,-0.025363994117647056,0.0019336247876302797,-0.026042494553589233,0.0014906299182520736,0.0006785004359421767
3694.41,0.00428207,-0.0258644,0.003547247647058824,-0.025218735294117646,0.002114940462226221,-0.0259203167430122,0.001432307184832603,0.0007015814488945532
3695.32,0.00410111,-0.0258426,0.003648726470588235,-0.025073294117647058,0.0022908684616378557,-0.025793547758756433,0.0013578580089503795,0.0007202536411093745
3696.24,0.00387065,-0.0257118,0.0037276541176470587,-0.024925088235294116,0.002465017638187905,-0.02565961058220683,0.0012626364794591535,0.0007345223469127152
3697.15,0.00363727,-0.0254701,0.0037846176470588237,-0.024770364705882352,0.0026333636297407956,-0.02552163597845466,0.001151254017318028,0.0007512712725723063
3698.07,0.00344437,-0.025134,0.0038222123529411765,-0.02460485294117647,0.002799380788580257,-0.025376825638809036,0.0010228315643609196,0.0007719726976325655
3698.98,0.00332358,-0.0247352,0.003845186470588235,-0.024424517647058823,0.0029592545752011824,-0.02522856854206966,0.0008859318953870527,0.0008040508950108369
3699.9,0.00328911,-0.0243121,0.003860366470588235,-0.024226229411764708,0.003116307762591067,-0.02507385965781865,0.000744058707997168,0.0008476302460539431
3700.81,0.00333718,-0.0239013,0.0038762247058823527,-0.024008423529411765,0.003266955601793212,-0.024916319252211775,0.0006092691040891409,0.0009078957228000097
3701.73,0.00345044,-0.0235295,0.0039015558823529413,-0.023772464705882353,0.003414354060115715,-0.02475275167112275,0.00048720182223722626,0.0009802869652403984
3702.65,0.00360506,-0.0232096,0.003944659411764705,-0.023522441176470586,0.0035566833301561907,-0.024585137444934978,0.0003879760816085146,0.0010626962684643915
3703.56,0.00377797,-0.0229417,0.004012125882352941,-0.023264935294117647,0.0036923612778121426,-0.024415635646701916,0.0003197646045407982,0.0011507003525842684
3704.48,0.00395222,-0.022716,0.0041077764705882355,-0.023008317647058824,0.003824269046807043,-0.024240797137660655,0.00028350742378119255,0.0012324794906018316
3705.4,0.00411936,-0.0225187,0.004231987058823529,-0.022761558823529413,0.003950803303007148,-0.024062743713668226,0.0002811837558163808,0.0013011848901388137
3706.31,0.00427939,-0.0223359,0.00438162294117647,-0.022532858823529414,0.004070610695287644,-0.023883735767842817,0.00031101224588882606,0.0013508769443134026
3707.23,0.00444,-0.0221554,0.0045506041176470585,-0.02232841176470588,0.004186275086155052,-0.023700112871695517,0.0003643290314920061,0.0013717011069896354
3708.15,0.00461341,-0.0219683,0.004730965294117647,-0.02215159411764706,0.00429641677227375,-0.023514099880680137,0.00043454852184389697,0.0013625057630330777
3709.06,0.00480326,-0.0217853,0.0049141141176470594,-0.022002729411764708,0.004399910798627277,-0.023328021240694094,0.0005142033190197823,0.0013252918289293862
3709.98,0.00501483,-0.021614,0.005091973529411765,-0.02187941764705882,0.004499028870101986,-0.02313804892179082,0.0005929446593097793,0.0012586312747319972
3710.9,0.00524804,-0.021465,0.005257796470588235,-0.021777276470588233,0.004592614757227011,-0.022946474785323197,0.0006651817133612242,0.0011691983147349636
3711.81,0.00549671,-0.0213493,0.005406578235294118,-0.02169078823529412,0.004679765151951645,-0.02275565362691633,0.0007268130833424733,0.0010648653916222085
3712.73,0.00574885,-0.0212752,0.005535078235294118,-0.02161419411764706,0.004762432167292705,-0.02256163346187927,0.0007726460680014128,0.00094743934423221
3713.65,0.00598818,-0.0212461,0.005641561176470588,-0.021542147058823527,0.004839676905834006,-0.022366740532322276,0.0008018842706365818,0.0008245934734987491
3714.57,0.00619626,-0.0212596,0.0057253452941176475,-0.021470223529411765,0.004911558861780867,-0.022171202625729365,0.0008137864323367805,0.0007009790963176006
3715.48,0.00635525,-0.0213062,0.0057862135294117645,-0.021395217647058824,0.004977451865423535,-0.021977370281492176,0.0008087616639882297,0.000582152634433352
3716.4,0.00645071,-0.0213706,0.005823871764705883,-0.02131524705882353,0.00503888186681731,-0.02178119141539071,0.0007849898978885732,0.0004659443565671814
3717.32,0.00647405,-0.0214332,0.00583813,-0.02122870588235294,0.005095182764395463,-0.02158499463712126,0.0007429472356045375,0.0003562887547683205
3718.24,0.00642405,-0.0214732,0.005828529411764706,-0.021134347058823527,0.005146448570653756,-0.021388970893902196,0.0006820808411109507,0.00025462383507866837
3719.15,0.00630726,-0.0214714,0.005794495882352941,-0.02103091176470588,0.005192302407239592,-0.02119542576882281,0.0006021934751133488,0.00016451400411693004
3720.07,0.00613672,-0.0214139,0.005735694705882353,-0.020916829411764707,0.005233857395808402,-0.021000275562863806,0.0005018373100739507,8.344615109909942e-05
3720.99,0.00592957,-0.0212939,0.005652513529411764,-0.02079015294117647,0.005270694298017468,-0.020805811309002158,0.00038181923139429634,1.5658367825688302e-05
3721.91,0.00570372,-0.0211132,0.00554655,-0.020648723529411765,0.005302928676689219,-0.020612185274780957,0.00024362132331078121,-3.653825463080865e-05
3722.83,0.00547476,-0.0208803,0.00542099705882353,-0.02049055294117647,0.005330679678313626,-0.020419540177635545,9.031738050990345e-05,-7.10127635409237e-05
3723.75,0.0052536,-0.0206088,0.005280805294117646,-0.020314399999999996,0.005354069375866883,-0.020228009333718704,-7.326408174923669e-05,-8.639066628129272e-05
3724.67,0.00504565,-0.0203141,0.00513254705882353,-0.02012040588235294,0.005373222150326888,-0.020037716843058644,-0.00024067509150335793,-8.268903929429736e-05
3725.58,0.00485162,-0.0200099,0.004983956470588235,-0.019910670588235292,0.005388122257610539,-0.019850823828864175,-0.00040416578702230383,-5.9846759371116887e-05
3726.5,0.00466947,-0.0197066,0.00484318,-0.019689629411764706,0.005399223316960937,-0.01966332818217911,-0.0005560433169609375,-2.630122958559647e-05
3727.42,0.00449709,-0.0194099,0.0047178141176470595,-0.019464117647058823,0.005406467458394231,-0.019477389170498516,-0.0006886533407471718,1.3271523439693095e-05
3728.34,0.00433477,-0.0191217,0.004613896470588235,-0.019242994117647058,0.005409982899666789,-0.01929309653220193,-0.0007960864290785536,5.0102414554872854e-05
3729.26,0.0041868,-0.0188418,0.004535005882352941,-0.019036394117647057,0.005409897669231482,-0.019110532097558756,-0.0008748917868785415,7.413797991169882e-05
3730.18,0.00406186,-0.0185707,0.004481680588235294,-0.01885454705882353,0.005406339220567222,-0.01892977009979161,-0.0009246586323319282,7.522304096808236e-05
3731.1,0.00397199,-0.0183116,0.004451302352941177,-0.018706435294117647,0.005399434082548133,-0.018750877494403614,-0.0009481317296069561,4.444220028596707e-05
3732.02,0.00393032,-0.0180727,0.004438550588235295,-0.01859844117647059,0.005389307544454569,-0.01857391428389383,-0.0009507569562192744,-2.452689257675944e-05
3732.94,0.00394801,-0.0178677,0.004436401764705882,-0.018533241176470587,0.005376083374097463,-0.01839893384526775,-0.000939681609391581,-0.00013430733120283617
3733.86,0.00403085,-0.0177155,0.004437540588235294,-0.018509229411764708,0.005359883567429805,-0.018225983258029037,-0.0009223429791945107,-0.0002832461537356709
3734.78,0.00417604,-0.0176377,0.00443590294117647,-0.018520564705882356,0.005340828127951092,-0.01805510363060161,-0.0009049251867746218,-0.00046546107528074726
3735.7,0.00437012,-0.0176548,0.0044278676470588234,-0.018558135294117647,0.005319034874169191,-0.01788633042338361,-0.0008911672271103678,-0.0006718048707340385
3736.62,0.00458843,-0.0177817,0.004413179411764705,-0.018610741176470588,0.005294619273365198,-0.01771969376687078,-0.0008814398616004927,-0.0008910474095998079
3737.54,0.00479719,-0.0180218,0.004395176470588236,-0.01866661176470588,0.005267694299908827,-0.017555218773510316,-0.0008725178293205911,-0.0011113929911955658
3738.46,0.00495833,-0.0183624,0.004380374705882353,-0.018714917647058824,0.00523837031638982,-0.017392925842148868,-0.0008579956105074669,-0.0013219918049099562
3739.38,0.00503682,-0.0187729,0.004377478823529412,-0.01874707058823529,0.005206754975864147,-0.017232830954130734,-0.0008292761523347354,-0.0015142396341045576
3740.3,0.00500912,-0.0192057,0.004395975882352941,-0.01875756470588235,0.005172953143558369,-0.01707494596027427,-0.0007769772612054287,-0.001682618745608079
3741.22,0.00487098,-0.0196017,0.004444478823529411,-0.01874434705882353,0.005137066836429915,-0.01691927885811279,-0.0006925880129005036,-0.0018250682007107423
3742.14,0.00464163,-0.0198993,0.004529042941176471,-0.018708570588235295,0.005099195179042832,-0.016765834058928217,-0.0005701522378663611,-0.0019427365293070778
3743.06,0.00436049,-0.0200486,0.004651738235294117,-0.01865376470588235,0.0050594343742868,-0.01661461264423556,-0.00040769613899268274,-0.0020391520616467873
3743.98,0.00408507,-0.020016,0.004809785882352941,-0.018584529411764708,0.005017877687538264,-0.016465612611487174,-0.0002080918051853226,-0.0021189168002775337
3744.91,0.00388075,-0.0197916,0.004995601176470589,-0.018504870588235293,0.004974136155535106,-0.016317245788050654,2.146502093548254e-05,-0.00218762480018464
3745.83,0.00381023,-0.0193919,0.005197908235294118,-0.01841675882352941,0.004929238623697452,-0.016172695299628757,0.0002686696115966657,-0.002244063523900653
3746.75,0.00392276,-0.0188582,0.005403814117647059,-0.018319288235294117,0.00488280829909489,-0.016030343854405882,0.0005210058185521685,-0.0022889443808882352
3747.67,0.00424477,-0.0182511,0.00560137,-0.018208870588235296,0.0048349267314392675,-0.01589017932937841,0.0007664432685607321,-0.002318691258856885
3748.59,0.00477256,-0.017643,0.005781876470588235,-0.0180806,0.0047856726120298915,-0.01575218758471151,0.0009962038585583435,-0.0023284124152884896
3749.51,0.00546844,-0.0171073,0.005941148823529412,-0.01793044705882353,0.0047351218134581465,-0.015616352644679112,0.0012060270100712651,-0.0023140944141444193
3750.44,0.00626186,-0.016706,0.006079304705882352,-0.017757670588235294,0.0046827782095095255,-0.015481215336502258,0.0013965264963728269,-0.0022764552517330356
3751.36,0.00705693,-0.0164778,0.006199232352941176,-0.017566382352941175,0.004629838469664674,-0.015349662512256189,0.001569393883276502,-0.002216719840684986
3752.28,0.00774729,-0.0164275,0.00630387705882353,-0.017366182352941177,0.004575813956094395,-0.015220208978762265,0.0017280631027291344,-0.0021459733741789125
3753.2,0.00823641,-0.0165239,0.006393405294117647,-0.01717117647058824,0.004520769738691405,-0.015092833014405024,0.0018726355554262424,-0.0020783434561832143
3754.12,0.00845873,-0.0167054,0.0064630235294117645,-0.0169976,0.00446476833880169,-0.014967511821006921,0.0019982551906100746,-0.00203008817899308
3755.05,0.00839527,-0.0168958,0.006502159411764706,-0.016860558823529413,0.004407246615656503,-0.014842892605963899,0.002094912796108203,-0.0020176662175655138
3755.97,0.00807773,-0.0170251,0.006495315294117647,-0.016770670588235295,0.004349499721676647,-0.014721630538778946,0.0021458155724409997,-0.002049040049456349
3756.89,0.00757861,-0.0170491,0.00642451,-0.016731376470588234,0.004290969148076695,-0.014602349313339728,0.002133540851923304,-0.0021290271572485062
3757.82,0.00699028,-0.0169621,0.006272822352941176,-0.016737570588235294,0.004231059876686739,-0.014483758339476804,0.002041762476254437,-0.0022538122487584904
3758.74,0.00639926,-0.0167967,0.006028288235294117,-0.01677590588235294,0.004171111462472945,-0.014368381239048295,0.001857176772821172,-0.002407524643304647
3759.66,0.00586403,-0.0166126,0.005687329411764705,-0.01682674117647059,0.004110532158142478,-0.014254905336353572,0.001576797253622227,-0.002571835840117019
3760.58,0.00540273,-0.0164765,0.005256917,-0.016867523529411767,0.004049368446758659,-0.014143303339756866,0.0012075485532413409,-0.0027242201896549006
3761.51,0.00499374,-0.0164411,0.004754903235294117,-0.016876817647058825,0.0039869912996118514,-0.014032364713296814,0.0007679119356822656,-0.002844452933762011
3762.43,0.00458807,-0.0165285,0.004208313764705882,-0.01683831764705882,0.003924785062927506,-0.013924447179369689,0.00028352870177837577,-0.002913870467689133
3763.35,0.00412842,-0.016723,0.0036498272941176465,-0.016743923529411765,0.003862122497338643,-0.013818319906758508,-0.00021229520322099639,-0.0029256036226532577
3764.28,0.00356887,-0.016975,0.003113103176470588,-0.01659520588235294,0.0037983546114820177,-0.013712830012430276,-0.0006852514350114297,-0.002882375869922663
3765.2,0.00288975,-0.0172126,0.0026279097647058823,-0.016402976470588235,0.0037348901556462943,-0.013610217738325167,-0.001106980390940412,-0.0027927587322630672
3766.12,0.00210478,-0.0173577,0.0022160454705882353,-0.016184964705882352,0.0036710810222617945,-0.013509311160892854,-0.0014550355516735592,-0.002675653544989498
3767.05,0.00126063,-0.017342,0.0018889114705882351,-0.015962129411764704,0.003606262415494249,-0.01340901276932385,-0.001717350944906014,-0.0025531166424408534
3767.97,0.000430279,-0.0171208,0.0016472226470588235,-0.015754435294117644,0.0035418607581849428,-0.013311451305895857,-0.0018946381111261193,-0.0024429839882217867
3768.9,-0.000297824,-0.0166819,0.001482845,-0.015577094117647058,0.003476507416950705,-0.013214477378263905,-0.001993662416950705,-0.0023626167393831533
3769.82,-0.000833291,-0.0160509,0.0013821679411764706,-0.015438164705882353,0.003411637331202787,-0.013120148527352424,-0.0020294693900263163,-0.0023180161785299296
3770.74,-0.001099,-0.0152911,0.0013299873529411764,-0.015338170588235295,0.0033465769017723868,-0.0130273857851342,-0.0020165895488312106,-0.002310784803101096
3771.67,-0.00104658,-0.0144969,0.0013130138235294118,-0.015271288235294117,0.003280642867835631,-0.012935178684793595,-0.001967629044306219,-0.0023361095505005213
3772.59,-0.000669678,-0.0137812,0.0013221279411764707,-0.015227782352941175,0.003215278616400967,-0.01284548291704717,-0.0018931506752244962,-0.002382299435894006
3773.52,-1.1413e-05,-0.0132559,0.0013531485294117646,-0.015196888235294118,0.003149087745884841,-0.012756321193779145,-0.0017959392164730763,-0.002440567041514973
3774.44,0.000837982,-0.0130085,0.0014062632352941176,-0.0151694,0.0030835167338465557,-0.012669584272386958,-0.0016772534985524381,-0.0024998157276130417
3775.37,0.00175532,-0.0130818,0.0014844873529411765,-0.015139576470588235,0.0030171623175636528,-0.012583359792301681,-0.0015326749646224762,-0.0025562166782865537
3776.29,0.00260831,-0.0134617,0.0015915885882352941,-0.01510609411764706,0.00295147225628467,-0.012499475973621166,-0.0013598836680493757,-0.0026066181440258934
3777.22,0.00328223,-0.0140793,0.0017298717647058824,-0.015072023529411763,0.0028850385265290633,-0.012416083147511388,-0.001155166761823181,-0.002655940381900375
3778.14,0.003701,-0.0148286,0.0018982247647058824,-0.01504375294117647,0.0028193085421363835,-0.012334949321704354,-0.0009210837774305011,-0.002708803619472117
3779.07,0.00383987,-0.015586,0.0020908294705882353,-0.015029082352941177,0.0027528714195195134,-0.012254285325195149,-0.0006620419489312781,-0.0027747970277460284
3779.99,0.00372381,-0.0162354,0.0022969582941176473,-0.01503469411764706,0.00268717276602329,-0.012175801204849707,-0.0003902144719056429,-0.0028588929127973534
3780.92,0.0034171,-0.0166874,0.0025021158235294114,-0.015063641176470589,0.0026208005547606263,-0.012097766141864679,-0.00011868473123121488,-0.00296587503460591
3781.84,0.00300773,-0.0168904,0.002690484823529412,-0.015113482352941177,0.002555197276988614,-0.012021834398889236,0.0001352875465407983,-0.003091647954051941
3782.77,0.00259044,-0.016835,0.002848174117647059,-0.015175870588235293,0.002488951310381298,-0.01194633141694324,0.00035922280726576094,-0.0032295391712920535
3783.7,0.002251,-0.0165516,0.0029663841176470586,-0.0152378,0.002422789942977854,-0.011872065717758834,0.0005435941746692046,-0.003365734282241165
3784.62,0.00205299,-0.0161027,0.0030435558823529415,-0.015284335294117646,0.002357436096857318,-0.011799793140394307,0.0006861197854956236,-0.00348454215372334
3785.55,0.00202871,-0.0155703,0.0030858923529411765,-0.015302035294117645,0.00229148133149002,-0.01172791985908953,0.0007944110214511565,-0.003574115435028115
3786.47,0.00217528,-0.0150417,0.003106238235294118,-0.015281994117647057,0.0022263554780244344,-0.011657969569196788,0.0008798827572696834,-0.0036240245484502696
3787.4,0.00245761,-0.0145923,0.003121588823529412,-0.015222047058823528,0.00216065372305878,-0.011588399723853688,0.0009609351004706318,-0.0036336473349698403
3788.33,0.002818,-0.0142733,0.0031500458823529413,-0.015127617647058823,0.002095095070090649,-0.011519955211538702,0.0010549508122622924,-0.003607662435520121
3789.25,0.00319086,-0.0141032,0.0032078170588235293,-0.015011135294117647,0.00203039179885075,-0.011453333040137511,0.0011774252599727792,-0.003557802253980136
3790.18,0.0035187,-0.0140691,0.003306749411764706,-0.014890441176470587,0.001965146502888314,-0.01138706419963808,0.001341602908876392,-0.003503376976832508
3791.11,0.00376489,-0.0141346,0.003452696470588235,-0.014786364705882352,0.0019000720432487,-0.011321858248110737,0.001552624427339535,-0.003464506457771615
3792.03,0.00392023,-0.0142528,0.0036448894117647058,-0.014719935294117647,0.0018358734444524078,-0.01125837953418137,0.001809015967312298,-0.003461555759936277
3792.96,0.00400195,-0.0143802,0.003876362941176471,-0.014709611764705881,0.001771162725344057,-0.011195228548001914,0.0021052002158324142,-0.0035143832167039667
3793.89,0.00404688,-0.0144879,0.004135365882352941,-0.014768917647058823,0.0017066459111058088,-0.011133081516745667,0.0024287199712471324,-0.003635836130313156
3794.81,0.00410083,-0.0145669,0.0044075158823529414,-0.014904888235294117,0.0016430202684364972,-0.011072571974992309,0.002764495613916444,-0.0038323162603018084
3795.74,0.00420758,-0.0146301,0.004678291764705882,-0.015117617647058823,0.0015789089312991502,-0.011012366090550464,0.003099382833406732,-0.004105251556508359
3796.67,0.00439921,-0.0147072,0.004935364705882353,-0.015400899999999999,0.0015150105216563848,-0.010953108635735176,0.0034203541842259683,-0.004447791364264823
3797.6,0.00468958,-0.0148386,0.0051702941176470585,-0.015743835294117648,0.0014513305964817618,-0.010894781775201666,0.0037189635211652967,-0.004849053518915982
3798.52,0.00507154,-0.0150657,0.005379277058823529,-0.016132923529411765,0.001388555458323633,-0.010837980592280774,0.003990721600499896,-0.005294942937130991
3799.45,0.00551828,-0.0154223,0.0055629058823529415,-0.016554188235294115,0.00132532521797435,-0.010781453314004335,0.0042375806643785915,-0.00577273492128978
3800.38,0.00598804,-0.0159272,0.005725094705882353,-0.016994882352941176,0.0012623279196972094,-0.010725805455561368,0.004462766786185143,-0.006269076897379808
3801.31,0.00643176,-0.0165785,0.005871527058823529,-0.017444494117647057,0.0011995677359559114,-0.010671020595188124,0.004671959322867618,-0.006773473522458932
3802.24,0.00680183,-0.0173532,0.0060079899999999995,-0.01789495294117647,0.0011370485326831611,-0.010617082651579353,0.004870941467316838,-0.007277870289597116
3803.16,0.0070608,-0.0182087,0.006138998823529412,-0.018340176470588235,0.001075442191440771,-0.01056454255276668,0.00506355663208864,-0.007775633917821555
3804.09,0.00718824,-0.0190891,0.00626698,-0.018774976470588234,0.001013412712564807,-0.010512242841109673,0.005253567287435193,-0.00826273362947856
3805.02,0.00718466,-0.0199331,0.006392172941176471,-0.019194123529411765,0.0009516340864474707,-0.010460743947866731,0.005440538854729,-0.008733379581545034
3805.95,0.00707141,-0.0206836,0.006513222352941176,-0.019591470588235294,0.0008901090972564156,-0.010410031092163392,0.005623113255684761,-0.009181439496071902
3806.88,0.00688658,-0.0212961,0.006628268823529411,-0.019959529411764706,0.0008288402902519381,-0.010360089804460626,0.005799428533277473,-0.00959943960730408
3807.81,0.00667744,-0.0217446,0.006736187647058823,-0.02028975882352941,0.000767829983568958,-0.01031090592066243,0.005968357663489864,-0.009978852902866979
3808.74,0.0064913,-0.0220236,0.006837634117647059,-0.020573482352941177,0.0007070802794650249,-0.010262465576233927,0.006130553838182035,-0.01031101677670725
3809.66,0.00636675,-0.0221457,0.006935532352941177,-0.02080331764705882,0.0006472420728202416,-0.01021526437987041,0.006288290280120935,-0.010588053267188412
3810.59,0.00632798,-0.0221357,0.007034834117647059,-0.020974652941176473,0.0005870162210637685,-0.010168263052897926,0.00644781789658329,-0.010806389888278548
3811.52,0.00638326,-0.0220217,0.007141473529411765,-0.021086941176470586,0.0005270560729865129,-0.010121965548925086,0.006614417456425252,-0.0109649756275455
3812.45,0.00652749,-0.0218327,0.007260697058823529,-0.021144299999999998,0.0004673629717731194,-0.010076359140456978,0.00679333408705041,-0.01106794085954302
3813.38,0.00674742,-0.0215935,0.007395091764705881,-0.021155211764705882,0.0004079380936473626,-0.010031431370698188,0.006987153671058519,-0.011123780394007694
3814.31,0.00702733,-0.0213227,0.00754280294117647,-0.021131176470588233,0.0003487824563754629,-0.009987170047917042,0.007194020484801006,-0.011144006422671191
3815.24,0.0073529,-0.0210362,0.007696455882352941,-0.021084476470588233,0.0002898969273785045,-0.009943563239873124,0.007406558954974437,-0.011140913230715109
3816.17,0.00771263,-0.0207505,0.007843228823529412,-0.02102543529411765,0.00023128223147180732,-0.009900599268313055,0.007611946592057605,-0.011124836025804594
3817.1,0.00809603,-0.0204857,0.007966247647058822,-0.0209598,0.00017293895824756444,-0.009858266703538312,0.007793308688811258,-0.011101533296461689
3818.03,0.00848996,-0.0202659,0.008047189411764705,-0.020886911764705883,0.0001148675691163473,-0.009816554359048331,0.007932321842648358,-0.011070357405657552
3818.96,0.00887367,-0.0201176,0.00806958294117647,-0.020799152941176468,5.7068404023400215e-05,-0.009775451286262424,0.00801251453715307,-0.011023701654914043
3819.89,0.00921504,-0.0200642,0.008022115294117647,-0.020683064705882354,-4.5831214653939834e-07,-0.009734946769322383,0.008022573606264186,-0.01094811793655997
3820.82,0.00946937,-0.0201186,0.007901182352941176,-0.020521629411764705,-5.7712463461265885e-05,-0.009695030319978447,0.007958894816402442,-0.010826599091786258
3821.75,0.0095825,-0.020275,0.0077120705882352935,-0.020297588235294116,-0.00011469403711685665,-0.009655691672560168,0.00782676462535215,-0.010641896562733948
3822.68,0.00949868,-0.0205022,0.007468438235294117,-0.01999708823529412,-0.0001714031178847237,-0.009616920779033436,0.00763984135317884,-0.010380167456260685
3823.61,0.00917258,-0.0207409,0.007190187058823528,-0.019612682352941176,-0.00022783988281714675,-0.009578707804145069,0.0074180269416406755,-0.010033974548796107
3824.54,0.00858262,-0.0209078,0.0069001288235294115,-0.01914509411764706,-0.00028400459619992534,-0.009541043120655719,0.007184133419729337,-0.009604050996991341
3825.47,0.00774276,-0.0209066,0.00662021,-0.01860335882352941,-0.00033989760474118196,-0.009503917304661404,0.006960107604741182,-0.009099441518868007
3826.41,0.00670867,-0.0206438,0.006368109411764706,-0.01800333529411765,-0.0003961159436555729,-0.009466930468853559,0.006764225355420279,-0.00853640482526409
3827.34,0.00557631,-0.0200482,0.006154946470588235,-0.017365046470588237,-0.0004514639809363566,-0.009430860456214829,0.006606410451524591,-0.007934186014373408
3828.27,0.00447163,-0.0190883,0.00598444,-0.01670955294117647,-0.0005065418096996827,-0.009395302119876929,0.006490981809699682,-0.00731425082129954
3829.2,0.00353252,-0.0177848,0.005853497058823529,-0.01605607823529412,-0.0005613500632650842,-0.009360246806249965,0.006414847122088614,-0.006695831429044154
3830.13,0.00288558,-0.0162142,0.005753789411764706,-0.015419954705882356,-0.0006158894364589723,-0.009325686042980098,0.006369678848223678,-0.006094268662902257
3831.06,0.00262263,-0.0145013,0.005673772352941177,-0.014811607647058824,-0.0006701606820121552,-0.009291611534805639,0.006343933034953332,-0.005519996112253185
3831.99,0.00278164,-0.0128015,0.005600601764705882,-0.014236466470588235,-0.0007241646071278745,-0.00925801515950038,0.006324766371833756,-0.004978451311087855
3832.93,0.00333741,-0.0112762,0.005521685882352941,-0.013695478235294118,-0.000778478447660093,-0.009224535294768833,0.006300164330013034,-0.004470942940525285
3833.86,0.00420425,-0.0100655,0.005425831176470589,-0.013185884117647059,-0.0008319475048644689,-0.009191876421126222,0.006257778681335058,-0.003994007696520837
3834.79,0.0052499,-0.00926669,0.005304153529411765,-0.012702148823529411,-0.0008851519686154479,-0.009159672231473868,0.006189305498027213,-0.0035424765920555427
3835.72,0.00631643,-0.00892081,0.005150842941176471,-0.012237078235294116,-0.0009380928332663736,-0.009127915258557736,0.006088935774442845,-0.0031091629767363797
3836.65,0.00724334,-0.00900953,0.004963672941176471,-0.011783301764705881,-0.0009907711327490779,-0.009096598189119561,0.0059544440739255486,-0.0026867035755863203
3837.58,0.00788747,-0.0094609,0.004743880647058824,-0.011335048823529412,-0.0010431879380135654,-0.009065713860346734,0.005787068585072389,-0.0022693349631826773
3838.52,0.00813839,-0.0101603,0.004495100647058823,-0.010889752941176471,-0.0010959037653983197,-0.009034930032828459,0.005591004412457143,-0.0018548229083480122
3839.45,0.00792868,-0.0109635,0.004221458294117647,-0.010448782352941176,-0.0011477981497295786,-0.009004894748421083,0.005369256443847226,-0.0014438876045200933
3840.38,0.00724105,-0.011711,0.003925568882352941,-0.01001670882352941,-0.0011994344637206752,-0.008975271512974699,0.0051250033460736154,-0.0010414373105547114
3841.31,0.00611323,-0.0122435,0.0036073959411764703,-0.009599340588235293,-0.0012508139034537247,-0.008946053733002245,0.004858209844630195,-0.0006532868552330488
3842.25,0.00464015,-0.0124203,0.0032645277058823527,-0.009201425882352942,-0.001302486024348416,-0.008916927214495978,0.004567013730230768,-0.0002844986678569635
3843.18,0.00297003,-0.012142,0.002893646529411764,-0.008824965882352941,-0.001353352676926739,-0.008888505285590211,0.004246999206338503,6.353940323726957e-05
3844.12,0.00128974,-0.0113741,0.002492425411764706,-0.008468699411764705,-0.0014045090659490123,-0.008860170376692893,0.0038969344777137183,0.00039147096492818736
3845.05,-0.000203949,-0.0101645,0.002061032105882353,-0.008128691176470589,-0.0014548680582462436,-0.00883251922929379,0.0035159001641285968,0.0007038280528232008
3845.98,-0.00134368,-0.00864417,0.0016028305117647059,-0.007799461176470589,-0.0015049765372598155,-0.008805242390170744,0.003107807049024521,0.0010057812137001555
3846.92,-0.00202929,-0.0070048,0.001124265610588235,-0.007475115294117646,-0.0015553706004084729,-0.008778046670734233,0.002679636210996708,0.001302931376616587
3847.85,-0.00224848,-0.00545625,0.000634269728235294,-0.007150076470588235,-0.0016049793867617922,-0.008751504936149818,0.002239249114997086,0.0016014284655615826
3848.78,-0.00207153,-0.00418094,0.0001436361988235294,-0.006819317647058823,-0.001654341696243561,-0.008725320298180895,0.0017979778950670904,0.0019060026511220716
3849.71,-0.00162451,-0.00330095,-0.0003352502717647059,-0.00647832,-0.001703458897480252,-0.008699487266256169,0.001368208625715546,0.0022211672662561686
3850.65,-0.00105508,-0.00286687,-0.0007882014482352941,-0.00612323,-0.0017528565726888923,-0.008673728268704103,0.0009646551244535982,0.0025504982687041024
3851.58,-0.000504329,-0.00286428,-0.00119885086,-0.005751711176470589,-0.001801485111006047,-0.008648586046386516,0.000602634251006047,0.0028968748699159273
3852.52,-9.03462e-05,-0.00322939,-0.0015489149776470588,-0.005364660588235294,-0.0018503917207930637,-0.008623514613534897,0.000301476743146005,0.003258854025299603
3853.45,9.80429e-05,-0.00386399,-0.0018199438599999997,-0.004968125882352941,-0.0018985372573730556,-0.008599042289652447,7.859339737305597e-05,0.0036309164072995063
3854.39,2.78668e-06,-0.00464642,-0.00199655386,-0.004574085882352941,-0.0019469585580286846,-0.008574637701220293,-4.959530197131529e-05,0.004000551818867352
3855.32,-0.00040125,-0.00543784,-0.0020699373894117645,-0.0041990514705882356,-0.0019946268175896013,-0.008550815177835625,-7.531057182216328e-05,0.004351763707247389
3856.25,-0.00109972,-0.0060881,-0.002039904448235294,-0.003860934352941176,-0.002042059861577506,-0.008527308576248043,2.1554133422122326e-06,0.004666374223306867
3857.19,-0.00202784,-0.00644654,-0.0019146938305882352,-0.003575681176470588,-0.002089765376120391,-0.008503865472350762,0.00017507154553215564,0.004928184295880174
3858.12,-0.00306002,-0.00638377,-0.0017092097129411765,-0.003355139176470588,-0.002136729799217222,-0.008480980018904669,0.00042752008627604536,0.00512584084243408
3859.06,-0.00401101,-0.00582618,-0.0014429820658823527,-0.003206403176470588,-0.0021839645911583406,-0.008458155443001075,0.0007409825252759879,0.005251752266530487
3859.99,-0.00466135,-0.00479424,-0.0011386697717647059,-0.0031320049411764704,-0.0022304662103508725,-0.008435872913957296,0.0010917964385861666,0.005303867972780825
3860.93,-0.00481144,-0.00342341,-0.0008211176423529411,-0.003129972,-0.002277236167911943,-0.008413648800186455,0.0014561185255590017,0.005283676800186455
3861.86,-0.00434605,-0.00194549,-0.0005163266364705882,-0.003193317294117647,-0.0023232808144831706,-0.008391951664037329,0.0018069541780125825,0.005198634369919681
3862.8,-0.00327681,-0.000629215,-0.0002495140882352941,-0.0033090925882352943,-0.002369591834635198,-0.008370310630401927,0.002120077746399904,0.005061218042166633
3863.74,-0.00173792,0.000291741,-4.173232352941181e-05,-0.0034580172941176468,-0.002415674385958638,-0.008348956338101874,0.0023739420624292263,0.004890939043984227
3864.67,5.70505e-05,0.000668364,9.448179411764701e-05,-0.0036161143529411764,-0.0024610433211507197,-0.008328107334869944,0.002555525115268367,0.004711992981928767
3865.61,0.00186872,0.000448264,0.00015858444117647054,-0.0037593867058823525,-0.0025066757900011603,-0.008307311222662518,0.002665260231177631,0.004547924516780166
3866.54,0.00347079,-0.000338358,0.0001619026764705882,-0.003870682,-0.0025516023396396914,-0.00828700657115528,0.0027135050161102795,0.00441632457115528
3867.48,0.00466898,-0.00159951,0.00012240385294117644,-0.003945492,-0.0025967906012820574,-0.008266752838229394,0.002719194454223234,0.004321260838229394
3868.41,0.00530804,-0.00319483,5.614444117647049e-05,-0.003992766117647059,-0.0026412805674917886,-0.008246977197617723,0.002697425008668259,0.004254211079970665
3869.35,0.00527949,-0.00494086,-2.9945558823529387e-05,-0.0040294978823529415,-0.002686030473821822,-0.008227250626646927,0.0026560849149982924,0.004197752744293986
3870.29,0.0045386,-0.0066146,-0.0001399020294117647,-0.004071935529411765,-0.002730562231227248,-0.008207783475680618,0.0025906602018154834,0.004135847946268853
3871.22,0.00313104,-0.00796956,-0.000284723205882353,-0.0041281858235294126,-0.0027744070045442335,-0.008188775152116579,0.0024896837986618805,0.004060589328587166
3872.16,0.00121592,-0.00877575,-0.00047546144117647073,-0.0041952384705882355,-0.002818509140978967,-0.008169813337749262,0.0023430476998024963,0.003974574867161027
3873.1,-0.000938095,-0.00888217,-0.0007168350000000001,-0.0042603761176470585,-0.0028623974979503385,-0.008151100274015034,0.0021455624979503382,0.0038907241563679758
3874.03,-0.00300361,-0.00827579,-0.0010031314705882353,-0.004305050117647058,-0.002905610000293375,-0.008132827707880385,0.0019024785297051398,0.0038277775902333267
3874.97,-0.00468249,-0.00709795,-0.0013163508823529411,-0.0043095626470588235,-0.002949077381641641,-0.008114599333803858,0.0016327264992887,0.0038050366867450345
3875.91,-0.00578776,-0.0055979,-0.0016259815882352941,-0.004257897176470588,-0.002992335303744398,-0.00809660961391199,0.001366353715509104,0.003838712437441402
3876.84,-0.00627497,-0.00404785,-0.0018901855294117648,-0.004142846,-0.0030349283115708708,-0.008079042940351718,0.001144742782159106,0.003936196940351718
3877.78,-0.00621531,-0.00266693,-0.002058983176470588,-0.003971433058823529,-0.0030777737973720102,-0.008061518365827726,0.0010187906209014222,0.004090085307004197
3878.72,-0.00573877,-0.00158547,-0.0020803519999999997,-0.0037699024705882354,-0.003120414087134798,-0.008044222885271039,0.001040062087134798,0.004274320414682804
3879.65,-0.00498047,-0.000848154,-0.001909736705882353,-0.0035863330588235295,-0.003162400208444293,-0.008027333825651645,0.0012526635025619402,0.004441000766828115
3880.59,-0.0040463,-0.000438976,-0.0015218125882352938,-0.003488301294117647,-0.0032046364812060644,-0.008010484978483747,0.0016828238929707706,0.0045221836843661
3881.53,-0.00299832,-0.000311194,-0.0009212217058823531,-0.0035538189411764708,-0.0032466717577774684,-0.0079938561672264,0.0023254500518951155,0.00444003722604993
3882.47,-0.00185394,-0.000415071,-0.00014774464705882351,-0.0038565371764705883,-0.0032885074280253044,-0.007977444468307072,0.003140762780966481,0.004120907291836484
3883.41,-0.000594742,-0.000721197,0.0007271782941176471,-0.004449428352941176,-0.003330144873980058,-0.00796124700965966,0.004057323168097706,0.0035118186567184833
3884.34,0.000816573,-0.00123896,0.0016119800588235297,-0.005352451882352942,-0.003371145643445886,-0.007945429930994313,0.004983125702269416,0.0025929780486413714
3885.28,0.00240993,-0.00202684,0.0024105400588235295,-0.006547519529411764,-0.0034123928272752476,-0.007929650332024378,0.005822932886098777,0.001382130802612614
3886.22,0.00417533,-0.00318858,0.0030373859411764706,-0.007980688352941176,-0.003453445870028245,-0.007914076684029252,0.006490831811204715,-6.661166891192352e-05
3887.16,0.0060315,-0.00484888,0.0034300587647058825,-0.009569372470588235,-0.00349430612107981,-0.007898706309735293,0.006924364885785693,-0.0016706661608529415
3888.1,0.00781063,-0.00710921,0.0035581593529411763,-0.01121278105882353,-0.0035349749213250486,-0.007883536578145896,0.007093134274266225,-0.0033292444806776334
3889.04,0.00927195,-0.00999597,0.003428988176470588,-0.012804817764705882,-0.0035754536030816546,-0.007868564903567736,0.007004441779552242,-0.0049362528611381455
3889.97,0.0101455,-0.013422,0.0030887675882352943,-0.014249412235294117,-0.003615315863131382,-0.00785394491768168,0.006704083451366676,-0.0063954673176124365
3890.91,0.0101912,-0.0171771,0.002617438176470588,-0.015476961,-0.0036554202576992334,-0.007839359736145836,0.006272858434169821,-0.007637601263854163
3891.85,0.00925387,-0.0209493,0.0021154829999999996,-0.016458525882352942,-0.0036953384645786957,-0.007824965142870777,0.005810821464578696,-0.008633560739482165
3892.79,0.00730055,-0.024364,0.0016836728235294115,-0.01721298705882353,-0.0037350717810744802,-0.007810758723658603,0.005418744604603892,-0.009402228335164926
3893.73,0.00444107,-0.0270308,0.0014004028235294118,-0.017802967058823532,-0.0037746214955561913,-0.0077967381050934904,0.005175024319085603,-0.010006228953730042
3894.67,0.000936668,-0.0285931,0.0013035328235294118,-0.01831938588235294,-0.0038139888874096804,-0.00778290095369908,0.005117521710939092,-0.010536484928653861
3895.61,-0.00280276,-0.0287861,0.0013825963529411765,-0.01885899294117647,-0.0038531752269951544,-0.007769244975115843,0.005235771579936331,-0.011089747966060628
3896.55,-0.00624221,-0.0275036,0.0015829534117647059,-0.019501980588235292,-0.0038921817756117695,-0.007755767913297875,0.005475135187376475,-0.011746212674937417
3897.49,-0.00878207,-0.0248693,0.0018189622352941177,-0.020295429411764706,-0.0039310097854683085,-0.007742467549728668,0.005749972020762426,-0.012552961862036038
3898.43,-0.00986654,-0.0212834,0.0019912387058823528,-0.021244882352941176,-0.0039696604996596946,-0.007729341702655273,0.005960899205542047,-0.013515540650285903
3899.37,-0.00912798,-0.0174078,0.002004144588235294,-0.022313194117647057,-0.004008135152148883,-0.007716388226340541,0.006012279740384177,-0.014596805891306516
3900.31,-0.0065242,-0.0140648,0.001781694,-0.023424794117647058,-0.004046434967754082,-0.007703605010332801,0.005828128967754082,-0.015721189107314258
3901.25,-0.00240566,-0.0120565,0.001281734,-0.02447465294117647,-0.00408456116214083,-0.007690989978752642,0.00536629516214083,-0.016783662962423826
3902.19,0.00252854,-0.0119677,0.0005074963529411766,-0.02534249411764706,-0.0041225149418187374,-0.007678541089596329,0.004630011294759914,-0.01766395302805073
3903.13,0.00737558,-0.0140222,-0.0004861311764705883,-0.025912676470588238,-0.004160297504142643,-0.007666256334055422,0.0036741663276720544,-0.018246420136532816
3904.06,0.0112167,-0.01804,-0.001595768823529412,-0.02609803529411765,-0.004197510794652599,-0.007654261853112937,0.0026017419711231865,-0.018443773441004712
3905.01,0.0132841,-0.0234846,-0.0026855211764705888,-0.025862217647058823,-0.004235353720409803,-0.007642171350590388,0.001549832543939214,-0.018220046296468437
3905.95,0.0130742,-0.0295627,-0.003614822941176471,-0.02523211764705882,-0.004272629723356228,-0.0076303672651211,0.0006578067821797571,-0.01760175038193772
3906.89,0.0104106,-0.0353384,-0.004270932352941176,-0.024293364705882354,-0.004309739206984516,-0.0076187195969230894,3.8806854043340125e-05,-0.016674645108959264
3907.83,0.00547221,-0.0398465,-0.004594574705882353,-0.023168166470588236,-0.004346683323031014,-0.007607226493497497,-0.00024789138285133926,-0.015560939977090738
3908.77,-0.00119877,-0.0422116,-0.004589038823529412,-0.021982960588235297,-0.004383463214164112,-0.007595886131776357,-0.00020557560936529991,-0.01438707445645894
3909.71,-0.00872097,-0.0417841,-0.004310551764705882,-0.020838143529411764,-0.004420080014010081,-0.007584696717544654,0.00010952824930419904,-0.01325344681186711
3910.65,-0.015955,-0.0382862,-0.0038460717647058823,-0.019789522352941177,-0.004456534847181753,-0.007573656484875575,0.0006104630824758711,-0.012215865868065601
3911.59,-0.0216666,-0.0319372,-0.0032881588235294116,-0.018844493529411768,-0.004492828829309746,-0.00756276369557861,0.0012046700057803342,-0.01128172983383316
3912.53,-0.024768,-0.0234947,-0.002714370588235294,-0.017969533529411767,-0.004528963067076169,-0.007552016638660173,0.0018145924788408748,-0.010417516890751594
3913.48,-0.0245802,-0.0141576,-0.002173929411764706,-0.017103748823529413,-0.004565320528394608,-0.007541301600196842,0.002391391116629902,-0.009562447223332571
3914.42,-0.0210204,-0.0053246,-0.0016810235294117647,-0.016174619411764707,-0.004601136891548468,-0.007530842487183517,0.0029201133621367037,-0.00864377692458119
3915.36,-0.0146299,0.00172057,-0.001213558823529412,-0.015114607647058824,-0.0046367967885094855,-0.007520524114306043,0.0034232379649800733,-0.007594083532752781
3916.3,-0.00643009,0.0060837,-0.0007175064705882354,-0.013878425294117647,-0.0046723012904534384,-0.007510344874469541,0.003954794819865203,-0.006368080419648106
3917.24,0.00232862,0.00740539,-0.00011870588235294091,-0.012459513529411766,-0.004707651459808347,-0.007500303185251295,0.004588945577455406,-0.004959210344160471
3918.18,0.0104247,0.00585886,0.0006565164705882354,-0.01090159,-0.004742848350300083,-0.007490397488430305,0.0053993648208883185,-0.003411192511569694
3919.13,0.0168601,0.00204329,0.0016538574117647058,-0.009298931176470588,-0.004778265007869406,-0.007480523017522396,0.0064321224196341115,-0.001818408158948192
3920.07,0.0209711,-0.00316568,0.0028640591764705877,-0.007780092352941177,-0.00481315686429884,-0.0074708861316362465,0.0076772160407694275,-0.00030920622130493035
3921.01,0.0224716,-0.00876626,0.0042075621176470585,-0.006476060588235294,-0.004847898562196404,-0.007461380688434069,0.009055460679843462,0.000985320100198775
3921.95,0.0214536,-0.0137675,0.005539812705882352,-0.005481905294117647,-0.004882491120873356,-0.007452005222239535,0.010422303826755708,0.001970099928121888
3922.9,0.0183575,-0.0173182,0.0066780191764705885,-0.004825950000000001,-0.004917301188618059,-0.007442660603565898,0.011595320365088648,0.0026167106035658973
3923.84,0.0139051,-0.0188314,0.0074405885882352935,-0.004457575882352941,-0.004951596933218706,-0.007433542126614689,0.012392185521454,0.002975966244261748
3924.78,0.00898084,-0.0180901,0.007686127411764705,-0.004256380588235294,-0.004985746556559876,-0.007424549345199259,0.01267187396832458,0.0031681687569639645
3925.72,0.00445781,-0.0152994,0.0073414109411764706,-0.004057262352941177,-0.005019751044376545,-0.007415680879420187,0.012361161985553017,0.00335841852647901
3926.67,0.000999796,-0.011041,0.006414203294117647,-0.0036826482352941173,-0.005053970818988663,-0.007406842988579167,0.01146817411310631,0.0037241947532850495
3927.61,-0.00109317,-0.00611694,0.0049920732941176466,-0.002974600588235294,-0.00508768644198078,-0.007398220382269597,0.010079759736098426,0.004423619794034303
3928.55,-0.00192845,-0.00132616,0.0032303362352941174,-0.0018229547058823525,-0.005121259847660863,-0.007389718058874567,0.00835159608295498,0.005566763352992214
3929.5,-0.00193194,0.00274304,0.0013314162352941177,-0.00018785705882352964,-0.00515504689417832,-0.007381246168588114,0.006486463129472438,0.007193389109764584
3930.44,-0.00167089,0.00582664,-0.0004834955294117645,0.001884860588235294,-0.0051883372286992396,-0.007372981774337331,0.004704841699287475,0.009257842362572625
3931.38,-0.00166622,0.00798293,-0.0020097490588235293,0.004258731176470588,-0.005221488191059858,-0.007364833805198189,0.0032117391322363286,0.011623564981668777
3932.33,-0.00225593,0.00950402,-0.003098218470588235,0.006717184117647058,-0.005254851166512371,-0.0073567161763950645,0.0021566326959241364,0.014073900294042123
3933.27,-0.00353156,0.0107904,-0.0036901290588235293,0.008993419411764705,-0.0052877247060908765,-0.007348798548173385,0.0015975956472673472,0.01634221795993809
3934.21,-0.00533783,0.0122273,-0.0038361055294117647,0.010818107647058824,-0.005320461647210387,-0.007340993652766593,0.0014843561177986225,0.01815910129982542
3935.16,-0.00731611,0.0140801,-0.003689113529411765,0.011974648235294117,-0.005353408991231423,-0.007333219050022611,0.0016642954618196581,0.019307867285316728
3936.1,-0.00897843,0.0164123,-0.0034695241176470586,0.012345390294117648,-0.005385874015930033,-0.007325637231085499,0.0019163498982829744,0.019671027525203146
3937.05,-0.00981004,0.0190304,-0.0034120893529411764,0.011934015,-0.005418548377661587,-0.0073180856962667615,0.002006459024720411,0.01925210069626676
3937.99,-0.0093999,0.0214687,-0.003711615823529412,0.010858894999999999,-0.005450745085884449,-0.007310722274051699,0.0017391292623550368,0.018169617274051697
3938.93,-0.00758881,0.0230376,-0.004482145823529411,0.009323492647058822,-0.0054828096672657105,-0.007303465770950703,0.0010006638437362993,0.016626958418009527
3939.88,-0.00459888,0.0229623,-0.005736362294117647,0.0075752673529411755,-0.005515082003519925,-0.007296239571512722,-0.00022128029059772202,0.014871506924453898
3940.83,-0.00108164,0.0206059,-0.007384348764705883,0.005863336764705882,-0.0055472211617561785,-0.007289120316591453,-0.001837127602949704,0.013152457081297336
3941.77,0.00197621,0.0157203,-0.009247380529411764,0.004400725,-0.005578891794420926,-0.007282180171475063,-0.0036684887349908383,0.011682905171475064
3942.71,0.00349866,0.00862019,-0.011083066999999999,0.0033335202941176473,-0.005610433746501778,-0.007275342578611866,-0.005472633253498221,0.010608862872729514
3943.66,0.00263985,0.000185675,-0.012619813470588236,0.002718754411764706,-0.005642181365325998,-0.007268535371059884,-0.006977632105262237,0.00998728978282459
3944.6,-0.000952059,-0.00831954,-0.01359899994117647,0.0025146544117647055,-0.005673467119139063,-0.00726190081545546,-0.007925532822037408,0.009776555227220166
3945.55,-0.00702389,-0.015534,-0.013820715235294118,0.002588354411764706,-0.005704957506142536,-0.007255296707832858,-0.008115757729151582,0.009843651119597563
3946.49,-0.0147699,-0.0202752,-0.013183971117647058,0.002745019117647059,-0.005735990395799081,-0.007248861067598497,-0.007447980721847977,0.009993880185245555
3947.44,-0.0229879,-0.0217369,-0.011709058764705882,0.0027760897058823533,-0.0057672268919567345,-0.007242455951490627,-0.005941831872749147,0.01001854565737298
3948.39,-0.0302717,-0.0195988,-0.009531330529411765,0.002514989705882353,-0.005798337014912475,-0.007236149341373566,-0.003732993514499291,0.009751139047255919
3949.33,-0.0352031,-0.014074,-0.006865422294117648,0.0018822926470588239,-0.005828996085035484,-0.007230005095887231,-0.001036426209082164,0.009112297742946054
3950.28,-0.0365445,-0.00591518,-0.003951499352941177,0.0009043698235294121,-0.005859857231602683,-0.0072238915126098605,0.0019083578786615058,0.008128261336139272
3951.22,-0.0334408,0.00362908,-0.0010029146470588231,-0.0002989942941176467,-0.00589027153681691,-0.0072179363513847974,0.004887356889758087,0.006918942057267151
3952.17,-0.0256246,0.0129426,0.0018283824117647062,-0.0015492281176470585,-0.0059208869085509335,-0.007212011958960608,0.00774926932031564,0.0056627838413135494
3953.12,-0.0135792,0.0202833,0.0044631094117647055,-0.002650643411764706,-0.005951379934692627,-0.007206181246226292,0.010414489346457332,0.004555537834461586
3954.06,0.00142475,0.024132,0.006887573529411765,-0.0034267434117647056,-0.005981432334370986,-0.0072005032024148735,0.012869005863782751,0.003773759790650168
3955.01,0.0174847,0.0235658,0.00913699705882353,-0.003746825764705882,-0.00601168429530692,-0.007194856107971501,0.015148681354130451,0.003448030343265619
3955.96,0.0324225,0.0185236,0.011275114705882354,-0.003544119882352941,-0.006041816247898214,-0.007189299948226937,0.01731693095378057,0.003645180065873996
3956.9,0.0442388,0.00985005,0.01337138294117647,-0.0028274475294117643,-0.006071513655812684,-0.0071838909015166045,0.019442896596989154,0.00435644337210484
3957.85,0.0515129,-0.000904388,0.015474617647058823,-0.0016851298823529408,-0.00610140913426875,-0.007178513007345101,0.021576026781327574,0.00549338312499216
3958.79,0.0536246,-0.011837,0.017584164470588234,-0.00027616047058823506,-0.006130874043388744,-0.007173278633721974,0.02371503851397698,0.006897118163133739
3959.74,0.0507719,-0.0210683,0.019624857411764705,0.001196540705882353,-0.006160536038939336,-0.007168075559390787,0.02578539345070404,0.00836461626527314
3960.69,0.0438383,-0.0270436,0.021437221529411764,0.002530199529411765,-0.006190081789167421,-0.007162959084501401,0.027627303318579183,0.009693158613913165
3961.64,0.034192,-0.0287277,0.022793328,0.0035733465882352945,-0.006219512030863332,-0.0071579283722246565,0.029012840030863334,0.01073127496045995
3962.58,0.0234703,-0.0257166,0.023439336823529413,0.004266158352941176,-0.006248519506001427,-0.007153034217924089,0.02968785632953084,0.011419192570865266
3963.53,0.0133601,-0.0182909,0.02315307211764706,0.004653805411764706,-0.0062777221130124825,-0.007148171682533166,0.029430794230659543,0.011801977094297873
3964.48,0.00536486,-0.00741537,0.02179616211764706,0.004868146588235294,-0.006306811377273906,-0.00714339247238134,0.028102973494920965,0.012011539060616635
3965.43,0.00055189,0.0053454,0.019343925058823527,0.005087184823529412,-0.006335788011128255,-0.007138695793077479,0.02567971306995178,0.012225880616606892
3966.37,-0.000682204,0.0180373,0.01588730564705882,0.005489136470588235,-0.006364349462333187,-0.007134129015641873,0.022251655109392008,0.012623265486230108
3967.32,0.00125098,0.028665,0.011613105647058822,0.0062153631176470586,-0.006393104115672382,-0.007129594207180191,0.018006209762731203,0.01334495732482725
3968.27,0.00518559,0.0356148,0.0067737527058823535,0.007348080176470588,-0.0064217482326794735,-0.007125139614973221,0.013195500938561828,0.014473219791443809
3969.22,0.00947461,0.0380168,0.001656052705882353,0.008901527058823529,-0.006450282502165764,-0.007120764484377606,0.008106335208048116,0.016022291543201134
3970.17,0.0124069,0.0359098,-0.0034469767058823535,0.010822114705882353,-0.006478707607184619,-0.00711646807031565,0.0030317309013022653,0.017938582776198003
3971.11,0.0126182,0.0301558,-0.008261247294117646,0.012994661764705883,-0.006506726718074505,-0.007112293638093344,-0.001754520576043141,0.020106955402799227
3972.06,0.00935503,0.0221674,-0.012554923764705881,0.015254685294117647,-0.006534936651983701,-0.007108151649911448,-0.00601998711272218,0.022362836944029095
3973.01,0.00255077,0.0135737,-0.01615898611764706,0.017408883529411764,-0.006563039429606843,-0.007104086206409814,-0.009595946688040216,0.02451296973582158
3973.96,-0.00724963,0.00592879,-0.018980579647058824,0.019264842352941174,-0.006591035711572915,-0.007100096599176462,-0.01238954393548591,0.026364938952117636
3974.91,-0.0190368,0.000508853,-0.02100284411764706,0.020666148235294116,-0.006618926153024849,-0.007096182128629162,-0.01438391796462221,0.02776233036392328
3975.86,-0.0314971,-0.00181211,-0.022267648823529412,0.021523518823529413,-0.0066467114036725715,-0.007092342103876244,-0.015620937419856842,0.02861586092740566
3976.81,-0.0431626,-0.000635003,-0.022845097647058825,0.021830324705882354,-0.006674392107845629,-0.007088575842580055,-0.016170705539213195,0.02891890054846241
3977.76,-0.0525595,0.00392229,-0.02280078647058824,0.021656048235294115,-0.006701968904545436,-0.007084882670822969,-0.016098817566042804,0.028740930906117082
3978.71,-0.0583723,0.0112167,-0.022173127647058824,0.02112042470588235,-0.006729442427496918,-0.007081261922975946,-0.015443685219561906,0.028201686628858295
3979.65,-0.0596324,0.0201295,-0.020967392352941178,0.02035880705882353,-0.006756525723091926,-0.007077749927776222,-0.014210866629849252,0.02743655698659975
3980.6,-0.0559042,0.029206,-0.019164688235294117,0.01949038117647059,-0.006783795649558139,-0.007074271318128581,-0.012380892585735978,0.02656465249459917
3981.55,-0.0474152,0.0368967,-0.016739262941176468,0.018596435882352942,-0.00681096416582144,-0.007070863190669564,-0.009928298775355029,0.025667299073022506
3982.5,-0.0350607,0.0418595,-0.013677120000000001,0.017710425882352943,-0.006838031885061921,-0.0070675249115770295,-0.00683908811493808,0.02477795079392997
3983.45,-0.0202507,0.0432403,-0.009991943529411764,0.016818181588235295,-0.006864999415434368,-0.007064255854697294,-0.0031269441139773957,0.02388243744293259
3984.4,-0.00463104,0.0408305,-0.005737208235294117,0.01586599982352941,-0.006891867360117117,-0.007061055401427681,0.0011546591248229997,0.02292705522495709
3985.35,0.0102279,0.0350541,-0.0010141964705882352,0.014774929411764707,-0.006918636317360512,-0.007057922940601215,0.0059044398467722765,0.02183285235236592
3986.3,0.0230771,0.0268042,0.004024627058823529,0.013460388823529413,-0.006945306880534997,-0.007054857868373438,0.010969933939358526,0.020515246691902852
3987.25,0.0331157,0.0172083,0.009179009411764706,0.01185532411764706,-0.006971879638178576,-0.007051859588111303,0.01615088904994328,0.018907183705758362
3988.2,0.040001,0.00740416,0.01421372117647059,0.009933465294117648,-0.0069983551740439905,-0.007048927510284097,0.02121207635051458,0.016982392804401746
3989.15,0.043783,-0.00162337,0.01888163882352941,0.0077268200000000006,-0.007024734067145305,-0.007046061052356346,0.025906372890674715,0.014772881052356347
3990.1,0.0448068,-0.00913338,0.022954379999999996,0.005330629411764706,-0.007051016891804083,-0.007043259638682672,0.03000539689180408,0.012373889050447378
3991.06,0.0436112,-0.0146593,0.026253256470588238,0.0028915854705882345,-0.007077479367859466,-0.007040494231434527,0.0333307358384477,0.009932079702022763
3992.01,0.0408334,-0.0179992,0.02867072705882353,0.0005803907647058816,-0.007103570763743289,-0.007037821876183252,0.03577429782256682,0.007618212640889134
3992.96,0.0371286,-0.0191832,0.03017472352941176,-0.0014434810000000006,-0.007129567792325605,-0.007035212872753709,0.03730429132173737,0.005591731872753708
3993.91,0.0331005,-0.0184249,0.030794129411764706,-0.0030636786470588234,-0.007155471009563641,-0.007032666672114683,0.03794960042132835,0.00396898802505586
3994.86,0.0292522,-0.0160694,0.030590764705882352,-0.004225304529411765,-0.00718128096694679,-0.007030182731626087,0.037772045672829144,0.002804878202214322
3995.81,0.0259577,-0.0125421,0.02962801176470588,-0.0049349862941176475,-0.007206998211540045,-0.007027760514944685,0.036835009976245926,0.0020927742208270376
3996.76,0.0234504,-0.00830697,0.02794695294117647,-0.005244941588235293,-0.007232623286027177,-0.0070253994919314685,0.03517957622720365,0.0017804579036961752
3997.71,0.0218214,-0.00383854,0.025558096470588234,-0.005229121,-0.007258156728753226,-0.007023099138560708,0.032816253199341464,0.001793978138560708
3998.66,0.0210202,0.000395753,0.02245098,-0.004962251588235295,-0.007283599073766807,-0.00702085893683058,0.029734579073766806,0.002058607348595285
3999.62,0.0208463,0.00394999,0.01861781529411765,-0.004510426882352941,-0.00730921723185953,-0.0070186557367767416,0.02592703252597718,0.0025082288544238003
4000.57,0.0209369,0.00642468,0.014083197647058824,-0.003935929235294118,-0.007334478021582807,-0.007016534927765436,0.021417675668641632,0.0030806056924713183
4001.52,0.0207578,0.00751074,0.008930768235294118,-0.003311128647058824,-0.007359649295842504,-0.007014472746425165,0.016290417531136622,0.0037033440993663406
4002.47,0.0196199,0.00705656,0.003319685882352942,-0.0027325421764705883,-0.007384731571871416,-0.007012468698046635,0.010704417454224359,0.004279926521576047
4003.42,0.0167489,0.00514371,-0.002515078823529411,-0.0023267668823529412,-0.007409725362810846,-0.007010522293519851,0.004894646539281435,0.004683755411166909
4004.38,0.011423,0.00213492,-0.008282708235294117,-0.0022459139411764705,-0.0074348928781214985,-0.007008613464773203,-0.0008478153571726188,0.004762699523596732
4005.33,0.00317244,-0.00135442,-0.01367676705882353,-0.0026563392352941173,-0.007459710304063272,-0.007006781496746637,-0.006217056754760258,0.00435044226145252
4006.28,-0.00801418,-0.0045966,-0.018427543529411762,-0.003725407470588235,-0.007484440765438796,-0.00700500573309255,-0.010943102763972966,0.003279598262504315
4007.24,-0.0215526,-0.00697828,-0.02235126705882353,-0.005607622352941177,-0.007509343711716322,-0.007003267895607155,-0.014841923347107207,0.0013956455426659782
4008.19,-0.0362551,-0.00823274,-0.025380014117647058,-0.008427686470588235,-0.0075339008290599176,-0.007001603722965323,-0.01784611328858714,-0.0014260827476229119
4009.14,-0.0504627,-0.00856159,-0.027562684705882353,-0.012260067647058823,-0.007558372466694718,-0.006999994363127158,-0.020004312239187635,-0.005260073283931664
4010.09,-0.0622879,-0.00858893,-0.02903789882352941,-0.017109952352941174,-0.0075827591101290635,-0.006998439364109845,-0.021455139713400347,-0.010111512988831329
4011.05,-0.0699388,-0.00917122,-0.029989300588235294,-0.022903785294117643,-0.007607316605213532,-0.00699692276319027,-0.022381983983021762,-0.015906862530927372
4012.0,-0.072092,-0.0111676,-0.030598678823529412,-0.02949482705882353,-0.007631533819624135,-0.006995475710293069,-0.022967145003905277,-0.022499351348530462
4012.95,-0.0682486,-0.0152842,-0.031011282352941177,-0.03668099882352941,-0.007655667478768256,-0.006994081687367941,-0.023355614874172922,-0.02968691713616147
4013.91,-0.0589418,-0.0220127,-0.03132116176470588,-0.04422591529411765,-0.007679970776911251,-0.006992726419985488,-0.02364119098779463,-0.03723318887413216
4014.86,-0.0456831,-0.0316019,-0.03157440411764706,-0.05187058588235294,-0.0077039378663336005,-0.006991437711489705,-0.02387046625131346,-0.044879148170863234
4015.81,-0.0306424,-0.0439911,-0.03177754529411765,-0.05932986352941176,-0.007727822806102228,-0.006990200745496538,-0.024049722488015422,-0.05233966278391522
4016.77,-0.0161685,-0.0587258,-0.03189250411764706,-0.06628070235294117,-0.007751876183589284,-0.00698900289468942,-0.024140627934057777,-0.05929169945825175
4017.72,-0.00432084,-0.0749373,-0.0318066394117647,-0.07237437352941177,-0.007775597346909742,-0.006987868696837804,-0.02403104206485496,-0.06538650483257397
4018.68,0.00344607,-0.0914386,-0.03130286882352941,-0.07731711294117646,-0.007799486151988923,-0.006986773855356913,-0.023503382671540486,-0.07033033908581955
4019.63,0.00638947,-0.106904,-0.030111657058823533,-0.0810195294117647,-0.007823045368463283,-0.006985740770978517,-0.022288611690360248,-0.07403378864078618
4020.58,0.00440874,-0.12003,-0.028099786470588237,-0.08368384117647058,-0.007846524708057318,-0.006984757373519243,-0.02025326176253092,-0.07669908380295135
4021.54,-0.00209551,-0.129618,-0.02545395705882353,-0.08567336470588235,-0.007870170506920456,-0.0069838136947703525,-0.017583786551903072,-0.078689551011112
4022.49,-0.0123193,-0.134556,-0.022640592352941177,-0.08726080588235294,-0.007893490586983094,-0.006982928999246215,-0.014747101765958084,-0.08027787688310672
4023.45,-0.025006,-0.133786,-0.02018396294117647,-0.08849676470588236,-0.00791697634283096,-0.006982084265043103,-0.012266986598345509,-0.08151468044083926
4024.4,-0.0382094,-0.126397,-0.01847047,-0.08924661764705882,-0.007940138923885311,-0.0069812967037242366,-0.010530331076114688,-0.08226532094333458
4025.36,-0.049003,-0.112154,-0.017670334117647058,-0.08929087058823529,-0.007963466402195071,-0.006980549346712938,-0.009706867715451987,-0.08231032124152235
4026.31,-0.0537238,-0.0926155,-0.01774750705882353,-0.08841152941176472,-0.007986473218019452,-0.00697985738504923,-0.009761033840804076,-0.08143167202671549
4027.27,-0.0496882,-0.0721123,-0.018507795294117647,-0.08644432941176472,-0.008009644157499498,-0.006979205870952473,-0.01049815113661815,-0.07946512354081224
4028.22,-0.0378902,-0.0564609,-0.01965217588235294,-0.08330111764705883,-0.008032496915634426,-0.006978608006685655,-0.011619678966718516,-0.07632250964037318
4029.18,-0.0232695,-0.0491061,-0.02068004294117647,-0.07938578823529413,-0.00805551302873115,-0.006978050833420278,-0.01262452991244532,-0.07240773740187385
4030.13,-0.0111146,-0.0489992,-0.021325307058823528,-0.07490645882352942,-0.008078213410975421,-0.006977545595724766,-0.013247093647848106,-0.06792891322780466
4031.09,-0.0039204,-0.0526132,-0.02136917176470588,-0.07013665882352942,-0.008101076384369138,-0.0069770812925475986,-0.013268095380336744,-0.06315957753098182
4032.04,-0.00151302,-0.0567386,-0.02066676,-0.06541215294117647,-0.008123626047265239,-0.006976667241198968,-0.01254313395273476,-0.0584354856999775
4033.0,-0.00256619,-0.0594781,-0.019187677647058823,-0.061122294117647066,-0.00814633754235545,-0.006976294367880119,-0.011041340104703373,-0.05414599974976695
4033.95,-0.00563278,-0.0599885,-0.017073677647058826,-0.05767025882352941,-0.00816873811766467,-0.0069759700924501775,-0.008904939529394156,-0.050694288731079236
4034.91,-0.00947883,-0.0579962,-0.014681983529411765,-0.055367547058823526,-0.008191299771044935,-0.006975687238472724,-0.00649068375836683,-0.048391859820350804
4035.87,-0.013065,-0.0534694,-0.012527677647058824,-0.054270905882352935,-0.008213786721641162,-0.006975449106323117,-0.004313890925417662,-0.047295456776029816
